sample_id,source_file,source_index,split,y_true,raw_score,probability,y_pred
features_0:0,features_0.npy,0,train,0,-7.3320312,0.0006538155,0
features_0:2,features_0.npy,2,train,0,-7.3476562,0.0006436856,0
features_0:3,features_0.npy,3,train,0,-7.4101562,0.00060471025,0
features_0:5,features_0.npy,5,train,0,-7.25,0.0007096704,0
features_0:6,features_0.npy,6,train,0,-7.2773438,0.0006905414,0
features_0:7,features_0.npy,7,train,0,-7.4296875,0.00059302105,0
features_0:9,features_0.npy,9,train,0,-7.4453125,0.0005838325,0
features_0:10,features_0.npy,10,train,0,-7.3359375,0.0006512683,0
features_0:11,features_0.npy,11,train,0,-7.3632812,0.0006337125,0
features_0:12,features_0.npy,12,train,0,-7.2382812,0.00071802974,0
features_0:15,features_0.npy,15,train,0,-7.3398438,0.00064873084,0
features_0:18,features_0.npy,18,train,0,-7.3046875,0.0006719279,0
features_0:23,features_0.npy,23,train,0,-7.328125,0.00065637287,0
features_0:24,features_0.npy,24,train,0,-7.359375,0.0006361912,0
features_0:25,features_0.npy,25,train,0,-7.2109375,0.00073791965,0
features_0:27,features_0.npy,27,train,0,-7.2734375,0.00069324224,0
features_0:28,features_0.npy,28,train,0,-7.4179688,0.0006000072,0
features_0:29,features_0.npy,29,train,0,-7.3632812,0.0006337125,0
features_0:30,features_0.npy,30,train,0,-7.4453125,0.0005838325,0
features_0:31,features_0.npy,31,train,0,-7.3242188,0.0006589401,0
features_0:32,features_0.npy,32,train,0,-7.3789062,0.00062389387,0
features_0:33,features_0.npy,33,train,0,-7.3398438,0.00064873084,0
features_0:36,features_0.npy,36,train,0,-6.5898438,0.0013723688,0
features_0:38,features_0.npy,38,train,0,-7.3671875,0.0006312434,0
features_0:39,features_0.npy,39,train,0,-7.3789062,0.00062389387,0
features_0:41,features_0.npy,41,train,0,-7.4296875,0.00059302105,0
features_0:42,features_0.npy,42,train,0,-7.3867188,0.0006190417,0
features_0:43,features_0.npy,43,train,0,-7.296875,0.0006771943,0
features_0:44,features_0.npy,44,train,0,-7.390625,0.00061662967,0
features_0:45,features_0.npy,45,train,0,-7.3515625,0.0006411777,0
features_0:47,features_0.npy,47,train,0,-7.4023438,0.0006094501,0
features_0:48,features_0.npy,48,train,0,-7.2539062,0.00070690556,0
features_0:49,features_0.npy,49,train,0,-7.2421875,0.00071523245,0
features_0:51,features_0.npy,51,train,0,-7.40625,0.00060707564,0
features_0:52,features_0.npy,52,train,0,-7.4140625,0.0006023541,0
features_0:54,features_0.npy,54,train,0,-7.25,0.0007096704,0
features_0:55,features_0.npy,55,train,0,-7.3671875,0.0006312434,0
features_0:56,features_0.npy,56,train,0,-7.3125,0.00066670234,0
features_0:57,features_0.npy,57,train,0,-7.3242188,0.0006589401,0
features_0:58,features_0.npy,58,train,0,-7.2539062,0.00070690556,0
features_0:59,features_0.npy,59,train,0,-7.3828125,0.000621463,0
features_0:60,features_0.npy,60,train,0,-7.3554688,0.0006386796,0
features_0:61,features_0.npy,61,train,0,-7.328125,0.00065637287,0
features_0:62,features_0.npy,62,train,0,-7.421875,0.00059766934,0
features_0:63,features_0.npy,63,train,0,-7.3671875,0.0006312434,0
features_0:65,features_0.npy,65,train,0,-7.4375,0.00058840885,0
features_0:66,features_0.npy,66,train,0,-7.3828125,0.000621463,0
features_0:67,features_0.npy,67,train,0,-7.3945312,0.0006142272,0
features_0:68,features_0.npy,68,train,0,-7.3125,0.00066670234,0
features_0:69,features_0.npy,69,train,0,-7.4296875,0.00059302105,0
features_0:70,features_0.npy,70,train,0,-7.3867188,0.0006190417,0
features_0:71,features_0.npy,71,train,0,-7.375,0.0006263342,0
features_0:72,features_0.npy,72,train,0,-7.015625,0.00089693937,0
features_0:73,features_0.npy,73,train,0,-7.3203125,0.0006615174,0
features_0:74,features_0.npy,74,train,0,-7.3671875,0.0006312434,0
features_0:75,features_0.npy,75,train,0,-7.4140625,0.0006023541,0
features_0:76,features_0.npy,76,train,0,-7.265625,0.00069867563,0
features_0:77,features_0.npy,77,train,0,-7.3359375,0.0006512683,0
features_0:78,features_0.npy,78,train,0,-7.3828125,0.000621463,0
features_0:79,features_0.npy,79,train,0,-7.3945312,0.0006142272,0
features_0:80,features_0.npy,80,train,0,-7.3359375,0.0006512683,0
features_0:81,features_0.npy,81,train,0,-7.4257812,0.0005953407,0
features_0:82,features_0.npy,82,train,0,-5.9179688,0.0026834398,0
features_0:83,features_0.npy,83,train,0,-7.328125,0.00065637287,0
features_0:84,features_0.npy,84,train,0,-7.1992188,0.00074661145,0
features_0:85,features_0.npy,85,train,0,-7.3515625,0.0006411777,0
features_0:86,features_0.npy,86,train,0,-7.4101562,0.00060471025,0
features_0:88,features_0.npy,88,train,0,-7.4101562,0.00060471025,0
features_0:89,features_0.npy,89,train,0,-7.4726562,0.0005680935,0
features_0:90,features_0.npy,90,train,0,-7.34375,0.00064620323,0
features_0:92,features_0.npy,92,train,0,-7.2734375,0.00069324224,0
features_0:94,features_0.npy,94,train,0,-7.390625,0.00061662967,0
features_0:96,features_0.npy,96,train,0,-7.4179688,0.0006000072,0
features_0:97,features_0.npy,97,train,0,-7.3867188,0.0006190417,0
features_0:99,features_0.npy,99,train,0,-7.4140625,0.0006023541,0
features_0:100,features_0.npy,100,train,0,-7.359375,0.0006361912,0
features_0:101,features_0.npy,101,train,0,-7.3984375,0.00061183405,0
features_0:102,features_0.npy,102,train,0,-7.3828125,0.000621463,0
features_0:104,features_0.npy,104,train,0,-7.2929688,0.00067984295,0
features_0:105,features_0.npy,105,train,0,-7.3632812,0.0006337125,0
features_0:106,features_0.npy,106,train,0,-7.2226562,0.00072932884,0
features_0:107,features_0.npy,107,train,0,-7.421875,0.00059766934,0
features_0:108,features_0.npy,108,train,0,-7.3710938,0.00062878407,0
features_0:109,features_0.npy,109,train,0,-7.421875,0.00059766934,0
features_0:110,features_0.npy,110,train,0,-7.3398438,0.00064873084,0
features_0:111,features_0.npy,111,train,0,-7.4023438,0.0006094501,0
features_0:113,features_0.npy,113,train,0,-7.3164062,0.0006641048,0
features_0:114,features_0.npy,114,train,0,-7.4179688,0.0006000072,0
features_0:115,features_0.npy,115,train,0,-7.0546875,0.00086260773,0
features_0:117,features_0.npy,117,train,0,-7.3828125,0.000621463,0
features_0:118,features_0.npy,118,train,0,-7.359375,0.0006361912,0
features_0:120,features_0.npy,120,train,0,-7.3515625,0.0006411777,0
features_0:123,features_0.npy,123,train,0,-7.4492188,0.0005815577,0
features_0:124,features_0.npy,124,train,0,-7.2734375,0.00069324224,0
features_0:125,features_0.npy,125,train,0,-7.3789062,0.00062389387,0
features_0:126,features_0.npy,126,train,0,-7.328125,0.00065637287,0
features_0:128,features_0.npy,128,train,0,-7.4140625,0.0006023541,0
features_0:129,features_0.npy,129,train,0,-7.2070312,0.0007408056,0
features_0:131,features_0.npy,131,train,0,-7.3203125,0.0006615174,0
features_0:132,features_0.npy,132,train,0,-7.3398438,0.00064873084,0
features_0:133,features_0.npy,133,train,0,-7.2265625,0.0007264875,0
features_0:135,features_0.npy,135,train,0,-7.3515625,0.0006411777,0
features_0:136,features_0.npy,136,train,0,-7.3867188,0.0006190417,0
features_0:137,features_0.npy,137,train,0,-7.3242188,0.0006589401,0
features_0:138,features_0.npy,138,train,0,-7.3671875,0.0006312434,0
features_0:139,features_0.npy,139,train,0,-7.421875,0.00059766934,0
features_0:140,features_0.npy,140,train,0,-7.3398438,0.00064873084,0
features_0:141,features_0.npy,141,train,0,-7.2265625,0.0007264875,0
features_0:142,features_0.npy,142,train,0,-7.2226562,0.00072932884,0
features_0:144,features_0.npy,144,train,0,-7.328125,0.00065637287,0
features_0:145,features_0.npy,145,train,0,-7.25,0.0007096704,0
features_0:147,features_0.npy,147,train,0,-7.4179688,0.0006000072,0
features_0:148,features_0.npy,148,train,0,-7.3984375,0.00061183405,0
features_0:155,features_0.npy,155,train,0,-7.4335938,0.0005907105,0
features_0:156,features_0.npy,156,train,0,-7.375,0.0006263342,0
features_0:158,features_0.npy,158,train,0,-7.421875,0.00059766934,0
features_0:162,features_0.npy,162,train,0,-7.3945312,0.0006142272,0
features_0:163,features_0.npy,163,train,0,-7.3164062,0.0006641048,0
features_0:164,features_0.npy,164,train,0,-7.3476562,0.0006436856,0
features_0:165,features_0.npy,165,train,0,-7.3710938,0.00062878407,0
features_0:167,features_0.npy,167,train,0,-7.421875,0.00059766934,0
features_0:168,features_0.npy,168,train,0,-7.4453125,0.0005838325,0
features_0:169,features_0.npy,169,train,0,-7.3710938,0.00062878407,0
features_0:170,features_0.npy,170,train,0,-7.3476562,0.0006436856,0
features_0:171,features_0.npy,171,train,0,-7.3554688,0.0006386796,0
features_0:172,features_0.npy,172,train,0,-7.3398438,0.00064873084,0
features_0:173,features_0.npy,173,train,0,-7.375,0.0006263342,0
features_0:174,features_0.npy,174,train,0,-6.0742188,0.002296159,0
features_0:175,features_0.npy,175,train,0,-7.4257812,0.0005953407,0
features_0:176,features_0.npy,176,train,0,-6.8945312,0.0010122862,0
features_0:177,features_0.npy,177,train,0,-7.2695312,0.0006959537,0
features_0:178,features_0.npy,178,train,0,-7.3398438,0.00064873084,0
features_0:179,features_0.npy,179,train,0,-7.2695312,0.0006959537,0
features_0:181,features_0.npy,181,train,0,-7.4140625,0.0006023541,0
features_0:182,features_0.npy,182,train,0,-7.3046875,0.0006719279,0
features_0:183,features_0.npy,183,train,0,-7.375,0.0006263342,0
features_0:184,features_0.npy,184,train,0,-7.4023438,0.0006094501,0
features_0:185,features_0.npy,185,train,0,-7.1796875,0.0007613258,0
features_0:188,features_0.npy,188,train,0,-7.2460938,0.000712446,0
features_0:191,features_0.npy,191,train,0,-7.4179688,0.0006000072,0
features_0:192,features_0.npy,192,train,0,-7.3398438,0.00064873084,0
features_0:193,features_0.npy,193,train,0,-6.8828125,0.0010242064,0
features_0:194,features_0.npy,194,train,0,-7.3203125,0.0006615174,0
features_0:195,features_0.npy,195,train,0,-7.4414062,0.00058611616,0
features_0:196,features_0.npy,196,train,0,-7.3671875,0.0006312434,0
features_0:198,features_0.npy,198,train,0,-7.4179688,0.0006000072,0
features_0:199,features_0.npy,199,train,0,-7.3085938,0.00066931,0
features_0:203,features_0.npy,203,train,0,-7.3828125,0.000621463,0
features_0:204,features_0.npy,204,train,0,-6.625,0.0013250225,0
features_0:208,features_0.npy,208,train,0,-7.25,0.0007096704,0
features_0:209,features_0.npy,209,train,0,-7.4101562,0.00060471025,0
features_0:210,features_0.npy,210,train,0,-7.4296875,0.00059302105,0
features_0:211,features_0.npy,211,train,0,-7.171875,0.00076729245,0
features_0:212,features_0.npy,212,train,0,-7.4570312,0.00057703455,0
features_0:213,features_0.npy,213,train,0,-7.3398438,0.00064873084,0
features_0:214,features_0.npy,214,train,0,-7.2617188,0.00070140825,0
features_0:215,features_0.npy,215,train,0,-7.3945312,0.0006142272,0
features_0:218,features_0.npy,218,train,0,-7.3984375,0.00061183405,0
features_0:220,features_0.npy,220,train,0,-7.4375,0.00058840885,0
features_0:221,features_0.npy,221,train,0,-6.8710938,0.0010362668,0
features_0:222,features_0.npy,222,train,0,-7.1914062,0.0007524627,0
features_0:223,features_0.npy,223,train,0,-7.25,0.0007096704,0
features_0:224,features_0.npy,224,train,0,-7.2734375,0.00069324224,0
features_0:226,features_0.npy,226,train,0,-7.3085938,0.00066931,0
features_0:227,features_0.npy,227,train,0,-7.3242188,0.0006589401,0
features_0:228,features_0.npy,228,train,0,-7.390625,0.00061662967,0
features_0:231,features_0.npy,231,train,0,-7.3320312,0.0006538155,0
features_0:232,features_0.npy,232,train,0,-7.4257812,0.0005953407,0
features_0:233,features_0.npy,233,train,0,-7.28125,0.00068785116,0
features_0:234,features_0.npy,234,train,0,-7.4257812,0.0005953407,0
features_0:235,features_0.npy,235,train,0,-7.2265625,0.0007264875,0
features_0:236,features_0.npy,236,train,0,-5.2773438,0.0050800373,0
features_0:237,features_0.npy,237,train,0,-7.3984375,0.00061183405,0
features_0:238,features_0.npy,238,train,0,-7.3789062,0.00062389387,0
features_0:239,features_0.npy,239,train,0,-7.4570312,0.00057703455,0
features_0:240,features_0.npy,240,train,0,-7.1914062,0.0007524627,0
features_0:242,features_0.npy,242,train,0,-7.34375,0.00064620323,0
features_0:243,features_0.npy,243,train,0,-7.2539062,0.00070690556,0
features_0:244,features_0.npy,244,train,0,-5.0429688,0.006413164,0
features_0:247,features_0.npy,247,train,0,-7.3359375,0.0006512683,0
features_0:248,features_0.npy,248,train,0,-7.3007812,0.0006745559,0
features_0:249,features_0.npy,249,train,0,-7.40625,0.00060707564,0
features_0:250,features_0.npy,250,train,0,-7.1757812,0.0007643034,0
features_0:251,features_0.npy,251,train,0,-7.2929688,0.00067984295,0
features_0:254,features_0.npy,254,train,0,-7.4101562,0.00060471025,0
features_0:255,features_0.npy,255,train,0,-7.40625,0.00060707564,0
features_0:256,features_0.npy,256,train,0,-7.3671875,0.0006312434,0
features_0:258,features_0.npy,258,train,0,-6.859375,0.0010484693,0
features_0:259,features_0.npy,259,train,0,-7.2890625,0.0006825019,0
features_0:260,features_0.npy,260,train,0,-7.40625,0.00060707564,0
features_0:261,features_0.npy,261,train,0,-7.375,0.0006263342,0
features_0:264,features_0.npy,264,train,0,-2.234375,0.096705794,0
features_0:265,features_0.npy,265,train,0,-7.4296875,0.00059302105,0
features_0:266,features_0.npy,266,train,0,-7.4492188,0.0005815577,0
features_0:267,features_0.npy,267,train,0,-7.2929688,0.00067984295,0
features_0:270,features_0.npy,270,train,0,-7.4335938,0.0005907105,0
features_0:271,features_0.npy,271,train,0,-7.3984375,0.00061183405,0
features_0:272,features_0.npy,272,train,0,-7.296875,0.0006771943,0
features_0:273,features_0.npy,273,train,0,-7.3515625,0.0006411777,0
features_0:274,features_0.npy,274,train,0,-7.2421875,0.00071523245,0
features_0:275,features_0.npy,275,train,0,-7.28125,0.00068785116,0
features_0:277,features_0.npy,277,train,0,-7.3554688,0.0006386796,0
features_0:278,features_0.npy,278,train,0,-7.4453125,0.0005838325,0
features_0:280,features_0.npy,280,train,0,-6.953125,0.0009547317,0
features_0:281,features_0.npy,281,train,0,-7.2578125,0.0007041516,0
features_0:282,features_0.npy,282,train,0,-7.3359375,0.0006512683,0
features_0:284,features_0.npy,284,train,0,-7.421875,0.00059766934,0
features_0:285,features_0.npy,285,train,0,-7.421875,0.00059766934,0
features_0:286,features_0.npy,286,train,0,-7.3476562,0.0006436856,0
features_0:287,features_0.npy,287,train,0,-7.3632812,0.0006337125,0
features_0:289,features_0.npy,289,train,0,-7.3046875,0.0006719279,0
features_0:290,features_0.npy,290,train,0,-7.375,0.0006263342,0
features_0:291,features_0.npy,291,train,0,-6.6015625,0.0013564017,0
features_0:292,features_0.npy,292,train,0,-7.3710938,0.00062878407,0
features_0:294,features_0.npy,294,train,0,-7.3710938,0.00062878407,0
features_0:296,features_0.npy,296,train,0,-7.4179688,0.0006000072,0
features_0:297,features_0.npy,297,train,0,-7.3554688,0.0006386796,0
features_0:298,features_0.npy,298,train,0,-7.3945312,0.0006142272,0
features_0:299,features_0.npy,299,train,0,-7.3554688,0.0006386796,0
features_0:300,features_0.npy,300,train,0,-7.4179688,0.0006000072,0
features_0:302,features_0.npy,302,train,0,-7.4101562,0.00060471025,0
features_0:303,features_0.npy,303,train,0,-7.25,0.0007096704,0
features_0:305,features_0.npy,305,train,0,-7.2148438,0.00073504477,0
features_0:306,features_0.npy,306,train,0,-5.7539062,0.003160353,0
features_0:307,features_0.npy,307,train,0,-7.4765625,0.00056588004,0
features_0:308,features_0.npy,308,train,0,-7.375,0.0006263342,0
features_0:309,features_0.npy,309,train,0,-7.2929688,0.00067984295,0
features_0:310,features_0.npy,310,train,0,-7.3007812,0.0006745559,0
features_0:311,features_0.npy,311,train,0,-7.4140625,0.0006023541,0
features_0:312,features_0.npy,312,train,0,-7.34375,0.00064620323,0
features_0:314,features_0.npy,314,train,0,-7.28125,0.00068785116,0
features_0:316,features_0.npy,316,train,0,-7.2382812,0.00071802974,0
features_0:318,features_0.npy,318,train,0,-7.0507812,0.000865981,0
features_0:319,features_0.npy,319,train,0,-7.421875,0.00059766934,0
features_0:321,features_0.npy,321,train,0,-7.4179688,0.0006000072,0
features_0:322,features_0.npy,322,train,0,-7.4179688,0.0006000072,0
features_0:323,features_0.npy,323,train,0,-7.3828125,0.000621463,0
features_0:324,features_0.npy,324,train,0,-7.2929688,0.00067984295,0
features_0:325,features_0.npy,325,train,0,-7.3710938,0.00062878407,0
features_0:326,features_0.npy,326,train,0,-7.4296875,0.00059302105,0
features_0:327,features_0.npy,327,train,0,-7.421875,0.00059766934,0
features_0:328,features_0.npy,328,train,0,-7.2851562,0.00068517134,0
features_0:329,features_0.npy,329,train,0,-7.0039062,0.00090750254,0
features_0:331,features_0.npy,331,train,0,-7.3046875,0.0006719279,0
features_0:332,features_0.npy,332,train,0,-7.4140625,0.0006023541,0
features_0:333,features_0.npy,333,train,0,-7.3789062,0.00062389387,0
features_0:334,features_0.npy,334,train,0,-7.2226562,0.00072932884,0
features_0:336,features_0.npy,336,train,0,-7.2929688,0.00067984295,0
features_0:338,features_0.npy,338,train,0,-7.390625,0.00061662967,0
features_0:339,features_0.npy,339,train,0,-7.375,0.0006263342,0
features_0:341,features_0.npy,341,train,0,-7.4335938,0.0005907105,0
features_0:342,features_0.npy,342,train,0,-7.3242188,0.0006589401,0
features_0:344,features_0.npy,344,train,0,-6.6835938,0.0012497095,0
features_0:346,features_0.npy,346,train,0,-6.4765625,0.0015367272,0
features_0:347,features_0.npy,347,train,0,-7.3046875,0.0006719279,0
features_0:348,features_0.npy,348,train,0,-7.390625,0.00061662967,0
features_0:349,features_0.npy,349,train,0,-7.2421875,0.00071523245,0
features_0:350,features_0.npy,350,train,0,-7.0976562,0.0008263577,0
features_0:351,features_0.npy,351,train,0,-7.2890625,0.0006825019,0
features_0:352,features_0.npy,352,train,0,-3.3730469,0.03314852,0
features_0:353,features_0.npy,353,train,0,-7.3789062,0.00062389387,0
features_0:354,features_0.npy,354,train,0,-7.2734375,0.00069324224,0
features_0:355,features_0.npy,355,train,0,-7.34375,0.00064620323,0
features_0:357,features_0.npy,357,train,0,-7.1289062,0.00080095365,0
features_0:358,features_0.npy,358,train,0,-7.4453125,0.0005838325,0
features_0:359,features_0.npy,359,train,0,-7.3320312,0.0006538155,0
features_0:360,features_0.npy,360,train,0,-7.3164062,0.0006641048,0
features_0:361,features_0.npy,361,train,0,-7.3867188,0.0006190417,0
features_0:362,features_0.npy,362,train,0,-7.390625,0.00061662967,0
features_0:363,features_0.npy,363,train,0,-7.3632812,0.0006337125,0
features_0:364,features_0.npy,364,train,0,-7.4023438,0.0006094501,0
features_0:365,features_0.npy,365,train,0,-7.2148438,0.00073504477,0
features_0:366,features_0.npy,366,train,0,-7.359375,0.0006361912,0
features_0:367,features_0.npy,367,train,0,-7.4179688,0.0006000072,0
features_0:368,features_0.npy,368,train,0,-7.4179688,0.0006000072,0
features_0:370,features_0.npy,370,train,0,-7.3789062,0.00062389387,0
features_0:371,features_0.npy,371,train,0,-7.3984375,0.00061183405,0
features_0:372,features_0.npy,372,train,0,-7.3867188,0.0006190417,0
features_0:373,features_0.npy,373,train,0,-7.3671875,0.0006312434,0
features_0:374,features_0.npy,374,train,0,-7.3828125,0.000621463,0
features_0:375,features_0.npy,375,train,0,-7.328125,0.00065637287,0
features_0:376,features_0.npy,376,train,0,-2.3183594,0.089613825,0
features_0:377,features_0.npy,377,train,0,-7.296875,0.0006771943,0
features_0:380,features_0.npy,380,train,0,-7.1953125,0.00074953143,0
features_0:381,features_0.npy,381,train,0,-7.4453125,0.0005838325,0
features_0:382,features_0.npy,382,train,0,-7.4023438,0.0006094501,0
features_0:383,features_0.npy,383,train,0,-7.4179688,0.0006000072,0
features_0:386,features_0.npy,386,train,0,-6.3632812,0.0017207355,0
features_0:388,features_0.npy,388,train,0,-7.4023438,0.0006094501,0
features_0:389,features_0.npy,389,train,0,-7.4414062,0.00058611616,0
features_0:390,features_0.npy,390,train,0,-7.4296875,0.00059302105,0
features_0:393,features_0.npy,393,train,0,-7.1132812,0.00081355654,0
features_0:394,features_0.npy,394,train,0,-7.4375,0.00058840885,0
features_0:395,features_0.npy,395,train,0,-7.3789062,0.00062389387,0
features_0:396,features_0.npy,396,train,0,-7.3398438,0.00064873084,0
features_0:398,features_0.npy,398,train,0,-7.4140625,0.0006023541,0
features_0:404,features_0.npy,404,train,0,-7.3085938,0.00066931,0
features_0:405,features_0.npy,405,train,0,-7.3242188,0.0006589401,0
features_0:408,features_0.npy,408,train,0,-7.3125,0.00066670234,0
features_0:409,features_0.npy,409,train,0,-7.4140625,0.0006023541,0
features_0:410,features_0.npy,410,train,0,-7.375,0.0006263342,0
features_0:411,features_0.npy,411,train,0,-7.4257812,0.0005953407,0
features_0:412,features_0.npy,412,train,0,-7.40625,0.00060707564,0
features_0:413,features_0.npy,413,train,0,-6.9960938,0.0009146137,0
features_0:414,features_0.npy,414,train,0,-7.421875,0.00059766934,0
features_0:415,features_0.npy,415,train,0,-7.3632812,0.0006337125,0
features_0:416,features_0.npy,416,train,0,-7.4453125,0.0005838325,0
features_0:417,features_0.npy,417,train,0,-7.4140625,0.0006023541,0
features_0:419,features_0.npy,419,train,0,-7.2851562,0.00068517134,0
features_0:420,features_0.npy,420,train,0,-7.4179688,0.0006000072,0
features_0:421,features_0.npy,421,train,0,-7.4335938,0.0005907105,0
features_0:422,features_0.npy,422,train,0,-7.359375,0.0006361912,0
features_0:423,features_0.npy,423,train,0,-7.390625,0.00061662967,0
features_0:424,features_0.npy,424,train,0,-7.375,0.0006263342,0
features_0:425,features_0.npy,425,train,0,-7.2734375,0.00069324224,0
features_0:426,features_0.npy,426,train,0,-7.3945312,0.0006142272,0
features_0:427,features_0.npy,427,train,0,-7.40625,0.00060707564,0
features_0:428,features_0.npy,428,train,0,-7.3789062,0.00062389387,0
features_0:429,features_0.npy,429,train,0,-7.4101562,0.00060471025,0
features_0:430,features_0.npy,430,train,0,-7.3671875,0.0006312434,0
features_0:432,features_0.npy,432,train,0,-7.3554688,0.0006386796,0
features_0:433,features_0.npy,433,train,0,-7.1210938,0.0008072305,0
features_0:434,features_0.npy,434,train,0,-7.4570312,0.00057703455,0
features_0:435,features_0.npy,435,train,0,-7.375,0.0006263342,0
features_0:436,features_0.npy,436,train,0,-7.359375,0.0006361912,0
features_0:438,features_0.npy,438,train,0,-5.9882812,0.0025016966,0
features_0:439,features_0.npy,439,train,0,-7.2617188,0.00070140825,0
features_0:440,features_0.npy,440,train,0,-7.3632812,0.0006337125,0
features_0:442,features_0.npy,442,train,0,-7.4296875,0.00059302105,0
features_0:444,features_0.npy,444,train,0,-7.3671875,0.0006312434,0
features_0:445,features_0.npy,445,train,0,-7.4296875,0.00059302105,0
features_0:446,features_0.npy,446,train,0,-7.3710938,0.00062878407,0
features_0:447,features_0.npy,447,train,0,-7.4140625,0.0006023541,0
features_0:448,features_0.npy,448,train,0,-7.1015625,0.00082313863,0
features_0:449,features_0.npy,449,train,0,-7.1523438,0.00078241405,0
features_0:450,features_0.npy,450,train,0,-6.0078125,0.0024534285,0
features_0:451,features_0.npy,451,train,0,-7.2226562,0.00072932884,0
features_0:453,features_0.npy,453,train,0,-7.328125,0.00065637287,0
features_0:454,features_0.npy,454,train,0,-7.3945312,0.0006142272,0
features_0:456,features_0.npy,456,train,0,-7.390625,0.00061662967,0
features_0:457,features_0.npy,457,train,0,-7.3867188,0.0006190417,0
features_0:458,features_0.npy,458,train,0,-7.4101562,0.00060471025,0
features_0:460,features_0.npy,460,train,0,-7.3828125,0.000621463,0
features_0:461,features_0.npy,461,train,0,-7.125,0.0008040859,0
features_0:462,features_0.npy,462,train,0,-7.3710938,0.00062878407,0
features_0:464,features_0.npy,464,train,0,-7.3476562,0.0006436856,0
features_0:465,features_0.npy,465,train,0,-7.3515625,0.0006411777,0
features_0:467,features_0.npy,467,train,0,-7.2539062,0.00070690556,0
features_0:468,features_0.npy,468,train,0,-7.3632812,0.0006337125,0
features_0:471,features_0.npy,471,train,0,-7.3710938,0.00062878407,0
features_0:475,features_0.npy,475,train,0,-7.3359375,0.0006512683,0
features_0:477,features_0.npy,477,train,0,-7.3515625,0.0006411777,0
features_0:478,features_0.npy,478,train,0,-7.3242188,0.0006589401,0
features_0:479,features_0.npy,479,train,0,-7.3476562,0.0006436856,0
features_0:480,features_0.npy,480,train,0,-7.2773438,0.0006905414,0
features_0:481,features_0.npy,481,train,0,-7.3632812,0.0006337125,0
features_0:482,features_0.npy,482,train,0,-7.2929688,0.00067984295,0
features_0:483,features_0.npy,483,train,0,-7.3203125,0.0006615174,0
features_0:485,features_0.npy,485,train,0,-7.3476562,0.0006436856,0
features_0:486,features_0.npy,486,train,0,-7.3671875,0.0006312434,0
features_0:490,features_0.npy,490,train,0,-7.3671875,0.0006312434,0
features_0:491,features_0.npy,491,train,0,-7.3242188,0.0006589401,0
features_0:493,features_0.npy,493,train,0,-7.0507812,0.000865981,0
features_0:494,features_0.npy,494,train,0,-7.4101562,0.00060471025,0
features_0:495,features_0.npy,495,train,0,-7.3398438,0.00064873084,0
features_0:497,features_0.npy,497,train,0,-7.3398438,0.00064873084,0
features_0:498,features_0.npy,498,train,0,-7.3164062,0.0006641048,0
features_0:499,features_0.npy,499,train,0,-7.3476562,0.0006436856,0
features_0:500,features_0.npy,500,train,0,-7.4179688,0.0006000072,0
features_0:501,features_0.npy,501,train,0,-7.3515625,0.0006411777,0
features_0:503,features_0.npy,503,train,0,-7.4179688,0.0006000072,0
features_0:504,features_0.npy,504,train,0,-7.3867188,0.0006190417,0
features_0:505,features_0.npy,505,train,0,-7.3710938,0.00062878407,0
features_0:506,features_0.npy,506,train,0,-7.3828125,0.000621463,0
features_0:507,features_0.npy,507,train,0,-7.328125,0.00065637287,0
features_0:513,features_0.npy,513,train,0,-7.3515625,0.0006411777,0
features_0:514,features_0.npy,514,train,0,-7.2539062,0.00070690556,0
features_0:516,features_0.npy,516,train,0,-7.3476562,0.0006436856,0
features_0:518,features_0.npy,518,train,0,-7.3789062,0.00062389387,0
features_0:519,features_0.npy,519,train,0,-7.3554688,0.0006386796,0
features_0:522,features_0.npy,522,train,0,-7.4179688,0.0006000072,0
features_0:523,features_0.npy,523,train,0,-7.3984375,0.00061183405,0
features_0:525,features_0.npy,525,train,0,-7.4023438,0.0006094501,0
features_0:526,features_0.npy,526,train,0,-7.1835938,0.00075835997,0
features_0:527,features_0.npy,527,train,0,-6.3671875,0.0017140384,0
features_0:528,features_0.npy,528,train,0,-7.265625,0.00069867563,0
features_0:529,features_0.npy,529,train,0,-7.3632812,0.0006337125,0
features_0:530,features_0.npy,530,train,0,-7.1796875,0.0007613258,0
features_0:531,features_0.npy,531,train,0,-7.359375,0.0006361912,0
features_0:532,features_0.npy,532,train,0,-7.3085938,0.00066931,0
features_0:533,features_0.npy,533,train,0,-7.390625,0.00061662967,0
features_0:534,features_0.npy,534,train,0,-7.3789062,0.00062389387,0
features_0:535,features_0.npy,535,train,0,-7.328125,0.00065637287,0
features_0:536,features_0.npy,536,train,0,-7.4101562,0.00060471025,0
features_0:538,features_0.npy,538,train,0,-7.3515625,0.0006411777,0
features_0:539,features_0.npy,539,train,0,-7.4023438,0.0006094501,0
features_0:541,features_0.npy,541,train,0,-7.375,0.0006263342,0
features_0:542,features_0.npy,542,train,0,-7.3398438,0.00064873084,0
features_0:543,features_0.npy,543,train,0,-7.3984375,0.00061183405,0
features_0:544,features_0.npy,544,train,0,-7.3203125,0.0006615174,0
features_0:545,features_0.npy,545,train,0,-7.3164062,0.0006641048,0
features_0:547,features_0.npy,547,train,0,-7.4179688,0.0006000072,0
features_0:548,features_0.npy,548,train,0,-7.4140625,0.0006023541,0
features_0:549,features_0.npy,549,train,0,-7.34375,0.00064620323,0
features_0:551,features_0.npy,551,train,0,-7.3671875,0.0006312434,0
features_0:552,features_0.npy,552,train,0,-7.265625,0.00069867563,0
features_0:553,features_0.npy,553,train,0,-7.40625,0.00060707564,0
features_0:554,features_0.npy,554,train,0,-7.3828125,0.000621463,0
features_0:555,features_0.npy,555,train,0,-7.3046875,0.0006719279,0
features_0:557,features_0.npy,557,train,0,-7.3476562,0.0006436856,0
features_0:558,features_0.npy,558,train,0,-6.8984375,0.0010083435,0
features_0:560,features_0.npy,560,train,0,-7.4296875,0.00059302105,0
features_0:561,features_0.npy,561,train,0,-7.265625,0.00069867563,0
features_0:566,features_0.npy,566,train,0,-7.3398438,0.00064873084,0
features_0:567,features_0.npy,567,train,0,-7.3789062,0.00062389387,0
features_0:568,features_0.npy,568,train,0,-7.1523438,0.00078241405,0
features_0:570,features_0.npy,570,train,0,-7.3476562,0.0006436856,0
features_0:571,features_0.npy,571,train,0,-7.2890625,0.0006825019,0
features_0:572,features_0.npy,572,train,0,-7.3476562,0.0006436856,0
features_0:573,features_0.npy,573,train,0,-7.3789062,0.00062389387,0
features_0:575,features_0.npy,575,train,0,-7.3046875,0.0006719279,0
features_0:576,features_0.npy,576,train,0,-7.4335938,0.0005907105,0
features_0:578,features_0.npy,578,train,0,-7.1875,0.00075540564,0
features_0:579,features_0.npy,579,train,0,-7.3828125,0.000621463,0
features_0:581,features_0.npy,581,train,0,-7.328125,0.00065637287,0
features_0:582,features_0.npy,582,train,0,-7.3789062,0.00062389387,0
features_0:583,features_0.npy,583,train,0,-7.4101562,0.00060471025,0
features_0:584,features_0.npy,584,train,0,-7.3476562,0.0006436856,0
features_0:585,features_0.npy,585,train,0,-7.3398438,0.00064873084,0
features_0:587,features_0.npy,587,train,0,-7.3632812,0.0006337125,0
features_0:588,features_0.npy,588,train,0,-7.4570312,0.00057703455,0
features_0:589,features_0.npy,589,train,0,-7.3945312,0.0006142272,0
features_0:590,features_0.npy,590,train,0,-7.1796875,0.0007613258,0
features_0:591,features_0.npy,591,train,0,-7.453125,0.00057929166,0
features_0:593,features_0.npy,593,train,0,-7.4257812,0.0005953407,0
features_0:594,features_0.npy,594,train,0,-7.4335938,0.0005907105,0
features_0:595,features_0.npy,595,train,0,-7.328125,0.00065637287,0
features_0:596,features_0.npy,596,train,0,-7.1640625,0.0007733057,0
features_0:597,features_0.npy,597,train,0,-7.4023438,0.0006094501,0
features_0:598,features_0.npy,598,train,0,-7.3984375,0.00061183405,0
features_0:599,features_0.npy,599,train,0,-5.984375,0.0025114636,0
features_0:601,features_0.npy,601,train,0,-7.375,0.0006263342,0
features_0:602,features_0.npy,602,train,0,-7.4257812,0.0005953407,0
features_0:603,features_0.npy,603,train,0,-7.3554688,0.0006386796,0
features_0:604,features_0.npy,604,train,0,-7.3945312,0.0006142272,0
features_0:605,features_0.npy,605,train,0,-7.1328125,0.00079783355,0
features_0:607,features_0.npy,607,train,0,-7.3867188,0.0006190417,0
features_0:609,features_0.npy,609,train,0,-7.4023438,0.0006094501,0
features_0:610,features_0.npy,610,train,0,-7.2851562,0.00068517134,0
features_0:611,features_0.npy,611,train,0,-7.3359375,0.0006512683,0
features_0:613,features_0.npy,613,train,0,-7.390625,0.00061662967,0
features_0:614,features_0.npy,614,train,0,-7.359375,0.0006361912,0
features_0:615,features_0.npy,615,train,0,-7.3554688,0.0006386796,0
features_0:616,features_0.npy,616,train,0,-7.3203125,0.0006615174,0
features_0:617,features_0.npy,617,train,0,-7.375,0.0006263342,0
features_0:618,features_0.npy,618,train,0,-7.2304688,0.00072365726,0
features_0:619,features_0.npy,619,train,0,-7.3046875,0.0006719279,0
features_0:620,features_0.npy,620,train,0,-7.34375,0.00064620323,0
features_0:621,features_0.npy,621,train,0,-7.3671875,0.0006312434,0
features_0:622,features_0.npy,622,train,0,-7.3984375,0.00061183405,0
features_0:624,features_0.npy,624,train,0,-4.7539062,0.0085443305,0
features_0:626,features_0.npy,626,train,0,-7.359375,0.0006361912,0
features_0:628,features_0.npy,628,train,0,-7.4101562,0.00060471025,0
features_0:629,features_0.npy,629,train,0,-7.4296875,0.00059302105,0
features_0:630,features_0.npy,630,train,0,-6.9296875,0.0009773503,0
features_0:631,features_0.npy,631,train,0,-7.3710938,0.00062878407,0
features_0:634,features_0.npy,634,train,0,-7.34375,0.00064620323,0
features_0:636,features_0.npy,636,train,0,-7.421875,0.00059766934,0
features_0:637,features_0.npy,637,train,0,-7.1640625,0.0007733057,0
features_0:638,features_0.npy,638,train,0,-7.1132812,0.00081355654,0
features_0:643,features_0.npy,643,train,0,-7.0703125,0.00084924564,0
features_0:644,features_0.npy,644,train,0,-6.9726562,0.0009362828,0
features_0:649,features_0.npy,649,train,0,-6.7421875,0.001178672,0
features_0:650,features_0.npy,650,train,0,-7.1015625,0.00082313863,0
features_0:651,features_0.npy,651,train,0,-7.1992188,0.00074661145,0
features_0:652,features_0.npy,652,train,0,-6.8085938,0.0011030267,0
features_0:654,features_0.npy,654,train,0,-7.25,0.0007096704,0
features_0:657,features_0.npy,657,train,0,-7.2304688,0.00072365726,0
features_0:660,features_0.npy,660,train,0,-7.2265625,0.0007264875,0
features_0:661,features_0.npy,661,train,0,-7.1171875,0.00081038737,0
features_0:662,features_0.npy,662,train,0,-7.0625,0.0008559006,0
features_0:664,features_0.npy,664,train,0,-7.2929688,0.00067984295,0
features_0:665,features_0.npy,665,train,0,-6.9257812,0.000981172,0
features_0:666,features_0.npy,666,train,0,-7.0234375,0.0008899656,0
features_0:667,features_0.npy,667,train,0,-7.109375,0.000816738,0
features_0:668,features_0.npy,668,train,0,-3.3496094,0.03390796,0
features_0:669,features_0.npy,669,train,0,-6.3710938,0.0017073674,0
features_0:670,features_0.npy,670,train,0,-7.203125,0.00074370287,0
features_0:671,features_0.npy,671,train,0,-7.1445312,0.0007885458,0
features_0:672,features_0.npy,672,train,0,-7.21875,0.0007321812,0
features_0:673,features_0.npy,673,train,0,-7.1992188,0.00074661145,0
features_0:674,features_0.npy,674,train,0,-7.0703125,0.00084924564,0
features_0:675,features_0.npy,675,train,0,-6.8046875,0.0011073389,0
features_0:676,features_0.npy,676,train,0,-7.2695312,0.0006959537,0
features_0:677,features_0.npy,677,train,0,-6.9765625,0.00093263603,0
features_0:678,features_0.npy,678,train,0,-6.4726562,0.0015427324,0
features_0:679,features_0.npy,679,train,0,-7.28125,0.00068785116,0
features_0:680,features_0.npy,680,train,0,-7.2265625,0.0007264875,0
features_0:682,features_0.npy,682,train,0,-6.4726562,0.0015427324,0
features_0:688,features_0.npy,688,train,0,-7.2265625,0.0007264875,0
features_0:691,features_0.npy,691,train,0,-7.1875,0.00075540564,0
features_0:692,features_0.npy,692,train,0,-6.578125,0.0013885231,0
features_0:693,features_0.npy,693,train,0,-6.8984375,0.0010083435,0
features_0:694,features_0.npy,694,train,0,-7.3945312,0.0006142272,0
features_0:695,features_0.npy,695,train,0,-7.0859375,0.0008360903,0
features_0:697,features_0.npy,697,train,0,-7.3359375,0.0006512683,0
features_0:700,features_0.npy,700,train,0,-6.9609375,0.00094730896,0
features_0:701,features_0.npy,701,train,0,-7.2421875,0.00071523245,0
features_0:704,features_0.npy,704,train,0,-7.2578125,0.0007041516,0
features_0:705,features_0.npy,705,train,0,-7.2695312,0.0006959537,0
features_0:706,features_0.npy,706,train,0,-7.25,0.0007096704,0
features_0:707,features_0.npy,707,train,0,-7.1523438,0.00078241405,0
features_0:708,features_0.npy,708,train,0,-6.3515625,0.0017409837,0
features_0:710,features_0.npy,710,train,0,-6.5585938,0.0014158706,0
features_0:711,features_0.npy,711,train,0,-7.2382812,0.00071802974,0
features_0:712,features_0.npy,712,train,0,-7.1445312,0.0007885458,0
features_0:713,features_0.npy,713,train,0,-7.2773438,0.0006905414,0
features_0:714,features_0.npy,714,train,0,-7.2070312,0.0007408056,0
features_0:715,features_0.npy,715,train,0,-7.1289062,0.00080095365,0
features_0:716,features_0.npy,716,train,0,-7.1523438,0.00078241405,0
features_0:717,features_0.npy,717,train,0,-7.1953125,0.00074953143,0
features_0:718,features_0.npy,718,train,0,-7.125,0.0008040859,0
features_0:720,features_0.npy,720,train,0,-7.28125,0.00068785116,0
features_0:721,features_0.npy,721,train,0,-7.2578125,0.0007041516,0
features_0:722,features_0.npy,722,train,0,-7.3476562,0.0006436856,0
features_0:723,features_0.npy,723,train,0,-7.3164062,0.0006641048,0
features_0:724,features_0.npy,724,train,0,-6.8203125,0.00109019,0
features_0:727,features_0.npy,727,train,0,-7.0078125,0.00090396765,0
features_0:728,features_0.npy,728,train,0,-7.2226562,0.00072932884,0
features_0:730,features_0.npy,730,train,0,-7.2539062,0.00070690556,0
features_0:731,features_0.npy,731,train,0,-7.171875,0.00076729245,0
features_0:732,features_0.npy,732,train,0,-6.9023438,0.0010044164,0
features_0:733,features_0.npy,733,train,0,-7.2734375,0.00069324224,0
features_0:734,features_0.npy,734,train,0,-6.984375,0.00092538487,0
features_0:735,features_0.npy,735,train,0,-7.0703125,0.00084924564,0
features_0:736,features_0.npy,736,train,0,-7.296875,0.0006771943,0
features_0:737,features_0.npy,737,train,0,-6.484375,0.0015247865,0
features_0:738,features_0.npy,738,train,0,-6.1835938,0.0020587535,0
features_0:739,features_0.npy,739,train,0,-6.3203125,0.0017961492,0
features_0:741,features_0.npy,741,train,0,-7.0859375,0.0008360903,0
features_0:743,features_0.npy,743,train,0,-7.2929688,0.00067984295,0
features_0:744,features_0.npy,744,train,0,-6.9257812,0.000981172,0
features_0:745,features_0.npy,745,train,0,-7.1367188,0.0007947255,0
features_0:746,features_0.npy,746,train,0,-6.9179688,0.0009888597,0
features_0:750,features_0.npy,750,train,0,-7.1992188,0.00074661145,0
features_0:752,features_0.npy,752,train,0,-7.0585938,0.00085924764,0
features_0:753,features_0.npy,753,train,0,-7.0625,0.0008559006,0
features_0:754,features_0.npy,754,train,0,-7.1132812,0.00081355654,0
features_0:755,features_0.npy,755,train,0,-6.9140625,0.0009927262,0
features_0:756,features_0.npy,756,train,0,-6.28125,0.0018675658,0
features_0:757,features_0.npy,757,train,0,-7.296875,0.0006771943,0
features_0:759,features_0.npy,759,train,0,-7.4023438,0.0006094501,0
features_0:760,features_0.npy,760,train,0,-7.1328125,0.00079783355,0
features_0:762,features_0.npy,762,train,0,-7.3515625,0.0006411777,0
features_0:764,features_0.npy,764,train,0,-7.1601562,0.00077632995,0
features_0:765,features_0.npy,765,train,0,-6.984375,0.00092538487,0
features_0:767,features_0.npy,767,train,0,-7.0859375,0.0008360903,0
features_0:770,features_0.npy,770,train,0,-7.3671875,0.0006312434,0
features_0:771,features_0.npy,771,train,0,-7.2695312,0.0006959537,0
features_0:772,features_0.npy,772,train,0,-7.234375,0.00072083797,0
features_0:774,features_0.npy,774,train,0,-7.2382812,0.00071802974,0
features_0:777,features_0.npy,777,train,0,-7.09375,0.0008295891,0
features_0:778,features_0.npy,778,train,0,-6.7421875,0.001178672,0
features_0:780,features_0.npy,780,train,0,-6.9960938,0.0009146137,0
features_0:781,features_0.npy,781,train,0,-7.2304688,0.00072365726,0
features_0:782,features_0.npy,782,train,0,-7.4140625,0.0006023541,0
features_0:783,features_0.npy,783,train,0,-7.1601562,0.00077632995,0
features_0:785,features_0.npy,785,train,0,-7.2539062,0.00070690556,0
features_0:786,features_0.npy,786,train,0,-7.1015625,0.00082313863,0
features_0:787,features_0.npy,787,train,0,-5.7851562,0.0030634166,0
features_0:788,features_0.npy,788,train,0,-7.1757812,0.0007643034,0
features_0:792,features_0.npy,792,train,0,-7.140625,0.0007916296,0
features_0:793,features_0.npy,793,train,0,-7.1328125,0.00079783355,0
features_0:796,features_0.npy,796,train,0,-6.9453125,0.0009622126,0
features_0:798,features_0.npy,798,train,0,-7.1953125,0.00074953143,0
features_0:799,features_0.npy,799,train,0,-7.1679688,0.0007702932,0
features_0:802,features_0.npy,802,train,0,-6.5117188,0.0014837187,0
features_0:803,features_0.npy,803,train,0,-7.1015625,0.00082313863,0
features_0:806,features_0.npy,806,train,0,-7.3984375,0.00061183405,0
features_0:807,features_0.npy,807,train,0,-7.3789062,0.00062389387,0
features_0:808,features_0.npy,808,train,0,-7.1171875,0.00081038737,0
features_0:809,features_0.npy,809,train,0,-7.0195312,0.00089344557,0
features_0:810,features_0.npy,810,train,0,-7.3125,0.00066670234,0
features_0:811,features_0.npy,811,train,0,-6.484375,0.0015247865,0
features_0:812,features_0.npy,812,train,0,-7.2617188,0.00070140825,0
features_0:813,features_0.npy,813,train,0,-7.1757812,0.0007643034,0
features_0:814,features_0.npy,814,train,0,-7.1171875,0.00081038737,0
features_0:816,features_0.npy,816,train,0,-7.1328125,0.00079783355,0
features_0:817,features_0.npy,817,train,0,-7.2773438,0.0006905414,0
features_0:818,features_0.npy,818,train,0,-7.3085938,0.00066931,0
features_0:819,features_0.npy,819,train,0,-6.6015625,0.0013564017,0
features_0:820,features_0.npy,820,train,0,-7.171875,0.00076729245,0
features_0:823,features_0.npy,823,train,0,-7.3867188,0.0006190417,0
features_0:824,features_0.npy,824,train,0,-7.1953125,0.00074953143,0
features_0:825,features_0.npy,825,train,0,-7.1445312,0.0007885458,0
features_0:826,features_0.npy,826,train,0,-7.3164062,0.0006641048,0
features_0:828,features_0.npy,828,train,0,-4.5625,0.010328153,0
features_0:829,features_0.npy,829,train,0,-7.2460938,0.000712446,0
features_0:832,features_0.npy,832,train,0,-7.1601562,0.00077632995,0
features_0:834,features_0.npy,834,train,0,-7.2382812,0.00071802974,0
features_0:836,features_0.npy,836,train,0,-7.0546875,0.00086260773,0
features_0:838,features_0.npy,838,train,0,-5.7460938,0.0031850608,0
features_0:839,features_0.npy,839,train,0,-6.9257812,0.000981172,0
features_0:841,features_0.npy,841,train,0,-6.7890625,0.0011247575,0
features_0:842,features_0.npy,842,train,0,-7.234375,0.00072083797,0
features_0:843,features_0.npy,843,train,0,-6.9882812,0.0009217804,0
features_0:844,features_0.npy,844,train,0,-7.1289062,0.00080095365,0
features_0:845,features_0.npy,845,train,0,-6.1875,0.0020507437,0
features_0:846,features_0.npy,846,train,0,-7.3789062,0.00062389387,0
features_0:847,features_0.npy,847,train,0,-7.1601562,0.00077632995,0
features_0:848,features_0.npy,848,train,0,-7.2578125,0.0007041516,0
features_0:849,features_0.npy,849,train,0,-7.3710938,0.00062878407,0
features_0:850,features_0.npy,850,train,0,-6.265625,0.00189692,0
features_0:852,features_0.npy,852,train,0,-7.2773438,0.0006905414,0
features_0:855,features_0.npy,855,train,0,-6.984375,0.00092538487,0
features_0:857,features_0.npy,857,train,0,-6.6796875,0.0012545944,0
features_0:858,features_0.npy,858,train,0,-7.1328125,0.00079783355,0
features_0:859,features_0.npy,859,train,0,-7.3125,0.00066670234,0
features_0:861,features_0.npy,861,train,0,-6.5078125,0.0014895173,0
features_0:862,features_0.npy,862,train,0,-7.0273438,0.0008864989,0
features_0:864,features_0.npy,864,train,0,-6.9140625,0.0009927262,0
features_0:865,features_0.npy,865,train,0,-6.7890625,0.0011247575,0
features_0:867,features_0.npy,867,train,0,-6.7460938,0.0011740823,0
features_0:868,features_0.npy,868,train,0,-7.453125,0.00057929166,0
features_0:869,features_0.npy,869,train,0,-7.359375,0.0006361912,0
features_0:872,features_0.npy,872,train,0,-7.171875,0.00076729245,0
features_0:873,features_0.npy,873,train,0,-6.7851562,0.0011291546,0
features_0:874,features_0.npy,874,train,0,-7.2460938,0.000712446,0
features_0:875,features_0.npy,875,train,0,-7.0039062,0.00090750254,0
features_0:879,features_0.npy,879,train,0,-7.1875,0.00075540564,0
features_0:881,features_0.npy,881,train,0,-6.9804688,0.00092900335,0
features_0:882,features_0.npy,882,train,0,-5.3476562,0.0047367495,0
features_0:884,features_0.npy,884,train,0,-7.125,0.0008040859,0
features_0:885,features_0.npy,885,train,0,-7.0898438,0.0008328334,0
features_0:886,features_0.npy,886,train,0,-7.1835938,0.00075835997,0
features_0:887,features_0.npy,887,train,0,-7.25,0.0007096704,0
features_0:888,features_0.npy,888,train,0,-7.0742188,0.0008459375,0
features_0:889,features_0.npy,889,train,0,-7.21875,0.0007321812,0
features_0:890,features_0.npy,890,train,0,-5.4960938,0.0040860022,0
features_0:892,features_0.npy,892,train,0,-6.0390625,0.0023781238,0
features_0:893,features_0.npy,893,train,0,-7.3867188,0.0006190417,0
features_0:894,features_0.npy,894,train,0,-7.140625,0.0007916296,0
features_0:898,features_0.npy,898,train,0,-6.3203125,0.0017961492,0
features_0:899,features_0.npy,899,train,0,-7.3945312,0.0006142272,0
features_0:900,features_0.npy,900,train,0,-6.7617188,0.0011559008,0
features_0:901,features_0.npy,901,train,0,-7.0117188,0.0009004468,0
features_0:903,features_0.npy,903,train,0,-7.1875,0.00075540564,0
features_0:904,features_0.npy,904,train,0,-7.0664062,0.0008525666,0
features_0:905,features_0.npy,905,train,0,-6.8320312,0.0010775025,0
features_0:906,features_0.npy,906,train,0,-7.0703125,0.00084924564,0
features_0:907,features_0.npy,907,train,0,-7.140625,0.0007916296,0
features_0:908,features_0.npy,908,train,0,-7.125,0.0008040859,0
features_0:909,features_0.npy,909,train,0,-6.8320312,0.0010775025,0
features_0:910,features_0.npy,910,train,0,-7.1367188,0.0007947255,0
features_0:912,features_0.npy,912,train,0,-7.0859375,0.0008360903,0
features_0:914,features_0.npy,914,train,0,-7.2421875,0.00071523245,0
features_0:915,features_0.npy,915,train,0,-7.3359375,0.0006512683,0
features_0:916,features_0.npy,916,train,0,-7.1445312,0.0007885458,0
features_0:917,features_0.npy,917,train,0,-6.7109375,0.0012160416,0
features_0:918,features_0.npy,918,train,0,-7.1835938,0.00075835997,0
features_0:919,features_0.npy,919,train,0,-7.21875,0.0007321812,0
features_0:921,features_0.npy,921,train,0,-6.8867188,0.0010202174,0
features_0:922,features_0.npy,922,train,0,-7.109375,0.000816738,0
features_0:923,features_0.npy,923,train,0,-7.0039062,0.00090750254,0
features_0:924,features_0.npy,924,train,0,-7.296875,0.0006771943,0
features_0:925,features_0.npy,925,train,0,-6.8632812,0.0010443858,0
features_0:926,features_0.npy,926,train,0,-7.3867188,0.0006190417,0
features_0:930,features_0.npy,930,train,0,-7.3632812,0.0006337125,0
features_0:931,features_0.npy,931,train,0,-7.125,0.0008040859,0
features_0:932,features_0.npy,932,train,0,-7.046875,0.0008693674,0
features_0:933,features_0.npy,933,train,0,-7.2382812,0.00071802974,0
features_0:934,features_0.npy,934,train,0,-7.0664062,0.0008525666,0
features_0:936,features_0.npy,936,train,0,-7.234375,0.00072083797,0
features_0:937,features_0.npy,937,train,0,-6.4726562,0.0015427324,0
features_0:938,features_0.npy,938,train,0,-6.9960938,0.0009146137,0
features_0:939,features_0.npy,939,train,0,-6.828125,0.0010817152,0
features_0:940,features_0.npy,940,train,0,-6.9960938,0.0009146137,0
features_0:941,features_0.npy,941,train,0,-7.0390625,0.00087618,0
features_0:942,features_0.npy,942,train,0,-7.1875,0.00075540564,0
features_0:943,features_0.npy,943,train,0,-6.9570312,0.00095101306,0
features_0:944,features_0.npy,944,train,0,-7.2773438,0.0006905414,0
features_0:945,features_0.npy,945,train,0,-7.265625,0.00069867563,0
features_0:946,features_0.npy,946,train,0,-7.3671875,0.0006312434,0
features_0:947,features_0.npy,947,train,0,-6.921875,0.0009850084,0
features_0:948,features_0.npy,948,train,0,-7.0429688,0.00087276695,0
features_0:949,features_0.npy,949,train,0,-7.2929688,0.00067984295,0
features_0:950,features_0.npy,950,train,0,-7.265625,0.00069867563,0
features_0:952,features_0.npy,952,train,0,-7.015625,0.00089693937,0
features_0:953,features_0.npy,953,train,0,-7.2304688,0.00072365726,0
features_0:958,features_0.npy,958,train,0,-6.6640625,0.0012743262,0
features_0:962,features_0.npy,962,train,0,-6.9765625,0.00093263603,0
features_0:963,features_0.npy,963,train,0,-7.0664062,0.0008525666,0
features_0:964,features_0.npy,964,train,0,-7.2695312,0.0006959537,0
features_0:965,features_0.npy,965,train,0,-7.2460938,0.000712446,0
features_0:966,features_0.npy,966,train,0,-6.7148438,0.0012113064,0
features_0:967,features_0.npy,967,train,0,-7.0976562,0.0008263577,0
features_0:968,features_0.npy,968,train,0,-7.1210938,0.0008072305,0
features_0:969,features_0.npy,969,train,0,-7.125,0.0008040859,0
features_0:970,features_0.npy,970,train,0,-7.0703125,0.00084924564,0
features_0:973,features_0.npy,973,train,0,-7.3867188,0.0006190417,0
features_0:974,features_0.npy,974,train,0,-7.2617188,0.00070140825,0
features_0:976,features_0.npy,976,train,0,-7.2851562,0.00068517134,0
features_0:977,features_0.npy,977,train,0,-7.1289062,0.00080095365,0
features_0:978,features_0.npy,978,train,0,-6.9414062,0.000965975,0
features_0:979,features_0.npy,979,train,0,-7.2382812,0.00071802974,0
features_0:982,features_0.npy,982,train,0,-6.1210938,0.0021912407,0
features_0:983,features_0.npy,983,train,0,-7.2851562,0.00068517134,0
features_0:984,features_0.npy,984,train,0,-7.1992188,0.00074661145,0
features_0:985,features_0.npy,985,train,0,-7.3945312,0.0006142272,0
features_0:986,features_0.npy,986,train,0,-7.1757812,0.0007643034,0
features_0:987,features_0.npy,987,train,0,-7.2734375,0.00069324224,0
features_0:988,features_0.npy,988,train,0,-7.328125,0.00065637287,0
features_0:989,features_0.npy,989,train,0,-7.1132812,0.00081355654,0
features_0:990,features_0.npy,990,train,0,-7.28125,0.00068785116,0
features_0:993,features_0.npy,993,train,0,-7.1953125,0.00074953143,0
features_0:994,features_0.npy,994,train,0,-7.09375,0.0008295891,0
features_0:997,features_0.npy,997,train,0,-7.3671875,0.0006312434,0
features_0:998,features_0.npy,998,train,0,-7.2304688,0.00072365726,0
features_0:999,features_0.npy,999,train,0,-7.0429688,0.00087276695,0
features_0:1000,features_0.npy,1000,train,0,-7.3046875,0.0006719279,0
features_0:1001,features_0.npy,1001,train,0,-7.2890625,0.0006825019,0
features_0:1004,features_0.npy,1004,train,0,-7.1601562,0.00077632995,0
features_0:1005,features_0.npy,1005,train,0,-7.328125,0.00065637287,0
features_0:1006,features_0.npy,1006,train,0,-7.2617188,0.00070140825,0
features_0:1007,features_0.npy,1007,train,0,-7.2265625,0.0007264875,0
features_0:1009,features_0.npy,1009,train,0,-7.171875,0.00076729245,0
features_0:1010,features_0.npy,1010,train,0,-7.2890625,0.0006825019,0
features_0:1013,features_0.npy,1013,train,0,-7.1015625,0.00082313863,0
features_0:1018,features_0.npy,1018,train,0,-7.1601562,0.00077632995,0
features_0:1022,features_0.npy,1022,train,0,-7.0429688,0.00087276695,0
features_0:1023,features_0.npy,1023,train,0,-6.4375,0.0015978456,0
features_0:1024,features_0.npy,1024,train,0,-7.09375,0.0008295891,0
features_0:1026,features_0.npy,1026,train,0,-7.203125,0.00074370287,0
features_0:1027,features_0.npy,1027,train,0,-7.2070312,0.0007408056,0
features_0:1029,features_0.npy,1029,train,0,-6.984375,0.00092538487,0
features_0:1030,features_0.npy,1030,train,0,-7.1523438,0.00078241405,0
features_0:1031,features_0.npy,1031,train,0,-7.0234375,0.0008899656,0
features_0:1032,features_0.npy,1032,train,0,-7.3632812,0.0006337125,0
features_0:1033,features_0.npy,1033,train,0,-7.1484375,0.00078547397,0
features_0:1034,features_0.npy,1034,train,0,-7.2734375,0.00069324224,0
features_0:1035,features_0.npy,1035,train,0,-7.2265625,0.0007264875,0
features_0:1036,features_0.npy,1036,train,0,-7.2929688,0.00067984295,0
features_0:1037,features_0.npy,1037,train,0,-7.1601562,0.00077632995,0
features_0:1040,features_0.npy,1040,train,0,-6.2773438,0.0018748617,0
features_0:1041,features_0.npy,1041,train,0,-6.8984375,0.0010083435,0
features_0:1042,features_0.npy,1042,train,0,-7.171875,0.00076729245,0
features_0:1043,features_0.npy,1043,train,0,-7.3398438,0.00064873084,0
features_0:1046,features_0.npy,1046,train,0,-7.1640625,0.0007733057,0
features_0:1047,features_0.npy,1047,train,0,-7.0507812,0.000865981,0
features_0:1048,features_0.npy,1048,train,0,-6.6679688,0.0012693644,0
features_0:1049,features_0.npy,1049,train,0,-7.3398438,0.00064873084,0
features_0:1050,features_0.npy,1050,train,0,-6.3164062,0.0018031665,0
features_0:1052,features_0.npy,1052,train,0,-7.2070312,0.0007408056,0
features_0:1053,features_0.npy,1053,train,0,-7.1484375,0.00078547397,0
features_0:1054,features_0.npy,1054,train,0,-7.2460938,0.000712446,0
features_0:1055,features_0.npy,1055,train,0,-7.2148438,0.00073504477,0
features_0:1057,features_0.npy,1057,train,0,-6.6132812,0.0013406205,0
features_0:1058,features_0.npy,1058,train,0,-7.328125,0.00065637287,0
features_0:1061,features_0.npy,1061,train,0,-7.3242188,0.0006589401,0
features_0:1063,features_0.npy,1063,train,0,-6.0429688,0.0023688744,0
features_0:1065,features_0.npy,1065,train,0,-7.2304688,0.00072365726,0
features_0:1066,features_0.npy,1066,train,0,-7.3671875,0.0006312434,0
features_0:1067,features_0.npy,1067,train,0,-7.1601562,0.00077632995,0
features_0:1068,features_0.npy,1068,train,0,-7.1757812,0.0007643034,0
features_0:1073,features_0.npy,1073,train,0,-7.1015625,0.00082313863,0
features_0:1074,features_0.npy,1074,train,0,-7.203125,0.00074370287,0
features_0:1075,features_0.npy,1075,train,0,-7.046875,0.0008693674,0
features_0:1078,features_0.npy,1078,train,0,-7.390625,0.00061662967,0
features_0:1079,features_0.npy,1079,train,0,-7.1289062,0.00080095365,0
features_0:1080,features_0.npy,1080,train,0,-7.1015625,0.00082313863,0
features_0:1083,features_0.npy,1083,train,0,-7.0976562,0.0008263577,0
features_0:1084,features_0.npy,1084,train,0,-6.6914062,0.0012399962,0
features_0:1085,features_0.npy,1085,train,0,-7.015625,0.00089693937,0
features_0:1087,features_0.npy,1087,train,0,-6.4648438,0.0015548132,0
features_0:1088,features_0.npy,1088,train,0,-6.9804688,0.00092900335,0
features_0:1089,features_0.npy,1089,train,0,-3.2167969,0.038538497,0
features_0:1090,features_0.npy,1090,train,0,-6.6445312,0.0012994275,0
features_0:1091,features_0.npy,1091,train,0,-7.3671875,0.0006312434,0
features_0:1093,features_0.npy,1093,train,0,-7.203125,0.00074370287,0
features_0:1094,features_0.npy,1094,train,0,-5.8007812,0.003016066,0
features_0:1096,features_0.npy,1096,train,0,-7.0742188,0.0008459375,0
features_0:1097,features_0.npy,1097,train,0,-7.34375,0.00064620323,0
features_0:1098,features_0.npy,1098,train,0,-7.078125,0.00084264233,0
features_0:1100,features_0.npy,1100,train,0,-6.921875,0.0009850084,0
features_0:1101,features_0.npy,1101,train,0,-7.3789062,0.00062389387,0
features_0:1102,features_0.npy,1102,train,0,-6.8789062,0.0010282109,0
features_0:1103,features_0.npy,1103,train,0,-7.1953125,0.00074953143,0
features_0:1105,features_0.npy,1105,train,0,-6.5078125,0.0014895173,0
features_0:1106,features_0.npy,1106,train,0,-7.2734375,0.00069324224,0
features_0:1107,features_0.npy,1107,train,0,-6.1445312,0.0021405893,0
features_0:1108,features_0.npy,1108,train,0,-7.3007812,0.0006745559,0
features_0:1110,features_0.npy,1110,train,0,-6.9921875,0.00091819005,0
features_0:1111,features_0.npy,1111,train,0,-7.1054688,0.00081993215,0
features_0:1112,features_0.npy,1112,train,0,-6.859375,0.0010484693,0
features_0:1113,features_0.npy,1113,train,0,-7.0664062,0.0008525666,0
features_0:1114,features_0.npy,1114,train,0,-7.125,0.0008040859,0
features_0:1116,features_0.npy,1116,train,0,-7.1992188,0.00074661145,0
features_0:1117,features_0.npy,1117,train,0,-7.1523438,0.00078241405,0
features_0:1118,features_0.npy,1118,train,0,-7.1289062,0.00080095365,0
features_0:1120,features_0.npy,1120,train,0,-7.1132812,0.00081355654,0
features_0:1121,features_0.npy,1121,train,0,-7.2109375,0.00073791965,0
features_0:1124,features_0.npy,1124,train,0,-7.2421875,0.00071523245,0
features_0:1125,features_0.npy,1125,train,0,-7.1875,0.00075540564,0
features_0:1128,features_0.npy,1128,train,0,-7.4296875,0.00059302105,0
features_0:1131,features_0.npy,1131,train,0,-7.1328125,0.00079783355,0
features_0:1132,features_0.npy,1132,train,0,-6.9296875,0.0009773503,0
features_0:1133,features_0.npy,1133,train,0,-6.5039062,0.0014953385,0
features_0:1134,features_0.npy,1134,train,0,-7.2226562,0.00072932884,0
features_0:1137,features_0.npy,1137,train,0,-7.2304688,0.00072365726,0
features_0:1138,features_0.npy,1138,train,0,-7.3085938,0.00066931,0
features_0:1140,features_0.npy,1140,train,0,-6.8476562,0.0010608152,0
features_0:1142,features_0.npy,1142,train,0,-7.234375,0.00072083797,0
features_0:1144,features_0.npy,1144,train,0,-6.875,0.0010322311,0
features_0:1145,features_0.npy,1145,train,0,-7.4257812,0.0005953407,0
features_0:1146,features_0.npy,1146,train,0,-6.8945312,0.0010122862,0
features_0:1149,features_0.npy,1149,train,0,-6.9726562,0.0009362828,0
features_0:1151,features_0.npy,1151,train,0,-7.3242188,0.0006589401,0
features_0:1155,features_0.npy,1155,train,0,-6.9726562,0.0009362828,0
features_0:1156,features_0.npy,1156,train,0,-7.3554688,0.0006386796,0
features_0:1157,features_0.npy,1157,train,0,-7.046875,0.0008693674,0
features_0:1159,features_0.npy,1159,train,0,-7.2265625,0.0007264875,0
features_0:1160,features_0.npy,1160,train,0,-7.140625,0.0007916296,0
features_0:1161,features_0.npy,1161,train,0,-6.2539062,0.0019192374,0
features_0:1163,features_0.npy,1163,train,0,-7.0507812,0.000865981,0
features_0:1164,features_0.npy,1164,train,0,-7.0625,0.0008559006,0
features_0:1165,features_0.npy,1165,train,0,-6.71875,0.0012065897,0
features_0:1167,features_0.npy,1167,train,0,-6.90625,0.0010005044,0
features_0:1168,features_0.npy,1168,train,0,-7.1484375,0.00078547397,0
features_0:1169,features_0.npy,1169,train,0,-7.09375,0.0008295891,0
features_0:1170,features_0.npy,1170,train,0,-7.1640625,0.0007733057,0
features_0:1172,features_0.npy,1172,train,0,-7.2109375,0.00073791965,0
features_0:1173,features_0.npy,1173,train,0,-7.2539062,0.00070690556,0
features_0:1174,features_0.npy,1174,train,0,-7.3046875,0.0006719279,0
features_0:1175,features_0.npy,1175,train,0,-7.3320312,0.0006538155,0
features_0:1176,features_0.npy,1176,train,0,-6.8945312,0.0010122862,0
features_0:1177,features_0.npy,1177,train,0,-7.1875,0.00075540564,0
features_0:1178,features_0.npy,1178,train,0,-6.5820312,0.0013831174,0
features_0:1179,features_0.npy,1179,train,0,-7.2070312,0.0007408056,0
features_0:1181,features_0.npy,1181,train,0,-7.1640625,0.0007733057,0
features_0:1182,features_0.npy,1182,train,0,-6.8945312,0.0010122862,0
features_0:1185,features_0.npy,1185,train,0,-6.9375,0.00096975197,0
features_0:1187,features_0.npy,1187,train,0,-7.0898438,0.0008328334,0
features_0:1188,features_0.npy,1188,train,0,-7.1914062,0.0007524627,0
features_0:1189,features_0.npy,1189,train,0,-7.25,0.0007096704,0
features_0:1190,features_0.npy,1190,train,0,-7.2695312,0.0006959537,0
features_0:1191,features_0.npy,1191,train,0,-6.9804688,0.00092900335,0
features_0:1192,features_0.npy,1192,train,0,-7.2929688,0.00067984295,0
features_0:1193,features_0.npy,1193,train,0,-6.3710938,0.0017073674,0
features_0:1196,features_0.npy,1196,train,0,-7.3984375,0.00061183405,0
features_0:1197,features_0.npy,1197,train,0,-7.0507812,0.000865981,0
features_0:1198,features_0.npy,1198,train,0,-6.9492188,0.000958465,0
features_0:1200,features_0.npy,1200,train,0,-7.4296875,0.00059302105,0
features_0:1201,features_0.npy,1201,train,0,-5.5585938,0.003839395,0
features_0:1202,features_0.npy,1202,train,0,-7.3320312,0.0006538155,0
features_0:1203,features_0.npy,1203,train,0,-7.03125,0.0008830458,0
features_0:1204,features_0.npy,1204,train,0,-7.1757812,0.0007643034,0
features_0:1205,features_0.npy,1205,train,0,-7.0859375,0.0008360903,0
features_0:1206,features_0.npy,1206,train,0,-7.3398438,0.00064873084,0
features_0:1208,features_0.npy,1208,train,0,-7.1992188,0.00074661145,0
features_0:1209,features_0.npy,1209,train,0,-7.3007812,0.0006745559,0
features_0:1210,features_0.npy,1210,train,0,-7.1523438,0.00078241405,0
features_0:1211,features_0.npy,1211,train,0,-6.7304688,0.0011925492,0
features_0:1212,features_0.npy,1212,train,0,-7.0507812,0.000865981,0
features_0:1214,features_0.npy,1214,train,0,-7.2460938,0.000712446,0
features_0:1217,features_0.npy,1217,train,0,-6.7890625,0.0011247575,0
features_0:1220,features_0.npy,1220,train,0,-7.3789062,0.00062389387,0
features_0:1221,features_0.npy,1221,train,0,-6.3085938,0.001817283,0
features_0:1222,features_0.npy,1222,train,0,-7.0820312,0.00083935994,0
features_0:1223,features_0.npy,1223,train,0,-7.3554688,0.0006386796,0
features_0:1225,features_0.npy,1225,train,0,-5.9609375,0.002570868,0
features_0:1226,features_0.npy,1226,train,0,-7.2617188,0.00070140825,0
features_0:1227,features_0.npy,1227,train,0,-7.2070312,0.0007408056,0
features_0:1228,features_0.npy,1228,train,0,-7.2460938,0.000712446,0
features_0:1229,features_0.npy,1229,train,0,-7.1171875,0.00081038737,0
features_0:1230,features_0.npy,1230,train,0,-7.2382812,0.00071802974,0
features_0:1231,features_0.npy,1231,train,0,-7.234375,0.00072083797,0
features_0:1232,features_0.npy,1232,train,0,-7.0351562,0.0008796062,0
features_0:1233,features_0.npy,1233,train,0,-7.125,0.0008040859,0
features_0:1234,features_0.npy,1234,train,0,-7.28125,0.00068785116,0
features_0:1235,features_0.npy,1235,train,0,-6.6132812,0.0013406205,0
features_0:1236,features_0.npy,1236,train,0,-7.2578125,0.0007041516,0
features_0:1237,features_0.npy,1237,train,0,-7.1953125,0.00074953143,0
features_0:1239,features_0.npy,1239,train,0,-7.2460938,0.000712446,0
features_0:1240,features_0.npy,1240,train,0,-7.2382812,0.00071802974,0
features_0:1242,features_0.npy,1242,train,0,-7.1210938,0.0008072305,0
features_0:1244,features_0.npy,1244,train,0,-7.3789062,0.00062389387,0
features_0:1245,features_0.npy,1245,train,0,-7.2734375,0.00069324224,0
features_0:1246,features_0.npy,1246,train,0,-7.125,0.0008040859,0
features_0:1247,features_0.npy,1247,train,0,-6.9921875,0.00091819005,0
features_0:1249,features_0.npy,1249,train,0,-6.2070312,0.0020111583,0
features_0:1251,features_0.npy,1251,train,0,-7.3085938,0.00066931,0
features_0:1252,features_0.npy,1252,train,0,-7.1757812,0.0007643034,0
features_0:1253,features_0.npy,1253,train,0,-7.1054688,0.00081993215,0
features_0:1255,features_0.npy,1255,train,0,-7.1445312,0.0007885458,0
features_0:1258,features_0.npy,1258,train,0,-6.953125,0.0009547317,0
features_0:1259,features_0.npy,1259,train,0,-7.2304688,0.00072365726,0
features_0:1260,features_0.npy,1260,train,0,-6.6484375,0.0012943682,0
features_0:1261,features_0.npy,1261,train,0,-7.2539062,0.00070690556,0
features_0:1262,features_0.npy,1262,train,0,-6.7460938,0.0011740823,0
features_0:1263,features_0.npy,1263,train,0,-6.7148438,0.0012113064,0
features_0:1265,features_0.npy,1265,train,0,-7.1640625,0.0007733057,0
features_0:1268,features_0.npy,1268,train,0,-7.3632812,0.0006337125,0
features_0:1269,features_0.npy,1269,train,0,-7.09375,0.0008295891,0
features_0:1270,features_0.npy,1270,train,0,-7.3320312,0.0006538155,0
features_0:1271,features_0.npy,1271,train,0,-7.2929688,0.00067984295,0
features_0:1272,features_0.npy,1272,train,0,-7.015625,0.00089693937,0
features_0:1273,features_0.npy,1273,train,0,-6.59375,0.0013670258,0
features_0:1274,features_0.npy,1274,train,0,-7.3828125,0.000621463,0
features_0:1276,features_0.npy,1276,train,0,-7.1914062,0.0007524627,0
features_0:1277,features_0.npy,1277,train,0,-7.03125,0.0008830458,0
features_0:1278,features_0.npy,1278,train,0,-6.6289062,0.0013198635,0
features_0:1280,features_0.npy,1280,train,0,-7.1875,0.00075540564,0
features_0:1281,features_0.npy,1281,train,0,-7.171875,0.00076729245,0
features_0:1284,features_0.npy,1284,train,0,-7.2304688,0.00072365726,0
features_0:1285,features_0.npy,1285,train,0,-7.1875,0.00075540564,0
features_0:1287,features_0.npy,1287,train,0,-7.3867188,0.0006190417,0
features_0:1288,features_0.npy,1288,train,0,-7.109375,0.000816738,0
features_0:1289,features_0.npy,1289,train,0,-7.3554688,0.0006386796,0
features_0:1290,features_0.npy,1290,train,0,-7.2617188,0.00070140825,0
features_0:1292,features_0.npy,1292,train,0,-7.3789062,0.00062389387,0
features_0:1293,features_0.npy,1293,train,0,-6.78125,0.001133569,0
features_0:1295,features_0.npy,1295,train,0,-7.2929688,0.00067984295,0
features_0:1296,features_0.npy,1296,train,0,-7.2148438,0.00073504477,0
features_0:1298,features_0.npy,1298,train,0,-7.2929688,0.00067984295,0
features_0:1299,features_0.npy,1299,train,0,-7.2734375,0.00069324224,0
features_0:1301,features_0.npy,1301,train,0,-7.1914062,0.0007524627,0
features_0:1302,features_0.npy,1302,train,0,-7.203125,0.00074370287,0
features_0:1304,features_0.npy,1304,train,0,-6.8203125,0.00109019,0
features_0:1305,features_0.npy,1305,train,0,-7.0351562,0.0008796062,0
features_0:1307,features_0.npy,1307,train,0,-7.1914062,0.0007524627,0
features_0:1308,features_0.npy,1308,train,0,-7.2773438,0.0006905414,0
features_0:1309,features_0.npy,1309,train,0,-7.1875,0.00075540564,0
features_0:1310,features_0.npy,1310,train,0,-7.4296875,0.00059302105,0
features_0:1311,features_0.npy,1311,train,0,-7.0898438,0.0008328334,0
features_0:1312,features_0.npy,1312,train,0,-7.1445312,0.0007885458,0
features_0:1313,features_0.npy,1313,train,0,-6.9101562,0.0009966076,0
features_0:1314,features_0.npy,1314,train,0,-7.2539062,0.00070690556,0
features_0:1315,features_0.npy,1315,train,0,-7.234375,0.00072083797,0
features_0:1316,features_0.npy,1316,train,0,-7.2539062,0.00070690556,0
features_0:1317,features_0.npy,1317,train,0,-7.2890625,0.0006825019,0
features_0:1318,features_0.npy,1318,train,0,-7.140625,0.0007916296,0
features_0:1319,features_0.npy,1319,train,0,-7.421875,0.00059766934,0
features_0:1322,features_0.npy,1322,train,0,-7.1796875,0.0007613258,0
features_0:1323,features_0.npy,1323,train,0,-7.1367188,0.0007947255,0
features_0:1324,features_0.npy,1324,train,0,-7.3632812,0.0006337125,0
features_0:1325,features_0.npy,1325,train,0,-7.2734375,0.00069324224,0
features_0:1326,features_0.npy,1326,train,0,-6.8789062,0.0010282109,0
features_0:1328,features_0.npy,1328,train,0,-7.09375,0.0008295891,0
features_0:1329,features_0.npy,1329,train,0,-7.3945312,0.0006142272,0
features_0:1330,features_0.npy,1330,train,0,-7.3710938,0.00062878407,0
features_0:1331,features_0.npy,1331,train,0,-7.0429688,0.00087276695,0
features_0:1333,features_0.npy,1333,train,0,-6.671875,0.001264422,0
features_0:1334,features_0.npy,1334,train,0,-7.125,0.0008040859,0
features_0:1335,features_0.npy,1335,train,0,-7.0,0.0009110512,0
features_0:1336,features_0.npy,1336,train,0,-7.203125,0.00074370287,0
features_0:1338,features_0.npy,1338,train,0,-6.7695312,0.001146916,0
features_0:1339,features_0.npy,1339,train,0,-7.2226562,0.00072932884,0
features_0:1340,features_0.npy,1340,train,0,-6.84375,0.0010649627,0
features_0:1341,features_0.npy,1341,train,0,-7.265625,0.00069867563,0
features_0:1342,features_0.npy,1342,train,0,-7.2304688,0.00072365726,0
features_0:1343,features_0.npy,1343,train,0,-7.234375,0.00072083797,0
features_0:1346,features_0.npy,1346,train,0,-7.2265625,0.0007264875,0
features_0:1347,features_0.npy,1347,train,0,-7.046875,0.0008693674,0
features_0:1348,features_0.npy,1348,train,0,-7.1328125,0.00079783355,0
features_0:1350,features_0.npy,1350,train,0,-6.0039062,0.002463007,0
features_0:1351,features_0.npy,1351,train,0,-7.2226562,0.00072932884,0
features_0:1352,features_0.npy,1352,train,0,-7.1835938,0.00075835997,0
features_0:1353,features_0.npy,1353,train,0,-7.1757812,0.0007643034,0
features_0:1355,features_0.npy,1355,train,0,-7.3242188,0.0006589401,0
features_0:1357,features_0.npy,1357,train,0,-7.234375,0.00072083797,0
features_0:1358,features_0.npy,1358,train,0,-7.1835938,0.00075835997,0
features_0:1359,features_0.npy,1359,train,0,-5.875,0.0028009268,0
features_0:1360,features_0.npy,1360,train,0,-7.078125,0.00084264233,0
features_0:1361,features_0.npy,1361,train,0,-7.2421875,0.00071523245,0
features_0:1362,features_0.npy,1362,train,0,-6.8398438,0.0010691264,0
features_0:1364,features_0.npy,1364,train,0,-7.28125,0.00068785116,0
features_0:1365,features_0.npy,1365,train,0,-7.0664062,0.0008525666,0
features_0:1366,features_0.npy,1366,train,0,-6.6835938,0.0012497095,0
features_0:1368,features_0.npy,1368,train,0,-7.25,0.0007096704,0
features_0:1373,features_0.npy,1373,train,0,-6.9414062,0.000965975,0
features_0:1374,features_0.npy,1374,train,0,-7.2109375,0.00073791965,0
features_0:1375,features_0.npy,1375,train,0,-6.8007812,0.0011116682,0
features_0:1379,features_0.npy,1379,train,0,-6.6328125,0.0013147246,0
features_0:1381,features_0.npy,1381,train,0,-7.078125,0.00084264233,0
features_0:1383,features_0.npy,1383,train,0,-7.1875,0.00075540564,0
features_0:1384,features_0.npy,1384,train,0,-7.234375,0.00072083797,0
features_0:1385,features_0.npy,1385,train,0,-6.1796875,0.0020667946,0
features_0:1386,features_0.npy,1386,train,0,-7.1523438,0.00078241405,0
features_0:1387,features_0.npy,1387,train,0,-7.2070312,0.0007408056,0
features_0:1388,features_0.npy,1388,train,0,-7.0820312,0.00083935994,0
features_0:1389,features_0.npy,1389,train,0,-6.453125,0.0015731121,0
features_0:1391,features_0.npy,1391,train,0,-7.0898438,0.0008328334,0
features_0:1392,features_0.npy,1392,train,0,-7.1171875,0.00081038737,0
features_0:1395,features_0.npy,1395,train,0,-7.3828125,0.000621463,0
features_0:1398,features_0.npy,1398,train,0,-7.34375,0.00064620323,0
features_0:1399,features_0.npy,1399,train,0,-7.2578125,0.0007041516,0
features_0:1401,features_0.npy,1401,train,0,-7.3203125,0.0006615174,0
features_0:1403,features_0.npy,1403,train,0,-7.1445312,0.0007885458,0
features_0:1404,features_0.npy,1404,train,0,-7.1796875,0.0007613258,0
features_0:1405,features_0.npy,1405,train,0,-7.1914062,0.0007524627,0
features_0:1406,features_0.npy,1406,train,0,-7.1601562,0.00077632995,0
features_0:1414,features_0.npy,1414,train,0,-7.2070312,0.0007408056,0
features_0:1415,features_0.npy,1415,train,0,-7.0664062,0.0008525666,0
features_0:1418,features_0.npy,1418,train,0,-7.1875,0.00075540564,0
features_0:1419,features_0.npy,1419,train,0,-7.2851562,0.00068517134,0
features_0:1421,features_0.npy,1421,train,0,-6.6914062,0.0012399962,0
features_0:1423,features_0.npy,1423,train,0,-6.9570312,0.00095101306,0
features_0:1424,features_0.npy,1424,train,0,-7.0117188,0.0009004468,0
features_0:1428,features_0.npy,1428,train,0,-7.1640625,0.0007733057,0
features_0:1429,features_0.npy,1429,train,0,-7.1757812,0.0007643034,0
features_0:1431,features_0.npy,1431,train,0,-7.1367188,0.0007947255,0
features_0:1432,features_0.npy,1432,train,0,-6.7148438,0.0012113064,0
features_0:1433,features_0.npy,1433,train,0,-7.1640625,0.0007733057,0
features_0:1436,features_0.npy,1436,train,0,-6.921875,0.0009850084,0
features_0:1438,features_0.npy,1438,train,0,-5.5820312,0.0037507887,0
features_0:1439,features_0.npy,1439,train,0,-7.0546875,0.00086260773,0
features_0:1440,features_0.npy,1440,train,0,-7.15625,0.00077936606,0
features_0:1441,features_0.npy,1441,train,0,-6.71875,0.0012065897,0
features_0:1442,features_0.npy,1442,train,0,-6.9882812,0.0009217804,0
features_0:1443,features_0.npy,1443,train,0,-7.1757812,0.0007643034,0
features_0:1444,features_0.npy,1444,train,0,-6.9921875,0.00091819005,0
features_0:1448,features_0.npy,1448,train,0,-7.171875,0.00076729245,0
features_0:1449,features_0.npy,1449,train,0,-7.3046875,0.0006719279,0
features_0:1450,features_0.npy,1450,train,0,-7.2304688,0.00072365726,0
features_0:1453,features_0.npy,1453,train,0,-7.2929688,0.00067984295,0
features_0:1454,features_0.npy,1454,train,0,-7.3515625,0.0006411777,0
features_0:1455,features_0.npy,1455,train,0,-7.078125,0.00084264233,0
features_0:1456,features_0.npy,1456,train,0,-7.1523438,0.00078241405,0
features_0:1457,features_0.npy,1457,train,0,-7.390625,0.00061662967,0
features_0:1458,features_0.npy,1458,train,0,-6.90625,0.0010005044,0
features_0:1461,features_0.npy,1461,train,0,-7.328125,0.00065637287,0
features_0:1463,features_0.npy,1463,train,0,-4.9453125,0.0070664007,0
features_0:1464,features_0.npy,1464,train,0,-6.9960938,0.0009146137,0
features_0:1466,features_0.npy,1466,train,0,-6.9765625,0.00093263603,0
features_0:1467,features_0.npy,1467,train,0,-4.625,0.009708476,0
features_0:1469,features_0.npy,1469,train,0,-6.8554688,0.0010525687,0
features_0:1470,features_0.npy,1470,train,0,-7.21875,0.0007321812,0
features_0:1471,features_0.npy,1471,train,0,-6.8007812,0.0011116682,0
features_0:1472,features_0.npy,1472,train,0,-7.1328125,0.00079783355,0
features_0:1473,features_0.npy,1473,train,0,-6.859375,0.0010484693,0
features_0:1475,features_0.npy,1475,train,0,-6.8710938,0.0010362668,0
features_0:1477,features_0.npy,1477,train,0,-7.078125,0.00084264233,0
features_0:1479,features_0.npy,1479,train,0,-7.2460938,0.000712446,0
features_0:1483,features_0.npy,1483,train,0,-7.3203125,0.0006615174,0
features_0:1486,features_0.npy,1486,train,0,-7.0273438,0.0008864989,0
features_0:1487,features_0.npy,1487,train,0,-7.1914062,0.0007524627,0
features_0:1488,features_0.npy,1488,train,0,-7.0820312,0.00083935994,0
features_0:1489,features_0.npy,1489,train,0,-6.6679688,0.0012693644,0
features_0:1490,features_0.npy,1490,train,0,-7.1796875,0.0007613258,0
features_0:1492,features_0.npy,1492,train,0,-7.2265625,0.0007264875,0
features_0:1493,features_0.npy,1493,train,0,-7.0273438,0.0008864989,0
features_0:1496,features_0.npy,1496,train,0,-7.234375,0.00072083797,0
features_0:1497,features_0.npy,1497,train,0,-7.2890625,0.0006825019,0
features_0:1498,features_0.npy,1498,train,0,-7.3398438,0.00064873084,0
features_0:1501,features_0.npy,1501,train,0,-7.203125,0.00074370287,0
features_0:1504,features_0.npy,1504,train,0,-6.390625,0.0016743992,0
features_0:1505,features_0.npy,1505,train,0,-7.4296875,0.00059302105,0
features_0:1506,features_0.npy,1506,train,0,-7.171875,0.00076729245,0
features_0:1507,features_0.npy,1507,train,0,-6.1601562,0.0021074724,0
features_0:1510,features_0.npy,1510,train,0,-7.4296875,0.00059302105,0
features_0:1511,features_0.npy,1511,train,0,-6.171875,0.0020829707,0
features_0:1514,features_0.npy,1514,train,0,-6.8125,0.0010987311,0
features_0:1517,features_0.npy,1517,train,0,-7.0664062,0.0008525666,0
features_0:1519,features_0.npy,1519,train,0,-7.3476562,0.0006436856,0
features_0:1520,features_0.npy,1520,train,0,-7.328125,0.00065637287,0
features_0:1521,features_0.npy,1521,train,0,-7.1601562,0.00077632995,0
features_0:1524,features_0.npy,1524,train,0,-7.3515625,0.0006411777,0
features_0:1525,features_0.npy,1525,train,0,-6.9726562,0.0009362828,0
features_0:1529,features_0.npy,1529,train,0,-7.3554688,0.0006386796,0
features_0:1530,features_0.npy,1530,train,0,-7.2617188,0.00070140825,0
features_0:1531,features_0.npy,1531,train,0,-5.9375,0.002631674,0
features_0:1532,features_0.npy,1532,train,0,-7.125,0.0008040859,0
features_0:1533,features_0.npy,1533,train,0,-7.25,0.0007096704,0
features_0:1534,features_0.npy,1534,train,0,-7.09375,0.0008295891,0
features_0:1535,features_0.npy,1535,train,0,-7.2695312,0.0006959537,0
features_0:1536,features_0.npy,1536,train,0,-7.3710938,0.00062878407,0
features_0:1537,features_0.npy,1537,train,0,-7.1289062,0.00080095365,0
features_0:1538,features_0.npy,1538,train,0,-6.8671875,0.0010403185,0
features_0:1539,features_0.npy,1539,train,0,-7.1601562,0.00077632995,0
features_0:1540,features_0.npy,1540,train,0,-7.3359375,0.0006512683,0
features_0:1541,features_0.npy,1541,train,0,-7.4023438,0.0006094501,0
features_0:1542,features_0.npy,1542,train,0,-6.4257812,0.0016166499,0
features_0:1543,features_0.npy,1543,train,0,-7.4140625,0.0006023541,0
features_0:1544,features_0.npy,1544,train,0,-7.2460938,0.000712446,0
features_0:1545,features_0.npy,1545,train,0,-6.8867188,0.0010202174,0
features_0:1547,features_0.npy,1547,train,0,-7.0039062,0.00090750254,0
features_0:1549,features_0.npy,1549,train,0,-7.2578125,0.0007041516,0
features_0:1554,features_0.npy,1554,train,0,-7.0898438,0.0008328334,0
features_0:1555,features_0.npy,1555,train,0,-7.1523438,0.00078241405,0
features_0:1557,features_0.npy,1557,train,0,-7.1601562,0.00077632995,0
features_0:1559,features_0.npy,1559,train,0,-7.1289062,0.00080095365,0
features_0:1560,features_0.npy,1560,train,0,-7.0742188,0.0008459375,0
features_0:1562,features_0.npy,1562,train,0,-7.2851562,0.00068517134,0
features_0:1563,features_0.npy,1563,train,0,-7.1914062,0.0007524627,0
features_0:1564,features_0.npy,1564,train,0,-7.0664062,0.0008525666,0
features_0:1565,features_0.npy,1565,train,0,-7.3320312,0.0006538155,0
features_0:1567,features_0.npy,1567,train,0,-7.234375,0.00072083797,0
features_0:1568,features_0.npy,1568,train,0,-7.375,0.0006263342,0
features_0:1569,features_0.npy,1569,train,0,-7.1171875,0.00081038737,0
features_0:1572,features_0.npy,1572,train,0,-7.2929688,0.00067984295,0
features_0:1573,features_0.npy,1573,train,0,-7.2851562,0.00068517134,0
features_0:1574,features_0.npy,1574,train,0,-6.9179688,0.0009888597,0
features_0:1575,features_0.npy,1575,train,0,-5.5,0.0040701376,0
features_0:1577,features_0.npy,1577,train,0,-5.7382812,0.003209961,0
features_0:1578,features_0.npy,1578,train,0,-7.421875,0.00059766934,0
features_0:1579,features_0.npy,1579,train,0,-6.9257812,0.000981172,0
features_0:1580,features_0.npy,1580,train,0,-7.0390625,0.00087618,0
features_0:1581,features_0.npy,1581,train,0,-7.2148438,0.00073504477,0
features_0:1583,features_0.npy,1583,train,0,-7.265625,0.00069867563,0
features_0:1585,features_0.npy,1585,train,0,-7.1367188,0.0007947255,0
features_0:1587,features_0.npy,1587,train,0,-7.3085938,0.00066931,0
features_0:1588,features_0.npy,1588,train,0,-7.3320312,0.0006538155,0
features_0:1591,features_0.npy,1591,train,0,-7.140625,0.0007916296,0
features_0:1592,features_0.npy,1592,train,0,-7.2460938,0.000712446,0
features_0:1593,features_0.npy,1593,train,0,-6.9921875,0.00091819005,0
features_0:1594,features_0.npy,1594,train,0,-6.1367188,0.002157342,0
features_0:1595,features_0.npy,1595,train,0,-6.4140625,0.0016356753,0
features_0:1597,features_0.npy,1597,train,0,-7.1054688,0.00081993215,0
features_0:1598,features_0.npy,1598,train,0,-5.96875,0.0025509123,0
features_0:1599,features_0.npy,1599,train,0,-7.109375,0.000816738,0
features_0:1600,features_0.npy,1600,train,0,-6.59375,0.0013670258,0
features_0:1601,features_0.npy,1601,train,0,-7.2851562,0.00068517134,0
features_0:1603,features_0.npy,1603,train,0,-6.8789062,0.0010282109,0
features_0:1604,features_0.npy,1604,train,0,-7.2539062,0.00070690556,0
features_0:1605,features_0.npy,1605,train,0,-6.8554688,0.0010525687,0
features_0:1606,features_0.npy,1606,train,0,-6.8242188,0.0010859445,0
features_0:1609,features_0.npy,1609,train,0,-7.2109375,0.00073791965,0
features_0:1612,features_0.npy,1612,train,0,-7.1171875,0.00081038737,0
features_0:1614,features_0.npy,1614,train,0,-7.375,0.0006263342,0
features_0:1615,features_0.npy,1615,train,0,-7.140625,0.0007916296,0
features_0:1616,features_0.npy,1616,train,0,-6.296875,0.0018386652,0
features_0:1617,features_0.npy,1617,train,0,-7.3203125,0.0006615174,0
features_0:1618,features_0.npy,1618,train,0,-7.3671875,0.0006312434,0
features_0:1619,features_0.npy,1619,train,0,-7.4023438,0.0006094501,0
features_0:1620,features_0.npy,1620,train,0,-7.3476562,0.0006436856,0
features_0:1622,features_0.npy,1622,train,0,-7.4101562,0.00060471025,0
features_0:1623,features_0.npy,1623,train,0,-7.3945312,0.0006142272,0
features_0:1626,features_0.npy,1626,train,0,-7.2929688,0.00067984295,0
features_0:1629,features_0.npy,1629,train,0,-7.3007812,0.0006745559,0
features_0:1630,features_0.npy,1630,train,0,-6.9414062,0.000965975,0
features_0:1631,features_0.npy,1631,train,0,-6.9375,0.00096975197,0
features_0:1632,features_0.npy,1632,train,0,-7.2265625,0.0007264875,0
features_0:1633,features_0.npy,1633,train,0,-5.6523438,0.0034970103,0
features_0:1634,features_0.npy,1634,train,0,-7.2617188,0.00070140825,0
features_0:1635,features_0.npy,1635,train,0,-5.6679688,0.003442981,0
features_0:1636,features_0.npy,1636,train,0,-7.2617188,0.00070140825,0
features_0:1639,features_0.npy,1639,train,0,-7.1367188,0.0007947255,0
features_0:1640,features_0.npy,1640,train,0,-6.5,0.0015011822,0
features_0:1641,features_0.npy,1641,train,0,-6.15625,0.0021157034,0
features_0:1642,features_0.npy,1642,train,0,-6.8320312,0.0010775025,0
features_0:1643,features_0.npy,1643,train,0,-7.2773438,0.0006905414,0
features_0:1644,features_0.npy,1644,train,0,-7.078125,0.00084264233,0
features_0:1645,features_0.npy,1645,train,0,-7.0625,0.0008559006,0
features_0:1647,features_0.npy,1647,train,0,-6.6796875,0.0012545944,0
features_0:1648,features_0.npy,1648,train,0,-6.3242188,0.0017891593,0
features_0:1649,features_0.npy,1649,train,0,-5.6953125,0.0033504236,0
features_0:1652,features_0.npy,1652,train,0,-7.4140625,0.0006023541,0
features_1:0,features_1.npy,0,train,1,7.5976562,0.9994986,1
features_1:2,features_1.npy,2,train,1,7.65625,0.9995272,1
features_1:3,features_1.npy,3,train,1,7.6835938,0.99954,1
features_1:4,features_1.npy,4,train,1,2.9882812,0.9520419,1
features_1:5,features_1.npy,5,train,1,7.6640625,0.9995308,1
features_1:6,features_1.npy,6,train,1,7.5507812,0.9994746,1
features_1:7,features_1.npy,7,train,1,7.7929688,0.9995876,1
features_1:8,features_1.npy,8,train,1,7.3828125,0.99937856,1
features_1:10,features_1.npy,10,train,1,7.6757812,0.9995363,1
features_1:12,features_1.npy,12,train,1,7.75,0.9995695,1
features_1:14,features_1.npy,14,train,1,7.484375,0.99943846,1
features_1:15,features_1.npy,15,train,1,7.6953125,0.9995453,1
features_1:16,features_1.npy,16,train,1,7.6914062,0.9995435,1
features_1:17,features_1.npy,17,train,1,4.8476562,0.9922144,1
features_1:19,features_1.npy,19,train,1,7.609375,0.99950445,1
features_1:22,features_1.npy,22,train,1,7.6445312,0.9995216,1
features_1:23,features_1.npy,23,train,1,7.7734375,0.99957937,1
features_1:24,features_1.npy,24,train,1,7.7109375,0.9995523,1
features_1:25,features_1.npy,25,train,1,7.65625,0.9995272,1
features_1:26,features_1.npy,26,train,1,7.46875,0.99942964,1
features_1:29,features_1.npy,29,train,1,7.6523438,0.9995253,1
features_1:30,features_1.npy,30,train,1,7.015625,0.99910307,1
features_1:31,features_1.npy,31,train,1,7.4453125,0.99941623,1
features_1:32,features_1.npy,32,train,1,7.7539062,0.99957114,1
features_1:33,features_1.npy,33,train,1,7.4140625,0.99939764,1
features_1:36,features_1.npy,36,train,1,7.6914062,0.9995435,1
features_1:37,features_1.npy,37,train,1,7.6679688,0.9995327,1
features_1:39,features_1.npy,39,train,1,7.6914062,0.9995435,1
features_1:40,features_1.npy,40,train,1,5.5078125,0.99596137,1
features_1:43,features_1.npy,43,train,1,7.6015625,0.9995005,1
features_1:44,features_1.npy,44,train,1,7.6367188,0.9995178,1
features_1:45,features_1.npy,45,train,1,7.171875,0.99923277,1
features_1:46,features_1.npy,46,train,1,7.53125,0.9994642,1
features_1:47,features_1.npy,47,train,1,7.3320312,0.9993462,1
features_1:48,features_1.npy,48,train,1,-0.3466797,0.41418782,0
features_1:51,features_1.npy,51,train,1,7.34375,0.9993538,1
features_1:52,features_1.npy,52,train,1,7.5703125,0.99948466,1
features_1:53,features_1.npy,53,train,1,7.5546875,0.9994766,1
features_1:55,features_1.npy,55,train,1,7.8125,0.9995956,1
features_1:56,features_1.npy,56,train,1,4.9609375,0.99304235,1
features_1:58,features_1.npy,58,train,1,7.2304688,0.99927634,1
features_1:59,features_1.npy,59,train,1,7.6992188,0.99954695,1
features_1:60,features_1.npy,60,train,1,7.3632812,0.99936634,1
features_1:61,features_1.npy,61,train,1,7.6953125,0.9995453,1
features_1:62,features_1.npy,62,train,1,7.6914062,0.9995435,1
features_1:63,features_1.npy,63,train,1,7.609375,0.99950445,1
features_1:64,features_1.npy,64,train,1,7.5742188,0.9994867,1
features_1:65,features_1.npy,65,train,1,7.484375,0.99943846,1
features_1:67,features_1.npy,67,train,1,5.34375,0.9952448,1
features_1:68,features_1.npy,68,train,1,7.7773438,0.99958104,1
features_1:69,features_1.npy,69,train,1,7.6835938,0.99954,1
features_1:70,features_1.npy,70,train,1,4.5351562,0.9893885,1
features_1:73,features_1.npy,73,train,1,2.5234375,0.9257686,1
features_1:74,features_1.npy,74,train,1,7.6484375,0.9995234,1
features_1:75,features_1.npy,75,train,1,7.7070312,0.9995505,1
features_1:76,features_1.npy,76,train,1,7.6289062,0.9995141,1
features_1:77,features_1.npy,77,train,1,3.2910156,0.96411926,1
features_1:78,features_1.npy,78,train,1,7.6054688,0.99950254,1
features_1:79,features_1.npy,79,train,1,7.7265625,0.9995592,1
features_1:80,features_1.npy,80,train,1,6.7460938,0.99882597,1
features_1:81,features_1.npy,81,train,1,7.359375,0.99936384,1
features_1:82,features_1.npy,82,train,1,7.4765625,0.99943405,1
features_1:84,features_1.npy,84,train,1,7.7929688,0.9995876,1
features_1:86,features_1.npy,86,train,1,7.5976562,0.9994986,1
features_1:87,features_1.npy,87,train,1,7.765625,0.99957615,1
features_1:88,features_1.npy,88,train,1,7.6875,0.99954176,1
features_1:90,features_1.npy,90,train,1,7.6132812,0.99950635,1
features_1:92,features_1.npy,92,train,1,7.6757812,0.9995363,1
features_1:93,features_1.npy,93,train,1,7.6835938,0.99954,1
features_1:95,features_1.npy,95,train,1,7.78125,0.9995827,1
features_1:96,features_1.npy,96,train,1,6.75,0.9988305,1
features_1:97,features_1.npy,97,train,1,7.5390625,0.9994684,1
features_1:98,features_1.npy,98,train,1,7.6796875,0.99953806,1
features_1:99,features_1.npy,99,train,1,7.7265625,0.9995592,1
features_1:100,features_1.npy,100,train,1,7.7265625,0.9995592,1
features_1:102,features_1.npy,102,train,1,7.609375,0.99950445,1
features_1:103,features_1.npy,103,train,1,7.4804688,0.9994363,1
features_1:104,features_1.npy,104,train,1,6.9179688,0.99901116,1
features_1:106,features_1.npy,106,train,1,7.3632812,0.99936634,1
features_1:107,features_1.npy,107,train,1,7.7695312,0.9995778,1
features_1:108,features_1.npy,108,train,1,7.40625,0.99939287,1
features_1:109,features_1.npy,109,train,1,7.6679688,0.9995327,1
features_1:111,features_1.npy,111,train,1,7.6523438,0.9995253,1
features_1:112,features_1.npy,112,train,1,7.6992188,0.99954695,1
features_1:114,features_1.npy,114,train,1,7.7070312,0.9995505,1
features_1:117,features_1.npy,117,train,1,7.7578125,0.9995728,1
features_1:118,features_1.npy,118,train,1,4.890625,0.99253935,1
features_1:119,features_1.npy,119,train,1,7.5117188,0.9994536,1
features_1:120,features_1.npy,120,train,1,7.5507812,0.9994746,1
features_1:121,features_1.npy,121,train,1,7.4765625,0.99943405,1
features_1:122,features_1.npy,122,train,1,7.6289062,0.9995141,1
features_1:123,features_1.npy,123,train,1,3.390625,0.96741027,1
features_1:124,features_1.npy,124,train,1,7.65625,0.9995272,1
features_1:126,features_1.npy,126,train,1,7.7929688,0.9995876,1
features_1:130,features_1.npy,130,train,1,7.7382812,0.99956435,1
features_1:131,features_1.npy,131,train,1,7.6679688,0.9995327,1
features_1:132,features_1.npy,132,train,1,7.7382812,0.99956435,1
features_1:134,features_1.npy,134,train,1,4.265625,0.9861514,1
features_1:135,features_1.npy,135,train,1,7.421875,0.9994023,1
features_1:136,features_1.npy,136,train,1,4.9804688,0.99317604,1
features_1:137,features_1.npy,137,train,1,5.5820312,0.99624926,1
features_1:138,features_1.npy,138,train,1,7.515625,0.99945575,1
features_1:139,features_1.npy,139,train,1,7.6015625,0.9995005,1
features_1:141,features_1.npy,141,train,1,6.8398438,0.9989309,1
features_1:143,features_1.npy,143,train,1,7.7460938,0.9995678,1
features_1:144,features_1.npy,144,train,1,7.4765625,0.99943405,1
features_1:146,features_1.npy,146,train,1,4.9882812,0.9932288,1
features_1:147,features_1.npy,147,train,1,7.4882812,0.9994407,1
features_1:149,features_1.npy,149,train,1,7.59375,0.9994967,1
features_1:150,features_1.npy,150,train,1,7.6992188,0.99954695,1
features_1:152,features_1.npy,152,train,1,7.7890625,0.9995859,1
features_1:153,features_1.npy,153,train,1,7.5234375,0.99946004,1
features_1:154,features_1.npy,154,train,1,7.7382812,0.99956435,1
features_1:155,features_1.npy,155,train,1,7.8164062,0.99959713,1
features_1:156,features_1.npy,156,train,1,7.3632812,0.99936634,1
features_1:157,features_1.npy,157,train,1,7.6914062,0.9995435,1
features_1:160,features_1.npy,160,train,1,3.8515625,0.9791955,1
features_1:161,features_1.npy,161,train,1,7.7148438,0.999554,1
features_1:162,features_1.npy,162,train,1,7.4570312,0.999423,1
features_1:164,features_1.npy,164,train,1,7.21875,0.9992679,1
features_1:166,features_1.npy,166,train,1,7.5703125,0.99948466,1
features_1:167,features_1.npy,167,train,1,7.3554688,0.99936134,1
features_1:168,features_1.npy,168,train,1,7.6835938,0.99954,1
features_1:169,features_1.npy,169,train,1,7.6484375,0.9995234,1
features_1:170,features_1.npy,170,train,1,7.7070312,0.9995505,1
features_1:171,features_1.npy,171,train,1,2.0527344,0.8862236,1
features_1:172,features_1.npy,172,train,1,7.3984375,0.9993881,1
features_1:173,features_1.npy,173,train,1,7.5039062,0.9994493,1
features_1:174,features_1.npy,174,train,1,6.9023438,0.9989956,1
features_1:175,features_1.npy,175,train,1,7.7265625,0.9995592,1
features_1:176,features_1.npy,176,train,1,5.1015625,0.99394965,1
features_1:177,features_1.npy,177,train,1,7.6640625,0.9995308,1
features_1:178,features_1.npy,178,train,1,7.5625,0.99948066,1
features_1:179,features_1.npy,179,train,1,7.703125,0.99954873,1
features_1:180,features_1.npy,180,train,1,7.6796875,0.99953806,1
features_1:181,features_1.npy,181,train,1,7.6132812,0.99950635,1
features_1:182,features_1.npy,182,train,1,7.7539062,0.99957114,1
features_1:183,features_1.npy,183,train,1,4.6523438,0.9905509,1
features_1:184,features_1.npy,184,train,1,7.6484375,0.9995234,1
features_1:186,features_1.npy,186,train,1,7.3984375,0.9993881,1
features_1:187,features_1.npy,187,train,1,7.8125,0.9995956,1
features_1:188,features_1.npy,188,train,1,7.7617188,0.9995745,1
features_1:189,features_1.npy,189,train,1,7.6953125,0.9995453,1
features_1:190,features_1.npy,190,train,1,7.71875,0.99955577,1
features_1:191,features_1.npy,191,train,1,7.6328125,0.9995159,1
features_1:192,features_1.npy,192,train,1,7.7695312,0.9995778,1
features_1:193,features_1.npy,193,train,1,7.6992188,0.99954695,1
features_1:194,features_1.npy,194,train,1,7.71875,0.99955577,1
features_1:195,features_1.npy,195,train,1,7.6523438,0.9995253,1
features_1:196,features_1.npy,196,train,1,7.6953125,0.9995453,1
features_1:198,features_1.npy,198,train,1,7.703125,0.99954873,1
features_1:199,features_1.npy,199,train,1,7.7265625,0.9995592,1
features_1:200,features_1.npy,200,train,1,7.546875,0.99947256,1
features_1:201,features_1.npy,201,train,1,7.7617188,0.9995745,1
features_1:202,features_1.npy,202,train,1,5.6132812,0.9963642,1
features_1:203,features_1.npy,203,train,1,7.390625,0.99938333,1
features_1:204,features_1.npy,204,train,1,7.1992188,0.99925333,1
features_1:205,features_1.npy,205,train,1,7.6328125,0.9995159,1
features_1:206,features_1.npy,206,train,1,7.6640625,0.9995308,1
features_1:208,features_1.npy,208,train,1,7.609375,0.99950445,1
features_1:209,features_1.npy,209,train,1,7.6601562,0.999529,1
features_1:210,features_1.npy,210,train,1,7.7148438,0.999554,1
features_1:211,features_1.npy,211,train,1,7.7695312,0.9995778,1
features_1:212,features_1.npy,212,train,1,7.1210938,0.9991928,1
features_1:214,features_1.npy,214,train,1,7.71875,0.99955577,1
features_1:215,features_1.npy,215,train,1,7.6328125,0.9995159,1
features_1:217,features_1.npy,217,train,1,6.8164062,0.99890554,1
features_1:218,features_1.npy,218,train,1,7.6875,0.99954176,1
features_1:219,features_1.npy,219,train,1,7.6132812,0.99950635,1
features_1:220,features_1.npy,220,train,1,7.6484375,0.9995234,1
features_1:221,features_1.npy,221,train,1,7.5351562,0.99946636,1
features_1:222,features_1.npy,222,train,1,7.7148438,0.999554,1
features_1:223,features_1.npy,223,train,1,7.4648438,0.99942744,1
features_1:224,features_1.npy,224,train,1,6.0234375,0.99758446,1
features_1:225,features_1.npy,225,train,1,7.578125,0.9994887,1
features_1:226,features_1.npy,226,train,1,6.4140625,0.99836427,1
features_1:227,features_1.npy,227,train,1,7.6484375,0.9995234,1
features_1:228,features_1.npy,228,train,1,7.53125,0.9994642,1
features_1:229,features_1.npy,229,train,1,7.5195312,0.9994579,1
features_1:230,features_1.npy,230,train,1,7.7109375,0.9995523,1
features_1:231,features_1.npy,231,train,1,7.6484375,0.9995234,1
features_1:232,features_1.npy,232,train,1,7.1835938,0.9992417,1
features_1:233,features_1.npy,233,train,1,7.640625,0.9995197,1
features_1:234,features_1.npy,234,train,1,7.703125,0.99954873,1
features_1:235,features_1.npy,235,train,1,7.609375,0.99950445,1
features_1:238,features_1.npy,238,train,1,7.6796875,0.99953806,1
features_1:239,features_1.npy,239,train,1,7.765625,0.99957615,1
features_1:240,features_1.npy,240,train,1,7.6679688,0.9995327,1
features_1:242,features_1.npy,242,train,1,7.734375,0.9995627,1
features_1:244,features_1.npy,244,train,1,7.515625,0.99945575,1
features_1:245,features_1.npy,245,train,1,7.6210938,0.9995103,1
features_1:246,features_1.npy,246,train,1,7.46875,0.99942964,1
features_1:247,features_1.npy,247,train,1,7.1367188,0.9992053,1
features_1:248,features_1.npy,248,train,1,7.7421875,0.999566,1
features_1:249,features_1.npy,249,train,1,7.6445312,0.9995216,1
features_1:251,features_1.npy,251,train,1,2.2753906,0.90681833,1
features_1:253,features_1.npy,253,train,1,7.6367188,0.9995178,1
features_1:254,features_1.npy,254,train,1,7.1367188,0.9992053,1
features_1:255,features_1.npy,255,train,1,7.7382812,0.99956435,1
features_1:256,features_1.npy,256,train,1,7.1953125,0.9992505,1
features_1:257,features_1.npy,257,train,1,5.3164062,0.9951137,1
features_1:258,features_1.npy,258,train,1,6.5703125,0.99860066,1
features_1:259,features_1.npy,259,train,1,7.5898438,0.9994947,1
features_1:263,features_1.npy,263,train,1,7.5664062,0.99948263,1
features_1:264,features_1.npy,264,train,1,6.7539062,0.998835,1
features_1:266,features_1.npy,266,train,1,7.0195312,0.9991066,1
features_1:267,features_1.npy,267,train,1,7.5625,0.99948066,1
features_1:268,features_1.npy,268,train,1,7.7460938,0.9995678,1
features_1:270,features_1.npy,270,train,1,7.2695312,0.99930406,1
features_1:271,features_1.npy,271,train,1,6.8046875,0.9988927,1
features_1:272,features_1.npy,272,train,1,7.7695312,0.9995778,1
features_1:274,features_1.npy,274,train,1,7.6953125,0.9995453,1
features_1:276,features_1.npy,276,train,1,7.421875,0.9994023,1
features_1:277,features_1.npy,277,train,1,7.6601562,0.999529,1
features_1:278,features_1.npy,278,train,1,7.7578125,0.9995728,1
features_1:279,features_1.npy,279,train,1,5.9921875,0.99750805,1
features_1:280,features_1.npy,280,train,1,7.75,0.9995695,1
features_1:282,features_1.npy,282,train,1,7.2421875,0.9992848,1
features_1:283,features_1.npy,283,train,1,5.2851562,0.99495924,1
features_1:288,features_1.npy,288,train,1,6.1992188,0.99797314,1
features_1:289,features_1.npy,289,train,1,6.7382812,0.9988167,1
features_1:291,features_1.npy,291,train,1,7.5898438,0.9994947,1
features_1:292,features_1.npy,292,train,1,7.7539062,0.99957114,1
features_1:293,features_1.npy,293,train,1,7.515625,0.99945575,1
features_1:295,features_1.npy,295,train,1,7.6757812,0.9995363,1
features_1:296,features_1.npy,296,train,1,6.6171875,0.9986646,1
features_1:298,features_1.npy,298,train,1,7.734375,0.9995627,1
features_1:299,features_1.npy,299,train,1,-0.3696289,0.4086307,0
features_1:305,features_1.npy,305,train,1,7.71875,0.99955577,1
features_1:308,features_1.npy,308,train,1,7.7578125,0.9995728,1
features_1:309,features_1.npy,309,train,1,6.453125,0.9984269,1
features_1:312,features_1.npy,312,train,1,7.5976562,0.9994986,1
features_1:313,features_1.npy,313,train,1,7.8007812,0.9995908,1
features_1:314,features_1.npy,314,train,1,7.6796875,0.99953806,1
features_1:315,features_1.npy,315,train,1,5.296875,0.9950177,1
features_1:317,features_1.npy,317,train,1,3.1113281,0.95735765,1
features_1:318,features_1.npy,318,train,1,7.6289062,0.9995141,1
features_1:319,features_1.npy,319,train,1,7.71875,0.99955577,1
features_1:321,features_1.npy,321,train,1,1.9541016,0.87589324,1
features_1:322,features_1.npy,322,train,1,7.4570312,0.999423,1
features_1:324,features_1.npy,324,train,1,7.6914062,0.9995435,1
features_1:325,features_1.npy,325,train,1,7.7382812,0.99956435,1
features_1:326,features_1.npy,326,train,1,7.546875,0.99947256,1
features_1:327,features_1.npy,327,train,1,7.5546875,0.9994766,1
features_1:328,features_1.npy,328,train,1,7.4570312,0.999423,1
features_1:329,features_1.npy,329,train,1,7.7304688,0.9995609,1
features_1:330,features_1.npy,330,train,1,4.2695312,0.9862046,1
features_1:331,features_1.npy,331,train,1,5.0429688,0.9935868,1
features_1:332,features_1.npy,332,train,1,7.6601562,0.999529,1
features_1:333,features_1.npy,333,train,1,7.6289062,0.9995141,1
features_1:334,features_1.npy,334,train,1,7.7304688,0.9995609,1
features_1:336,features_1.npy,336,train,1,7.6640625,0.9995308,1
features_1:338,features_1.npy,338,train,1,7.71875,0.99955577,1
features_1:339,features_1.npy,339,train,1,6.1367188,0.99784267,1
features_1:343,features_1.npy,343,train,1,7.6796875,0.99953806,1
features_1:345,features_1.npy,345,train,1,7.7578125,0.9995728,1
features_1:346,features_1.npy,346,train,1,7.7578125,0.9995728,1
features_1:350,features_1.npy,350,train,1,7.5117188,0.9994536,1
features_1:351,features_1.npy,351,train,1,7.7226562,0.99955755,1
features_1:354,features_1.npy,354,train,1,7.5273438,0.9994622,1
features_1:355,features_1.npy,355,train,1,7.7382812,0.99956435,1
features_1:356,features_1.npy,356,train,1,6.4414062,0.9984084,1
features_1:357,features_1.npy,357,train,1,5.0195312,0.99343574,1
features_1:358,features_1.npy,358,train,1,7.5546875,0.9994766,1
features_1:359,features_1.npy,359,train,1,7.6171875,0.99950826,1
features_1:361,features_1.npy,361,train,1,7.5195312,0.9994579,1
features_1:362,features_1.npy,362,train,1,7.6210938,0.9995103,1
features_1:364,features_1.npy,364,train,1,7.4726562,0.9994319,1
features_1:365,features_1.npy,365,train,1,7.6445312,0.9995216,1
features_1:366,features_1.npy,366,train,1,4.03125,0.9825575,1
features_1:367,features_1.npy,367,train,1,3.109375,0.9572778,1
features_1:368,features_1.npy,368,train,1,7.65625,0.9995272,1
features_1:369,features_1.npy,369,train,1,6.1914062,0.9979572,1
features_1:370,features_1.npy,370,train,1,7.75,0.9995695,1
features_1:371,features_1.npy,371,train,1,7.6132812,0.99950635,1
features_1:373,features_1.npy,373,train,1,7.5898438,0.9994947,1
features_1:375,features_1.npy,375,train,1,7.3085938,0.99933076,1
features_1:376,features_1.npy,376,train,1,7.75,0.9995695,1
features_1:378,features_1.npy,378,train,1,7.6835938,0.99954,1
features_1:379,features_1.npy,379,train,1,7.8164062,0.99959713,1
features_1:381,features_1.npy,381,train,1,7.8242188,0.99960023,1
features_1:382,features_1.npy,382,train,1,7.1523438,0.9992175,1
features_1:383,features_1.npy,383,train,1,3.9726562,0.9815244,1
features_1:384,features_1.npy,384,train,1,7.5898438,0.9994947,1
features_1:385,features_1.npy,385,train,1,6.3828125,0.9983125,1
features_1:386,features_1.npy,386,train,1,7.5898438,0.9994947,1
features_1:387,features_1.npy,387,train,1,7.7148438,0.999554,1
features_1:388,features_1.npy,388,train,1,7.6328125,0.9995159,1
features_1:390,features_1.npy,390,train,1,7.6992188,0.99954695,1
features_1:391,features_1.npy,391,train,1,7.6171875,0.99950826,1
features_1:392,features_1.npy,392,train,1,7.7929688,0.9995876,1
features_1:393,features_1.npy,393,train,1,7.578125,0.9994887,1
features_1:395,features_1.npy,395,train,1,5.59375,0.99629277,1
features_1:396,features_1.npy,396,train,1,7.1484375,0.99921453,1
features_1:397,features_1.npy,397,train,1,7.625,0.9995122,1
features_1:399,features_1.npy,399,train,1,7.6054688,0.99950254,1
features_1:400,features_1.npy,400,train,1,7.5742188,0.9994867,1
features_1:401,features_1.npy,401,train,1,7.5,0.99944717,1
features_1:402,features_1.npy,402,train,1,7.7734375,0.99957937,1
features_1:404,features_1.npy,404,train,1,7.6171875,0.99950826,1
features_1:407,features_1.npy,407,train,1,7.203125,0.9992563,1
features_1:408,features_1.npy,408,train,1,7.7109375,0.9995523,1
features_1:410,features_1.npy,410,train,1,7.6601562,0.999529,1
features_1:411,features_1.npy,411,train,1,1.6220703,0.83508044,1
features_1:412,features_1.npy,412,train,1,7.703125,0.99954873,1
features_1:413,features_1.npy,413,train,1,7.7109375,0.9995523,1
features_1:414,features_1.npy,414,train,1,7.7265625,0.9995592,1
features_1:415,features_1.npy,415,train,1,7.71875,0.99955577,1
features_1:416,features_1.npy,416,train,1,7.78125,0.9995827,1
features_1:417,features_1.npy,417,train,1,7.5195312,0.9994579,1
features_1:419,features_1.npy,419,train,1,2.515625,0.9252299,1
features_1:420,features_1.npy,420,train,1,7.78125,0.9995827,1
features_1:421,features_1.npy,421,train,1,1.328125,0.7905303,1
features_1:422,features_1.npy,422,train,1,7.6289062,0.9995141,1
features_1:423,features_1.npy,423,train,1,7.734375,0.9995627,1
features_1:425,features_1.npy,425,train,1,6.4960938,0.99849296,1
features_1:428,features_1.npy,428,train,1,7.5625,0.99948066,1
features_1:429,features_1.npy,429,train,1,7.6289062,0.9995141,1
features_1:430,features_1.npy,430,train,1,7.5703125,0.99948466,1
features_1:431,features_1.npy,431,train,1,2.9121094,0.94844174,1
features_1:432,features_1.npy,432,train,1,7.7382812,0.99956435,1
features_1:433,features_1.npy,433,train,1,-0.50439453,0.3765085,0
features_1:434,features_1.npy,434,train,1,4.1171875,0.9839708,1
features_1:435,features_1.npy,435,train,1,7.5742188,0.9994867,1
features_1:436,features_1.npy,436,train,1,7.7109375,0.9995523,1
features_1:437,features_1.npy,437,train,1,7.6289062,0.9995141,1
features_1:438,features_1.npy,438,train,1,7.6640625,0.9995308,1
features_1:439,features_1.npy,439,train,1,7.8085938,0.9995939,1
features_1:441,features_1.npy,441,train,1,7.6757812,0.9995363,1
features_1:442,features_1.npy,442,train,1,7.6289062,0.9995141,1
features_1:443,features_1.npy,443,train,1,7.7539062,0.99957114,1
features_1:447,features_1.npy,447,train,1,7.2851562,0.9993148,1
features_1:449,features_1.npy,449,train,1,7.6640625,0.9995308,1
features_1:450,features_1.npy,450,train,1,7.3554688,0.99936134,1
features_1:451,features_1.npy,451,train,1,7.6210938,0.9995103,1
features_1:456,features_1.npy,456,train,1,7.578125,0.9994887,1
features_1:457,features_1.npy,457,train,1,7.5078125,0.99945146,1
features_1:460,features_1.npy,460,train,1,7.765625,0.99957615,1
features_1:461,features_1.npy,461,train,1,7.640625,0.9995197,1
features_1:462,features_1.npy,462,train,1,6.8945312,0.99898773,1
features_1:463,features_1.npy,463,train,1,7.6640625,0.9995308,1
features_1:464,features_1.npy,464,train,1,7.6015625,0.9995005,1
features_1:465,features_1.npy,465,train,1,7.7734375,0.99957937,1
features_1:466,features_1.npy,466,train,1,7.6328125,0.9995159,1
features_1:467,features_1.npy,467,train,1,7.5390625,0.9994684,1
features_1:468,features_1.npy,468,train,1,7.7109375,0.9995523,1
features_1:470,features_1.npy,470,train,1,7.6640625,0.9995308,1
features_1:471,features_1.npy,471,train,1,7.15625,0.9992206,1
features_1:472,features_1.npy,472,train,1,7.7539062,0.99957114,1
features_1:474,features_1.npy,474,train,1,7.6640625,0.9995308,1
features_1:475,features_1.npy,475,train,1,7.7460938,0.9995678,1
features_1:476,features_1.npy,476,train,1,7.5664062,0.99948263,1
features_1:478,features_1.npy,478,train,1,7.625,0.9995122,1
features_1:479,features_1.npy,479,train,1,7.0664062,0.9991474,1
features_1:483,features_1.npy,483,train,1,7.8203125,0.9995987,1
features_1:484,features_1.npy,484,train,1,7.7148438,0.999554,1
features_1:485,features_1.npy,485,train,1,7.7539062,0.99957114,1
features_1:486,features_1.npy,486,train,1,7.7695312,0.9995778,1
features_1:487,features_1.npy,487,train,1,7.703125,0.99954873,1
features_1:490,features_1.npy,490,train,1,7.3476562,0.9993563,1
features_1:491,features_1.npy,491,train,1,6.546875,0.99856746,1
features_1:492,features_1.npy,492,train,1,7.6132812,0.99950635,1
features_1:494,features_1.npy,494,train,1,7.2070312,0.9992592,1
features_1:495,features_1.npy,495,train,1,7.7148438,0.999554,1
features_1:496,features_1.npy,496,train,1,6.3203125,0.9982039,1
features_1:498,features_1.npy,498,train,1,6.84375,0.99893504,1
features_1:499,features_1.npy,499,train,1,7.7617188,0.9995745,1
features_1:500,features_1.npy,500,train,1,6.3203125,0.9982039,1
features_1:501,features_1.npy,501,train,1,7.7148438,0.999554,1
features_1:502,features_1.npy,502,train,1,7.6796875,0.99953806,1
features_1:504,features_1.npy,504,train,1,7.7304688,0.9995609,1
features_1:505,features_1.npy,505,train,1,6.8359375,0.9989267,1
features_1:506,features_1.npy,506,train,1,7.6367188,0.9995178,1
features_1:507,features_1.npy,507,train,1,7.3945312,0.9993857,1
features_1:509,features_1.npy,509,train,1,-0.61035156,0.351979,0
features_1:510,features_1.npy,510,train,1,7.734375,0.9995627,1
features_1:511,features_1.npy,511,train,1,7.6289062,0.9995141,1
features_1:512,features_1.npy,512,train,1,7.796875,0.99958915,1
features_1:513,features_1.npy,513,train,1,7.7070312,0.9995505,1
features_1:517,features_1.npy,517,train,1,7.7460938,0.9995678,1
features_1:518,features_1.npy,518,train,1,7.5703125,0.99948466,1
features_1:521,features_1.npy,521,train,1,7.578125,0.9994887,1
features_1:522,features_1.npy,522,train,1,7.4804688,0.9994363,1
features_1:523,features_1.npy,523,train,1,7.7460938,0.9995678,1
features_1:524,features_1.npy,524,train,1,7.4101562,0.99939525,1
features_1:527,features_1.npy,527,train,1,7.6914062,0.9995435,1
features_1:528,features_1.npy,528,train,1,7.609375,0.99950445,1
features_1:531,features_1.npy,531,train,1,7.6367188,0.9995178,1
features_1:532,features_1.npy,532,train,1,7.6289062,0.9995141,1
features_1:533,features_1.npy,533,train,1,7.7148438,0.999554,1
features_1:534,features_1.npy,534,train,1,0.3269043,0.58100593,1
features_1:535,features_1.npy,535,train,1,1.7412109,0.8508408,1
features_1:537,features_1.npy,537,train,1,7.5703125,0.99948466,1
features_1:538,features_1.npy,538,train,1,7.625,0.9995122,1
features_1:539,features_1.npy,539,train,1,7.6328125,0.9995159,1
features_1:540,features_1.npy,540,train,1,7.609375,0.99950445,1
features_1:541,features_1.npy,541,train,1,7.7265625,0.9995592,1
features_1:543,features_1.npy,543,train,1,7.4570312,0.999423,1
features_1:544,features_1.npy,544,train,1,7.6640625,0.9995308,1
features_1:545,features_1.npy,545,train,1,7.6679688,0.9995327,1
features_1:546,features_1.npy,546,train,1,2.9667969,0.9510514,1
features_1:547,features_1.npy,547,train,1,7.65625,0.9995272,1
features_1:549,features_1.npy,549,train,1,7.6875,0.99954176,1
features_1:550,features_1.npy,550,train,1,7.2929688,0.99932015,1
features_1:551,features_1.npy,551,train,1,7.7734375,0.99957937,1
features_1:554,features_1.npy,554,train,1,7.7890625,0.9995859,1
features_1:555,features_1.npy,555,train,1,5.2304688,0.9946774,1
features_1:556,features_1.npy,556,train,1,7.7304688,0.9995609,1
features_1:557,features_1.npy,557,train,1,5.0351562,0.9935369,1
features_1:559,features_1.npy,559,train,1,6.0273438,0.99759394,1
features_1:561,features_1.npy,561,train,1,7.5859375,0.99949265,1
features_1:562,features_1.npy,562,train,1,7.8359375,0.9996049,1
features_1:563,features_1.npy,563,train,1,7.6132812,0.99950635,1
features_1:564,features_1.npy,564,train,1,7.5703125,0.99948466,1
features_1:565,features_1.npy,565,train,1,7.8125,0.9995956,1
features_1:566,features_1.npy,566,train,1,7.4960938,0.999445,1
features_1:567,features_1.npy,567,train,1,7.3984375,0.9993881,1
features_1:568,features_1.npy,568,train,1,7.6328125,0.9995159,1
features_1:570,features_1.npy,570,train,1,3.9960938,0.9819447,1
features_1:571,features_1.npy,571,train,1,7.6914062,0.9995435,1
features_1:572,features_1.npy,572,train,1,7.7304688,0.9995609,1
features_1:573,features_1.npy,573,train,1,7.5234375,0.99946004,1
features_1:576,features_1.npy,576,train,1,7.8320312,0.99960333,1
features_1:578,features_1.npy,578,train,1,7.7890625,0.9995859,1
features_1:579,features_1.npy,579,train,1,2.125,0.8933094,1
features_1:581,features_1.npy,581,train,1,7.6171875,0.99950826,1
features_1:582,features_1.npy,582,train,1,7.5195312,0.9994579,1
features_1:584,features_1.npy,584,train,1,7.6523438,0.9995253,1
features_1:585,features_1.npy,585,train,1,7.6992188,0.99954695,1
features_1:586,features_1.npy,586,train,1,7.7226562,0.99955755,1
features_1:592,features_1.npy,592,train,1,7.7460938,0.9995678,1
features_1:594,features_1.npy,594,train,1,7.7421875,0.999566,1
features_1:595,features_1.npy,595,train,1,7.8046875,0.99959236,1
features_1:596,features_1.npy,596,train,1,7.640625,0.9995197,1
features_1:597,features_1.npy,597,train,1,7.1835938,0.9992417,1
features_1:598,features_1.npy,598,train,1,7.7304688,0.9995609,1
features_1:599,features_1.npy,599,train,1,7.6328125,0.9995159,1
features_1:600,features_1.npy,600,train,1,7.703125,0.99954873,1
features_1:601,features_1.npy,601,train,1,7.2382812,0.99928194,1
features_1:602,features_1.npy,602,train,1,7.6914062,0.9995435,1
features_1:603,features_1.npy,603,train,1,7.65625,0.9995272,1
features_1:604,features_1.npy,604,train,1,5.5,0.9959299,1
features_1:605,features_1.npy,605,train,1,7.7148438,0.999554,1
features_1:608,features_1.npy,608,train,1,7.7226562,0.99955755,1
features_1:609,features_1.npy,609,train,1,3.0703125,0.95565146,1
features_1:610,features_1.npy,610,train,1,7.4570312,0.999423,1
features_1:611,features_1.npy,611,train,1,7.6015625,0.9995005,1
features_1:612,features_1.npy,612,train,1,2.6542969,0.9342753,1
features_1:614,features_1.npy,614,train,1,7.6015625,0.9995005,1
features_1:615,features_1.npy,615,train,1,7.75,0.9995695,1
features_1:616,features_1.npy,616,train,1,7.6523438,0.9995253,1
features_1:621,features_1.npy,621,train,1,7.6289062,0.9995141,1
features_1:622,features_1.npy,622,train,1,7.6328125,0.9995159,1
features_1:623,features_1.npy,623,train,1,7.1953125,0.9992505,1
features_1:624,features_1.npy,624,train,1,7.640625,0.9995197,1
features_1:625,features_1.npy,625,train,1,7.59375,0.9994967,1
features_1:627,features_1.npy,627,train,1,7.65625,0.9995272,1
features_1:631,features_1.npy,631,train,1,7.6601562,0.999529,1
features_1:633,features_1.npy,633,train,1,6.5234375,0.9985335,1
features_1:635,features_1.npy,635,train,1,1.5664062,0.8272706,1
features_1:637,features_1.npy,637,train,1,5.609375,0.99635005,1
features_1:638,features_1.npy,638,train,1,7.5,0.99944717,1
features_1:639,features_1.npy,639,train,1,7.6015625,0.9995005,1
features_1:640,features_1.npy,640,train,1,7.7070312,0.9995505,1
features_1:641,features_1.npy,641,train,1,7.578125,0.9994887,1
features_1:642,features_1.npy,642,train,1,7.7695312,0.9995778,1
features_1:644,features_1.npy,644,train,1,6.5117188,0.99851626,1
features_1:645,features_1.npy,645,train,1,7.6953125,0.9995453,1
features_1:646,features_1.npy,646,train,1,5.2382812,0.9947187,1
features_1:648,features_1.npy,648,train,1,7.6054688,0.99950254,1
features_1:650,features_1.npy,650,train,1,5.9804688,0.9974788,1
features_1:651,features_1.npy,651,train,1,6.0820312,0.9977216,1
features_1:652,features_1.npy,652,train,1,7.7382812,0.99956435,1
features_1:653,features_1.npy,653,train,1,7.5351562,0.99946636,1
features_1:654,features_1.npy,654,train,1,7.6484375,0.9995234,1
features_1:655,features_1.npy,655,train,1,7.1640625,0.9992267,1
features_1:657,features_1.npy,657,train,1,7.78125,0.9995827,1
features_1:658,features_1.npy,658,train,1,7.7578125,0.9995728,1
features_1:659,features_1.npy,659,train,1,7.7851562,0.99958426,1
features_1:662,features_1.npy,662,train,1,7.7304688,0.9995609,1
features_1:665,features_1.npy,665,train,1,7.75,0.9995695,1
features_1:666,features_1.npy,666,train,1,7.6289062,0.9995141,1
features_1:667,features_1.npy,667,train,1,7.4882812,0.9994407,1
features_1:668,features_1.npy,668,train,1,7.3984375,0.9993881,1
features_1:670,features_1.npy,670,train,1,7.6171875,0.99950826,1
features_1:673,features_1.npy,673,train,1,7.59375,0.9994967,1
features_1:674,features_1.npy,674,train,1,7.6914062,0.9995435,1
features_1:675,features_1.npy,675,train,1,7.609375,0.99950445,1
features_1:676,features_1.npy,676,train,1,6.3632812,0.99827933,1
features_1:678,features_1.npy,678,train,1,7.5742188,0.9994867,1
features_1:679,features_1.npy,679,train,1,7.703125,0.99954873,1
features_1:680,features_1.npy,680,train,1,7.6171875,0.99950826,1
features_1:682,features_1.npy,682,train,1,7.5234375,0.99946004,1
features_1:683,features_1.npy,683,train,1,7.6171875,0.99950826,1
features_1:685,features_1.npy,685,train,1,7.75,0.9995695,1
features_1:688,features_1.npy,688,train,1,7.734375,0.9995627,1
features_1:689,features_1.npy,689,train,1,7.6601562,0.999529,1
features_1:690,features_1.npy,690,train,1,5.9726562,0.997459,1
features_1:691,features_1.npy,691,train,1,7.34375,0.9993538,1
features_1:693,features_1.npy,693,train,1,7.5898438,0.9994947,1
features_1:695,features_1.npy,695,train,1,7.78125,0.9995827,1
features_1:696,features_1.npy,696,train,1,7.5273438,0.9994622,1
features_1:697,features_1.npy,697,train,1,7.6992188,0.99954695,1
features_1:698,features_1.npy,698,train,1,6.0820312,0.9977216,1
features_1:700,features_1.npy,700,train,1,7.5625,0.99948066,1
features_1:701,features_1.npy,701,train,1,7.5742188,0.9994867,1
features_1:702,features_1.npy,702,train,1,7.5507812,0.9994746,1
features_1:704,features_1.npy,704,train,1,7.6679688,0.9995327,1
features_1:705,features_1.npy,705,train,1,6.6835938,0.9987503,1
features_1:706,features_1.npy,706,train,1,7.609375,0.99950445,1
features_1:708,features_1.npy,708,train,1,7.6523438,0.9995253,1
features_1:709,features_1.npy,709,train,1,7.5820312,0.99949074,1
features_1:711,features_1.npy,711,train,1,7.6835938,0.99954,1
features_1:712,features_1.npy,712,train,1,7.8398438,0.99960643,1
features_1:716,features_1.npy,716,train,1,7.03125,0.99911696,1
features_1:717,features_1.npy,717,train,1,7.6953125,0.9995453,1
features_1:718,features_1.npy,718,train,1,7.6679688,0.9995327,1
features_1:720,features_1.npy,720,train,1,7.5820312,0.99949074,1
features_1:721,features_1.npy,721,train,1,7.640625,0.9995197,1
features_1:722,features_1.npy,722,train,1,7.6289062,0.9995141,1
features_1:723,features_1.npy,723,train,1,7.2382812,0.99928194,1
features_1:724,features_1.npy,724,train,1,7.7070312,0.9995505,1
features_1:727,features_1.npy,727,train,1,7.734375,0.9995627,1
features_1:729,features_1.npy,729,train,1,7.6992188,0.99954695,1
features_1:730,features_1.npy,730,train,1,7.5429688,0.99947053,1
features_1:731,features_1.npy,731,train,1,7.6132812,0.99950635,1
features_1:732,features_1.npy,732,train,1,7.609375,0.99950445,1
features_1:733,features_1.npy,733,train,1,7.640625,0.9995197,1
features_1:734,features_1.npy,734,train,1,7.0703125,0.99915075,1
features_1:736,features_1.npy,736,train,1,7.7226562,0.99955755,1
features_1:738,features_1.npy,738,train,1,7.75,0.9995695,1
features_1:739,features_1.npy,739,train,1,7.203125,0.9992563,1
features_1:740,features_1.npy,740,train,1,7.0859375,0.99916387,1
features_1:741,features_1.npy,741,train,1,3.90625,0.9802808,1
features_1:742,features_1.npy,742,train,1,5.78125,0.9969246,1
features_1:744,features_1.npy,744,train,1,7.6445312,0.9995216,1
features_1:745,features_1.npy,745,train,1,7.6289062,0.9995141,1
features_1:746,features_1.npy,746,train,1,7.75,0.9995695,1
features_1:747,features_1.npy,747,train,1,7.65625,0.9995272,1
features_1:751,features_1.npy,751,train,1,7.6679688,0.9995327,1
features_1:752,features_1.npy,752,train,1,7.6796875,0.99953806,1
features_1:753,features_1.npy,753,train,1,7.8007812,0.9995908,1
features_1:755,features_1.npy,755,train,1,6.9492188,0.9990415,1
features_1:756,features_1.npy,756,train,1,7.6835938,0.99954,1
features_1:757,features_1.npy,757,train,1,7.6992188,0.99954695,1
features_1:758,features_1.npy,758,train,1,7.6992188,0.99954695,1
features_1:759,features_1.npy,759,train,1,7.734375,0.9995627,1
features_1:761,features_1.npy,761,train,1,7.7695312,0.9995778,1
features_1:763,features_1.npy,763,train,1,7.6679688,0.9995327,1
features_1:764,features_1.npy,764,train,1,7.6640625,0.9995308,1
features_1:765,features_1.npy,765,train,1,7.3515625,0.99935883,1
features_1:766,features_1.npy,766,train,1,7.7617188,0.9995745,1
features_1:767,features_1.npy,767,train,1,7.7773438,0.99958104,1
features_1:768,features_1.npy,768,train,1,7.765625,0.99957615,1
features_1:770,features_1.npy,770,train,1,7.40625,0.99939287,1
features_1:771,features_1.npy,771,train,1,7.6796875,0.99953806,1
features_1:772,features_1.npy,772,train,1,7.7460938,0.9995678,1
features_1:773,features_1.npy,773,train,1,7.7617188,0.9995745,1
features_1:774,features_1.npy,774,train,1,6.1875,0.9979493,1
features_1:776,features_1.npy,776,train,1,7.7070312,0.9995505,1
features_1:777,features_1.npy,777,train,1,7.8242188,0.99960023,1
features_1:779,features_1.npy,779,train,1,7.7578125,0.9995728,1
features_1:780,features_1.npy,780,train,1,5.8710938,0.99718815,1
features_1:781,features_1.npy,781,train,1,7.4726562,0.9994319,1
features_1:784,features_1.npy,784,train,1,7.7734375,0.99957937,1
features_1:785,features_1.npy,785,train,1,7.7460938,0.9995678,1
features_1:787,features_1.npy,787,train,1,7.8242188,0.99960023,1
features_1:789,features_1.npy,789,train,1,7.78125,0.9995827,1
features_1:790,features_1.npy,790,train,1,6.7695312,0.9988531,1
features_1:794,features_1.npy,794,train,1,7.7890625,0.9995859,1
features_1:795,features_1.npy,795,train,1,7.7773438,0.99958104,1
features_1:796,features_1.npy,796,train,1,7.7578125,0.9995728,1
features_1:797,features_1.npy,797,train,1,7.6054688,0.99950254,1
features_1:798,features_1.npy,798,train,1,7.859375,0.99961406,1
features_1:800,features_1.npy,800,train,1,7.0234375,0.99911004,1
features_1:801,features_1.npy,801,train,1,7.7695312,0.9995778,1
features_1:802,features_1.npy,802,train,1,7.0859375,0.99916387,1
features_1:803,features_1.npy,803,train,1,7.703125,0.99954873,1
features_1:805,features_1.npy,805,train,1,7.7304688,0.9995609,1
features_1:806,features_1.npy,806,train,1,7.640625,0.9995197,1
features_1:807,features_1.npy,807,train,1,7.6835938,0.99954,1
features_1:809,features_1.npy,809,train,1,7.6640625,0.9995308,1
features_1:810,features_1.npy,810,train,1,7.59375,0.9994967,1
features_1:811,features_1.npy,811,train,1,6.1875,0.9979493,1
features_1:812,features_1.npy,812,train,1,7.6132812,0.99950635,1
features_1:814,features_1.npy,814,train,1,7.703125,0.99954873,1
features_1:815,features_1.npy,815,train,1,7.4375,0.9994116,1
features_1:816,features_1.npy,816,train,1,7.6328125,0.9995159,1
features_1:817,features_1.npy,817,train,1,7.6445312,0.9995216,1
features_1:818,features_1.npy,818,train,1,7.6171875,0.99950826,1
features_1:819,features_1.npy,819,train,1,7.6367188,0.9995178,1
features_1:820,features_1.npy,820,train,1,7.8046875,0.99959236,1
features_1:822,features_1.npy,822,train,1,7.6953125,0.9995453,1
features_1:823,features_1.npy,823,train,1,7.6445312,0.9995216,1
features_1:824,features_1.npy,824,train,1,7.7265625,0.9995592,1
features_1:825,features_1.npy,825,train,1,7.1640625,0.9992267,1
features_1:826,features_1.npy,826,train,1,7.71875,0.99955577,1
features_1:828,features_1.npy,828,train,1,7.671875,0.9995345,1
features_1:829,features_1.npy,829,train,1,6.5859375,0.9986223,1
features_1:830,features_1.npy,830,train,1,7.5390625,0.9994684,1
features_1:831,features_1.npy,831,train,1,7.7265625,0.9995592,1
features_1:833,features_1.npy,833,train,1,7.7734375,0.99957937,1
features_1:835,features_1.npy,835,train,1,7.7695312,0.9995778,1
features_1:836,features_1.npy,836,train,1,7.7539062,0.99957114,1
features_1:838,features_1.npy,838,train,1,7.8515625,0.9996111,1
features_1:839,features_1.npy,839,train,1,7.8242188,0.99960023,1
features_1:840,features_1.npy,840,train,1,7.0703125,0.99915075,1
features_1:841,features_1.npy,841,train,1,7.7148438,0.999554,1
features_1:842,features_1.npy,842,train,1,7.6835938,0.99954,1
features_1:843,features_1.npy,843,train,1,7.7226562,0.99955755,1
features_1:844,features_1.npy,844,train,1,7.7421875,0.999566,1
features_1:846,features_1.npy,846,train,1,7.625,0.9995122,1
features_1:847,features_1.npy,847,train,1,7.515625,0.99945575,1
features_1:848,features_1.npy,848,train,1,7.7734375,0.99957937,1
features_1:849,features_1.npy,849,train,1,7.6328125,0.9995159,1
features_1:851,features_1.npy,851,train,1,7.46875,0.99942964,1
features_1:852,features_1.npy,852,train,1,7.7109375,0.9995523,1
features_1:853,features_1.npy,853,train,1,6.2617188,0.9980957,1
features_1:854,features_1.npy,854,train,1,7.46875,0.99942964,1
features_1:855,features_1.npy,855,train,1,7.7617188,0.9995745,1
features_1:857,features_1.npy,857,train,1,7.6757812,0.9995363,1
features_1:859,features_1.npy,859,train,1,7.796875,0.99958915,1
features_1:860,features_1.npy,860,train,1,7.5546875,0.9994766,1
features_1:862,features_1.npy,862,train,1,7.5273438,0.9994622,1
features_1:863,features_1.npy,863,train,1,7.7695312,0.9995778,1
features_1:864,features_1.npy,864,train,1,7.8164062,0.99959713,1
features_1:865,features_1.npy,865,train,1,7.5351562,0.99946636,1
features_1:866,features_1.npy,866,train,1,7.21875,0.9992679,1
features_1:867,features_1.npy,867,train,1,7.7578125,0.9995728,1
features_1:869,features_1.npy,869,train,1,7.0,0.999089,1
features_1:870,features_1.npy,870,train,1,7.5664062,0.99948263,1
features_1:871,features_1.npy,871,train,1,7.546875,0.99947256,1
features_1:872,features_1.npy,872,train,1,7.640625,0.9995197,1
features_1:874,features_1.npy,874,train,1,5.2851562,0.99495924,1
features_1:875,features_1.npy,875,train,1,-3.9882812,0.018194368,0
features_1:876,features_1.npy,876,train,1,6.9335938,0.9990264,1
features_1:877,features_1.npy,877,train,1,7.5625,0.99948066,1
features_1:878,features_1.npy,878,train,1,7.7148438,0.999554,1
features_1:879,features_1.npy,879,train,1,7.4882812,0.9994407,1
features_1:880,features_1.npy,880,train,1,7.7539062,0.99957114,1
features_1:881,features_1.npy,881,train,1,7.4492188,0.9994185,1
features_1:882,features_1.npy,882,train,1,7.6796875,0.99953806,1
features_1:883,features_1.npy,883,train,1,7.7929688,0.9995876,1
features_1:884,features_1.npy,884,train,1,7.5664062,0.99948263,1
features_1:887,features_1.npy,887,train,1,7.8007812,0.9995908,1
features_1:888,features_1.npy,888,train,1,7.640625,0.9995197,1
features_1:889,features_1.npy,889,train,1,7.6875,0.99954176,1
features_1:892,features_1.npy,892,train,1,7.703125,0.99954873,1
features_1:893,features_1.npy,893,train,1,7.5859375,0.99949265,1
features_1:895,features_1.npy,895,train,1,7.6367188,0.9995178,1
features_1:896,features_1.npy,896,train,1,7.5,0.99944717,1
features_1:897,features_1.npy,897,train,1,7.5078125,0.99945146,1
features_1:900,features_1.npy,900,train,1,7.7382812,0.99956435,1
features_1:903,features_1.npy,903,train,1,7.6171875,0.99950826,1
features_1:904,features_1.npy,904,train,1,7.6601562,0.999529,1
features_1:905,features_1.npy,905,train,1,7.5585938,0.99947864,1
features_1:907,features_1.npy,907,train,1,7.7929688,0.9995876,1
features_1:909,features_1.npy,909,train,1,7.4492188,0.9994185,1
features_1:910,features_1.npy,910,train,1,7.7070312,0.9995505,1
features_1:912,features_1.npy,912,train,1,7.734375,0.9995627,1
features_1:913,features_1.npy,913,train,1,7.6796875,0.99953806,1
features_1:915,features_1.npy,915,train,1,7.6835938,0.99954,1
features_1:919,features_1.npy,919,train,1,7.703125,0.99954873,1
features_1:921,features_1.npy,921,train,1,7.578125,0.9994887,1
features_1:922,features_1.npy,922,train,1,7.7539062,0.99957114,1
features_1:923,features_1.npy,923,train,1,7.4453125,0.99941623,1
features_1:924,features_1.npy,924,train,1,7.7695312,0.9995778,1
features_1:925,features_1.npy,925,train,1,7.546875,0.99947256,1
features_1:926,features_1.npy,926,train,1,7.6914062,0.9995435,1
features_1:927,features_1.npy,927,train,1,7.7421875,0.999566,1
features_1:928,features_1.npy,928,train,1,7.8125,0.9995956,1
features_1:929,features_1.npy,929,train,1,7.3320312,0.9993462,1
features_1:931,features_1.npy,931,train,1,7.765625,0.99957615,1
features_1:932,features_1.npy,932,train,1,3.4101562,0.9680205,1
features_1:934,features_1.npy,934,train,1,7.78125,0.9995827,1
features_1:936,features_1.npy,936,train,1,7.2734375,0.9993068,1
features_1:937,features_1.npy,937,train,1,7.3945312,0.9993857,1
features_1:938,features_1.npy,938,train,1,7.609375,0.99950445,1
features_1:940,features_1.npy,940,train,1,7.6992188,0.99954695,1
features_1:941,features_1.npy,941,train,1,6.6328125,0.9986853,1
features_1:942,features_1.npy,942,train,1,7.734375,0.9995627,1
features_1:944,features_1.npy,944,train,1,7.75,0.9995695,1
features_1:945,features_1.npy,945,train,1,7.5898438,0.9994947,1
features_1:946,features_1.npy,946,train,1,7.6601562,0.999529,1
features_1:948,features_1.npy,948,train,1,7.625,0.9995122,1
features_1:949,features_1.npy,949,train,1,7.6953125,0.9995453,1
features_1:950,features_1.npy,950,train,1,7.8398438,0.99960643,1
features_1:952,features_1.npy,952,train,1,7.7695312,0.9995778,1
features_1:953,features_1.npy,953,train,1,4.484375,0.9888419,1
features_1:954,features_1.npy,954,train,1,7.7539062,0.99957114,1
features_1:957,features_1.npy,957,train,1,7.7109375,0.9995523,1
features_1:960,features_1.npy,960,train,1,7.6132812,0.99950635,1
features_1:962,features_1.npy,962,train,1,7.7539062,0.99957114,1
features_1:964,features_1.npy,964,train,1,7.6054688,0.99950254,1
features_1:965,features_1.npy,965,train,1,7.578125,0.9994887,1
features_1:966,features_1.npy,966,train,1,7.84375,0.999608,1
features_1:967,features_1.npy,967,train,1,7.734375,0.9995627,1
features_1:969,features_1.npy,969,train,1,7.7265625,0.9995592,1
features_1:971,features_1.npy,971,train,1,7.6992188,0.99954695,1
features_1:972,features_1.npy,972,train,1,7.6757812,0.9995363,1
features_1:975,features_1.npy,975,train,1,7.4648438,0.99942744,1
features_1:976,features_1.npy,976,train,1,7.65625,0.9995272,1
features_1:978,features_1.npy,978,train,1,6.6679688,0.9987306,1
features_1:980,features_1.npy,980,train,1,7.4765625,0.99943405,1
features_1:981,features_1.npy,981,train,1,7.7539062,0.99957114,1
features_1:982,features_1.npy,982,train,1,7.6992188,0.99954695,1
features_1:985,features_1.npy,985,train,1,7.703125,0.99954873,1
features_1:989,features_1.npy,989,train,1,7.7226562,0.99955755,1
features_1:990,features_1.npy,990,train,1,6.2539062,0.99808073,1
features_1:991,features_1.npy,991,train,1,7.7070312,0.9995505,1
features_1:994,features_1.npy,994,train,1,7.2539062,0.9992931,1
features_1:995,features_1.npy,995,train,1,7.7929688,0.9995876,1
features_1:996,features_1.npy,996,train,1,7.6289062,0.9995141,1
features_1:997,features_1.npy,997,train,1,6.6796875,0.9987453,1
features_1:999,features_1.npy,999,train,1,7.6992188,0.99954695,1
features_1:1001,features_1.npy,1001,train,1,7.5625,0.99948066,1
features_1:1002,features_1.npy,1002,train,1,7.4960938,0.999445,1
features_1:1003,features_1.npy,1003,train,1,7.65625,0.9995272,1
features_1:1006,features_1.npy,1006,train,1,7.625,0.9995122,1
features_1:1010,features_1.npy,1010,train,1,7.734375,0.9995627,1
features_1:1011,features_1.npy,1011,train,1,7.796875,0.99958915,1
features_1:1015,features_1.npy,1015,train,1,7.7070312,0.9995505,1
features_1:1017,features_1.npy,1017,train,1,7.734375,0.9995627,1
features_1:1018,features_1.npy,1018,train,1,7.71875,0.99955577,1
features_1:1019,features_1.npy,1019,train,1,7.6796875,0.99953806,1
features_1:1020,features_1.npy,1020,train,1,7.6171875,0.99950826,1
features_1:1021,features_1.npy,1021,train,1,7.2539062,0.9992931,1
features_1:1022,features_1.npy,1022,train,1,7.546875,0.99947256,1
features_1:1023,features_1.npy,1023,train,1,7.5390625,0.9994684,1
features_1:1024,features_1.npy,1024,train,1,7.671875,0.9995345,1
features_1:1025,features_1.npy,1025,train,1,7.7070312,0.9995505,1
features_1:1027,features_1.npy,1027,train,1,7.7734375,0.99957937,1
features_1:1028,features_1.npy,1028,train,1,7.5976562,0.9994986,1
features_1:1029,features_1.npy,1029,train,1,7.546875,0.99947256,1
features_1:1031,features_1.npy,1031,train,1,7.515625,0.99945575,1
features_1:1032,features_1.npy,1032,train,1,7.5664062,0.99948263,1
features_1:1033,features_1.npy,1033,train,1,6.8398438,0.9989309,1
features_1:1034,features_1.npy,1034,train,1,7.34375,0.9993538,1
features_1:1036,features_1.npy,1036,train,1,7.6289062,0.9995141,1
features_1:1037,features_1.npy,1037,train,1,7.0625,0.9991441,1
features_1:1038,features_1.npy,1038,train,1,7.7773438,0.99958104,1
features_1:1039,features_1.npy,1039,train,1,7.703125,0.99954873,1
features_1:1040,features_1.npy,1040,train,1,7.8203125,0.9995987,1
features_1:1041,features_1.npy,1041,train,1,7.8046875,0.99959236,1
features_1:1042,features_1.npy,1042,train,1,7.6992188,0.99954695,1
features_1:1044,features_1.npy,1044,train,1,7.6914062,0.9995435,1
features_1:1045,features_1.npy,1045,train,1,7.796875,0.99958915,1
features_1:1046,features_1.npy,1046,train,1,7.3828125,0.99937856,1
features_1:1047,features_1.npy,1047,train,1,7.7304688,0.9995609,1
features_1:1051,features_1.npy,1051,train,1,6.6992188,0.9987696,1
features_1:1052,features_1.npy,1052,train,1,7.3046875,0.99932814,1
features_1:1053,features_1.npy,1053,train,1,7.6875,0.99954176,1
features_1:1054,features_1.npy,1054,train,1,7.7695312,0.9995778,1
features_1:1055,features_1.npy,1055,train,1,7.7382812,0.99956435,1
features_1:1056,features_1.npy,1056,train,1,7.6757812,0.9995363,1
features_1:1057,features_1.npy,1057,train,1,7.7539062,0.99957114,1
features_1:1059,features_1.npy,1059,train,1,7.59375,0.9994967,1
features_1:1060,features_1.npy,1060,train,1,7.7070312,0.9995505,1
features_1:1061,features_1.npy,1061,train,1,7.5976562,0.9994986,1
features_1:1063,features_1.npy,1063,train,1,7.7421875,0.999566,1
features_1:1064,features_1.npy,1064,train,1,5.8359375,0.9970879,1
features_1:1065,features_1.npy,1065,train,1,7.6445312,0.9995216,1
features_1:1066,features_1.npy,1066,train,1,7.8203125,0.9995987,1
features_1:1067,features_1.npy,1067,train,1,7.734375,0.9995627,1
features_1:1068,features_1.npy,1068,train,1,7.6132812,0.99950635,1
features_1:1069,features_1.npy,1069,train,1,7.3046875,0.99932814,1
features_1:1070,features_1.npy,1070,train,1,6.3007812,0.99816847,1
features_1:1071,features_1.npy,1071,train,1,7.6484375,0.9995234,1
features_1:1073,features_1.npy,1073,train,1,7.3710938,0.99937123,1
features_1:1074,features_1.npy,1074,train,1,7.5898438,0.9994947,1
features_1:1075,features_1.npy,1075,train,1,7.7617188,0.9995745,1
features_1:1076,features_1.npy,1076,train,1,7.4492188,0.9994185,1
features_1:1077,features_1.npy,1077,train,1,6.6132812,0.9986594,1
features_1:1078,features_1.npy,1078,train,1,7.65625,0.9995272,1
features_1:1079,features_1.npy,1079,train,1,7.8242188,0.99960023,1
features_1:1080,features_1.npy,1080,train,1,7.7460938,0.9995678,1
features_1:1081,features_1.npy,1081,train,1,7.7617188,0.9995745,1
features_1:1084,features_1.npy,1084,train,1,7.5859375,0.99949265,1
features_1:1085,features_1.npy,1085,train,1,7.2734375,0.9993068,1
features_1:1086,features_1.npy,1086,train,1,7.7929688,0.9995876,1
features_1:1088,features_1.npy,1088,train,1,7.6914062,0.9995435,1
features_1:1089,features_1.npy,1089,train,1,7.6054688,0.99950254,1
features_1:1091,features_1.npy,1091,train,1,7.25,0.99929035,1
features_1:1094,features_1.npy,1094,train,1,7.6484375,0.9995234,1
features_1:1095,features_1.npy,1095,train,1,7.6132812,0.99950635,1
features_1:1096,features_1.npy,1096,train,1,7.640625,0.9995197,1
features_1:1097,features_1.npy,1097,train,1,7.7421875,0.999566,1
features_1:1099,features_1.npy,1099,train,1,7.6132812,0.99950635,1
features_1:1101,features_1.npy,1101,train,1,7.6835938,0.99954,1
features_1:1103,features_1.npy,1103,train,1,7.7148438,0.999554,1
features_1:1104,features_1.npy,1104,train,1,7.8125,0.9995956,1
features_1:1105,features_1.npy,1105,train,1,7.3984375,0.9993881,1
features_1:1106,features_1.npy,1106,train,1,7.703125,0.99954873,1
features_1:1108,features_1.npy,1108,train,1,7.5429688,0.99947053,1
features_1:1110,features_1.npy,1110,train,1,7.7265625,0.9995592,1
features_1:1113,features_1.npy,1113,train,1,7.6953125,0.9995453,1
features_1:1114,features_1.npy,1114,train,1,6.3476562,0.9982522,1
features_1:1115,features_1.npy,1115,train,1,7.7734375,0.99957937,1
features_1:1116,features_1.npy,1116,train,1,7.6484375,0.9995234,1
features_1:1117,features_1.npy,1117,train,1,7.5859375,0.99949265,1
features_1:1118,features_1.npy,1118,train,1,7.7265625,0.9995592,1
features_1:1119,features_1.npy,1119,train,1,7.6953125,0.9995453,1
features_1:1120,features_1.npy,1120,train,1,7.8125,0.9995956,1
features_1:1121,features_1.npy,1121,train,1,7.6601562,0.999529,1
features_1:1122,features_1.npy,1122,train,1,7.5273438,0.9994622,1
features_1:1123,features_1.npy,1123,train,1,7.734375,0.9995627,1
features_1:1126,features_1.npy,1126,train,1,7.609375,0.99950445,1
features_1:1128,features_1.npy,1128,train,1,7.6484375,0.9995234,1
features_1:1129,features_1.npy,1129,train,1,7.6757812,0.9995363,1
features_1:1130,features_1.npy,1130,train,1,7.75,0.9995695,1
features_1:1132,features_1.npy,1132,train,1,7.5546875,0.9994766,1
features_1:1134,features_1.npy,1134,train,1,7.8359375,0.9996049,1
features_1:1135,features_1.npy,1135,train,1,7.3945312,0.9993857,1
features_1:1136,features_1.npy,1136,train,1,7.6953125,0.9995453,1
features_1:1137,features_1.npy,1137,train,1,6.8945312,0.99898773,1
features_1:1138,features_1.npy,1138,train,1,5.1171875,0.9940428,1
features_1:1139,features_1.npy,1139,train,1,7.7226562,0.99955755,1
features_1:1143,features_1.npy,1143,train,1,7.734375,0.9995627,1
features_1:1144,features_1.npy,1144,train,1,7.71875,0.99955577,1
features_1:1145,features_1.npy,1145,train,1,7.8085938,0.9995939,1
features_1:1146,features_1.npy,1146,train,1,7.6875,0.99954176,1
features_1:1148,features_1.npy,1148,train,1,7.6015625,0.9995005,1
features_1:1149,features_1.npy,1149,train,1,7.7539062,0.99957114,1
features_1:1150,features_1.npy,1150,train,1,7.0078125,0.99909604,1
features_1:1151,features_1.npy,1151,train,1,7.7539062,0.99957114,1
features_1:1152,features_1.npy,1152,train,1,7.7539062,0.99957114,1
features_1:1154,features_1.npy,1154,train,1,7.78125,0.9995827,1
features_1:1155,features_1.npy,1155,train,1,7.5625,0.99948066,1
features_1:1157,features_1.npy,1157,train,1,7.46875,0.99942964,1
features_1:1158,features_1.npy,1158,train,1,7.703125,0.99954873,1
features_1:1159,features_1.npy,1159,train,1,7.625,0.9995122,1
features_1:1160,features_1.npy,1160,train,1,7.703125,0.99954873,1
features_1:1161,features_1.npy,1161,train,1,7.7304688,0.9995609,1
features_1:1162,features_1.npy,1162,train,1,7.6484375,0.9995234,1
features_1:1163,features_1.npy,1163,train,1,7.546875,0.99947256,1
features_1:1164,features_1.npy,1164,train,1,6.1367188,0.99784267,1
features_1:1165,features_1.npy,1165,train,1,7.21875,0.9992679,1
features_1:1166,features_1.npy,1166,train,1,7.671875,0.9995345,1
features_1:1168,features_1.npy,1168,train,1,7.625,0.9995122,1
features_1:1169,features_1.npy,1169,train,1,7.4335938,0.9994093,1
features_1:1170,features_1.npy,1170,train,1,7.6679688,0.9995327,1
features_1:1171,features_1.npy,1171,train,1,7.8007812,0.9995908,1
features_1:1172,features_1.npy,1172,train,1,7.75,0.9995695,1
features_1:1173,features_1.npy,1173,train,1,7.765625,0.99957615,1
features_1:1174,features_1.npy,1174,train,1,7.5742188,0.9994867,1
features_1:1175,features_1.npy,1175,train,1,7.7109375,0.9995523,1
features_1:1176,features_1.npy,1176,train,1,7.375,0.99937373,1
features_1:1178,features_1.npy,1178,train,1,7.65625,0.9995272,1
features_1:1180,features_1.npy,1180,train,1,7.71875,0.99955577,1
features_1:1182,features_1.npy,1182,train,1,7.78125,0.9995827,1
features_1:1185,features_1.npy,1185,train,1,7.7695312,0.9995778,1
features_1:1186,features_1.npy,1186,train,1,6.9570312,0.999049,1
features_1:1187,features_1.npy,1187,train,1,7.6445312,0.9995216,1
features_1:1188,features_1.npy,1188,train,1,7.6796875,0.99953806,1
features_1:1189,features_1.npy,1189,train,1,7.7695312,0.9995778,1
features_1:1191,features_1.npy,1191,train,1,7.5585938,0.99947864,1
features_1:1192,features_1.npy,1192,train,1,7.6914062,0.9995435,1
features_1:1193,features_1.npy,1193,train,1,7.7578125,0.9995728,1
features_1:1194,features_1.npy,1194,train,1,7.5195312,0.9994579,1
features_1:1197,features_1.npy,1197,train,1,7.7695312,0.9995778,1
features_1:1199,features_1.npy,1199,train,1,7.6289062,0.9995141,1
features_1:1200,features_1.npy,1200,train,1,7.6992188,0.99954695,1
features_1:1201,features_1.npy,1201,train,1,7.796875,0.99958915,1
features_1:1202,features_1.npy,1202,train,1,7.5585938,0.99947864,1
features_1:1204,features_1.npy,1204,train,1,7.4375,0.9994116,1
features_1:1205,features_1.npy,1205,train,1,7.6132812,0.99950635,1
features_1:1206,features_1.npy,1206,train,1,7.5820312,0.99949074,1
features_1:1207,features_1.npy,1207,train,1,7.6601562,0.999529,1
features_1:1209,features_1.npy,1209,train,1,7.6054688,0.99950254,1
features_1:1210,features_1.npy,1210,train,1,7.75,0.9995695,1
features_1:1211,features_1.npy,1211,train,1,7.7578125,0.9995728,1
features_1:1212,features_1.npy,1212,train,1,7.609375,0.99950445,1
features_1:1213,features_1.npy,1213,train,1,7.5273438,0.9994622,1
features_1:1214,features_1.npy,1214,train,1,7.6796875,0.99953806,1
features_1:1215,features_1.npy,1215,train,1,7.7734375,0.99957937,1
features_1:1216,features_1.npy,1216,train,1,7.8046875,0.99959236,1
features_1:1217,features_1.npy,1217,train,1,7.7109375,0.9995523,1
features_1:1218,features_1.npy,1218,train,1,7.8515625,0.9996111,1
features_1:1220,features_1.npy,1220,train,1,7.1367188,0.9992053,1
features_1:1221,features_1.npy,1221,train,1,7.6328125,0.9995159,1
features_1:1222,features_1.npy,1222,train,1,7.7617188,0.9995745,1
features_1:1223,features_1.npy,1223,train,1,7.78125,0.9995827,1
features_1:1224,features_1.npy,1224,train,1,7.8007812,0.9995908,1
features_1:1226,features_1.npy,1226,train,1,7.5390625,0.9994684,1
features_1:1227,features_1.npy,1227,train,1,7.4296875,0.99940693,1
features_1:1228,features_1.npy,1228,train,1,7.5820312,0.99949074,1
features_1:1231,features_1.npy,1231,train,1,7.7421875,0.999566,1
features_1:1233,features_1.npy,1233,train,1,7.4023438,0.9993905,1
features_1:1234,features_1.npy,1234,train,1,7.6015625,0.9995005,1
features_1:1235,features_1.npy,1235,train,1,7.5273438,0.9994622,1
features_1:1236,features_1.npy,1236,train,1,7.6445312,0.9995216,1
features_1:1237,features_1.npy,1237,train,1,7.7382812,0.99956435,1
features_1:1238,features_1.npy,1238,train,1,7.546875,0.99947256,1
features_1:1240,features_1.npy,1240,train,1,7.6640625,0.9995308,1
features_1:1242,features_1.npy,1242,train,1,7.6523438,0.9995253,1
features_1:1245,features_1.npy,1245,train,1,7.7695312,0.9995778,1
features_1:1247,features_1.npy,1247,train,1,7.75,0.9995695,1
features_1:1248,features_1.npy,1248,train,1,7.6835938,0.99954,1
features_1:1251,features_1.npy,1251,train,1,6.96875,0.9990601,1
features_1:1254,features_1.npy,1254,train,1,7.6796875,0.99953806,1
features_1:1255,features_1.npy,1255,train,1,7.7851562,0.99958426,1
features_1:1256,features_1.npy,1256,train,1,7.6015625,0.9995005,1
features_1:1257,features_1.npy,1257,train,1,7.6328125,0.9995159,1
features_1:1258,features_1.npy,1258,train,1,7.7070312,0.9995505,1
features_1:1260,features_1.npy,1260,train,1,7.8242188,0.99960023,1
features_1:1261,features_1.npy,1261,train,1,7.2421875,0.9992848,1
features_1:1263,features_1.npy,1263,train,1,7.2539062,0.9992931,1
features_1:1265,features_1.npy,1265,train,1,5.0585938,0.99368566,1
features_1:1267,features_1.npy,1267,train,1,7.71875,0.99955577,1
features_1:1268,features_1.npy,1268,train,1,7.625,0.9995122,1
features_1:1270,features_1.npy,1270,train,1,7.6796875,0.99953806,1
features_1:1272,features_1.npy,1272,train,1,7.734375,0.9995627,1
features_1:1275,features_1.npy,1275,train,1,7.7851562,0.99958426,1
features_1:1276,features_1.npy,1276,train,1,7.8554688,0.9996125,1
features_1:1278,features_1.npy,1278,train,1,6.1914062,0.9979572,1
features_1:1279,features_1.npy,1279,train,1,6.96875,0.9990601,1
features_1:1281,features_1.npy,1281,train,1,7.6835938,0.99954,1
features_1:1283,features_1.npy,1283,train,1,7.1445312,0.99921143,1
features_1:1284,features_1.npy,1284,train,1,7.65625,0.9995272,1
features_1:1285,features_1.npy,1285,train,1,7.8046875,0.99959236,1
features_1:1288,features_1.npy,1288,train,1,7.7539062,0.99957114,1
features_1:1289,features_1.npy,1289,train,1,7.6875,0.99954176,1
features_1:1290,features_1.npy,1290,train,1,7.7382812,0.99956435,1
features_1:1292,features_1.npy,1292,train,1,7.703125,0.99954873,1
features_1:1293,features_1.npy,1293,train,1,7.5703125,0.99948466,1
features_1:1295,features_1.npy,1295,train,1,7.0039062,0.99909246,1
features_1:1296,features_1.npy,1296,train,1,7.6757812,0.9995363,1
features_1:1297,features_1.npy,1297,train,1,7.6445312,0.9995216,1
features_1:1298,features_1.npy,1298,train,1,7.7265625,0.9995592,1
features_1:1299,features_1.npy,1299,train,1,7.25,0.99929035,1
features_1:1301,features_1.npy,1301,train,1,7.3984375,0.9993881,1
features_1:1304,features_1.npy,1304,train,1,7.6953125,0.9995453,1
features_1:1305,features_1.npy,1305,train,1,7.2890625,0.9993175,1
features_1:1306,features_1.npy,1306,train,1,7.421875,0.9994023,1
features_1:1308,features_1.npy,1308,train,1,7.765625,0.99957615,1
features_1:1309,features_1.npy,1309,train,1,7.7421875,0.999566,1
features_1:1311,features_1.npy,1311,train,1,7.7265625,0.9995592,1
features_1:1313,features_1.npy,1313,train,1,6.0546875,0.9976586,1
features_1:1314,features_1.npy,1314,train,1,7.1953125,0.9992505,1
features_1:1315,features_1.npy,1315,train,1,3.3007812,0.9644556,1
features_1:1318,features_1.npy,1318,train,1,7.3125,0.9993333,1
features_1:1319,features_1.npy,1319,train,1,7.7265625,0.9995592,1
features_1:1320,features_1.npy,1320,train,1,7.7929688,0.9995876,1
features_1:1321,features_1.npy,1321,train,1,7.5585938,0.99947864,1
features_1:1322,features_1.npy,1322,train,1,7.5585938,0.99947864,1
features_1:1325,features_1.npy,1325,train,1,7.5898438,0.9994947,1
features_1:1329,features_1.npy,1329,train,1,7.6835938,0.99954,1
features_1:1330,features_1.npy,1330,train,1,7.6679688,0.9995327,1
features_1:1331,features_1.npy,1331,train,1,6.9492188,0.9990415,1
features_1:1332,features_1.npy,1332,train,1,7.7617188,0.9995745,1
features_1:1334,features_1.npy,1334,train,1,7.7773438,0.99958104,1
features_1:1335,features_1.npy,1335,train,1,7.65625,0.9995272,1
features_1:1336,features_1.npy,1336,train,1,7.7851562,0.99958426,1
features_1:1337,features_1.npy,1337,train,1,7.7226562,0.99955755,1
features_1:1338,features_1.npy,1338,train,1,6.4648438,0.9984452,1
features_1:1340,features_1.npy,1340,train,1,7.7460938,0.9995678,1
features_1:1342,features_1.npy,1342,train,1,7.609375,0.99950445,1
features_1:1344,features_1.npy,1344,train,1,7.6445312,0.9995216,1
features_1:1345,features_1.npy,1345,train,1,7.7539062,0.99957114,1
features_1:1346,features_1.npy,1346,train,1,7.7773438,0.99958104,1
features_1:1348,features_1.npy,1348,train,1,7.5664062,0.99948263,1
features_1:1350,features_1.npy,1350,train,1,6.625,0.9986749,1
features_1:1351,features_1.npy,1351,train,1,7.7695312,0.9995778,1
features_1:1352,features_1.npy,1352,train,1,2.4375,0.91964257,1
features_1:1353,features_1.npy,1353,train,1,7.546875,0.99947256,1
features_1:1356,features_1.npy,1356,train,1,7.6171875,0.99950826,1
features_1:1358,features_1.npy,1358,train,1,7.78125,0.9995827,1
features_1:1360,features_1.npy,1360,train,1,7.6367188,0.9995178,1
features_1:1361,features_1.npy,1361,train,1,7.6484375,0.9995234,1
features_1:1362,features_1.npy,1362,train,1,7.7460938,0.9995678,1
features_1:1363,features_1.npy,1363,train,1,7.3398438,0.9993513,1
features_1:1365,features_1.npy,1365,train,1,7.53125,0.9994642,1
features_1:1366,features_1.npy,1366,train,1,7.5625,0.99948066,1
features_1:1369,features_1.npy,1369,train,1,7.6835938,0.99954,1
features_1:1370,features_1.npy,1370,train,1,7.8085938,0.9995939,1
features_1:1371,features_1.npy,1371,train,1,7.25,0.99929035,1
features_1:1372,features_1.npy,1372,train,1,7.6328125,0.9995159,1
features_1:1373,features_1.npy,1373,train,1,7.6992188,0.99954695,1
features_1:1375,features_1.npy,1375,train,1,6.90625,0.99899954,1
features_1:1377,features_1.npy,1377,train,1,7.4882812,0.9994407,1
features_1:1378,features_1.npy,1378,train,1,7.8007812,0.9995908,1
features_1:1379,features_1.npy,1379,train,1,7.59375,0.9994967,1
features_1:1380,features_1.npy,1380,train,1,7.4648438,0.99942744,1
features_1:1382,features_1.npy,1382,train,1,7.6210938,0.9995103,1
features_1:1383,features_1.npy,1383,train,1,7.7265625,0.9995592,1
features_1:1384,features_1.npy,1384,train,1,7.6367188,0.9995178,1
features_1:1386,features_1.npy,1386,train,1,7.7460938,0.9995678,1
features_1:1391,features_1.npy,1391,train,1,7.6171875,0.99950826,1
features_1:1392,features_1.npy,1392,train,1,7.7226562,0.99955755,1
features_1:1393,features_1.npy,1393,train,1,7.7578125,0.9995728,1
features_1:1395,features_1.npy,1395,train,1,7.421875,0.9994023,1
features_1:1396,features_1.npy,1396,train,1,7.5585938,0.99947864,1
features_1:1398,features_1.npy,1398,train,1,7.6679688,0.9995327,1
features_1:1400,features_1.npy,1400,train,1,7.6640625,0.9995308,1
features_1:1401,features_1.npy,1401,train,1,7.7382812,0.99956435,1
features_1:1402,features_1.npy,1402,train,1,7.7226562,0.99955755,1
features_1:1403,features_1.npy,1403,train,1,7.6796875,0.99953806,1
features_1:1404,features_1.npy,1404,train,1,7.6484375,0.9995234,1
features_1:1405,features_1.npy,1405,train,1,7.6796875,0.99953806,1
features_1:1406,features_1.npy,1406,train,1,7.7109375,0.9995523,1
features_1:1407,features_1.npy,1407,train,1,7.7070312,0.9995505,1
features_1:1409,features_1.npy,1409,train,1,7.625,0.9995122,1
features_1:1411,features_1.npy,1411,train,1,7.7382812,0.99956435,1
features_1:1412,features_1.npy,1412,train,1,7.8085938,0.9995939,1
features_1:1413,features_1.npy,1413,train,1,7.5585938,0.99947864,1
features_1:1414,features_1.npy,1414,train,1,7.6054688,0.99950254,1
features_1:1416,features_1.npy,1416,train,1,7.7382812,0.99956435,1
features_1:1417,features_1.npy,1417,train,1,6.6523438,0.99871063,1
features_1:1418,features_1.npy,1418,train,1,7.4257812,0.99940467,1
features_1:1419,features_1.npy,1419,train,1,7.6523438,0.9995253,1
features_1:1420,features_1.npy,1420,train,1,7.7070312,0.9995505,1
features_1:1421,features_1.npy,1421,train,1,6.4179688,0.9983707,1
features_1:1422,features_1.npy,1422,train,1,7.7617188,0.9995745,1
features_1:1424,features_1.npy,1424,train,1,7.5664062,0.99948263,1
features_1:1425,features_1.npy,1425,train,1,7.7734375,0.99957937,1
features_1:1426,features_1.npy,1426,train,1,7.1210938,0.9991928,1
features_1:1427,features_1.npy,1427,train,1,7.5390625,0.9994684,1
features_1:1429,features_1.npy,1429,train,1,7.8007812,0.9995908,1
features_1:1431,features_1.npy,1431,train,1,7.7460938,0.9995678,1
features_1:1432,features_1.npy,1432,train,1,7.6523438,0.9995253,1
features_1:1433,features_1.npy,1433,train,1,7.7734375,0.99957937,1
features_1:1434,features_1.npy,1434,train,1,6.2109375,0.9979966,1
features_1:1435,features_1.npy,1435,train,1,7.625,0.9995122,1
features_1:1436,features_1.npy,1436,train,1,7.5625,0.99948066,1
features_1:1437,features_1.npy,1437,train,1,7.609375,0.99950445,1
features_1:1438,features_1.npy,1438,train,1,7.4101562,0.99939525,1
features_1:1444,features_1.npy,1444,train,1,7.6171875,0.99950826,1
features_1:1445,features_1.npy,1445,train,1,5.8710938,0.99718815,1
features_1:1446,features_1.npy,1446,train,1,7.6523438,0.9995253,1
features_1:1448,features_1.npy,1448,train,1,7.7421875,0.999566,1
features_1:1449,features_1.npy,1449,train,1,7.5429688,0.99947053,1
features_1:1450,features_1.npy,1450,train,1,7.671875,0.9995345,1
features_1:1451,features_1.npy,1451,train,1,7.5703125,0.99948466,1
features_1:1454,features_1.npy,1454,train,1,7.5390625,0.9994684,1
features_1:1456,features_1.npy,1456,train,1,7.5039062,0.9994493,1
features_1:1457,features_1.npy,1457,train,1,7.8320312,0.99960333,1
features_1:1458,features_1.npy,1458,train,1,7.6523438,0.9995253,1
features_1:1460,features_1.npy,1460,train,1,7.4804688,0.9994363,1
features_1:1461,features_1.npy,1461,train,1,5.921875,0.99732697,1
features_1:1463,features_1.npy,1463,train,1,7.6914062,0.9995435,1
features_1:1464,features_1.npy,1464,train,1,7.7421875,0.999566,1
features_1:1466,features_1.npy,1466,train,1,7.6914062,0.9995435,1
features_1:1467,features_1.npy,1467,train,1,7.6914062,0.9995435,1
features_1:1468,features_1.npy,1468,train,1,7.6875,0.99954176,1
features_1:1469,features_1.npy,1469,train,1,6.9609375,0.9990527,1
features_1:1470,features_1.npy,1470,train,1,7.5820312,0.99949074,1
features_1:1471,features_1.npy,1471,train,1,7.78125,0.9995827,1
features_1:1474,features_1.npy,1474,train,1,7.7617188,0.9995745,1
features_1:1476,features_1.npy,1476,train,1,7.4492188,0.9994185,1
features_1:1477,features_1.npy,1477,train,1,7.6367188,0.9995178,1
features_1:1479,features_1.npy,1479,train,1,7.640625,0.9995197,1
features_1:1480,features_1.npy,1480,train,1,7.6289062,0.9995141,1
features_1:1481,features_1.npy,1481,train,1,7.7929688,0.9995876,1
features_1:1483,features_1.npy,1483,train,1,7.6875,0.99954176,1
features_1:1484,features_1.npy,1484,train,1,7.6640625,0.9995308,1
features_1:1486,features_1.npy,1486,train,1,7.6875,0.99954176,1
features_1:1487,features_1.npy,1487,train,1,7.7578125,0.9995728,1
features_1:1488,features_1.npy,1488,train,1,7.5351562,0.99946636,1
features_1:1490,features_1.npy,1490,train,1,7.703125,0.99954873,1
features_1:1491,features_1.npy,1491,train,1,7.7226562,0.99955755,1
features_1:1492,features_1.npy,1492,train,1,7.6132812,0.99950635,1
features_1:1493,features_1.npy,1493,train,1,7.3945312,0.9993857,1
features_1:1495,features_1.npy,1495,train,1,7.5585938,0.99947864,1
features_1:1497,features_1.npy,1497,train,1,7.65625,0.9995272,1
features_1:1498,features_1.npy,1498,train,1,7.7148438,0.999554,1
features_1:1499,features_1.npy,1499,train,1,7.6523438,0.9995253,1
features_1:1501,features_1.npy,1501,train,1,7.7148438,0.999554,1
features_1:1502,features_1.npy,1502,train,1,7.6484375,0.9995234,1
features_1:1503,features_1.npy,1503,train,1,7.84375,0.999608,1
features_1:1504,features_1.npy,1504,train,1,6.46875,0.99845123,1
features_1:1505,features_1.npy,1505,train,1,7.5976562,0.9994986,1
features_1:1506,features_1.npy,1506,train,1,7.6132812,0.99950635,1
features_1:1507,features_1.npy,1507,train,1,7.7695312,0.9995778,1
features_1:1508,features_1.npy,1508,train,1,7.78125,0.9995827,1
features_1:1509,features_1.npy,1509,train,1,7.6171875,0.99950826,1
features_1:1510,features_1.npy,1510,train,1,7.6054688,0.99950254,1
features_1:1511,features_1.npy,1511,train,1,7.7695312,0.9995778,1
features_1:1512,features_1.npy,1512,train,1,2.40625,0.91730267,1
features_1:1513,features_1.npy,1513,train,1,7.625,0.9995122,1
features_1:1514,features_1.npy,1514,train,1,7.609375,0.99950445,1
features_1:1515,features_1.npy,1515,train,1,7.6210938,0.9995103,1
features_1:1516,features_1.npy,1516,train,1,7.7070312,0.9995505,1
features_1:1517,features_1.npy,1517,train,1,7.734375,0.9995627,1
features_1:1519,features_1.npy,1519,train,1,7.5390625,0.9994684,1
features_1:1520,features_1.npy,1520,train,1,7.7226562,0.99955755,1
features_1:1521,features_1.npy,1521,train,1,7.7578125,0.9995728,1
features_1:1522,features_1.npy,1522,train,1,5.2148438,0.99459416,1
features_1:1524,features_1.npy,1524,train,1,7.59375,0.9994967,1
features_1:1526,features_1.npy,1526,train,1,6.984375,0.9990746,1
features_1:1527,features_1.npy,1527,train,1,7.78125,0.9995827,1
features_1:1528,features_1.npy,1528,train,1,7.6210938,0.9995103,1
features_1:1529,features_1.npy,1529,train,1,7.8242188,0.99960023,1
features_1:1531,features_1.npy,1531,train,1,7.796875,0.99958915,1
features_1:1532,features_1.npy,1532,train,1,7.4023438,0.9993905,1
features_1:1533,features_1.npy,1533,train,1,7.6640625,0.9995308,1
features_1:1534,features_1.npy,1534,train,1,7.5585938,0.99947864,1
features_1:1536,features_1.npy,1536,train,1,7.6601562,0.999529,1
features_1:1537,features_1.npy,1537,train,1,7.59375,0.9994967,1
features_1:1538,features_1.npy,1538,train,1,7.5976562,0.9994986,1
features_1:1539,features_1.npy,1539,train,1,7.7148438,0.999554,1
features_1:1541,features_1.npy,1541,train,1,7.5898438,0.9994947,1
features_1:1542,features_1.npy,1542,train,1,7.578125,0.9994887,1
features_1:1543,features_1.npy,1543,train,1,7.3671875,0.9993687,1
features_1:1544,features_1.npy,1544,train,1,7.515625,0.99945575,1
features_1:1545,features_1.npy,1545,train,1,7.71875,0.99955577,1
features_1:1547,features_1.npy,1547,train,1,7.7148438,0.999554,1
features_1:1548,features_1.npy,1548,train,1,7.7773438,0.99958104,1
features_1:1550,features_1.npy,1550,train,1,7.59375,0.9994967,1
features_1:1551,features_1.npy,1551,train,1,7.7109375,0.9995523,1
features_1:1552,features_1.npy,1552,train,1,7.7460938,0.9995678,1
features_1:1553,features_1.npy,1553,train,1,7.828125,0.9996018,1
features_1:1556,features_1.npy,1556,train,1,7.71875,0.99955577,1
features_1:1557,features_1.npy,1557,train,1,7.7148438,0.999554,1
features_1:1558,features_1.npy,1558,train,1,7.7617188,0.9995745,1
features_1:1561,features_1.npy,1561,train,1,6.8007812,0.9988883,1
features_1:1563,features_1.npy,1563,train,1,7.6796875,0.99953806,1
features_1:1564,features_1.npy,1564,train,1,4.1015625,0.9837225,1
features_1:1566,features_1.npy,1566,train,1,7.6289062,0.9995141,1
features_1:1568,features_1.npy,1568,train,1,6.8242188,0.9989141,1
features_1:1569,features_1.npy,1569,train,1,7.6953125,0.9995453,1
features_1:1570,features_1.npy,1570,train,1,6.0625,0.9976769,1
features_1:1572,features_1.npy,1572,train,1,7.7304688,0.9995609,1
features_1:1574,features_1.npy,1574,train,1,7.5859375,0.99949265,1
features_1:1575,features_1.npy,1575,train,1,7.4921875,0.9994429,1
features_1:1578,features_1.npy,1578,train,1,7.7695312,0.9995778,1
features_1:1580,features_1.npy,1580,train,1,7.4921875,0.9994429,1
features_1:1581,features_1.npy,1581,train,1,7.6679688,0.9995327,1
features_1:1582,features_1.npy,1582,train,1,5.4335938,0.99565166,1
features_1:1583,features_1.npy,1583,train,1,7.7578125,0.9995728,1
features_1:1586,features_1.npy,1586,train,1,7.765625,0.99957615,1
features_1:1588,features_1.npy,1588,train,1,7.6953125,0.9995453,1
features_1:1589,features_1.npy,1589,train,1,7.6054688,0.99950254,1
features_1:1590,features_1.npy,1590,train,1,7.5664062,0.99948263,1
features_1:1591,features_1.npy,1591,train,1,7.6953125,0.9995453,1
features_1:1592,features_1.npy,1592,train,1,7.6445312,0.9995216,1
features_1:1593,features_1.npy,1593,train,1,7.5,0.99944717,1
features_1:1594,features_1.npy,1594,train,1,7.6835938,0.99954,1
features_1:1595,features_1.npy,1595,train,1,7.6992188,0.99954695,1
features_1:1596,features_1.npy,1596,train,1,7.4960938,0.999445,1
features_1:1597,features_1.npy,1597,train,1,7.7578125,0.9995728,1
features_1:1598,features_1.npy,1598,train,1,7.7460938,0.9995678,1
features_1:1599,features_1.npy,1599,train,1,7.765625,0.99957615,1
features_1:1600,features_1.npy,1600,train,1,7.6484375,0.9995234,1
features_1:1602,features_1.npy,1602,train,1,7.328125,0.9993436,1
features_1:1604,features_1.npy,1604,train,1,7.59375,0.9994967,1
features_1:1605,features_1.npy,1605,train,1,7.4570312,0.999423,1
features_1:1610,features_1.npy,1610,train,1,7.6875,0.99954176,1
features_1:1611,features_1.npy,1611,train,1,7.5664062,0.99948263,1
features_1:1612,features_1.npy,1612,train,1,7.5703125,0.99948466,1
features_1:1613,features_1.npy,1613,train,1,7.703125,0.99954873,1
features_1:1614,features_1.npy,1614,train,1,7.6914062,0.9995435,1
features_1:1615,features_1.npy,1615,train,1,3.5839844,0.97298527,1
features_1:1616,features_1.npy,1616,train,1,7.609375,0.99950445,1
features_1:1617,features_1.npy,1617,train,1,7.7617188,0.9995745,1
features_1:1618,features_1.npy,1618,train,1,7.6328125,0.9995159,1
features_1:1619,features_1.npy,1619,train,1,7.2734375,0.9993068,1
features_1:1621,features_1.npy,1621,train,1,7.6835938,0.99954,1
features_1:1623,features_1.npy,1623,train,1,7.765625,0.99957615,1
features_1:1625,features_1.npy,1625,train,1,7.6796875,0.99953806,1
features_1:1626,features_1.npy,1626,train,1,7.7929688,0.9995876,1
features_1:1627,features_1.npy,1627,train,1,7.71875,0.99955577,1
features_1:1629,features_1.npy,1629,train,1,7.7929688,0.9995876,1
features_1:1630,features_1.npy,1630,train,1,7.6054688,0.99950254,1
features_1:1632,features_1.npy,1632,train,1,7.6640625,0.9995308,1
features_1:1633,features_1.npy,1633,train,1,7.2460938,0.99928755,1
features_1:1634,features_1.npy,1634,train,1,7.5546875,0.9994766,1
features_1:1636,features_1.npy,1636,train,1,7.5742188,0.9994867,1
features_1:1638,features_1.npy,1638,train,1,7.7617188,0.9995745,1
features_1:1639,features_1.npy,1639,train,1,7.71875,0.99955577,1
features_1:1640,features_1.npy,1640,train,1,7.578125,0.9994887,1
features_1:1641,features_1.npy,1641,train,1,7.4296875,0.99940693,1
features_1:1642,features_1.npy,1642,train,1,7.640625,0.9995197,1
features_1:1643,features_1.npy,1643,train,1,7.3554688,0.99936134,1
features_1:1644,features_1.npy,1644,train,1,7.2578125,0.99929583,1
features_1:1645,features_1.npy,1645,train,1,7.7617188,0.9995745,1
features_1:1647,features_1.npy,1647,train,1,4.796875,0.9918121,1
features_1:1648,features_1.npy,1648,train,1,7.5859375,0.99949265,1
features_1:1649,features_1.npy,1649,train,1,7.7382812,0.99956435,1
features_1:1650,features_1.npy,1650,train,1,7.0742188,0.9991541,1
features_1:1651,features_1.npy,1651,train,1,6.8164062,0.99890554,1
features_1:1652,features_1.npy,1652,train,1,7.7539062,0.99957114,1
features_1:1653,features_1.npy,1653,train,1,7.5078125,0.99945146,1
features_1:1654,features_1.npy,1654,train,1,7.6640625,0.9995308,1
features_1:1657,features_1.npy,1657,train,1,7.7929688,0.9995876,1
features_1:1658,features_1.npy,1658,train,1,7.7578125,0.9995728,1
features_1:1659,features_1.npy,1659,train,1,6.9492188,0.9990415,1
features_1:1662,features_1.npy,1662,train,1,7.6328125,0.9995159,1
features_1:1663,features_1.npy,1663,train,1,6.4921875,0.998487,1
features_1:1664,features_1.npy,1664,train,1,7.7617188,0.9995745,1
features_1:1666,features_1.npy,1666,train,1,1.9541016,0.87589324,1
features_1:1668,features_1.npy,1668,train,1,7.6679688,0.9995327,1
features_1:1669,features_1.npy,1669,train,1,7.6367188,0.9995178,1
features_1:1670,features_1.npy,1670,train,1,7.6875,0.99954176,1
features_1:1672,features_1.npy,1672,train,1,7.7851562,0.99958426,1
features_1:1673,features_1.npy,1673,train,1,7.6484375,0.9995234,1
features_1:1674,features_1.npy,1674,train,1,7.7265625,0.9995592,1
features_1:1675,features_1.npy,1675,train,1,7.53125,0.9994642,1
features_1:1683,features_1.npy,1683,train,1,7.4570312,0.999423,1
features_1:1684,features_1.npy,1684,train,1,7.5117188,0.9994536,1
features_1:1685,features_1.npy,1685,train,1,7.5585938,0.99947864,1
features_1:1687,features_1.npy,1687,train,1,7.1953125,0.9992505,1
features_1:1688,features_1.npy,1688,train,1,7.6171875,0.99950826,1
features_1:1690,features_1.npy,1690,train,1,7.84375,0.999608,1
features_1:1691,features_1.npy,1691,train,1,7.6875,0.99954176,1
features_1:1694,features_1.npy,1694,train,1,7.71875,0.99955577,1
features_1:1696,features_1.npy,1696,train,1,7.0195312,0.9991066,1
features_1:1697,features_1.npy,1697,train,1,7.421875,0.9994023,1
features_1:1700,features_1.npy,1700,train,1,6.9804688,0.999071,1
features_1:1702,features_1.npy,1702,train,1,7.7382812,0.99956435,1
features_1:1703,features_1.npy,1703,train,1,7.6210938,0.9995103,1
features_1:1704,features_1.npy,1704,train,1,6.9765625,0.99906737,1
features_1:1707,features_1.npy,1707,train,1,7.6367188,0.9995178,1
features_1:1711,features_1.npy,1711,train,1,7.71875,0.99955577,1
features_1:1714,features_1.npy,1714,train,1,7.7851562,0.99958426,1
features_1:1715,features_1.npy,1715,train,1,7.4140625,0.99939764,1
features_1:1716,features_1.npy,1716,train,1,7.6015625,0.9995005,1
features_1:1717,features_1.npy,1717,train,1,7.1796875,0.9992387,1
features_1:1718,features_1.npy,1718,train,1,7.8515625,0.9996111,1
features_1:1719,features_1.npy,1719,train,1,7.8476562,0.99960953,1
features_1:1720,features_1.npy,1720,train,1,7.5546875,0.9994766,1
features_1:1721,features_1.npy,1721,train,1,7.6210938,0.9995103,1
features_1:1722,features_1.npy,1722,train,1,7.6953125,0.9995453,1
features_1:1723,features_1.npy,1723,train,1,7.6015625,0.9995005,1
features_1:1724,features_1.npy,1724,train,1,7.609375,0.99950445,1
features_1:1726,features_1.npy,1726,train,1,7.7695312,0.9995778,1
features_1:1727,features_1.npy,1727,train,1,7.7929688,0.9995876,1
features_1:1728,features_1.npy,1728,train,1,7.5507812,0.9994746,1
features_1:1729,features_1.npy,1729,train,1,7.7695312,0.9995778,1
features_1:1730,features_1.npy,1730,train,1,7.7695312,0.9995778,1
features_1:1731,features_1.npy,1731,train,1,7.6835938,0.99954,1
features_1:1732,features_1.npy,1732,train,1,7.5234375,0.99946004,1
features_1:1733,features_1.npy,1733,train,1,7.703125,0.99954873,1
features_1:1734,features_1.npy,1734,train,1,7.6875,0.99954176,1
features_1:1736,features_1.npy,1736,train,1,7.7148438,0.999554,1
features_1:1738,features_1.npy,1738,train,1,7.703125,0.99954873,1
features_1:1739,features_1.npy,1739,train,1,7.6679688,0.9995327,1
features_1:1740,features_1.npy,1740,train,1,7.7734375,0.99957937,1
features_1:1741,features_1.npy,1741,train,1,7.609375,0.99950445,1
features_1:1743,features_1.npy,1743,train,1,7.609375,0.99950445,1
features_1:1744,features_1.npy,1744,train,1,7.5898438,0.9994947,1
features_1:1745,features_1.npy,1745,train,1,7.8164062,0.99959713,1
features_1:1747,features_1.npy,1747,train,1,7.6835938,0.99954,1
features_1:1749,features_1.npy,1749,train,1,7.8007812,0.9995908,1
features_1:1750,features_1.npy,1750,train,1,7.7304688,0.9995609,1
features_1:1751,features_1.npy,1751,train,1,7.5351562,0.99946636,1
features_1:1752,features_1.npy,1752,train,1,7.7539062,0.99957114,1
features_1:1753,features_1.npy,1753,train,1,7.7265625,0.9995592,1
features_1:1754,features_1.npy,1754,train,1,7.4609375,0.9994253,1
features_1:1755,features_1.npy,1755,train,1,7.7734375,0.99957937,1
features_1:1756,features_1.npy,1756,train,1,7.5585938,0.99947864,1
features_1:1757,features_1.npy,1757,train,1,7.6875,0.99954176,1
features_1:1758,features_1.npy,1758,train,1,7.3867188,0.99938095,1
features_1:1759,features_1.npy,1759,train,1,7.8125,0.9995956,1
features_1:1760,features_1.npy,1760,train,1,7.7421875,0.999566,1
features_1:1761,features_1.npy,1761,train,1,7.3710938,0.99937123,1
features_1:1762,features_1.npy,1762,train,1,7.78125,0.9995827,1
features_1:1765,features_1.npy,1765,train,1,7.6132812,0.99950635,1
features_1:1767,features_1.npy,1767,train,1,7.734375,0.9995627,1
features_1:1769,features_1.npy,1769,train,1,7.0078125,0.99909604,1
features_1:1770,features_1.npy,1770,train,1,7.3945312,0.9993857,1
features_1:1771,features_1.npy,1771,train,1,7.3945312,0.9993857,1
features_1:1772,features_1.npy,1772,train,1,2.8574219,0.9457011,1
features_1:1773,features_1.npy,1773,train,1,7.734375,0.9995627,1
features_1:1774,features_1.npy,1774,train,1,7.7070312,0.9995505,1
features_1:1775,features_1.npy,1775,train,1,7.78125,0.9995827,1
features_1:1778,features_1.npy,1778,train,1,7.796875,0.99958915,1
features_1:1779,features_1.npy,1779,train,1,7.3671875,0.9993687,1
features_1:1780,features_1.npy,1780,train,1,7.3398438,0.9993513,1
features_1:1781,features_1.npy,1781,train,1,7.5625,0.99948066,1
features_1:1782,features_1.npy,1782,train,1,7.6796875,0.99953806,1
features_1:1783,features_1.npy,1783,train,1,7.7304688,0.9995609,1
features_1:1784,features_1.npy,1784,train,1,5.4023438,0.9955142,1
features_1:1785,features_1.npy,1785,train,1,7.7304688,0.9995609,1
features_1:1786,features_1.npy,1786,train,1,7.7734375,0.99957937,1
features_1:1787,features_1.npy,1787,train,1,7.734375,0.9995627,1
features_1:1788,features_1.npy,1788,train,1,7.7695312,0.9995778,1
features_1:1789,features_1.npy,1789,train,1,7.6367188,0.9995178,1
features_1:1790,features_1.npy,1790,train,1,7.7304688,0.9995609,1
features_1:1791,features_1.npy,1791,train,1,7.53125,0.9994642,1
features_1:1792,features_1.npy,1792,train,1,7.5117188,0.9994536,1
features_1:1793,features_1.npy,1793,train,1,7.71875,0.99955577,1
features_1:1794,features_1.npy,1794,train,1,7.7265625,0.9995592,1
features_1:1795,features_1.npy,1795,train,1,7.390625,0.99938333,1
features_1:1796,features_1.npy,1796,train,1,7.1054688,0.99918,1
features_1:1800,features_1.npy,1800,train,1,7.8007812,0.9995908,1
features_1:1802,features_1.npy,1802,train,1,7.7265625,0.9995592,1
features_1:1803,features_1.npy,1803,train,1,7.65625,0.9995272,1
features_1:1805,features_1.npy,1805,train,1,7.6875,0.99954176,1
features_1:1808,features_1.npy,1808,train,1,7.6210938,0.9995103,1
features_1:1810,features_1.npy,1810,train,1,7.6953125,0.9995453,1
features_1:1811,features_1.npy,1811,train,1,7.6875,0.99954176,1
features_1:1812,features_1.npy,1812,train,1,7.65625,0.9995272,1
features_1:1813,features_1.npy,1813,train,1,4.9648438,0.99306935,1
features_1:1814,features_1.npy,1814,train,1,7.8046875,0.99959236,1
features_1:1815,features_1.npy,1815,train,1,7.6796875,0.99953806,1
features_1:1816,features_1.npy,1816,train,1,7.765625,0.99957615,1
features_1:1817,features_1.npy,1817,train,1,7.265625,0.9993013,1
features_1:1818,features_1.npy,1818,train,1,6.953125,0.9990452,1
features_1:1819,features_1.npy,1819,train,1,7.7226562,0.99955755,1
features_1:1820,features_1.npy,1820,train,1,7.5976562,0.9994986,1
features_1:1821,features_1.npy,1821,train,1,7.671875,0.9995345,1
features_1:1824,features_1.npy,1824,train,1,7.6484375,0.9995234,1
features_1:1828,features_1.npy,1828,train,1,7.6289062,0.9995141,1
features_1:1830,features_1.npy,1830,train,1,6.8632812,0.9989556,1
features_1:1831,features_1.npy,1831,train,1,7.8398438,0.99960643,1
features_1:1832,features_1.npy,1832,train,1,7.0625,0.9991441,1
features_1:1833,features_1.npy,1833,train,1,7.6914062,0.9995435,1
features_1:1834,features_1.npy,1834,train,1,7.5390625,0.9994684,1
features_1:1835,features_1.npy,1835,train,1,7.6796875,0.99953806,1
features_1:1839,features_1.npy,1839,train,1,7.8046875,0.99959236,1
features_1:1840,features_1.npy,1840,train,1,7.4335938,0.9994093,1
features_1:1841,features_1.npy,1841,train,1,7.578125,0.9994887,1
features_1:1842,features_1.npy,1842,train,1,7.59375,0.9994967,1
features_1:1843,features_1.npy,1843,train,1,7.0,0.999089,1
features_1:1846,features_1.npy,1846,train,1,7.7265625,0.9995592,1
features_1:1848,features_1.npy,1848,train,1,7.6835938,0.99954,1
features_1:1849,features_1.npy,1849,train,1,7.8164062,0.99959713,1
features_1:1850,features_1.npy,1850,train,1,7.7929688,0.9995876,1
features_1:1853,features_1.npy,1853,train,1,7.5117188,0.9994536,1
features_1:1854,features_1.npy,1854,train,1,7.796875,0.99958915,1
features_1:1856,features_1.npy,1856,train,1,7.6484375,0.9995234,1
features_1:1857,features_1.npy,1857,train,1,7.765625,0.99957615,1
features_1:1859,features_1.npy,1859,train,1,7.6679688,0.9995327,1
features_1:1860,features_1.npy,1860,train,1,7.7421875,0.999566,1
features_1:1861,features_1.npy,1861,train,1,7.796875,0.99958915,1
features_1:1862,features_1.npy,1862,train,1,7.5976562,0.9994986,1
features_1:1864,features_1.npy,1864,train,1,7.5703125,0.99948466,1
features_1:1866,features_1.npy,1866,train,1,7.3359375,0.9993487,1
features_1:1867,features_1.npy,1867,train,1,7.765625,0.99957615,1
features_1:1868,features_1.npy,1868,train,1,7.765625,0.99957615,1
features_1:1869,features_1.npy,1869,train,1,7.6523438,0.9995253,1
features_1:1871,features_1.npy,1871,train,1,7.71875,0.99955577,1
features_1:1872,features_1.npy,1872,train,1,6.8984375,0.99899167,1
features_1:1874,features_1.npy,1874,train,1,7.5820312,0.99949074,1
features_1:1876,features_1.npy,1876,train,1,7.6015625,0.9995005,1
features_1:1877,features_1.npy,1877,train,1,7.6171875,0.99950826,1
features_1:1878,features_1.npy,1878,train,1,7.4609375,0.9994253,1
features_1:1879,features_1.npy,1879,train,1,7.0351562,0.9991204,1
features_1:1880,features_1.npy,1880,train,1,7.3320312,0.9993462,1
features_1:1882,features_1.npy,1882,train,1,7.6367188,0.9995178,1
features_1:1884,features_1.npy,1884,train,1,7.765625,0.99957615,1
features_1:1885,features_1.npy,1885,train,1,7.7734375,0.99957937,1
features_1:1886,features_1.npy,1886,train,1,7.7148438,0.999554,1
features_1:1888,features_1.npy,1888,train,1,7.5390625,0.9994684,1
features_1:1889,features_1.npy,1889,train,1,7.6640625,0.9995308,1
features_1:1891,features_1.npy,1891,train,1,7.7617188,0.9995745,1
features_1:1892,features_1.npy,1892,train,1,7.4453125,0.99941623,1
features_1:1893,features_1.npy,1893,train,1,7.6640625,0.9995308,1
features_1:1894,features_1.npy,1894,train,1,7.71875,0.99955577,1
features_1:1896,features_1.npy,1896,train,1,7.640625,0.9995197,1
features_1:1897,features_1.npy,1897,train,1,7.65625,0.9995272,1
features_1:1898,features_1.npy,1898,train,1,7.6679688,0.9995327,1
features_1:1899,features_1.npy,1899,train,1,7.4882812,0.9994407,1
features_1:1901,features_1.npy,1901,train,1,7.7226562,0.99955755,1
features_1:1902,features_1.npy,1902,train,1,7.6640625,0.9995308,1
features_1:1903,features_1.npy,1903,train,1,7.328125,0.9993436,1
features_1:1904,features_1.npy,1904,train,1,7.5585938,0.99947864,1
features_1:1905,features_1.npy,1905,train,1,7.5234375,0.99946004,1
features_1:1907,features_1.npy,1907,train,1,7.578125,0.9994887,1
features_1:1908,features_1.npy,1908,train,1,7.2460938,0.99928755,1
features_1:1910,features_1.npy,1910,train,1,7.765625,0.99957615,1
features_1:1911,features_1.npy,1911,train,1,7.7578125,0.9995728,1
features_1:1912,features_1.npy,1912,train,1,7.734375,0.9995627,1
features_1:1914,features_1.npy,1914,train,1,7.703125,0.99954873,1
features_1:1915,features_1.npy,1915,train,1,7.6289062,0.9995141,1
features_1:1917,features_1.npy,1917,train,1,7.7226562,0.99955755,1
features_1:1919,features_1.npy,1919,train,1,7.7578125,0.9995728,1
features_1:1920,features_1.npy,1920,train,1,7.6445312,0.9995216,1
features_1:1921,features_1.npy,1921,train,1,7.703125,0.99954873,1
features_1:1922,features_1.npy,1922,train,1,7.8242188,0.99960023,1
features_1:1923,features_1.npy,1923,train,1,7.4335938,0.9994093,1
features_1:1929,features_1.npy,1929,train,1,7.734375,0.9995627,1
features_1:1930,features_1.npy,1930,train,1,6.359375,0.99827254,1
features_1:1931,features_1.npy,1931,train,1,7.4648438,0.99942744,1
features_1:1932,features_1.npy,1932,train,1,7.7460938,0.9995678,1
features_1:1933,features_1.npy,1933,train,1,7.6757812,0.9995363,1
features_1:1935,features_1.npy,1935,train,1,7.6171875,0.99950826,1
features_1:1936,features_1.npy,1936,train,1,7.2460938,0.99928755,1
features_1:1937,features_1.npy,1937,train,1,5.890625,0.99724233,1
features_1:1938,features_1.npy,1938,train,1,6.7929688,0.9988796,1
features_1:1940,features_1.npy,1940,train,1,7.3476562,0.9993563,1
features_1:1942,features_1.npy,1942,train,1,6.796875,0.998884,1
features_1:1943,features_1.npy,1943,train,1,7.7929688,0.9995876,1
features_1:1944,features_1.npy,1944,train,1,7.7734375,0.99957937,1
features_1:1945,features_1.npy,1945,train,1,7.25,0.99929035,1
features_1:1946,features_1.npy,1946,train,1,7.7226562,0.99955755,1
features_1:1948,features_1.npy,1948,train,1,7.65625,0.9995272,1
features_1:1950,features_1.npy,1950,train,1,7.7773438,0.99958104,1
features_1:1952,features_1.npy,1952,train,1,7.6640625,0.9995308,1
features_1:1953,features_1.npy,1953,train,1,7.5742188,0.9994867,1
features_1:1955,features_1.npy,1955,train,1,7.4101562,0.99939525,1
features_1:1957,features_1.npy,1957,train,1,7.7578125,0.9995728,1
features_1:1958,features_1.npy,1958,train,1,7.7382812,0.99956435,1
features_1:1959,features_1.npy,1959,train,1,7.8007812,0.9995908,1
features_1:1962,features_1.npy,1962,train,1,7.7421875,0.999566,1
features_1:1964,features_1.npy,1964,train,1,6.9570312,0.999049,1
features_1:1966,features_1.npy,1966,train,1,7.515625,0.99945575,1
features_1:1967,features_1.npy,1967,train,1,7.0273438,0.9991135,1
features_1:1970,features_1.npy,1970,train,1,7.7148438,0.999554,1
features_1:1971,features_1.npy,1971,train,1,7.671875,0.9995345,1
features_1:1972,features_1.npy,1972,train,1,7.7148438,0.999554,1
features_1:1973,features_1.npy,1973,train,1,7.6484375,0.9995234,1
features_1:1975,features_1.npy,1975,train,1,7.6367188,0.9995178,1
features_1:1978,features_1.npy,1978,train,1,7.3984375,0.9993881,1
features_1:1979,features_1.npy,1979,train,1,7.6523438,0.9995253,1
features_1:1981,features_1.npy,1981,train,1,7.7148438,0.999554,1
features_1:1983,features_1.npy,1983,train,1,7.7265625,0.9995592,1
features_1:1984,features_1.npy,1984,train,1,5.1679688,0.99433607,1
features_1:1988,features_1.npy,1988,train,1,7.5585938,0.99947864,1
features_1:1991,features_1.npy,1991,train,1,7.59375,0.9994967,1
features_1:1992,features_1.npy,1992,train,1,7.71875,0.99955577,1
features_1:1996,features_1.npy,1996,train,1,7.7304688,0.9995609,1
features_1:1997,features_1.npy,1997,train,1,7.4023438,0.9993905,1
features_1:1998,features_1.npy,1998,train,1,7.703125,0.99954873,1
features_1:2001,features_1.npy,2001,train,1,6.9335938,0.9990264,1
features_1:2002,features_1.npy,2002,train,1,7.6914062,0.9995435,1
features_1:2004,features_1.npy,2004,train,1,7.6523438,0.9995253,1
features_1:2005,features_1.npy,2005,train,1,7.7265625,0.9995592,1
features_1:2007,features_1.npy,2007,train,1,5.078125,0.993807,1
features_1:2010,features_1.npy,2010,train,1,7.7460938,0.9995678,1
features_1:2011,features_1.npy,2011,train,1,7.4257812,0.99940467,1
features_1:2012,features_1.npy,2012,train,1,7.7890625,0.9995859,1
features_1:2015,features_1.npy,2015,train,1,7.640625,0.9995197,1
features_1:2019,features_1.npy,2019,train,1,7.6601562,0.999529,1
features_1:2021,features_1.npy,2021,train,1,6.796875,0.998884,1
features_1:2022,features_1.npy,2022,train,1,7.7734375,0.99957937,1
features_1:2023,features_1.npy,2023,train,1,7.40625,0.99939287,1
features_1:2024,features_1.npy,2024,train,1,7.7421875,0.999566,1
features_1:2027,features_1.npy,2027,train,1,7.6992188,0.99954695,1
features_1:2028,features_1.npy,2028,train,1,7.640625,0.9995197,1
features_1:2029,features_1.npy,2029,train,1,7.65625,0.9995272,1
features_1:2030,features_1.npy,2030,train,1,7.7265625,0.9995592,1
features_1:2031,features_1.npy,2031,train,1,7.6445312,0.9995216,1
features_1:2034,features_1.npy,2034,train,1,7.5234375,0.99946004,1
features_1:2036,features_1.npy,2036,train,1,7.6875,0.99954176,1
features_1:2038,features_1.npy,2038,train,1,7.7578125,0.9995728,1
features_1:2039,features_1.npy,2039,train,1,7.7851562,0.99958426,1
features_1:2042,features_1.npy,2042,train,1,6.3007812,0.99816847,1
features_1:2044,features_1.npy,2044,train,1,7.765625,0.99957615,1
features_1:2045,features_1.npy,2045,train,1,7.5664062,0.99948263,1
features_1:2047,features_1.npy,2047,train,1,7.7304688,0.9995609,1
features_1:2048,features_1.npy,2048,train,1,7.71875,0.99955577,1
features_1:2049,features_1.npy,2049,train,1,7.6796875,0.99953806,1
features_1:2050,features_1.npy,2050,train,1,7.7578125,0.9995728,1
features_1:2052,features_1.npy,2052,train,1,5.7304688,0.9967649,1
features_1:2053,features_1.npy,2053,train,1,7.7578125,0.9995728,1
features_1:2055,features_1.npy,2055,train,1,7.6796875,0.99953806,1
features_1:2059,features_1.npy,2059,train,1,7.09375,0.9991704,1
features_1:2060,features_1.npy,2060,train,1,7.734375,0.9995627,1
features_1:2062,features_1.npy,2062,train,1,4.265625,0.9861514,1
features_1:2063,features_1.npy,2063,train,1,7.7617188,0.9995745,1
features_1:2064,features_1.npy,2064,train,1,6.6875,0.9987551,1
features_1:2065,features_1.npy,2065,train,1,6.7226562,0.99879813,1
features_1:2066,features_1.npy,2066,train,1,7.7851562,0.99958426,1
features_1:2067,features_1.npy,2067,train,1,7.6835938,0.99954,1
features_1:2069,features_1.npy,2069,train,1,7.6914062,0.9995435,1
features_1:2072,features_1.npy,2072,train,1,5.5546875,0.9961456,1
features_1:2073,features_1.npy,2073,train,1,7.6992188,0.99954695,1
features_1:2074,features_1.npy,2074,train,1,7.734375,0.9995627,1
features_1:2075,features_1.npy,2075,train,1,7.7929688,0.9995876,1
features_1:2076,features_1.npy,2076,train,1,7.6796875,0.99953806,1
features_1:2077,features_1.npy,2077,train,1,7.8203125,0.9995987,1
features_1:2078,features_1.npy,2078,train,1,7.6953125,0.9995453,1
features_1:2079,features_1.npy,2079,train,1,7.6757812,0.9995363,1
features_1:2080,features_1.npy,2080,train,1,5.1015625,0.99394965,1
features_1:2082,features_1.npy,2082,train,1,7.6445312,0.9995216,1
features_1:2083,features_1.npy,2083,train,1,7.7304688,0.9995609,1
features_1:2084,features_1.npy,2084,train,1,7.421875,0.9994023,1
features_1:2085,features_1.npy,2085,train,1,7.5390625,0.9994684,1
features_1:2086,features_1.npy,2086,train,1,7.1132812,0.99918646,1
features_1:2087,features_1.npy,2087,train,1,7.7070312,0.9995505,1
features_1:2088,features_1.npy,2088,train,1,7.7695312,0.9995778,1
features_1:2089,features_1.npy,2089,train,1,7.6914062,0.9995435,1
features_1:2090,features_1.npy,2090,train,1,7.7382812,0.99956435,1
features_1:2091,features_1.npy,2091,train,1,7.78125,0.9995827,1
features_1:2092,features_1.npy,2092,train,1,5.7304688,0.9967649,1
features_1:2093,features_1.npy,2093,train,1,7.5742188,0.9994867,1
features_1:2094,features_1.npy,2094,train,1,7.6289062,0.9995141,1
features_1:2095,features_1.npy,2095,train,1,7.765625,0.99957615,1
features_1:2097,features_1.npy,2097,train,1,7.453125,0.99942076,1
features_1:2100,features_1.npy,2100,train,1,7.5664062,0.99948263,1
features_1:2101,features_1.npy,2101,train,1,7.7460938,0.9995678,1
features_1:2102,features_1.npy,2102,train,1,7.5898438,0.9994947,1
features_1:2103,features_1.npy,2103,train,1,7.15625,0.9992206,1
features_1:2104,features_1.npy,2104,train,1,7.734375,0.9995627,1
features_1:2105,features_1.npy,2105,train,1,7.6796875,0.99953806,1
features_1:2106,features_1.npy,2106,train,1,7.359375,0.99936384,1
features_1:2107,features_1.npy,2107,train,1,7.71875,0.99955577,1
features_1:2108,features_1.npy,2108,train,1,7.7421875,0.999566,1
features_1:2109,features_1.npy,2109,train,1,7.6953125,0.9995453,1
features_1:2110,features_1.npy,2110,train,1,7.7695312,0.9995778,1
features_1:2111,features_1.npy,2111,train,1,7.5039062,0.9994493,1
features_1:2112,features_1.npy,2112,train,1,7.6835938,0.99954,1
features_1:2114,features_1.npy,2114,train,1,5.5664062,0.9961903,1
features_1:2115,features_1.npy,2115,train,1,7.515625,0.99945575,1
features_1:2117,features_1.npy,2117,train,1,7.0117188,0.9990996,1
features_1:2121,features_1.npy,2121,train,1,7.1484375,0.99921453,1
features_1:2123,features_1.npy,2123,train,1,7.609375,0.99950445,1
features_1:2124,features_1.npy,2124,train,1,6.8320312,0.9989225,1
features_1:2125,features_1.npy,2125,train,1,7.7382812,0.99956435,1
features_1:2127,features_1.npy,2127,train,1,7.7070312,0.9995505,1
features_1:2130,features_1.npy,2130,train,1,7.6640625,0.9995308,1
features_1:2131,features_1.npy,2131,train,1,7.640625,0.9995197,1
features_1:2133,features_1.npy,2133,train,1,7.6953125,0.9995453,1
features_1:2135,features_1.npy,2135,train,1,7.6914062,0.9995435,1
features_1:2136,features_1.npy,2136,train,1,7.6796875,0.99953806,1
features_1:2137,features_1.npy,2137,train,1,7.6640625,0.9995308,1
features_1:2138,features_1.npy,2138,train,1,7.5078125,0.99945146,1
features_1:2141,features_1.npy,2141,train,1,7.7460938,0.9995678,1
features_1:2142,features_1.npy,2142,train,1,7.703125,0.99954873,1
features_1:2143,features_1.npy,2143,train,1,7.671875,0.9995345,1
features_1:2144,features_1.npy,2144,train,1,7.453125,0.99942076,1
features_1:2145,features_1.npy,2145,train,1,7.2734375,0.9993068,1
features_1:2148,features_1.npy,2148,train,1,7.4648438,0.99942744,1
features_1:2149,features_1.npy,2149,train,1,7.640625,0.9995197,1
features_1:2150,features_1.npy,2150,train,1,7.7265625,0.9995592,1
features_1:2152,features_1.npy,2152,train,1,7.7695312,0.9995778,1
features_1:2154,features_1.npy,2154,train,1,7.7109375,0.9995523,1
features_1:2156,features_1.npy,2156,train,1,7.6992188,0.99954695,1
features_1:2157,features_1.npy,2157,train,1,7.7265625,0.9995592,1
features_1:2158,features_1.npy,2158,train,1,7.6015625,0.9995005,1
features_1:2159,features_1.npy,2159,train,1,7.7148438,0.999554,1
features_1:2160,features_1.npy,2160,train,1,7.5820312,0.99949074,1
features_1:2161,features_1.npy,2161,train,1,7.71875,0.99955577,1
features_1:2162,features_1.npy,2162,train,1,7.734375,0.9995627,1
features_1:2164,features_1.npy,2164,train,1,7.75,0.9995695,1
features_1:2166,features_1.npy,2166,train,1,6.0664062,0.9976859,1
features_1:2167,features_1.npy,2167,train,1,7.6796875,0.99953806,1
features_1:2168,features_1.npy,2168,train,1,6.671875,0.9987356,1
features_1:2171,features_1.npy,2171,train,1,7.7226562,0.99955755,1
features_1:2172,features_1.npy,2172,train,1,7.4257812,0.99940467,1
features_1:2173,features_1.npy,2173,train,1,7.4726562,0.9994319,1
features_1:2176,features_1.npy,2176,train,1,7.7382812,0.99956435,1
features_1:2177,features_1.npy,2177,train,1,7.6328125,0.9995159,1
features_1:2178,features_1.npy,2178,train,1,7.6679688,0.9995327,1
features_1:2179,features_1.npy,2179,train,1,7.6875,0.99954176,1
features_1:2180,features_1.npy,2180,train,1,7.7695312,0.9995778,1
features_1:2181,features_1.npy,2181,train,1,7.7421875,0.999566,1
features_1:2182,features_1.npy,2182,train,1,3.2167969,0.9614615,1
features_1:2183,features_1.npy,2183,train,1,6.8789062,0.9989718,1
features_1:2184,features_1.npy,2184,train,1,7.578125,0.9994887,1
features_1:2186,features_1.npy,2186,train,1,7.7890625,0.9995859,1
features_1:2187,features_1.npy,2187,train,1,7.734375,0.9995627,1
features_1:2188,features_1.npy,2188,train,1,7.75,0.9995695,1
features_1:2189,features_1.npy,2189,train,1,7.7617188,0.9995745,1
features_1:2190,features_1.npy,2190,train,1,6.765625,0.99884856,1
features_1:2191,features_1.npy,2191,train,1,7.7695312,0.9995778,1
features_1:2192,features_1.npy,2192,train,1,7.6796875,0.99953806,1
features_1:2193,features_1.npy,2193,train,1,7.6914062,0.9995435,1
features_1:2194,features_1.npy,2194,train,1,7.5976562,0.9994986,1
features_1:2195,features_1.npy,2195,train,1,6.9023438,0.9989956,1
features_1:2196,features_1.npy,2196,train,1,7.25,0.99929035,1
features_1:2198,features_1.npy,2198,train,1,7.7109375,0.9995523,1
features_1:2199,features_1.npy,2199,train,1,7.6914062,0.9995435,1
features_1:2200,features_1.npy,2200,train,1,7.6171875,0.99950826,1
features_1:2201,features_1.npy,2201,train,1,7.71875,0.99955577,1
features_1:2203,features_1.npy,2203,train,1,7.6796875,0.99953806,1
features_1:2205,features_1.npy,2205,train,1,7.7695312,0.9995778,1
features_1:2206,features_1.npy,2206,train,1,7.6210938,0.9995103,1
features_1:2207,features_1.npy,2207,train,1,7.71875,0.99955577,1
features_1:2209,features_1.npy,2209,train,1,6.3398438,0.99823856,1
features_1:2210,features_1.npy,2210,train,1,7.7226562,0.99955755,1
features_1:2211,features_1.npy,2211,train,1,7.6875,0.99954176,1
features_1:2213,features_1.npy,2213,train,1,3.125,0.95791227,1
features_1:2215,features_1.npy,2215,train,1,7.1328125,0.9992022,1
features_1:2218,features_1.npy,2218,train,1,7.5859375,0.99949265,1
features_1:2220,features_1.npy,2220,train,1,7.6757812,0.9995363,1
features_1:2221,features_1.npy,2221,train,1,7.4140625,0.99939764,1
features_1:2222,features_1.npy,2222,train,1,7.7109375,0.9995523,1
features_1:2223,features_1.npy,2223,train,1,7.6953125,0.9995453,1
features_1:2224,features_1.npy,2224,train,1,7.5078125,0.99945146,1
features_1:2225,features_1.npy,2225,train,1,7.7148438,0.999554,1
features_1:2226,features_1.npy,2226,train,1,6.5625,0.9985896,1
features_1:2227,features_1.npy,2227,train,1,7.7734375,0.99957937,1
features_1:2228,features_1.npy,2228,train,1,7.7460938,0.9995678,1
features_1:2230,features_1.npy,2230,train,1,6.7773438,0.998862,1
features_1:2231,features_1.npy,2231,train,1,7.5859375,0.99949265,1
features_1:2233,features_1.npy,2233,train,1,7.6757812,0.9995363,1
features_1:2234,features_1.npy,2234,train,1,7.6875,0.99954176,1
features_1:2236,features_1.npy,2236,train,1,7.484375,0.99943846,1
features_1:2237,features_1.npy,2237,train,1,5.8046875,0.9969957,1
features_1:2238,features_1.npy,2238,train,1,7.3671875,0.9993687,1
features_1:2239,features_1.npy,2239,train,1,7.6445312,0.9995216,1
features_1:2243,features_1.npy,2243,train,1,7.515625,0.99945575,1
features_1:2244,features_1.npy,2244,train,1,7.8046875,0.99959236,1
features_1:2245,features_1.npy,2245,train,1,7.6757812,0.9995363,1
features_1:2249,features_1.npy,2249,train,1,7.46875,0.99942964,1
features_1:2251,features_1.npy,2251,train,1,7.7578125,0.9995728,1
features_1:2254,features_1.npy,2254,train,1,7.2851562,0.9993148,1
features_1:2256,features_1.npy,2256,train,1,7.8085938,0.9995939,1
features_1:2258,features_1.npy,2258,train,1,7.6796875,0.99953806,1
features_1:2259,features_1.npy,2259,train,1,7.6796875,0.99953806,1
features_1:2260,features_1.npy,2260,train,1,7.4140625,0.99939764,1
features_1:2261,features_1.npy,2261,train,1,7.7617188,0.9995745,1
features_1:2267,features_1.npy,2267,train,1,7.6640625,0.9995308,1
features_1:2270,features_1.npy,2270,train,1,7.484375,0.99943846,1
features_1:2271,features_1.npy,2271,train,1,7.3945312,0.9993857,1
features_1:2273,features_1.npy,2273,train,1,7.515625,0.99945575,1
features_1:2274,features_1.npy,2274,train,1,7.5234375,0.99946004,1
features_1:2278,features_1.npy,2278,train,1,7.6796875,0.99953806,1
features_1:2279,features_1.npy,2279,train,1,5.7421875,0.99680245,1
features_1:2280,features_1.npy,2280,train,1,7.7382812,0.99956435,1
features_1:2281,features_1.npy,2281,train,1,7.78125,0.9995827,1
features_1:2282,features_1.npy,2282,train,1,7.6953125,0.9995453,1
features_1:2283,features_1.npy,2283,train,1,7.7265625,0.9995592,1
features_1:2284,features_1.npy,2284,train,1,7.7539062,0.99957114,1
features_1:2285,features_1.npy,2285,train,1,7.3398438,0.9993513,1
features_1:2286,features_1.npy,2286,train,1,5.5507812,0.9961306,1
features_1:2287,features_1.npy,2287,train,1,4.5742188,0.989791,1
features_1:2288,features_1.npy,2288,train,1,7.6914062,0.9995435,1
features_1:2289,features_1.npy,2289,train,1,7.6835938,0.99954,1
features_1:2291,features_1.npy,2291,train,1,7.65625,0.9995272,1
features_1:2293,features_1.npy,2293,train,1,7.6992188,0.99954695,1
features_1:2295,features_1.npy,2295,train,1,7.5625,0.99948066,1
features_1:2296,features_1.npy,2296,train,1,7.0507812,0.999134,1
features_1:2297,features_1.npy,2297,train,1,7.4335938,0.9994093,1
features_1:2298,features_1.npy,2298,train,1,7.75,0.9995695,1
features_1:2299,features_1.npy,2299,train,1,7.2773438,0.9993094,1
features_1:2300,features_1.npy,2300,train,1,7.4765625,0.99943405,1
features_1:2303,features_1.npy,2303,train,1,7.546875,0.99947256,1
features_1:2304,features_1.npy,2304,train,1,7.6367188,0.9995178,1
features_1:2305,features_1.npy,2305,train,1,7.1953125,0.9992505,1
features_1:2306,features_1.npy,2306,train,1,7.6171875,0.99950826,1
features_1:2309,features_1.npy,2309,train,1,7.6210938,0.9995103,1
features_1:2312,features_1.npy,2312,train,1,7.7226562,0.99955755,1
features_1:2315,features_1.npy,2315,train,1,7.1523438,0.9992175,1
features_1:2316,features_1.npy,2316,train,1,6.6757812,0.9987405,1
features_1:2317,features_1.npy,2317,train,1,7.6679688,0.9995327,1
features_1:2318,features_1.npy,2318,train,1,7.6992188,0.99954695,1
features_1:2320,features_1.npy,2320,train,1,7.7460938,0.9995678,1
features_1:2321,features_1.npy,2321,train,1,7.7617188,0.9995745,1
features_1:2323,features_1.npy,2323,train,1,7.5820312,0.99949074,1
features_1:2324,features_1.npy,2324,train,1,7.765625,0.99957615,1
features_1:2325,features_1.npy,2325,train,1,7.6953125,0.9995453,1
features_1:2326,features_1.npy,2326,train,1,7.484375,0.99943846,1
features_1:2328,features_1.npy,2328,train,1,7.453125,0.99942076,1
features_1:2329,features_1.npy,2329,train,1,7.3320312,0.9993462,1
features_1:2330,features_1.npy,2330,train,1,7.6484375,0.9995234,1
features_1:2331,features_1.npy,2331,train,1,7.78125,0.9995827,1
features_1:2332,features_1.npy,2332,train,1,7.7109375,0.9995523,1
features_1:2334,features_1.npy,2334,train,1,7.671875,0.9995345,1
features_1:2336,features_1.npy,2336,train,1,7.6015625,0.9995005,1
features_1:2337,features_1.npy,2337,train,1,7.1054688,0.99918,1
features_1:2338,features_1.npy,2338,train,1,7.78125,0.9995827,1
features_1:2340,features_1.npy,2340,train,1,7.734375,0.9995627,1
features_1:2341,features_1.npy,2341,train,1,7.4023438,0.9993905,1
features_1:2342,features_1.npy,2342,train,1,7.7109375,0.9995523,1
features_1:2343,features_1.npy,2343,train,1,7.5,0.99944717,1
features_1:2344,features_1.npy,2344,train,1,7.7421875,0.999566,1
features_1:2345,features_1.npy,2345,train,1,7.0039062,0.99909246,1
features_1:2346,features_1.npy,2346,train,1,7.46875,0.99942964,1
features_1:2347,features_1.npy,2347,train,1,7.7382812,0.99956435,1
features_1:2348,features_1.npy,2348,train,1,7.171875,0.99923277,1
features_1:2349,features_1.npy,2349,train,1,7.8242188,0.99960023,1
features_1:2354,features_1.npy,2354,train,1,7.7539062,0.99957114,1
features_1:2355,features_1.npy,2355,train,1,7.7851562,0.99958426,1
features_1:2356,features_1.npy,2356,train,1,7.296875,0.9993228,1
features_1:2359,features_1.npy,2359,train,1,5.7734375,0.99690056,1
features_1:2363,features_1.npy,2363,train,1,7.7109375,0.9995523,1
features_1:2366,features_1.npy,2366,train,1,3.1796875,0.9600627,1
features_1:2367,features_1.npy,2367,train,1,7.71875,0.99955577,1
features_1:2368,features_1.npy,2368,train,1,7.7460938,0.9995678,1
features_1:2371,features_1.npy,2371,train,1,7.78125,0.9995827,1
features_1:2372,features_1.npy,2372,train,1,7.7539062,0.99957114,1
features_1:2374,features_1.npy,2374,train,1,7.5664062,0.99948263,1
features_1:2377,features_1.npy,2377,train,1,7.7109375,0.9995523,1
features_1:2379,features_1.npy,2379,train,1,7.4648438,0.99942744,1
features_1:2381,features_1.npy,2381,train,1,7.1523438,0.9992175,1
features_0:13,features_0.npy,13,validation,0,-7.3554688,0.0006386796,0
features_0:14,features_0.npy,14,validation,0,-0.78808594,0.3125798,0
features_0:16,features_0.npy,16,validation,0,-7.3984375,0.00061183405,0
features_0:17,features_0.npy,17,validation,0,-7.2929688,0.00067984295,0
features_0:20,features_0.npy,20,validation,0,-7.296875,0.0006771943,0
features_0:37,features_0.npy,37,validation,0,-7.359375,0.0006361912,0
features_0:40,features_0.npy,40,validation,0,-7.3203125,0.0006615174,0
features_0:46,features_0.npy,46,validation,0,-7.3320312,0.0006538155,0
features_0:50,features_0.npy,50,validation,0,-7.3515625,0.0006411777,0
features_0:53,features_0.npy,53,validation,0,-7.3515625,0.0006411777,0
features_0:95,features_0.npy,95,validation,0,-7.3789062,0.00062389387,0
features_0:98,features_0.npy,98,validation,0,-7.4179688,0.0006000072,0
features_0:103,features_0.npy,103,validation,0,-7.40625,0.00060707564,0
features_0:116,features_0.npy,116,validation,0,-7.4375,0.00058840885,0
features_0:119,features_0.npy,119,validation,0,-7.015625,0.00089693937,0
features_0:122,features_0.npy,122,validation,0,-7.4179688,0.0006000072,0
features_0:130,features_0.npy,130,validation,0,-7.4179688,0.0006000072,0
features_0:134,features_0.npy,134,validation,0,-7.4257812,0.0005953407,0
features_0:143,features_0.npy,143,validation,0,-7.3242188,0.0006589401,0
features_0:146,features_0.npy,146,validation,0,-7.4179688,0.0006000072,0
features_0:149,features_0.npy,149,validation,0,-7.3828125,0.000621463,0
features_0:151,features_0.npy,151,validation,0,-7.4179688,0.0006000072,0
features_0:153,features_0.npy,153,validation,0,-7.28125,0.00068785116,0
features_0:154,features_0.npy,154,validation,0,-7.3398438,0.00064873084,0
features_0:157,features_0.npy,157,validation,0,-7.34375,0.00064620323,0
features_0:160,features_0.npy,160,validation,0,-7.3867188,0.0006190417,0
features_0:180,features_0.npy,180,validation,0,-7.2851562,0.00068517134,0
features_0:186,features_0.npy,186,validation,0,-7.34375,0.00064620323,0
features_0:187,features_0.npy,187,validation,0,-7.3398438,0.00064873084,0
features_0:190,features_0.npy,190,validation,0,-7.390625,0.00061662967,0
features_0:201,features_0.npy,201,validation,0,-7.1523438,0.00078241405,0
features_0:206,features_0.npy,206,validation,0,-7.390625,0.00061662967,0
features_0:207,features_0.npy,207,validation,0,-7.3671875,0.0006312434,0
features_0:217,features_0.npy,217,validation,0,-7.4453125,0.0005838325,0
features_0:225,features_0.npy,225,validation,0,-7.3515625,0.0006411777,0
features_0:230,features_0.npy,230,validation,0,-7.3789062,0.00062389387,0
features_0:252,features_0.npy,252,validation,0,-7.3632812,0.0006337125,0
features_0:253,features_0.npy,253,validation,0,-7.3476562,0.0006436856,0
features_0:257,features_0.npy,257,validation,0,-7.3828125,0.000621463,0
features_0:279,features_0.npy,279,validation,0,-7.3359375,0.0006512683,0
features_0:283,features_0.npy,283,validation,0,-7.3320312,0.0006538155,0
features_0:293,features_0.npy,293,validation,0,-7.3789062,0.00062389387,0
features_0:295,features_0.npy,295,validation,0,-7.1835938,0.00075835997,0
features_0:301,features_0.npy,301,validation,0,-7.3867188,0.0006190417,0
features_0:313,features_0.npy,313,validation,0,-7.3203125,0.0006615174,0
features_0:320,features_0.npy,320,validation,0,-7.4414062,0.00058611616,0
features_0:335,features_0.npy,335,validation,0,-7.453125,0.00057929166,0
features_0:337,features_0.npy,337,validation,0,-7.2890625,0.0006825019,0
features_0:340,features_0.npy,340,validation,0,-7.3789062,0.00062389387,0
features_0:343,features_0.npy,343,validation,0,-7.3242188,0.0006589401,0
features_0:356,features_0.npy,356,validation,0,-7.4023438,0.0006094501,0
features_0:369,features_0.npy,369,validation,0,-7.390625,0.00061662967,0
features_0:385,features_0.npy,385,validation,0,-7.3945312,0.0006142272,0
features_0:392,features_0.npy,392,validation,0,-7.3046875,0.0006719279,0
features_0:397,features_0.npy,397,validation,0,-7.3945312,0.0006142272,0
features_0:401,features_0.npy,401,validation,0,-7.3203125,0.0006615174,0
features_0:402,features_0.npy,402,validation,0,-7.3359375,0.0006512683,0
features_0:407,features_0.npy,407,validation,0,-7.3632812,0.0006337125,0
features_0:431,features_0.npy,431,validation,0,-7.3945312,0.0006142272,0
features_0:443,features_0.npy,443,validation,0,-7.3125,0.00066670234,0
features_0:452,features_0.npy,452,validation,0,-7.234375,0.00072083797,0
features_0:455,features_0.npy,455,validation,0,-7.359375,0.0006361912,0
features_0:469,features_0.npy,469,validation,0,-7.3632812,0.0006337125,0
features_0:473,features_0.npy,473,validation,0,-7.40625,0.00060707564,0
features_0:487,features_0.npy,487,validation,0,-7.3320312,0.0006538155,0
features_0:488,features_0.npy,488,validation,0,-7.3125,0.00066670234,0
features_0:489,features_0.npy,489,validation,0,-7.3515625,0.0006411777,0
features_0:502,features_0.npy,502,validation,0,-7.2148438,0.00073504477,0
features_0:510,features_0.npy,510,validation,0,-7.3476562,0.0006436856,0
features_0:511,features_0.npy,511,validation,0,-7.2148438,0.00073504477,0
features_0:512,features_0.npy,512,validation,0,-7.2617188,0.00070140825,0
features_0:515,features_0.npy,515,validation,0,-7.3398438,0.00064873084,0
features_0:517,features_0.npy,517,validation,0,-7.421875,0.00059766934,0
features_0:520,features_0.npy,520,validation,0,-7.3515625,0.0006411777,0
features_0:524,features_0.npy,524,validation,0,-5.6484375,0.0035106489,0
features_0:540,features_0.npy,540,validation,0,-7.1132812,0.00081355654,0
features_0:550,features_0.npy,550,validation,0,-0.92529297,0.28388065,0
features_0:562,features_0.npy,562,validation,0,-7.3515625,0.0006411777,0
features_0:564,features_0.npy,564,validation,0,-7.3476562,0.0006436856,0
features_0:586,features_0.npy,586,validation,0,-7.2382812,0.00071802974,0
features_0:633,features_0.npy,633,validation,0,-7.4140625,0.0006023541,0
features_0:641,features_0.npy,641,validation,0,-7.3984375,0.00061183405,0
features_0:653,features_0.npy,653,validation,0,-3.8867188,0.020100238,0
features_0:656,features_0.npy,656,validation,0,-7.0820312,0.00083935994,0
features_0:659,features_0.npy,659,validation,0,0.7709961,0.6837363,1
features_0:663,features_0.npy,663,validation,0,-7.0664062,0.0008525666,0
features_0:684,features_0.npy,684,validation,0,-1.9375,0.12592275,0
features_0:685,features_0.npy,685,validation,0,-7.0546875,0.00086260773,0
features_0:686,features_0.npy,686,validation,0,-7.0664062,0.0008525666,0
features_0:689,features_0.npy,689,validation,0,-7.0898438,0.0008328334,0
features_0:690,features_0.npy,690,validation,0,-3.2089844,0.038829025,0
features_0:696,features_0.npy,696,validation,0,-7.2617188,0.00070140825,0
features_0:698,features_0.npy,698,validation,0,-7.0585938,0.00085924764,0
features_0:702,features_0.npy,702,validation,0,-7.2304688,0.00072365726,0
features_0:725,features_0.npy,725,validation,0,-7.2070312,0.0007408056,0
features_0:740,features_0.npy,740,validation,0,-7.1484375,0.00078547397,0
features_0:748,features_0.npy,748,validation,0,-7.1875,0.00075540564,0
features_0:749,features_0.npy,749,validation,0,-7.1875,0.00075540564,0
features_0:763,features_0.npy,763,validation,0,-7.2617188,0.00070140825,0
features_0:769,features_0.npy,769,validation,0,-7.2070312,0.0007408056,0
features_0:773,features_0.npy,773,validation,0,-7.203125,0.00074370287,0
features_0:776,features_0.npy,776,validation,0,-7.359375,0.0006361912,0
features_0:779,features_0.npy,779,validation,0,-6.2109375,0.0020033333,0
features_0:790,features_0.npy,790,validation,0,-7.1601562,0.00077632995,0
features_0:795,features_0.npy,795,validation,0,-7.2382812,0.00071802974,0
features_0:801,features_0.npy,801,validation,0,-7.2929688,0.00067984295,0
features_0:804,features_0.npy,804,validation,0,-7.21875,0.0007321812,0
features_0:805,features_0.npy,805,validation,0,-7.2929688,0.00067984295,0
features_0:821,features_0.npy,821,validation,0,-7.2617188,0.00070140825,0
features_0:822,features_0.npy,822,validation,0,-7.3203125,0.0006615174,0
features_0:827,features_0.npy,827,validation,0,-6.2734375,0.001882186,0
features_0:830,features_0.npy,830,validation,0,-6.3789062,0.0016941034,0
features_0:831,features_0.npy,831,validation,0,-7.4257812,0.0005953407,0
features_0:835,features_0.npy,835,validation,0,-2.640625,0.06656919,0
features_0:837,features_0.npy,837,validation,0,-7.109375,0.000816738,0
features_0:853,features_0.npy,853,validation,0,-7.09375,0.0008295891,0
features_0:854,features_0.npy,854,validation,0,-6.2421875,0.0019418169,0
features_0:860,features_0.npy,860,validation,0,-6.984375,0.00092538487,0
features_0:866,features_0.npy,866,validation,0,-7.171875,0.00076729245,0
features_0:871,features_0.npy,871,validation,0,-6.7695312,0.001146916,0
features_0:877,features_0.npy,877,validation,0,-6.2382812,0.0019494022,0
features_0:883,features_0.npy,883,validation,0,-7.28125,0.00068785116,0
features_0:891,features_0.npy,891,validation,0,-7.1523438,0.00078241405,0
features_0:896,features_0.npy,896,validation,0,-6.9570312,0.00095101306,0
features_0:897,features_0.npy,897,validation,0,-0.004901886,0.49877456,0
features_0:913,features_0.npy,913,validation,0,-6.71875,0.0012065897,0
features_0:927,features_0.npy,927,validation,0,-7.2773438,0.0006905414,0
features_0:951,features_0.npy,951,validation,0,-7.2890625,0.0006825019,0
features_0:954,features_0.npy,954,validation,0,-6.5976562,0.0013617035,0
features_0:955,features_0.npy,955,validation,0,-7.3945312,0.0006142272,0
features_0:960,features_0.npy,960,validation,0,-6.8398438,0.0010691264,0
features_0:961,features_0.npy,961,validation,0,-7.2070312,0.0007408056,0
features_0:971,features_0.npy,971,validation,0,-7.1757812,0.0007643034,0
features_0:972,features_0.npy,972,validation,0,4.984375,0.9932025,1
features_0:975,features_0.npy,975,validation,0,-6.8125,0.0010987311,0
features_0:995,features_0.npy,995,validation,0,-7.2265625,0.0007264875,0
features_0:996,features_0.npy,996,validation,0,-7.2851562,0.00068517134,0
features_0:1002,features_0.npy,1002,validation,0,-7.0429688,0.00087276695,0
features_0:1011,features_0.npy,1011,validation,0,-7.15625,0.00077936606,0
features_0:1012,features_0.npy,1012,validation,0,-7.3984375,0.00061183405,0
features_0:1014,features_0.npy,1014,validation,0,-3.4765625,0.029986508,0
features_0:1016,features_0.npy,1016,validation,0,5.5351562,0.9960699,1
features_0:1017,features_0.npy,1017,validation,0,-7.4335938,0.0005907105,0
features_0:1019,features_0.npy,1019,validation,0,-5.4101562,0.004451041,0
features_0:1025,features_0.npy,1025,validation,0,-7.15625,0.00077936606,0
features_0:1028,features_0.npy,1028,validation,0,-6.6679688,0.0012693644,0
features_0:1038,features_0.npy,1038,validation,0,-7.1132812,0.00081355654,0
features_0:1039,features_0.npy,1039,validation,0,-7.1953125,0.00074953143,0
features_0:1051,features_0.npy,1051,validation,0,-6.7578125,0.0011604197,0
features_0:1056,features_0.npy,1056,validation,0,-7.3789062,0.00062389387,0
features_0:1059,features_0.npy,1059,validation,0,-7.0742188,0.0008459375,0
features_0:1062,features_0.npy,1062,validation,0,-7.0820312,0.00083935994,0
features_0:1069,features_0.npy,1069,validation,0,-5.1757812,0.0056200367,0
features_0:1070,features_0.npy,1070,validation,0,-7.234375,0.00072083797,0
features_0:1072,features_0.npy,1072,validation,0,-7.390625,0.00061662967,0
features_0:1077,features_0.npy,1077,validation,0,-7.3476562,0.0006436856,0
features_0:1081,features_0.npy,1081,validation,0,7.4609375,0.9994253,1
features_0:1086,features_0.npy,1086,validation,0,-7.140625,0.0007916296,0
features_0:1095,features_0.npy,1095,validation,0,-6.6523438,0.0012893284,0
features_0:1099,features_0.npy,1099,validation,0,-7.1914062,0.0007524627,0
features_0:1109,features_0.npy,1109,validation,0,-6.625,0.0013250225,0
features_0:1115,features_0.npy,1115,validation,0,-7.2851562,0.00068517134,0
features_0:1119,features_0.npy,1119,validation,0,-7.1953125,0.00074953143,0
features_0:1122,features_0.npy,1122,validation,0,-7.2304688,0.00072365726,0
features_0:1123,features_0.npy,1123,validation,0,-6.3242188,0.0017891593,0
features_0:1127,features_0.npy,1127,validation,0,-1.8027344,0.14151853,0
features_0:1129,features_0.npy,1129,validation,0,-7.203125,0.00074370287,0
features_0:1136,features_0.npy,1136,validation,0,7.6875,0.99954176,1
features_0:1141,features_0.npy,1141,validation,0,-4.7226562,0.008813167,0
features_0:1143,features_0.npy,1143,validation,0,-7.234375,0.00072083797,0
features_0:1152,features_0.npy,1152,validation,0,-7.125,0.0008040859,0
features_0:1153,features_0.npy,1153,validation,0,-5.6679688,0.003442981,0
features_0:1166,features_0.npy,1166,validation,0,-7.1953125,0.00074953143,0
features_0:1183,features_0.npy,1183,validation,0,-7.1601562,0.00077632995,0
features_0:1184,features_0.npy,1184,validation,0,-5.8867188,0.0027683855,0
features_0:1186,features_0.npy,1186,validation,0,7.625,0.9995122,1
features_0:1194,features_0.npy,1194,validation,0,-7.0273438,0.0008864989,0
features_0:1195,features_0.npy,1195,validation,0,-7.0664062,0.0008525666,0
features_0:1207,features_0.npy,1207,validation,0,-7.28125,0.00068785116,0
features_0:1215,features_0.npy,1215,validation,0,-5.2773438,0.0050800373,0
features_0:1216,features_0.npy,1216,validation,0,-7.3632812,0.0006337125,0
features_0:1218,features_0.npy,1218,validation,0,-3.8007812,0.021864556,0
features_0:1219,features_0.npy,1219,validation,0,-2.4707031,0.077937685,0
features_0:1241,features_0.npy,1241,validation,0,-7.2109375,0.00073791965,0
features_0:1257,features_0.npy,1257,validation,0,-7.0,0.0009110512,0
features_0:1264,features_0.npy,1264,validation,0,-7.3671875,0.0006312434,0
features_0:1266,features_0.npy,1266,validation,0,-7.1015625,0.00082313863,0
features_0:1279,features_0.npy,1279,validation,0,-7.3515625,0.0006411777,0
features_0:1283,features_0.npy,1283,validation,0,-6.5039062,0.0014953385,0
features_0:1291,features_0.npy,1291,validation,0,-6.7734375,0.0011424496,0
features_0:1294,features_0.npy,1294,validation,0,6.8867188,0.99897975,1
features_0:1300,features_0.npy,1300,validation,0,-7.046875,0.0008693674,0
features_0:1306,features_0.npy,1306,validation,0,-7.1445312,0.0007885458,0
features_0:1327,features_0.npy,1327,validation,0,-4.8476562,0.007785655,0
features_0:1332,features_0.npy,1332,validation,0,-7.15625,0.00077936606,0
features_0:1337,features_0.npy,1337,validation,0,-7.3164062,0.0006641048,0
features_0:1356,features_0.npy,1356,validation,0,-7.4179688,0.0006000072,0
features_0:1367,features_0.npy,1367,validation,0,-2.6171875,0.06804042,0
features_0:1371,features_0.npy,1371,validation,0,-6.8789062,0.0010282109,0
features_0:1377,features_0.npy,1377,validation,0,-7.1875,0.00075540564,0
features_0:1378,features_0.npy,1378,validation,0,-7.3789062,0.00062389387,0
features_0:1394,features_0.npy,1394,validation,0,-7.203125,0.00074370287,0
features_0:1402,features_0.npy,1402,validation,0,-6.8046875,0.0011073389,0
features_0:1408,features_0.npy,1408,validation,0,-7.0976562,0.0008263577,0
features_0:1410,features_0.npy,1410,validation,0,-7.2890625,0.0006825019,0
features_0:1411,features_0.npy,1411,validation,0,-7.28125,0.00068785116,0
features_0:1412,features_0.npy,1412,validation,0,-7.296875,0.0006771943,0
features_0:1413,features_0.npy,1413,validation,0,-5.390625,0.0045384318,0
features_0:1416,features_0.npy,1416,validation,0,-6.546875,0.0014325366,0
features_0:1420,features_0.npy,1420,validation,0,-7.1914062,0.0007524627,0
features_0:1425,features_0.npy,1425,validation,0,-7.2890625,0.0006825019,0
features_0:1426,features_0.npy,1426,validation,0,-7.21875,0.0007321812,0
features_0:1427,features_0.npy,1427,validation,0,-6.90625,0.0010005044,0
features_0:1430,features_0.npy,1430,validation,0,-7.25,0.0007096704,0
features_0:1434,features_0.npy,1434,validation,0,-7.2929688,0.00067984295,0
features_0:1437,features_0.npy,1437,validation,0,-6.609375,0.0013458605,0
features_0:1445,features_0.npy,1445,validation,0,-7.1679688,0.0007702932,0
features_0:1447,features_0.npy,1447,validation,0,-7.2617188,0.00070140825,0
features_0:1460,features_0.npy,1460,validation,0,-7.3085938,0.00066931,0
features_0:1468,features_0.npy,1468,validation,0,-7.1601562,0.00077632995,0
features_0:1478,features_0.npy,1478,validation,0,-7.265625,0.00069867563,0
features_0:1480,features_0.npy,1480,validation,0,-6.3710938,0.0017073674,0
features_0:1482,features_0.npy,1482,validation,0,-7.1132812,0.00081355654,0
features_0:1484,features_0.npy,1484,validation,0,-4.4648438,0.0113756,0
features_0:1494,features_0.npy,1494,validation,0,-7.171875,0.00076729245,0
features_0:1499,features_0.npy,1499,validation,0,-7.203125,0.00074370287,0
features_0:1502,features_0.npy,1502,validation,0,-7.1757812,0.0007643034,0
features_0:1503,features_0.npy,1503,validation,0,-7.1992188,0.00074661145,0
features_0:1512,features_0.npy,1512,validation,0,-7.125,0.0008040859,0
features_0:1515,features_0.npy,1515,validation,0,-7.0625,0.0008559006,0
features_0:1522,features_0.npy,1522,validation,0,-7.1601562,0.00077632995,0
features_0:1523,features_0.npy,1523,validation,0,-7.2695312,0.0006959537,0
features_0:1527,features_0.npy,1527,validation,0,-7.3359375,0.0006512683,0
features_0:1546,features_0.npy,1546,validation,0,4.1445312,0.98439646,1
features_0:1548,features_0.npy,1548,validation,0,-6.984375,0.00092538487,0
features_0:1550,features_0.npy,1550,validation,0,-7.1289062,0.00080095365,0
features_0:1552,features_0.npy,1552,validation,0,-7.3398438,0.00064873084,0
features_0:1556,features_0.npy,1556,validation,0,-7.4023438,0.0006094501,0
features_0:1561,features_0.npy,1561,validation,0,-7.1914062,0.0007524627,0
features_0:1566,features_0.npy,1566,validation,0,-7.1054688,0.00081993215,0
features_0:1576,features_0.npy,1576,validation,0,-7.3515625,0.0006411777,0
features_0:1589,features_0.npy,1589,validation,0,-7.0859375,0.0008360903,0
features_0:1607,features_0.npy,1607,validation,0,-7.328125,0.00065637287,0
features_0:1608,features_0.npy,1608,validation,0,-5.9609375,0.002570868,0
features_0:1610,features_0.npy,1610,validation,0,-7.203125,0.00074370287,0
features_0:1613,features_0.npy,1613,validation,0,-6.2070312,0.0020111583,0
features_0:1627,features_0.npy,1627,validation,0,-7.4296875,0.00059302105,0
features_0:1646,features_0.npy,1646,validation,0,-5.5625,0.0038244836,0
features_1:1,features_1.npy,1,validation,1,7.6875,0.99954176,1
features_1:9,features_1.npy,9,validation,1,2.7363281,0.93913656,1
features_1:20,features_1.npy,20,validation,1,7.7773438,0.99958104,1
features_1:27,features_1.npy,27,validation,1,7.5742188,0.9994867,1
features_1:28,features_1.npy,28,validation,1,7.59375,0.9994967,1
features_1:41,features_1.npy,41,validation,1,7.671875,0.9995345,1
features_1:50,features_1.npy,50,validation,1,7.1953125,0.9992505,1
features_1:54,features_1.npy,54,validation,1,7.5195312,0.9994579,1
features_1:57,features_1.npy,57,validation,1,7.5546875,0.9994766,1
features_1:66,features_1.npy,66,validation,1,7.5195312,0.9994579,1
features_1:71,features_1.npy,71,validation,1,7.7070312,0.9995505,1
features_1:83,features_1.npy,83,validation,1,7.375,0.99937373,1
features_1:85,features_1.npy,85,validation,1,7.7890625,0.9995859,1
features_1:89,features_1.npy,89,validation,1,4.3945312,0.98780584,1
features_1:94,features_1.npy,94,validation,1,7.65625,0.9995272,1
features_1:101,features_1.npy,101,validation,1,7.6523438,0.9995253,1
features_1:105,features_1.npy,105,validation,1,7.7265625,0.9995592,1
features_1:110,features_1.npy,110,validation,1,7.5117188,0.9994536,1
features_1:113,features_1.npy,113,validation,1,7.7070312,0.9995505,1
features_1:115,features_1.npy,115,validation,1,7.6210938,0.9995103,1
features_1:116,features_1.npy,116,validation,1,7.7109375,0.9995523,1
features_1:125,features_1.npy,125,validation,1,7.6601562,0.999529,1
features_1:127,features_1.npy,127,validation,1,6.8125,0.99890125,1
features_1:129,features_1.npy,129,validation,1,7.7695312,0.9995778,1
features_1:140,features_1.npy,140,validation,1,7.7148438,0.999554,1
features_1:145,features_1.npy,145,validation,1,6.1484375,0.9978677,1
features_1:163,features_1.npy,163,validation,1,7.7460938,0.9995678,1
features_1:197,features_1.npy,197,validation,1,7.1328125,0.9992022,1
features_1:213,features_1.npy,213,validation,1,7.5976562,0.9994986,1
features_1:236,features_1.npy,236,validation,1,7.578125,0.9994887,1
features_1:241,features_1.npy,241,validation,1,7.7148438,0.999554,1
features_1:243,features_1.npy,243,validation,1,7.7695312,0.9995778,1
features_1:250,features_1.npy,250,validation,1,7.6015625,0.9995005,1
features_1:260,features_1.npy,260,validation,1,7.703125,0.99954873,1
features_1:265,features_1.npy,265,validation,1,7.6757812,0.9995363,1
features_1:273,features_1.npy,273,validation,1,7.71875,0.99955577,1
features_1:275,features_1.npy,275,validation,1,7.390625,0.99938333,1
features_1:286,features_1.npy,286,validation,1,7.4257812,0.99940467,1
features_1:290,features_1.npy,290,validation,1,7.0351562,0.9991204,1
features_1:297,features_1.npy,297,validation,1,7.7890625,0.9995859,1
features_1:300,features_1.npy,300,validation,1,7.6875,0.99954176,1
features_1:301,features_1.npy,301,validation,1,7.7070312,0.9995505,1
features_1:302,features_1.npy,302,validation,1,7.6484375,0.9995234,1
features_1:303,features_1.npy,303,validation,1,7.6953125,0.9995453,1
features_1:304,features_1.npy,304,validation,1,7.6757812,0.9995363,1
features_1:307,features_1.npy,307,validation,1,7.609375,0.99950445,1
features_1:310,features_1.npy,310,validation,1,7.7460938,0.9995678,1
features_1:323,features_1.npy,323,validation,1,7.6289062,0.9995141,1
features_1:335,features_1.npy,335,validation,1,7.3867188,0.99938095,1
features_1:337,features_1.npy,337,validation,1,7.734375,0.9995627,1
features_1:344,features_1.npy,344,validation,1,7.734375,0.9995627,1
features_1:347,features_1.npy,347,validation,1,7.2578125,0.99929583,1
features_1:349,features_1.npy,349,validation,1,7.4921875,0.9994429,1
features_1:353,features_1.npy,353,validation,1,7.7773438,0.99958104,1
features_1:363,features_1.npy,363,validation,1,7.6445312,0.9995216,1
features_1:374,features_1.npy,374,validation,1,7.6367188,0.9995178,1
features_1:377,features_1.npy,377,validation,1,7.8125,0.9995956,1
features_1:403,features_1.npy,403,validation,1,7.4453125,0.99941623,1
features_1:405,features_1.npy,405,validation,1,7.6367188,0.9995178,1
features_1:426,features_1.npy,426,validation,1,7.5195312,0.9994579,1
features_1:427,features_1.npy,427,validation,1,7.6367188,0.9995178,1
features_1:440,features_1.npy,440,validation,1,7.6601562,0.999529,1
features_1:448,features_1.npy,448,validation,1,7.6601562,0.999529,1
features_1:453,features_1.npy,453,validation,1,7.7734375,0.99957937,1
features_1:455,features_1.npy,455,validation,1,7.609375,0.99950445,1
features_1:458,features_1.npy,458,validation,1,6.3007812,0.99816847,1
features_1:473,features_1.npy,473,validation,1,7.7617188,0.9995745,1
features_1:477,features_1.npy,477,validation,1,7.7148438,0.999554,1
features_1:481,features_1.npy,481,validation,1,7.6132812,0.99950635,1
features_1:488,features_1.npy,488,validation,1,-0.28515625,0.4291901,0
features_1:493,features_1.npy,493,validation,1,7.7460938,0.9995678,1
features_1:497,features_1.npy,497,validation,1,7.7382812,0.99956435,1
features_1:508,features_1.npy,508,validation,1,7.7421875,0.999566,1
features_1:514,features_1.npy,514,validation,1,6.3632812,0.99827933,1
features_1:516,features_1.npy,516,validation,1,7.6914062,0.9995435,1
features_1:519,features_1.npy,519,validation,1,7.7265625,0.9995592,1
features_1:526,features_1.npy,526,validation,1,7.78125,0.9995827,1
features_1:529,features_1.npy,529,validation,1,7.7265625,0.9995592,1
features_1:548,features_1.npy,548,validation,1,2.90625,0.94815457,1
features_1:552,features_1.npy,552,validation,1,7.578125,0.9994887,1
features_1:558,features_1.npy,558,validation,1,7.6445312,0.9995216,1
features_1:569,features_1.npy,569,validation,1,7.5390625,0.9994684,1
features_1:574,features_1.npy,574,validation,1,7.4765625,0.99943405,1
features_1:575,features_1.npy,575,validation,1,7.5664062,0.99948263,1
features_1:580,features_1.npy,580,validation,1,7.5664062,0.99948263,1
features_1:583,features_1.npy,583,validation,1,7.7265625,0.9995592,1
features_1:589,features_1.npy,589,validation,1,7.6210938,0.9995103,1
features_1:606,features_1.npy,606,validation,1,7.7578125,0.9995728,1
features_1:607,features_1.npy,607,validation,1,7.8398438,0.99960643,1
features_1:619,features_1.npy,619,validation,1,7.0898438,0.9991672,1
features_1:628,features_1.npy,628,validation,1,4.9960938,0.9932811,1
features_1:632,features_1.npy,632,validation,1,7.6289062,0.9995141,1
features_1:636,features_1.npy,636,validation,1,1.1367188,0.7570767,1
features_1:647,features_1.npy,647,validation,1,7.5273438,0.9994622,1
features_1:656,features_1.npy,656,validation,1,7.8242188,0.99960023,1
features_1:661,features_1.npy,661,validation,1,7.6171875,0.99950826,1
features_1:663,features_1.npy,663,validation,1,7.640625,0.9995197,1
features_1:664,features_1.npy,664,validation,1,7.4921875,0.9994429,1
features_1:669,features_1.npy,669,validation,1,6.8320312,0.9989225,1
features_1:677,features_1.npy,677,validation,1,7.703125,0.99954873,1
features_1:681,features_1.npy,681,validation,1,7.6601562,0.999529,1
features_1:684,features_1.npy,684,validation,1,7.7734375,0.99957937,1
features_1:687,features_1.npy,687,validation,1,7.5117188,0.9994536,1
features_1:694,features_1.npy,694,validation,1,7.84375,0.999608,1
features_1:703,features_1.npy,703,validation,1,7.7226562,0.99955755,1
features_1:713,features_1.npy,713,validation,1,7.6992188,0.99954695,1
features_1:719,features_1.npy,719,validation,1,7.5742188,0.9994867,1
features_1:725,features_1.npy,725,validation,1,7.6054688,0.99950254,1
features_1:726,features_1.npy,726,validation,1,7.34375,0.9993538,1
features_1:735,features_1.npy,735,validation,1,7.6132812,0.99950635,1
features_1:737,features_1.npy,737,validation,1,6.7539062,0.998835,1
features_1:748,features_1.npy,748,validation,1,7.6875,0.99954176,1
features_1:750,features_1.npy,750,validation,1,0.921875,0.715424,1
features_1:754,features_1.npy,754,validation,1,7.5117188,0.9994536,1
features_1:760,features_1.npy,760,validation,1,7.6367188,0.9995178,1
features_1:769,features_1.npy,769,validation,1,6.7890625,0.9988752,1
features_1:775,features_1.npy,775,validation,1,7.6445312,0.9995216,1
features_1:778,features_1.npy,778,validation,1,7.2109375,0.99926203,1
features_1:782,features_1.npy,782,validation,1,7.5195312,0.9994579,1
features_1:783,features_1.npy,783,validation,1,7.7695312,0.9995778,1
features_1:786,features_1.npy,786,validation,1,7.4960938,0.999445,1
features_1:788,features_1.npy,788,validation,1,7.6484375,0.9995234,1
features_1:791,features_1.npy,791,validation,1,7.734375,0.9995627,1
features_1:792,features_1.npy,792,validation,1,7.7460938,0.9995678,1
features_1:793,features_1.npy,793,validation,1,7.671875,0.9995345,1
features_1:804,features_1.npy,804,validation,1,7.4414062,0.99941385,1
features_1:808,features_1.npy,808,validation,1,6.8203125,0.99890983,1
features_1:813,features_1.npy,813,validation,1,7.75,0.9995695,1
features_1:821,features_1.npy,821,validation,1,7.7578125,0.9995728,1
features_1:834,features_1.npy,834,validation,1,7.7890625,0.9995859,1
features_1:837,features_1.npy,837,validation,1,7.6679688,0.9995327,1
features_1:845,features_1.npy,845,validation,1,7.7109375,0.9995523,1
features_1:861,features_1.npy,861,validation,1,7.4023438,0.9993905,1
features_1:868,features_1.npy,868,validation,1,7.1289062,0.9991991,1
features_1:886,features_1.npy,886,validation,1,7.6210938,0.9995103,1
features_1:891,features_1.npy,891,validation,1,7.7695312,0.9995778,1
features_1:898,features_1.npy,898,validation,1,7.7773438,0.99958104,1
features_1:901,features_1.npy,901,validation,1,7.6289062,0.9995141,1
features_1:902,features_1.npy,902,validation,1,7.6015625,0.9995005,1
features_1:906,features_1.npy,906,validation,1,7.7695312,0.9995778,1
features_1:908,features_1.npy,908,validation,1,7.7539062,0.99957114,1
features_1:911,features_1.npy,911,validation,1,7.0859375,0.99916387,1
features_1:920,features_1.npy,920,validation,1,7.703125,0.99954873,1
features_1:939,features_1.npy,939,validation,1,7.71875,0.99955577,1
features_1:947,features_1.npy,947,validation,1,7.5585938,0.99947864,1
features_1:955,features_1.npy,955,validation,1,-5.7226562,0.003260346,0
features_1:959,features_1.npy,959,validation,1,7.8007812,0.9995908,1
features_1:961,features_1.npy,961,validation,1,7.0078125,0.99909604,1
features_1:963,features_1.npy,963,validation,1,7.6601562,0.999529,1
features_1:970,features_1.npy,970,validation,1,7.2382812,0.99928194,1
features_1:973,features_1.npy,973,validation,1,7.78125,0.9995827,1
features_1:979,features_1.npy,979,validation,1,7.6328125,0.9995159,1
features_1:984,features_1.npy,984,validation,1,0.29614258,0.57349926,1
features_1:986,features_1.npy,986,validation,1,7.703125,0.99954873,1
features_1:992,features_1.npy,992,validation,1,7.6210938,0.9995103,1
features_1:1007,features_1.npy,1007,validation,1,7.5273438,0.9994622,1
features_1:1008,features_1.npy,1008,validation,1,7.5742188,0.9994867,1
features_1:1012,features_1.npy,1012,validation,1,7.609375,0.99950445,1
features_1:1026,features_1.npy,1026,validation,1,7.53125,0.9994642,1
features_1:1030,features_1.npy,1030,validation,1,7.4179688,0.9994,1
features_1:1035,features_1.npy,1035,validation,1,6.578125,0.99861145,1
features_1:1043,features_1.npy,1043,validation,1,7.5703125,0.99948466,1
features_1:1048,features_1.npy,1048,validation,1,7.40625,0.99939287,1
features_1:1049,features_1.npy,1049,validation,1,7.7382812,0.99956435,1
features_1:1058,features_1.npy,1058,validation,1,7.53125,0.9994642,1
features_1:1090,features_1.npy,1090,validation,1,7.7890625,0.9995859,1
features_1:1092,features_1.npy,1092,validation,1,7.828125,0.9996018,1
features_1:1100,features_1.npy,1100,validation,1,7.3632812,0.99936634,1
features_1:1102,features_1.npy,1102,validation,1,7.6367188,0.9995178,1
features_1:1112,features_1.npy,1112,validation,1,7.6796875,0.99953806,1
features_1:1124,features_1.npy,1124,validation,1,6.7734375,0.9988575,1
features_1:1125,features_1.npy,1125,validation,1,6.2578125,0.9980882,1
features_1:1131,features_1.npy,1131,validation,1,7.7695312,0.9995778,1
features_1:1153,features_1.npy,1153,validation,1,7.7148438,0.999554,1
features_1:1156,features_1.npy,1156,validation,1,7.421875,0.9994023,1
features_1:1167,features_1.npy,1167,validation,1,7.7617188,0.9995745,1
features_1:1179,features_1.npy,1179,validation,1,7.7851562,0.99958426,1
features_1:1181,features_1.npy,1181,validation,1,6.3828125,0.9983125,1
features_1:1183,features_1.npy,1183,validation,1,7.6914062,0.9995435,1
features_1:1196,features_1.npy,1196,validation,1,7.6835938,0.99954,1
features_1:1203,features_1.npy,1203,validation,1,7.5820312,0.99949074,1
features_1:1208,features_1.npy,1208,validation,1,7.6992188,0.99954695,1
features_1:1229,features_1.npy,1229,validation,1,7.3789062,0.9993761,1
features_1:1230,features_1.npy,1230,validation,1,7.4648438,0.99942744,1
features_1:1239,features_1.npy,1239,validation,1,7.34375,0.9993538,1
features_1:1252,features_1.npy,1252,validation,1,7.4609375,0.9994253,1
features_1:1262,features_1.npy,1262,validation,1,7.71875,0.99955577,1
features_1:1264,features_1.npy,1264,validation,1,7.65625,0.9995272,1
features_1:1266,features_1.npy,1266,validation,1,7.625,0.9995122,1
features_1:1271,features_1.npy,1271,validation,1,7.078125,0.9991573,1
features_1:1274,features_1.npy,1274,validation,1,7.6953125,0.9995453,1
features_1:1280,features_1.npy,1280,validation,1,7.6992188,0.99954695,1
features_1:1282,features_1.npy,1282,validation,1,-6.8203125,0.00109019,0
features_1:1300,features_1.npy,1300,validation,1,7.1015625,0.9991768,1
features_1:1307,features_1.npy,1307,validation,1,-6.6171875,0.0013354009,0
features_1:1310,features_1.npy,1310,validation,1,7.7578125,0.9995728,1
features_1:1324,features_1.npy,1324,validation,1,6.90625,0.99899954,1
features_1:1326,features_1.npy,1326,validation,1,7.7109375,0.9995523,1
features_1:1327,features_1.npy,1327,validation,1,4.921875,0.9927672,1
features_1:1328,features_1.npy,1328,validation,1,7.7734375,0.99957937,1
features_1:1339,features_1.npy,1339,validation,1,7.734375,0.9995627,1
features_1:1343,features_1.npy,1343,validation,1,7.6953125,0.9995453,1
features_1:1349,features_1.npy,1349,validation,1,7.6132812,0.99950635,1
features_1:1357,features_1.npy,1357,validation,1,7.6289062,0.9995141,1
features_1:1359,features_1.npy,1359,validation,1,7.546875,0.99947256,1
features_1:1374,features_1.npy,1374,validation,1,7.5039062,0.9994493,1
features_1:1381,features_1.npy,1381,validation,1,5.234375,0.99469805,1
features_1:1387,features_1.npy,1387,validation,1,7.7226562,0.99955755,1
features_1:1389,features_1.npy,1389,validation,1,7.15625,0.9992206,1
features_1:1397,features_1.npy,1397,validation,1,7.6523438,0.9995253,1
features_1:1399,features_1.npy,1399,validation,1,6.984375,0.9990746,1
features_1:1410,features_1.npy,1410,validation,1,7.7617188,0.9995745,1
features_1:1428,features_1.npy,1428,validation,1,7.7695312,0.9995778,1
features_1:1430,features_1.npy,1430,validation,1,6.921875,0.999015,1
features_1:1441,features_1.npy,1441,validation,1,7.5703125,0.99948466,1
features_1:1442,features_1.npy,1442,validation,1,7.4960938,0.999445,1
features_1:1455,features_1.npy,1455,validation,1,7.5585938,0.99947864,1
features_1:1462,features_1.npy,1462,validation,1,-6.7929688,0.0011203773,0
features_1:1475,features_1.npy,1475,validation,1,7.765625,0.99957615,1
features_1:1496,features_1.npy,1496,validation,1,6.171875,0.997917,1
features_1:1518,features_1.npy,1518,validation,1,7.71875,0.99955577,1
features_1:1535,features_1.npy,1535,validation,1,7.1757812,0.99923575,1
features_1:1554,features_1.npy,1554,validation,1,7.7226562,0.99955755,1
features_1:1560,features_1.npy,1560,validation,1,7.703125,0.99954873,1
features_1:1562,features_1.npy,1562,validation,1,7.484375,0.99943846,1
features_1:1565,features_1.npy,1565,validation,1,7.7265625,0.9995592,1
features_1:1573,features_1.npy,1573,validation,1,7.6210938,0.9995103,1
features_1:1576,features_1.npy,1576,validation,1,7.7421875,0.999566,1
features_1:1577,features_1.npy,1577,validation,1,7.65625,0.9995272,1
features_1:1585,features_1.npy,1585,validation,1,7.71875,0.99955577,1
features_1:1603,features_1.npy,1603,validation,1,7.7382812,0.99956435,1
features_1:1607,features_1.npy,1607,validation,1,7.7421875,0.999566,1
features_1:1609,features_1.npy,1609,validation,1,6.8359375,0.9989267,1
features_1:1620,features_1.npy,1620,validation,1,7.7617188,0.9995745,1
features_1:1622,features_1.npy,1622,validation,1,7.6210938,0.9995103,1
features_1:1624,features_1.npy,1624,validation,1,7.625,0.9995122,1
features_1:1628,features_1.npy,1628,validation,1,7.4765625,0.99943405,1
features_1:1635,features_1.npy,1635,validation,1,7.7460938,0.9995678,1
features_1:1637,features_1.npy,1637,validation,1,7.7070312,0.9995505,1
features_1:1646,features_1.npy,1646,validation,1,7.4648438,0.99942744,1
features_1:1655,features_1.npy,1655,validation,1,7.5664062,0.99948263,1
features_1:1656,features_1.npy,1656,validation,1,7.2148438,0.9992649,1
features_1:1665,features_1.npy,1665,validation,1,6.9765625,0.99906737,1
features_1:1667,features_1.npy,1667,validation,1,7.7070312,0.9995505,1
features_1:1671,features_1.npy,1671,validation,1,7.8203125,0.9995987,1
features_1:1676,features_1.npy,1676,validation,1,7.4335938,0.9994093,1
features_1:1677,features_1.npy,1677,validation,1,7.578125,0.9994887,1
features_1:1681,features_1.npy,1681,validation,1,7.6015625,0.9995005,1
features_1:1689,features_1.npy,1689,validation,1,7.703125,0.99954873,1
features_1:1701,features_1.npy,1701,validation,1,7.7421875,0.999566,1
features_1:1705,features_1.npy,1705,validation,1,7.7539062,0.99957114,1
features_1:1706,features_1.npy,1706,validation,1,7.6367188,0.9995178,1
features_1:1713,features_1.npy,1713,validation,1,7.6640625,0.9995308,1
features_1:1725,features_1.npy,1725,validation,1,7.7539062,0.99957114,1
features_1:1737,features_1.npy,1737,validation,1,7.6601562,0.999529,1
features_1:1742,features_1.npy,1742,validation,1,7.7382812,0.99956435,1
features_1:1746,features_1.npy,1746,validation,1,4.9296875,0.9928231,1
features_1:1763,features_1.npy,1763,validation,1,7.7851562,0.99958426,1
features_1:1766,features_1.npy,1766,validation,1,6.5,0.9984988,1
features_1:1777,features_1.npy,1777,validation,1,7.6953125,0.9995453,1
features_1:1797,features_1.npy,1797,validation,1,7.6171875,0.99950826,1
features_1:1798,features_1.npy,1798,validation,1,7.6914062,0.9995435,1
features_1:1801,features_1.npy,1801,validation,1,7.609375,0.99950445,1
features_1:1804,features_1.npy,1804,validation,1,7.7304688,0.9995609,1
features_1:1806,features_1.npy,1806,validation,1,7.4765625,0.99943405,1
features_1:1807,features_1.npy,1807,validation,1,7.7734375,0.99957937,1
features_1:1809,features_1.npy,1809,validation,1,7.6015625,0.9995005,1
features_1:1825,features_1.npy,1825,validation,1,6.9882812,0.99907815,1
features_1:1837,features_1.npy,1837,validation,1,7.8242188,0.99960023,1
features_1:1838,features_1.npy,1838,validation,1,7.6835938,0.99954,1
features_1:1844,features_1.npy,1844,validation,1,7.3007812,0.9993255,1
features_1:1847,features_1.npy,1847,validation,1,7.7070312,0.9995505,1
features_1:1851,features_1.npy,1851,validation,1,7.7304688,0.9995609,1
features_1:1881,features_1.npy,1881,validation,1,7.5273438,0.9994622,1
features_1:1883,features_1.npy,1883,validation,1,7.640625,0.9995197,1
features_1:1887,features_1.npy,1887,validation,1,7.7578125,0.9995728,1
features_1:1890,features_1.npy,1890,validation,1,7.5820312,0.99949074,1
features_1:1895,features_1.npy,1895,validation,1,7.7460938,0.9995678,1
features_1:1900,features_1.npy,1900,validation,1,7.78125,0.9995827,1
features_1:1916,features_1.npy,1916,validation,1,7.4648438,0.99942744,1
features_1:1918,features_1.npy,1918,validation,1,6.2109375,0.9979966,1
features_1:1924,features_1.npy,1924,validation,1,7.7578125,0.9995728,1
features_1:1926,features_1.npy,1926,validation,1,7.75,0.9995695,1
features_1:1927,features_1.npy,1927,validation,1,7.6796875,0.99953806,1
features_1:1939,features_1.npy,1939,validation,1,7.7578125,0.9995728,1
features_1:1941,features_1.npy,1941,validation,1,7.5078125,0.99945146,1
features_1:1947,features_1.npy,1947,validation,1,7.5429688,0.99947053,1
features_1:1949,features_1.npy,1949,validation,1,7.6523438,0.9995253,1
features_1:1951,features_1.npy,1951,validation,1,2.5195312,0.9254997,1
features_1:1954,features_1.npy,1954,validation,1,7.4960938,0.999445,1
features_1:1960,features_1.npy,1960,validation,1,7.6367188,0.9995178,1
features_1:1963,features_1.npy,1963,validation,1,7.6132812,0.99950635,1
features_1:1980,features_1.npy,1980,validation,1,7.703125,0.99954873,1
features_1:1987,features_1.npy,1987,validation,1,7.7421875,0.999566,1
features_1:1993,features_1.npy,1993,validation,1,7.2070312,0.9992592,1
features_1:1994,features_1.npy,1994,validation,1,7.7421875,0.999566,1
features_1:1995,features_1.npy,1995,validation,1,7.6171875,0.99950826,1
features_1:2003,features_1.npy,2003,validation,1,-5.9023438,0.0027255828,0
features_1:2008,features_1.npy,2008,validation,1,7.671875,0.9995345,1
features_1:2020,features_1.npy,2020,validation,1,7.7070312,0.9995505,1
features_1:2025,features_1.npy,2025,validation,1,7.546875,0.99947256,1
features_1:2026,features_1.npy,2026,validation,1,7.4921875,0.9994429,1
features_1:2037,features_1.npy,2037,validation,1,7.6757812,0.9995363,1
features_1:2041,features_1.npy,2041,validation,1,7.7421875,0.999566,1
features_1:2046,features_1.npy,2046,validation,1,7.4609375,0.9994253,1
features_1:2056,features_1.npy,2056,validation,1,7.71875,0.99955577,1
features_1:2058,features_1.npy,2058,validation,1,7.6875,0.99954176,1
features_1:2071,features_1.npy,2071,validation,1,7.7382812,0.99956435,1
features_1:2081,features_1.npy,2081,validation,1,7.5976562,0.9994986,1
features_1:2098,features_1.npy,2098,validation,1,7.7070312,0.9995505,1
features_1:2116,features_1.npy,2116,validation,1,7.65625,0.9995272,1
features_1:2118,features_1.npy,2118,validation,1,7.0585938,0.99914074,1
features_1:2119,features_1.npy,2119,validation,1,7.7382812,0.99956435,1
features_1:2120,features_1.npy,2120,validation,1,7.7617188,0.9995745,1
features_1:2129,features_1.npy,2129,validation,1,7.75,0.9995695,1
features_1:2151,features_1.npy,2151,validation,1,7.7421875,0.999566,1
features_1:2153,features_1.npy,2153,validation,1,2.4609375,0.9213576,1
features_1:2155,features_1.npy,2155,validation,1,7.671875,0.9995345,1
features_1:2165,features_1.npy,2165,validation,1,7.7109375,0.9995523,1
features_1:2169,features_1.npy,2169,validation,1,7.703125,0.99954873,1
features_1:2170,features_1.npy,2170,validation,1,7.7304688,0.9995609,1
features_1:2175,features_1.npy,2175,validation,1,7.7460938,0.9995678,1
features_1:2185,features_1.npy,2185,validation,1,-2.9511719,0.049681153,0
features_1:2197,features_1.npy,2197,validation,1,7.71875,0.99955577,1
features_1:2202,features_1.npy,2202,validation,1,7.7617188,0.9995745,1
features_1:2208,features_1.npy,2208,validation,1,7.7460938,0.9995678,1
features_1:2212,features_1.npy,2212,validation,1,7.6445312,0.9995216,1
features_1:2216,features_1.npy,2216,validation,1,7.609375,0.99950445,1
features_1:2229,features_1.npy,2229,validation,1,7.7382812,0.99956435,1
features_1:2232,features_1.npy,2232,validation,1,7.75,0.9995695,1
features_1:2235,features_1.npy,2235,validation,1,7.7226562,0.99955755,1
features_1:2248,features_1.npy,2248,validation,1,6.7109375,0.998784,1
features_1:2250,features_1.npy,2250,validation,1,7.6015625,0.9995005,1
features_1:2263,features_1.npy,2263,validation,1,5.9570312,0.9974191,1
features_1:2268,features_1.npy,2268,validation,1,7.4882812,0.9994407,1
features_1:2275,features_1.npy,2275,validation,1,7.6992188,0.99954695,1
features_1:2276,features_1.npy,2276,validation,1,0.5419922,0.6322757,1
features_1:2277,features_1.npy,2277,validation,1,-1.4072266,0.19667186,0
features_1:2290,features_1.npy,2290,validation,1,3.8378906,0.97891515,1
features_1:2292,features_1.npy,2292,validation,1,7.8085938,0.9995939,1
features_1:2294,features_1.npy,2294,validation,1,6.8671875,0.99895966,1
features_1:2308,features_1.npy,2308,validation,1,2.4140625,0.91789335,1
features_1:2311,features_1.npy,2311,validation,1,7.6367188,0.9995178,1
features_1:2313,features_1.npy,2313,validation,1,6.9726562,0.9990638,1
features_1:2322,features_1.npy,2322,validation,1,7.7070312,0.9995505,1
features_1:2327,features_1.npy,2327,validation,1,5.171875,0.9943581,1
features_1:2333,features_1.npy,2333,validation,1,7.7382812,0.99956435,1
features_1:2352,features_1.npy,2352,validation,1,7.7539062,0.99957114,1
features_1:2353,features_1.npy,2353,validation,1,7.671875,0.9995345,1
features_1:2360,features_1.npy,2360,validation,1,7.6484375,0.9995234,1
features_1:2361,features_1.npy,2361,validation,1,7.6875,0.99954176,1
features_1:2362,features_1.npy,2362,validation,1,6.5078125,0.9985104,1
features_1:2364,features_1.npy,2364,validation,1,4.828125,0.992062,1
features_1:2365,features_1.npy,2365,validation,1,7.6015625,0.9995005,1
features_1:2370,features_1.npy,2370,validation,1,7.7382812,0.99956435,1
features_1:2375,features_1.npy,2375,validation,1,7.6015625,0.9995005,1
features_1:2378,features_1.npy,2378,validation,1,7.7304688,0.9995609,1
features_1:2382,features_1.npy,2382,validation,1,7.765625,0.99957615,1
features_0:1,features_0.npy,1,test,0,-7.4453125,0.0005838325,0
features_0:4,features_0.npy,4,test,0,-7.3203125,0.0006615174,0
features_0:8,features_0.npy,8,test,0,-7.3828125,0.000621463,0
features_0:19,features_0.npy,19,test,0,-7.1757812,0.0007643034,0
features_0:21,features_0.npy,21,test,0,-7.2929688,0.00067984295,0
features_0:22,features_0.npy,22,test,0,-7.4140625,0.0006023541,0
features_0:26,features_0.npy,26,test,0,-7.375,0.0006263342,0
features_0:34,features_0.npy,34,test,0,-7.3203125,0.0006615174,0
features_0:35,features_0.npy,35,test,0,-5.984375,0.0025114636,0
features_0:64,features_0.npy,64,test,0,-7.4648438,0.00057254656,0
features_0:87,features_0.npy,87,test,0,-7.3828125,0.000621463,0
features_0:91,features_0.npy,91,test,0,-7.3671875,0.0006312434,0
features_0:93,features_0.npy,93,test,0,-7.4414062,0.00058611616,0
features_0:112,features_0.npy,112,test,0,-7.3984375,0.00061183405,0
features_0:121,features_0.npy,121,test,0,-7.40625,0.00060707564,0
features_0:127,features_0.npy,127,test,0,-7.4023438,0.0006094501,0
features_0:150,features_0.npy,150,test,0,-7.421875,0.00059766934,0
features_0:152,features_0.npy,152,test,0,-7.4101562,0.00060471025,0
features_0:159,features_0.npy,159,test,0,-7.3710938,0.00062878407,0
features_0:161,features_0.npy,161,test,0,-7.359375,0.0006361912,0
features_0:166,features_0.npy,166,test,0,-7.3125,0.00066670234,0
features_0:189,features_0.npy,189,test,0,-7.4101562,0.00060471025,0
features_0:197,features_0.npy,197,test,0,-6.9140625,0.0009927262,0
features_0:200,features_0.npy,200,test,0,-7.3789062,0.00062389387,0
features_0:202,features_0.npy,202,test,0,-7.3789062,0.00062389387,0
features_0:205,features_0.npy,205,test,0,-7.0429688,0.00087276695,0
features_0:216,features_0.npy,216,test,0,-7.4492188,0.0005815577,0
features_0:219,features_0.npy,219,test,0,-7.4296875,0.00059302105,0
features_0:229,features_0.npy,229,test,0,-7.1640625,0.0007733057,0
features_0:241,features_0.npy,241,test,0,-7.4335938,0.0005907105,0
features_0:245,features_0.npy,245,test,0,-7.125,0.0008040859,0
features_0:246,features_0.npy,246,test,0,-7.3710938,0.00062878407,0
features_0:262,features_0.npy,262,test,0,-7.390625,0.00061662967,0
features_0:263,features_0.npy,263,test,0,-6.6289062,0.0013198635,0
features_0:268,features_0.npy,268,test,0,-5.7460938,0.0031850608,0
features_0:269,features_0.npy,269,test,0,-7.1992188,0.00074661145,0
features_0:276,features_0.npy,276,test,0,-7.15625,0.00077936606,0
features_0:288,features_0.npy,288,test,0,-7.3515625,0.0006411777,0
features_0:304,features_0.npy,304,test,0,-7.4453125,0.0005838325,0
features_0:315,features_0.npy,315,test,0,-7.359375,0.0006361912,0
features_0:317,features_0.npy,317,test,0,-7.0273438,0.0008864989,0
features_0:330,features_0.npy,330,test,0,-7.3554688,0.0006386796,0
features_0:345,features_0.npy,345,test,0,-7.3867188,0.0006190417,0
features_0:378,features_0.npy,378,test,0,-7.3710938,0.00062878407,0
features_0:379,features_0.npy,379,test,0,-7.4375,0.00058840885,0
features_0:384,features_0.npy,384,test,0,-7.4023438,0.0006094501,0
features_0:387,features_0.npy,387,test,0,-7.4492188,0.0005815577,0
features_0:391,features_0.npy,391,test,0,-7.34375,0.00064620323,0
features_0:399,features_0.npy,399,test,0,-7.3984375,0.00061183405,0
features_0:400,features_0.npy,400,test,0,-7.34375,0.00064620323,0
features_0:403,features_0.npy,403,test,0,-7.3359375,0.0006512683,0
features_0:406,features_0.npy,406,test,0,-7.3398438,0.00064873084,0
features_0:418,features_0.npy,418,test,0,-7.2265625,0.0007264875,0
features_0:437,features_0.npy,437,test,0,-7.3203125,0.0006615174,0
features_0:441,features_0.npy,441,test,0,-7.4023438,0.0006094501,0
features_0:459,features_0.npy,459,test,0,-7.4179688,0.0006000072,0
features_0:463,features_0.npy,463,test,0,-7.3320312,0.0006538155,0
features_0:466,features_0.npy,466,test,0,-7.3359375,0.0006512683,0
features_0:470,features_0.npy,470,test,0,-7.4023438,0.0006094501,0
features_0:472,features_0.npy,472,test,0,-7.3164062,0.0006641048,0
features_0:474,features_0.npy,474,test,0,-7.4609375,0.00057478616,0
features_0:476,features_0.npy,476,test,0,-7.328125,0.00065637287,0
features_0:484,features_0.npy,484,test,0,-6.8359375,0.0010733063,0
features_0:492,features_0.npy,492,test,0,-7.3632812,0.0006337125,0
features_0:496,features_0.npy,496,test,0,-7.3710938,0.00062878407,0
features_0:508,features_0.npy,508,test,0,-7.3710938,0.00062878407,0
features_0:509,features_0.npy,509,test,0,-7.2421875,0.00071523245,0
features_0:521,features_0.npy,521,test,0,-6.4882812,0.0015188508,0
features_0:537,features_0.npy,537,test,0,-7.3632812,0.0006337125,0
features_0:546,features_0.npy,546,test,0,-7.3828125,0.000621463,0
features_0:556,features_0.npy,556,test,0,-7.3789062,0.00062389387,0
features_0:559,features_0.npy,559,test,0,-7.390625,0.00061662967,0
features_0:563,features_0.npy,563,test,0,-7.4023438,0.0006094501,0
features_0:565,features_0.npy,565,test,0,-7.3671875,0.0006312434,0
features_0:569,features_0.npy,569,test,0,-4.4804688,0.011201213,0
features_0:574,features_0.npy,574,test,0,-7.3320312,0.0006538155,0
features_0:577,features_0.npy,577,test,0,-7.3554688,0.0006386796,0
features_0:580,features_0.npy,580,test,0,-7.3671875,0.0006312434,0
features_0:592,features_0.npy,592,test,0,-7.4296875,0.00059302105,0
features_0:600,features_0.npy,600,test,0,-7.3945312,0.0006142272,0
features_0:606,features_0.npy,606,test,0,-7.3320312,0.0006538155,0
features_0:608,features_0.npy,608,test,0,-7.3515625,0.0006411777,0
features_0:612,features_0.npy,612,test,0,-7.2265625,0.0007264875,0
features_0:623,features_0.npy,623,test,0,-7.296875,0.0006771943,0
features_0:625,features_0.npy,625,test,0,-7.4023438,0.0006094501,0
features_0:627,features_0.npy,627,test,0,-7.3203125,0.0006615174,0
features_0:632,features_0.npy,632,test,0,-7.4140625,0.0006023541,0
features_0:635,features_0.npy,635,test,0,-7.4023438,0.0006094501,0
features_0:639,features_0.npy,639,test,0,-7.4140625,0.0006023541,0
features_0:640,features_0.npy,640,test,0,-7.2773438,0.0006905414,0
features_0:642,features_0.npy,642,test,0,-7.0507812,0.000865981,0
features_0:645,features_0.npy,645,test,0,4.25,0.9859364,1
features_0:646,features_0.npy,646,test,0,-7.2695312,0.0006959537,0
features_0:647,features_0.npy,647,test,0,-7.1210938,0.0008072305,0
features_0:648,features_0.npy,648,test,0,-7.046875,0.0008693674,0
features_0:655,features_0.npy,655,test,0,-7.1992188,0.00074661145,0
features_0:658,features_0.npy,658,test,0,-7.3867188,0.0006190417,0
features_0:681,features_0.npy,681,test,0,-7.3398438,0.00064873084,0
features_0:683,features_0.npy,683,test,0,-7.2109375,0.00073791965,0
features_0:687,features_0.npy,687,test,0,-7.0742188,0.0008459375,0
features_0:699,features_0.npy,699,test,0,-6.40625,0.001648483,0
features_0:703,features_0.npy,703,test,0,-6.734375,0.0011879054,0
features_0:709,features_0.npy,709,test,0,-7.0507812,0.000865981,0
features_0:719,features_0.npy,719,test,0,-7.2265625,0.0007264875,0
features_0:726,features_0.npy,726,test,0,-7.046875,0.0008693674,0
features_0:729,features_0.npy,729,test,0,-7.3164062,0.0006641048,0
features_0:742,features_0.npy,742,test,0,-5.859375,0.0028449094,0
features_0:747,features_0.npy,747,test,0,-7.3203125,0.0006615174,0
features_0:751,features_0.npy,751,test,0,-7.3164062,0.0006641048,0
features_0:758,features_0.npy,758,test,0,-7.171875,0.00076729245,0
features_0:761,features_0.npy,761,test,0,-6.2734375,0.001882186,0
features_0:766,features_0.npy,766,test,0,-7.2890625,0.0006825019,0
features_0:768,features_0.npy,768,test,0,-7.2109375,0.00073791965,0
features_0:775,features_0.npy,775,test,0,-7.0820312,0.00083935994,0
features_0:784,features_0.npy,784,test,0,-7.3359375,0.0006512683,0
features_0:789,features_0.npy,789,test,0,-6.734375,0.0011879054,0
features_0:791,features_0.npy,791,test,0,-7.2890625,0.0006825019,0
features_0:794,features_0.npy,794,test,0,-7.0820312,0.00083935994,0
features_0:797,features_0.npy,797,test,0,-7.0625,0.0008559006,0
features_0:800,features_0.npy,800,test,0,-6.8203125,0.00109019,0
features_0:815,features_0.npy,815,test,0,-7.1484375,0.00078547397,0
features_0:833,features_0.npy,833,test,0,-6.9570312,0.00095101306,0
features_0:840,features_0.npy,840,test,0,-7.0742188,0.0008459375,0
features_0:851,features_0.npy,851,test,0,-3.0449219,0.045437217,0
features_0:856,features_0.npy,856,test,0,-7.390625,0.00061662967,0
features_0:863,features_0.npy,863,test,0,-7.390625,0.00061662967,0
features_0:870,features_0.npy,870,test,0,-7.2851562,0.00068517134,0
features_0:876,features_0.npy,876,test,0,-7.2109375,0.00073791965,0
features_0:878,features_0.npy,878,test,0,-7.1757812,0.0007643034,0
features_0:880,features_0.npy,880,test,0,-7.1992188,0.00074661145,0
features_0:895,features_0.npy,895,test,0,-7.2695312,0.0006959537,0
features_0:902,features_0.npy,902,test,0,-7.2226562,0.00072932884,0
features_0:911,features_0.npy,911,test,0,-6.9257812,0.000981172,0
features_0:920,features_0.npy,920,test,0,-6.46875,0.0015487609,0
features_0:928,features_0.npy,928,test,0,-7.234375,0.00072083797,0
features_0:929,features_0.npy,929,test,0,-6.9023438,0.0010044164,0
features_0:935,features_0.npy,935,test,0,-7.1835938,0.00075835997,0
features_0:956,features_0.npy,956,test,0,-7.2539062,0.00070690556,0
features_0:957,features_0.npy,957,test,0,-6.9765625,0.00093263603,0
features_0:959,features_0.npy,959,test,0,-7.1132812,0.00081355654,0
features_0:980,features_0.npy,980,test,0,-5.7578125,0.0031480708,0
features_0:981,features_0.npy,981,test,0,-6.6367188,0.0013096055,0
features_0:991,features_0.npy,991,test,0,-4.1875,0.014957086,0
features_0:992,features_0.npy,992,test,0,-6.8320312,0.0010775025,0
features_0:1003,features_0.npy,1003,test,0,-7.0625,0.0008559006,0
features_0:1008,features_0.npy,1008,test,0,-7.3125,0.00066670234,0
features_0:1015,features_0.npy,1015,test,0,-7.1054688,0.00081993215,0
features_0:1020,features_0.npy,1020,test,0,-5.7382812,0.003209961,0
features_0:1021,features_0.npy,1021,test,0,-7.234375,0.00072083797,0
features_0:1044,features_0.npy,1044,test,0,-5.0507812,0.0063635735,0
features_0:1045,features_0.npy,1045,test,0,-7.2226562,0.00072932884,0
features_0:1060,features_0.npy,1060,test,0,-7.3828125,0.000621463,0
features_0:1064,features_0.npy,1064,test,0,-6.90625,0.0010005044,0
features_0:1071,features_0.npy,1071,test,0,-7.21875,0.0007321812,0
features_0:1076,features_0.npy,1076,test,0,-7.1835938,0.00075835997,0
features_0:1082,features_0.npy,1082,test,0,-6.9960938,0.0009146137,0
features_0:1092,features_0.npy,1092,test,0,-7.1289062,0.00080095365,0
features_0:1104,features_0.npy,1104,test,0,-7.125,0.0008040859,0
features_0:1126,features_0.npy,1126,test,0,-7.1289062,0.00080095365,0
features_0:1130,features_0.npy,1130,test,0,-6.8085938,0.0011030267,0
features_0:1135,features_0.npy,1135,test,0,-7.375,0.0006263342,0
features_0:1139,features_0.npy,1139,test,0,-7.2265625,0.0007264875,0
features_0:1147,features_0.npy,1147,test,0,-7.0429688,0.00087276695,0
features_0:1148,features_0.npy,1148,test,0,-7.2109375,0.00073791965,0
features_0:1150,features_0.npy,1150,test,0,-7.0351562,0.0008796062,0
features_0:1154,features_0.npy,1154,test,0,-7.1171875,0.00081038737,0
features_0:1158,features_0.npy,1158,test,0,-5.8320312,0.002923543,0
features_0:1162,features_0.npy,1162,test,0,-5.4453125,0.004297939,0
features_0:1171,features_0.npy,1171,test,0,-7.1601562,0.00077632995,0
features_0:1180,features_0.npy,1180,test,0,-7.2460938,0.000712446,0
features_0:1199,features_0.npy,1199,test,0,-7.265625,0.00069867563,0
features_0:1213,features_0.npy,1213,test,0,-7.2265625,0.0007264875,0
features_0:1224,features_0.npy,1224,test,0,-7.4140625,0.0006023541,0
features_0:1238,features_0.npy,1238,test,0,-6.2539062,0.0019192374,0
features_0:1243,features_0.npy,1243,test,0,-7.3828125,0.000621463,0
features_0:1248,features_0.npy,1248,test,0,-7.1679688,0.0007702932,0
features_0:1250,features_0.npy,1250,test,0,-7.25,0.0007096704,0
features_0:1254,features_0.npy,1254,test,0,-1.8457031,0.1363782,0
features_0:1256,features_0.npy,1256,test,0,-7.2148438,0.00073504477,0
features_0:1267,features_0.npy,1267,test,0,-5.5820312,0.0037507887,0
features_0:1275,features_0.npy,1275,test,0,-7.4023438,0.0006094501,0
features_0:1282,features_0.npy,1282,test,0,-6.7890625,0.0011247575,0
features_0:1286,features_0.npy,1286,test,0,-7.0546875,0.00086260773,0
features_0:1297,features_0.npy,1297,test,0,-6.921875,0.0009850084,0
features_0:1303,features_0.npy,1303,test,0,-6.4257812,0.0016166499,0
features_0:1320,features_0.npy,1320,test,0,-7.1835938,0.00075835997,0
features_0:1321,features_0.npy,1321,test,0,-6.4375,0.0015978456,0
features_0:1344,features_0.npy,1344,test,0,-7.2539062,0.00070690556,0
features_0:1345,features_0.npy,1345,test,0,-7.0820312,0.00083935994,0
features_0:1349,features_0.npy,1349,test,0,-7.1445312,0.0007885458,0
features_0:1354,features_0.npy,1354,test,0,-7.2695312,0.0006959537,0
features_0:1363,features_0.npy,1363,test,0,-6.9023438,0.0010044164,0
features_0:1369,features_0.npy,1369,test,0,-6.0742188,0.002296159,0
features_0:1370,features_0.npy,1370,test,0,-7.4101562,0.00060471025,0
features_0:1372,features_0.npy,1372,test,0,-7.3125,0.00066670234,0
features_0:1376,features_0.npy,1376,test,0,-6.71875,0.0012065897,0
features_0:1380,features_0.npy,1380,test,0,-5.9296875,0.00265226,0
features_0:1382,features_0.npy,1382,test,0,-7.03125,0.0008830458,0
features_0:1390,features_0.npy,1390,test,0,-6.8945312,0.0010122862,0
features_0:1393,features_0.npy,1393,test,0,-7.421875,0.00059766934,0
features_0:1396,features_0.npy,1396,test,0,-7.234375,0.00072083797,0
features_0:1397,features_0.npy,1397,test,0,-7.1796875,0.0007613258,0
features_0:1400,features_0.npy,1400,test,0,-7.2226562,0.00072932884,0
features_0:1407,features_0.npy,1407,test,0,-7.34375,0.00064620323,0
features_0:1409,features_0.npy,1409,test,0,-7.203125,0.00074370287,0
features_0:1417,features_0.npy,1417,test,0,-7.3476562,0.0006436856,0
features_0:1422,features_0.npy,1422,test,0,-7.078125,0.00084264233,0
features_0:1435,features_0.npy,1435,test,0,-7.2734375,0.00069324224,0
features_0:1446,features_0.npy,1446,test,0,-6.7460938,0.0011740823,0
features_0:1451,features_0.npy,1451,test,0,-7.2265625,0.0007264875,0
features_0:1452,features_0.npy,1452,test,0,-7.2695312,0.0006959537,0
features_0:1459,features_0.npy,1459,test,0,-6.7734375,0.0011424496,0
features_0:1462,features_0.npy,1462,test,0,-7.1914062,0.0007524627,0
features_0:1465,features_0.npy,1465,test,0,-7.2070312,0.0007408056,0
features_0:1474,features_0.npy,1474,test,0,-7.2148438,0.00073504477,0
features_0:1476,features_0.npy,1476,test,0,-7.1367188,0.0007947255,0
features_0:1481,features_0.npy,1481,test,0,-6.9921875,0.00091819005,0
features_0:1485,features_0.npy,1485,test,0,-6.9101562,0.0009966076,0
features_0:1491,features_0.npy,1491,test,0,-6.2734375,0.001882186,0
features_0:1495,features_0.npy,1495,test,0,-4.5585938,0.010368157,0
features_0:1500,features_0.npy,1500,test,0,-7.328125,0.00065637287,0
features_0:1508,features_0.npy,1508,test,0,-7.1289062,0.00080095365,0
features_0:1509,features_0.npy,1509,test,0,-4.1054688,0.01621503,0
features_0:1513,features_0.npy,1513,test,0,2.6796875,0.93581736,1
features_0:1516,features_0.npy,1516,test,0,-7.21875,0.0007321812,0
features_0:1518,features_0.npy,1518,test,0,-6.921875,0.0009850084,0
features_0:1526,features_0.npy,1526,test,0,-7.09375,0.0008295891,0
features_0:1528,features_0.npy,1528,test,0,-6.671875,0.001264422,0
features_0:1551,features_0.npy,1551,test,0,-7.1601562,0.00077632995,0
features_0:1553,features_0.npy,1553,test,0,-6.90625,0.0010005044,0
features_0:1558,features_0.npy,1558,test,0,-7.2890625,0.0006825019,0
features_0:1570,features_0.npy,1570,test,0,-7.28125,0.00068785116,0
features_0:1571,features_0.npy,1571,test,0,-7.2929688,0.00067984295,0
features_0:1582,features_0.npy,1582,test,0,-5.5898438,0.0037217087,0
features_0:1584,features_0.npy,1584,test,0,-7.1054688,0.00081993215,0
features_0:1586,features_0.npy,1586,test,0,-7.1640625,0.0007733057,0
features_0:1590,features_0.npy,1590,test,0,-7.2304688,0.00072365726,0
features_0:1596,features_0.npy,1596,test,0,-7.1367188,0.0007947255,0
features_0:1602,features_0.npy,1602,test,0,-6.640625,0.0013045067,0
features_0:1611,features_0.npy,1611,test,0,-7.2226562,0.00072932884,0
features_0:1621,features_0.npy,1621,test,0,-7.40625,0.00060707564,0
features_0:1624,features_0.npy,1624,test,0,-7.296875,0.0006771943,0
features_0:1625,features_0.npy,1625,test,0,-7.390625,0.00061662967,0
features_0:1628,features_0.npy,1628,test,0,-7.4335938,0.0005907105,0
features_0:1637,features_0.npy,1637,test,0,-7.2421875,0.00071523245,0
features_0:1638,features_0.npy,1638,test,0,7.234375,0.9992792,1
features_0:1650,features_0.npy,1650,test,0,-7.1210938,0.0008072305,0
features_0:1651,features_0.npy,1651,test,0,3.5742188,0.97272736,1
features_0:1653,features_0.npy,1653,test,0,-4.4765625,0.011244561,0
features_1:11,features_1.npy,11,test,1,7.7460938,0.9995678,1
features_1:13,features_1.npy,13,test,1,7.7265625,0.9995592,1
features_1:18,features_1.npy,18,test,1,7.6914062,0.9995435,1
features_1:21,features_1.npy,21,test,1,7.640625,0.9995197,1
features_1:34,features_1.npy,34,test,1,7.6992188,0.99954695,1
features_1:35,features_1.npy,35,test,1,7.5820312,0.99949074,1
features_1:38,features_1.npy,38,test,1,7.7304688,0.9995609,1
features_1:42,features_1.npy,42,test,1,-3.3222656,0.034815196,0
features_1:49,features_1.npy,49,test,1,7.6796875,0.99953806,1
features_1:72,features_1.npy,72,test,1,7.6796875,0.99953806,1
features_1:91,features_1.npy,91,test,1,3.9863281,0.9817707,1
features_1:128,features_1.npy,128,test,1,7.7382812,0.99956435,1
features_1:133,features_1.npy,133,test,1,7.6523438,0.9995253,1
features_1:142,features_1.npy,142,test,1,7.6953125,0.9995453,1
features_1:148,features_1.npy,148,test,1,7.6289062,0.9995141,1
features_1:151,features_1.npy,151,test,1,-4.8632812,0.007665875,0
features_1:158,features_1.npy,158,test,1,7.7070312,0.9995505,1
features_1:159,features_1.npy,159,test,1,7.7265625,0.9995592,1
features_1:165,features_1.npy,165,test,1,7.6601562,0.999529,1
features_1:185,features_1.npy,185,test,1,7.6875,0.99954176,1
features_1:207,features_1.npy,207,test,1,3.7460938,0.9769348,1
features_1:216,features_1.npy,216,test,1,7.796875,0.99958915,1
features_1:237,features_1.npy,237,test,1,7.78125,0.9995827,1
features_1:252,features_1.npy,252,test,1,7.5507812,0.9994746,1
features_1:261,features_1.npy,261,test,1,7.65625,0.9995272,1
features_1:262,features_1.npy,262,test,1,7.75,0.9995695,1
features_1:269,features_1.npy,269,test,1,7.734375,0.9995627,1
features_1:281,features_1.npy,281,test,1,7.7421875,0.999566,1
features_1:284,features_1.npy,284,test,1,7.5507812,0.9994746,1
features_1:285,features_1.npy,285,test,1,7.6367188,0.9995178,1
features_1:287,features_1.npy,287,test,1,7.7148438,0.999554,1
features_1:294,features_1.npy,294,test,1,7.7109375,0.9995523,1
features_1:306,features_1.npy,306,test,1,7.71875,0.99955577,1
features_1:311,features_1.npy,311,test,1,7.6875,0.99954176,1
features_1:316,features_1.npy,316,test,1,7.4804688,0.9994363,1
features_1:320,features_1.npy,320,test,1,4.6601562,0.9906238,1
features_1:340,features_1.npy,340,test,1,7.6523438,0.9995253,1
features_1:341,features_1.npy,341,test,1,7.6914062,0.9995435,1
features_1:342,features_1.npy,342,test,1,7.6757812,0.9995363,1
features_1:348,features_1.npy,348,test,1,7.578125,0.9994887,1
features_1:352,features_1.npy,352,test,1,-6.0507812,0.0023504829,0
features_1:360,features_1.npy,360,test,1,7.6015625,0.9995005,1
features_1:372,features_1.npy,372,test,1,7.6289062,0.9995141,1
features_1:380,features_1.npy,380,test,1,7.765625,0.99957615,1
features_1:389,features_1.npy,389,test,1,7.5742188,0.9994867,1
features_1:394,features_1.npy,394,test,1,4.7539062,0.9914556,1
features_1:398,features_1.npy,398,test,1,-2.7324219,0.06108711,0
features_1:406,features_1.npy,406,test,1,7.578125,0.9994887,1
features_1:409,features_1.npy,409,test,1,7.6679688,0.9995327,1
features_1:418,features_1.npy,418,test,1,7.6835938,0.99954,1
features_1:424,features_1.npy,424,test,1,1.3320312,0.79117644,1
features_1:444,features_1.npy,444,test,1,7.6796875,0.99953806,1
features_1:445,features_1.npy,445,test,1,7.5898438,0.9994947,1
features_1:446,features_1.npy,446,test,1,7.0234375,0.99911004,1
features_1:452,features_1.npy,452,test,1,7.7109375,0.9995523,1
features_1:454,features_1.npy,454,test,1,7.40625,0.99939287,1
features_1:459,features_1.npy,459,test,1,7.6367188,0.9995178,1
features_1:469,features_1.npy,469,test,1,7.484375,0.99943846,1
features_1:480,features_1.npy,480,test,1,7.6679688,0.9995327,1
features_1:482,features_1.npy,482,test,1,7.3828125,0.99937856,1
features_1:489,features_1.npy,489,test,1,7.3789062,0.9993761,1
features_1:503,features_1.npy,503,test,1,7.53125,0.9994642,1
features_1:515,features_1.npy,515,test,1,7.7851562,0.99958426,1
features_1:520,features_1.npy,520,test,1,7.6953125,0.9995453,1
features_1:525,features_1.npy,525,test,1,7.5507812,0.9994746,1
features_1:530,features_1.npy,530,test,1,7.7109375,0.9995523,1
features_1:536,features_1.npy,536,test,1,6.6015625,0.9986436,1
features_1:542,features_1.npy,542,test,1,7.515625,0.99945575,1
features_1:553,features_1.npy,553,test,1,7.2109375,0.99926203,1
features_1:560,features_1.npy,560,test,1,7.7226562,0.99955755,1
features_1:577,features_1.npy,577,test,1,6.515625,0.9985221,1
features_1:587,features_1.npy,587,test,1,7.2460938,0.99928755,1
features_1:588,features_1.npy,588,test,1,2.1972656,0.90000373,1
features_1:590,features_1.npy,590,test,1,7.7265625,0.9995592,1
features_1:591,features_1.npy,591,test,1,7.6953125,0.9995453,1
features_1:593,features_1.npy,593,test,1,7.734375,0.9995627,1
features_1:613,features_1.npy,613,test,1,7.8007812,0.9995908,1
features_1:617,features_1.npy,617,test,1,7.6523438,0.9995253,1
features_1:618,features_1.npy,618,test,1,7.7929688,0.9995876,1
features_1:620,features_1.npy,620,test,1,1.9736328,0.87800074,1
features_1:626,features_1.npy,626,test,1,7.5742188,0.9994867,1
features_1:629,features_1.npy,629,test,1,7.6757812,0.9995363,1
features_1:630,features_1.npy,630,test,1,1.7763672,0.8552477,1
features_1:634,features_1.npy,634,test,1,6.8984375,0.99899167,1
features_1:643,features_1.npy,643,test,1,7.0820312,0.99916065,1
features_1:649,features_1.npy,649,test,1,3.2441406,0.962462,1
features_1:660,features_1.npy,660,test,1,-3.0800781,0.043936532,0
features_1:671,features_1.npy,671,test,1,5.390625,0.9954615,1
features_1:672,features_1.npy,672,test,1,7.5859375,0.99949265,1
features_1:686,features_1.npy,686,test,1,7.5859375,0.99949265,1
features_1:692,features_1.npy,692,test,1,7.8046875,0.99959236,1
features_1:699,features_1.npy,699,test,1,7.125,0.9991959,1
features_1:707,features_1.npy,707,test,1,7.6835938,0.99954,1
features_1:710,features_1.npy,710,test,1,7.7265625,0.9995592,1
features_1:714,features_1.npy,714,test,1,7.6601562,0.999529,1
features_1:715,features_1.npy,715,test,1,7.7890625,0.9995859,1
features_1:728,features_1.npy,728,test,1,2.6835938,0.9360516,1
features_1:743,features_1.npy,743,test,1,7.6875,0.99954176,1
features_1:749,features_1.npy,749,test,1,5.2382812,0.9947187,1
features_1:762,features_1.npy,762,test,1,7.4726562,0.9994319,1
features_1:799,features_1.npy,799,test,1,6.84375,0.99893504,1
features_1:827,features_1.npy,827,test,1,7.5429688,0.99947053,1
features_1:832,features_1.npy,832,test,1,7.734375,0.9995627,1
features_1:850,features_1.npy,850,test,1,7.6992188,0.99954695,1
features_1:856,features_1.npy,856,test,1,7.78125,0.9995827,1
features_1:858,features_1.npy,858,test,1,7.6757812,0.9995363,1
features_1:873,features_1.npy,873,test,1,2.9707031,0.9512329,1
features_1:885,features_1.npy,885,test,1,7.59375,0.9994967,1
features_1:890,features_1.npy,890,test,1,7.640625,0.9995197,1
features_1:894,features_1.npy,894,test,1,7.7617188,0.9995745,1
features_1:899,features_1.npy,899,test,1,7.21875,0.9992679,1
features_1:914,features_1.npy,914,test,1,7.4140625,0.99939764,1
features_1:916,features_1.npy,916,test,1,7.7695312,0.9995778,1
features_1:917,features_1.npy,917,test,1,7.578125,0.9994887,1
features_1:918,features_1.npy,918,test,1,7.65625,0.9995272,1
features_1:930,features_1.npy,930,test,1,7.5742188,0.9994867,1
features_1:933,features_1.npy,933,test,1,7.6484375,0.9995234,1
features_1:935,features_1.npy,935,test,1,7.7578125,0.9995728,1
features_1:943,features_1.npy,943,test,1,7.6210938,0.9995103,1
features_1:951,features_1.npy,951,test,1,7.6601562,0.999529,1
features_1:956,features_1.npy,956,test,1,7.6679688,0.9995327,1
features_1:958,features_1.npy,958,test,1,7.5546875,0.9994766,1
features_1:968,features_1.npy,968,test,1,7.6484375,0.9995234,1
features_1:974,features_1.npy,974,test,1,7.6054688,0.99950254,1
features_1:977,features_1.npy,977,test,1,7.6484375,0.9995234,1
features_1:983,features_1.npy,983,test,1,6.4726562,0.9984573,1
features_1:987,features_1.npy,987,test,1,7.6914062,0.9995435,1
features_1:988,features_1.npy,988,test,1,2.15625,0.8962514,1
features_1:993,features_1.npy,993,test,1,7.7304688,0.9995609,1
features_1:998,features_1.npy,998,test,1,7.4296875,0.99940693,1
features_1:1000,features_1.npy,1000,test,1,7.7421875,0.999566,1
features_1:1004,features_1.npy,1004,test,1,4.703125,0.99101454,1
features_1:1005,features_1.npy,1005,test,1,5.7148438,0.99671423,1
features_1:1009,features_1.npy,1009,test,1,7.6640625,0.9995308,1
features_1:1013,features_1.npy,1013,test,1,7.734375,0.9995627,1
features_1:1014,features_1.npy,1014,test,1,7.5351562,0.99946636,1
features_1:1016,features_1.npy,1016,test,1,7.0585938,0.99914074,1
features_1:1050,features_1.npy,1050,test,1,7.6875,0.99954176,1
features_1:1062,features_1.npy,1062,test,1,7.765625,0.99957615,1
features_1:1072,features_1.npy,1072,test,1,5.3828125,0.9954261,1
features_1:1082,features_1.npy,1082,test,1,7.6796875,0.99953806,1
features_1:1083,features_1.npy,1083,test,1,7.4921875,0.9994429,1
features_1:1087,features_1.npy,1087,test,1,7.7304688,0.9995609,1
features_1:1093,features_1.npy,1093,test,1,7.640625,0.9995197,1
features_1:1098,features_1.npy,1098,test,1,7.78125,0.9995827,1
features_1:1107,features_1.npy,1107,test,1,7.4296875,0.99940693,1
features_1:1109,features_1.npy,1109,test,1,7.46875,0.99942964,1
features_1:1111,features_1.npy,1111,test,1,7.7109375,0.9995523,1
features_1:1127,features_1.npy,1127,test,1,7.6875,0.99954176,1
features_1:1133,features_1.npy,1133,test,1,7.734375,0.9995627,1
features_1:1140,features_1.npy,1140,test,1,7.5664062,0.99948263,1
features_1:1141,features_1.npy,1141,test,1,-1.0898438,0.2516477,0
features_1:1142,features_1.npy,1142,test,1,7.4882812,0.9994407,1
features_1:1147,features_1.npy,1147,test,1,7.5703125,0.99948466,1
features_1:1177,features_1.npy,1177,test,1,7.4335938,0.9994093,1
features_1:1184,features_1.npy,1184,test,1,7.2148438,0.9992649,1
features_1:1190,features_1.npy,1190,test,1,7.3085938,0.99933076,1
features_1:1195,features_1.npy,1195,test,1,7.6679688,0.9995327,1
features_1:1198,features_1.npy,1198,test,1,0.10925293,0.5272861,1
features_1:1219,features_1.npy,1219,test,1,-1.0703125,0.25534368,0
features_1:1225,features_1.npy,1225,test,1,7.7070312,0.9995505,1
features_1:1232,features_1.npy,1232,test,1,7.7851562,0.99958426,1
features_1:1241,features_1.npy,1241,test,1,5.8984375,0.9972638,1
features_1:1243,features_1.npy,1243,test,1,7.140625,0.9992084,1
features_1:1244,features_1.npy,1244,test,1,7.6289062,0.9995141,1
features_1:1246,features_1.npy,1246,test,1,7.4726562,0.9994319,1
features_1:1249,features_1.npy,1249,test,1,7.5859375,0.99949265,1
features_1:1250,features_1.npy,1250,test,1,7.7109375,0.9995523,1
features_1:1253,features_1.npy,1253,test,1,3.1425781,0.95861524,1
features_1:1259,features_1.npy,1259,test,1,7.5664062,0.99948263,1
features_1:1269,features_1.npy,1269,test,1,7.7109375,0.9995523,1
features_1:1273,features_1.npy,1273,test,1,7.6445312,0.9995216,1
features_1:1277,features_1.npy,1277,test,1,7.7148438,0.999554,1
features_1:1286,features_1.npy,1286,test,1,6.7460938,0.99882597,1
features_1:1287,features_1.npy,1287,test,1,7.7226562,0.99955755,1
features_1:1291,features_1.npy,1291,test,1,7.7929688,0.9995876,1
features_1:1294,features_1.npy,1294,test,1,7.4335938,0.9994093,1
features_1:1302,features_1.npy,1302,test,1,-4.0859375,0.016529556,0
features_1:1303,features_1.npy,1303,test,1,6.8085938,0.99889696,1
features_1:1312,features_1.npy,1312,test,1,7.6992188,0.99954695,1
features_1:1316,features_1.npy,1316,test,1,7.1601562,0.9992237,1
features_1:1317,features_1.npy,1317,test,1,7.4296875,0.99940693,1
features_1:1323,features_1.npy,1323,test,1,7.7929688,0.9995876,1
features_1:1333,features_1.npy,1333,test,1,5.9960938,0.9975177,1
features_1:1341,features_1.npy,1341,test,1,7.3945312,0.9993857,1
features_1:1347,features_1.npy,1347,test,1,7.8125,0.9995956,1
features_1:1354,features_1.npy,1354,test,1,7.3867188,0.99938095,1
features_1:1355,features_1.npy,1355,test,1,7.7421875,0.999566,1
features_1:1364,features_1.npy,1364,test,1,7.7617188,0.9995745,1
features_1:1367,features_1.npy,1367,test,1,3.5917969,0.9731898,1
features_1:1368,features_1.npy,1368,test,1,7.6835938,0.99954,1
features_1:1376,features_1.npy,1376,test,1,7.484375,0.99943846,1
features_1:1385,features_1.npy,1385,test,1,7.7734375,0.99957937,1
features_1:1388,features_1.npy,1388,test,1,7.4804688,0.9994363,1
features_1:1390,features_1.npy,1390,test,1,7.640625,0.9995197,1
features_1:1394,features_1.npy,1394,test,1,7.4179688,0.9994,1
features_1:1408,features_1.npy,1408,test,1,7.6445312,0.9995216,1
features_1:1415,features_1.npy,1415,test,1,7.7617188,0.9995745,1
features_1:1423,features_1.npy,1423,test,1,7.7265625,0.9995592,1
features_1:1439,features_1.npy,1439,test,1,7.7773438,0.99958104,1
features_1:1440,features_1.npy,1440,test,1,7.7421875,0.999566,1
features_1:1443,features_1.npy,1443,test,1,7.75,0.9995695,1
features_1:1447,features_1.npy,1447,test,1,7.6367188,0.9995178,1
features_1:1452,features_1.npy,1452,test,1,7.5273438,0.9994622,1
features_1:1453,features_1.npy,1453,test,1,3.375,0.96691406,1
features_1:1459,features_1.npy,1459,test,1,4.3476562,0.98722816,1
features_1:1465,features_1.npy,1465,test,1,7.5625,0.99948066,1
features_1:1472,features_1.npy,1472,test,1,7.75,0.9995695,1
features_1:1473,features_1.npy,1473,test,1,-6.0742188,0.002296159,0
features_1:1478,features_1.npy,1478,test,1,7.421875,0.9994023,1
features_1:1482,features_1.npy,1482,test,1,7.1328125,0.9992022,1
features_1:1485,features_1.npy,1485,test,1,7.7070312,0.9995505,1
features_1:1489,features_1.npy,1489,test,1,2.6132812,0.93171144,1
features_1:1494,features_1.npy,1494,test,1,7.7421875,0.999566,1
features_1:1500,features_1.npy,1500,test,1,7.6953125,0.9995453,1
features_1:1523,features_1.npy,1523,test,1,7.828125,0.9996018,1
features_1:1525,features_1.npy,1525,test,1,7.7226562,0.99955755,1
features_1:1530,features_1.npy,1530,test,1,7.3476562,0.9993563,1
features_1:1540,features_1.npy,1540,test,1,7.6132812,0.99950635,1
features_1:1546,features_1.npy,1546,test,1,7.703125,0.99954873,1
features_1:1549,features_1.npy,1549,test,1,7.7382812,0.99956435,1
features_1:1555,features_1.npy,1555,test,1,7.6328125,0.9995159,1
features_1:1559,features_1.npy,1559,test,1,7.6875,0.99954176,1
features_1:1567,features_1.npy,1567,test,1,7.4960938,0.999445,1
features_1:1571,features_1.npy,1571,test,1,7.4023438,0.9993905,1
features_1:1579,features_1.npy,1579,test,1,7.7695312,0.9995778,1
features_1:1584,features_1.npy,1584,test,1,7.796875,0.99958915,1
features_1:1587,features_1.npy,1587,test,1,7.6953125,0.9995453,1
features_1:1601,features_1.npy,1601,test,1,7.7734375,0.99957937,1
features_1:1606,features_1.npy,1606,test,1,7.7148438,0.999554,1
features_1:1608,features_1.npy,1608,test,1,7.6132812,0.99950635,1
features_1:1631,features_1.npy,1631,test,1,7.5234375,0.99946004,1
features_1:1660,features_1.npy,1660,test,1,7.6640625,0.9995308,1
features_1:1661,features_1.npy,1661,test,1,1.9765625,0.87831426,1
features_1:1678,features_1.npy,1678,test,1,-6.6796875,0.0012545944,0
features_1:1679,features_1.npy,1679,test,1,7.7109375,0.9995523,1
features_1:1680,features_1.npy,1680,test,1,7.4765625,0.99943405,1
features_1:1682,features_1.npy,1682,test,1,7.7148438,0.999554,1
features_1:1686,features_1.npy,1686,test,1,7.7890625,0.9995859,1
features_1:1692,features_1.npy,1692,test,1,7.7070312,0.9995505,1
features_1:1693,features_1.npy,1693,test,1,7.6484375,0.9995234,1
features_1:1695,features_1.npy,1695,test,1,2.6621094,0.9347534,1
features_1:1698,features_1.npy,1698,test,1,7.7773438,0.99958104,1
features_1:1699,features_1.npy,1699,test,1,7.6484375,0.9995234,1
features_1:1708,features_1.npy,1708,test,1,7.59375,0.9994967,1
features_1:1709,features_1.npy,1709,test,1,7.7578125,0.9995728,1
features_1:1710,features_1.npy,1710,test,1,-4.3867188,0.012288597,0
features_1:1712,features_1.npy,1712,test,1,7.6953125,0.9995453,1
features_1:1735,features_1.npy,1735,test,1,-2.8496094,0.05470152,0
features_1:1748,features_1.npy,1748,test,1,6.6054688,0.99864894,1
features_1:1764,features_1.npy,1764,test,1,-3.796875,0.021948252,0
features_1:1768,features_1.npy,1768,test,1,1.4257812,0.8062431,1
features_1:1776,features_1.npy,1776,test,1,7.75,0.9995695,1
features_1:1799,features_1.npy,1799,test,1,7.75,0.9995695,1
features_1:1822,features_1.npy,1822,test,1,7.6640625,0.9995308,1
features_1:1823,features_1.npy,1823,test,1,7.578125,0.9994887,1
features_1:1826,features_1.npy,1826,test,1,7.6757812,0.9995363,1
features_1:1827,features_1.npy,1827,test,1,7.6914062,0.9995435,1
features_1:1829,features_1.npy,1829,test,1,7.7539062,0.99957114,1
features_1:1836,features_1.npy,1836,test,1,6.2929688,0.9981541,1
features_1:1845,features_1.npy,1845,test,1,7.71875,0.99955577,1
features_1:1852,features_1.npy,1852,test,1,7.6796875,0.99953806,1
features_1:1855,features_1.npy,1855,test,1,7.5351562,0.99946636,1
features_1:1858,features_1.npy,1858,test,1,7.7773438,0.99958104,1
features_1:1863,features_1.npy,1863,test,1,6.515625,0.9985221,1
features_1:1865,features_1.npy,1865,test,1,7.7539062,0.99957114,1
features_1:1870,features_1.npy,1870,test,1,-6.6367188,0.0013096055,0
features_1:1873,features_1.npy,1873,test,1,7.6796875,0.99953806,1
features_1:1875,features_1.npy,1875,test,1,7.71875,0.99955577,1
features_1:1906,features_1.npy,1906,test,1,7.2890625,0.9993175,1
features_1:1909,features_1.npy,1909,test,1,7.6367188,0.9995178,1
features_1:1913,features_1.npy,1913,test,1,7.078125,0.9991573,1
features_1:1925,features_1.npy,1925,test,1,2.8535156,0.9455002,1
features_1:1928,features_1.npy,1928,test,1,7.765625,0.99957615,1
features_1:1934,features_1.npy,1934,test,1,7.6054688,0.99950254,1
features_1:1956,features_1.npy,1956,test,1,7.5585938,0.99947864,1
features_1:1961,features_1.npy,1961,test,1,7.1054688,0.99918,1
features_1:1965,features_1.npy,1965,test,1,7.6367188,0.9995178,1
features_1:1968,features_1.npy,1968,test,1,7.5820312,0.99949074,1
features_1:1969,features_1.npy,1969,test,1,7.28125,0.99931216,1
features_1:1974,features_1.npy,1974,test,1,7.4804688,0.9994363,1
features_1:1976,features_1.npy,1976,test,1,7.6757812,0.9995363,1
features_1:1977,features_1.npy,1977,test,1,7.6210938,0.9995103,1
features_1:1982,features_1.npy,1982,test,1,7.5195312,0.9994579,1
features_1:1985,features_1.npy,1985,test,1,7.5273438,0.9994622,1
features_1:1986,features_1.npy,1986,test,1,7.3359375,0.9993487,1
features_1:1989,features_1.npy,1989,test,1,6.828125,0.9989183,1
features_1:1990,features_1.npy,1990,test,1,7.2148438,0.9992649,1
features_1:1999,features_1.npy,1999,test,1,6.4257812,0.9983834,1
features_1:2000,features_1.npy,2000,test,1,7.7070312,0.9995505,1
features_1:2006,features_1.npy,2006,test,1,7.5234375,0.99946004,1
features_1:2009,features_1.npy,2009,test,1,7.65625,0.9995272,1
features_1:2013,features_1.npy,2013,test,1,6.5898438,0.99862766,1
features_1:2014,features_1.npy,2014,test,1,7.7773438,0.99958104,1
features_1:2016,features_1.npy,2016,test,1,7.515625,0.99945575,1
features_1:2017,features_1.npy,2017,test,1,7.0351562,0.9991204,1
features_1:2018,features_1.npy,2018,test,1,6.8359375,0.9989267,1
features_1:2032,features_1.npy,2032,test,1,7.6835938,0.99954,1
features_1:2033,features_1.npy,2033,test,1,5.0039062,0.99333304,1
features_1:2035,features_1.npy,2035,test,1,7.6992188,0.99954695,1
features_1:2040,features_1.npy,2040,test,1,7.65625,0.9995272,1
features_1:2043,features_1.npy,2043,test,1,7.7539062,0.99957114,1
features_1:2051,features_1.npy,2051,test,1,7.4765625,0.99943405,1
features_1:2054,features_1.npy,2054,test,1,7.6015625,0.9995005,1
features_1:2057,features_1.npy,2057,test,1,7.7421875,0.999566,1
features_1:2061,features_1.npy,2061,test,1,7.6640625,0.9995308,1
features_1:2068,features_1.npy,2068,test,1,7.7421875,0.999566,1
features_1:2070,features_1.npy,2070,test,1,7.7890625,0.9995859,1
features_1:2096,features_1.npy,2096,test,1,-7.0703125,0.00084924564,0
features_1:2099,features_1.npy,2099,test,1,7.546875,0.99947256,1
features_1:2113,features_1.npy,2113,test,1,7.6953125,0.9995453,1
features_1:2122,features_1.npy,2122,test,1,2.8183594,0.9436599,1
features_1:2126,features_1.npy,2126,test,1,7.7226562,0.99955755,1
features_1:2128,features_1.npy,2128,test,1,7.828125,0.9996018,1
features_1:2132,features_1.npy,2132,test,1,7.671875,0.9995345,1
features_1:2134,features_1.npy,2134,test,1,7.6601562,0.999529,1
features_1:2139,features_1.npy,2139,test,1,7.5273438,0.9994622,1
features_1:2140,features_1.npy,2140,test,1,7.6601562,0.999529,1
features_1:2146,features_1.npy,2146,test,1,7.296875,0.9993228,1
features_1:2147,features_1.npy,2147,test,1,7.7109375,0.9995523,1
features_1:2163,features_1.npy,2163,test,1,7.765625,0.99957615,1
features_1:2174,features_1.npy,2174,test,1,7.6171875,0.99950826,1
features_1:2204,features_1.npy,2204,test,1,7.3828125,0.99937856,1
features_1:2214,features_1.npy,2214,test,1,7.3320312,0.9993462,1
features_1:2217,features_1.npy,2217,test,1,7.4765625,0.99943405,1
features_1:2219,features_1.npy,2219,test,1,7.71875,0.99955577,1
features_1:2240,features_1.npy,2240,test,1,2.6796875,0.93581736,1
features_1:2241,features_1.npy,2241,test,1,6.2109375,0.9979966,1
features_1:2242,features_1.npy,2242,test,1,7.2304688,0.99927634,1
features_1:2246,features_1.npy,2246,test,1,7.1640625,0.9992267,1
features_1:2247,features_1.npy,2247,test,1,7.4609375,0.9994253,1
features_1:2252,features_1.npy,2252,test,1,7.7617188,0.9995745,1
features_1:2253,features_1.npy,2253,test,1,3.7773438,0.9776285,1
features_1:2255,features_1.npy,2255,test,1,7.0,0.999089,1
features_1:2257,features_1.npy,2257,test,1,7.4375,0.9994116,1
features_1:2262,features_1.npy,2262,test,1,7.7382812,0.99956435,1
features_1:2264,features_1.npy,2264,test,1,5.2460938,0.9947595,1
features_1:2265,features_1.npy,2265,test,1,7.6484375,0.9995234,1
features_1:2266,features_1.npy,2266,test,1,7.4179688,0.9994,1
features_1:2269,features_1.npy,2269,test,1,7.7070312,0.9995505,1
features_1:2272,features_1.npy,2272,test,1,7.3828125,0.99937856,1
features_1:2301,features_1.npy,2301,test,1,7.5742188,0.9994867,1
features_1:2302,features_1.npy,2302,test,1,7.7929688,0.9995876,1
features_1:2307,features_1.npy,2307,test,1,7.7226562,0.99955755,1
features_1:2310,features_1.npy,2310,test,1,7.3828125,0.99937856,1
features_1:2314,features_1.npy,2314,test,1,-0.7729492,0.31584147,0
features_1:2319,features_1.npy,2319,test,1,7.5195312,0.9994579,1
features_1:2335,features_1.npy,2335,test,1,7.7539062,0.99957114,1
features_1:2339,features_1.npy,2339,test,1,7.5625,0.99948066,1
features_1:2350,features_1.npy,2350,test,1,7.7421875,0.999566,1
features_1:2351,features_1.npy,2351,test,1,7.625,0.9995122,1
features_1:2357,features_1.npy,2357,test,1,7.5,0.99944717,1
features_1:2358,features_1.npy,2358,test,1,7.7773438,0.99958104,1
features_1:2369,features_1.npy,2369,test,1,7.6601562,0.999529,1
features_1:2373,features_1.npy,2373,test,1,7.4726562,0.9994319,1
features_1:2376,features_1.npy,2376,test,1,7.4804688,0.9994363,1
features_1:2380,features_1.npy,2380,test,1,7.7382812,0.99956435,1
