sample_id,source_file,source_index,split,y_true,raw_score,probability,y_pred
features_0:0,features_0.npy,0,train,0,-6.8007417,3.2040483e-05,0
features_0:2,features_0.npy,2,train,0,-7.1629825,1.913534e-05,0
features_0:3,features_0.npy,3,train,0,-6.242032,7.095299e-05,0
features_0:5,features_0.npy,5,train,0,-2.5472496,0.013444329,0
features_0:6,features_0.npy,6,train,0,-5.555295,0.00018850839,0
features_0:7,features_0.npy,7,train,0,-8.445588,3.0844574e-06,0
features_0:9,features_0.npy,9,train,0,-7.7372804,8.451195e-06,0
features_0:10,features_0.npy,10,train,0,-4.2144504,0.0012691638,0
features_0:11,features_0.npy,11,train,0,-7.361315,1.4429998e-05,0
features_0:12,features_0.npy,12,train,0,-2.6152048,0.01222026,0
features_0:15,features_0.npy,15,train,0,-7.5552115,1.0950595e-05,0
features_0:18,features_0.npy,18,train,0,-5.9752183,0.000103717146,0
features_0:23,features_0.npy,23,train,0,-6.896402,2.7962877e-05,0
features_0:24,features_0.npy,24,train,0,-5.427551,0.00022607994,0
features_0:25,features_0.npy,25,train,0,-3.4649005,0.003678736,0
features_0:27,features_0.npy,27,train,0,-5.7360783,0.00014575495,0
features_0:28,features_0.npy,28,train,0,-5.595971,0.00017790875,0
features_0:29,features_0.npy,29,train,0,-5.7927384,0.0001344658,0
features_0:30,features_0.npy,30,train,0,-8.034103,5.5396176e-06,0
features_0:31,features_0.npy,31,train,0,-6.6603103,3.9127706e-05,0
features_0:32,features_0.npy,32,train,0,-6.3775563,5.8508744e-05,0
features_0:33,features_0.npy,33,train,0,-8.462082,3.0129056e-06,0
features_0:36,features_0.npy,36,train,0,-2.4622343,0.015147087,0
features_0:38,features_0.npy,38,train,0,-8.716454,2.097884e-06,0
features_0:39,features_0.npy,39,train,0,-7.516583,1.1569381e-05,0
features_0:41,features_0.npy,41,train,0,-6.8775134,2.872464e-05,0
features_0:42,features_0.npy,42,train,0,-7.4935937,1.1954126e-05,0
features_0:43,features_0.npy,43,train,0,-5.294479,0.00027320022,0
features_0:44,features_0.npy,44,train,0,-6.696073,3.7186317e-05,0
features_0:45,features_0.npy,45,train,0,-8.229349,4.1958133e-06,0
features_0:47,features_0.npy,47,train,0,-7.292689,1.5910258e-05,0
features_0:48,features_0.npy,48,train,0,-4.702873,0.0006337868,0
features_0:49,features_0.npy,49,train,0,-5.627215,0.0001701733,0
features_0:51,features_0.npy,51,train,0,-5.45704,0.00021679113,0
features_0:52,features_0.npy,52,train,0,-6.3653975,5.9529837e-05,0
features_0:54,features_0.npy,54,train,0,-5.694872,0.00015455588,0
features_0:55,features_0.npy,55,train,0,-5.062074,0.00038024486,0
features_0:56,features_0.npy,56,train,0,-5.7171774,0.00014972786,0
features_0:57,features_0.npy,57,train,0,-4.2005787,0.0012944327,0
features_0:58,features_0.npy,58,train,0,-4.0918965,0.0015106098,0
features_0:59,features_0.npy,59,train,0,-7.196712,1.8238585e-05,0
features_0:60,features_0.npy,60,train,0,-5.9796243,0.000103068895,0
features_0:61,features_0.npy,61,train,0,-6.8634114,2.9306897e-05,0
features_0:62,features_0.npy,62,train,0,-7.646149,9.621394e-06,0
features_0:63,features_0.npy,63,train,0,-4.820555,0.0005361136,0
features_0:65,features_0.npy,65,train,0,-8.870278,1.6854503e-06,0
features_0:66,features_0.npy,66,train,0,-6.676374,3.8243445e-05,0
features_0:67,features_0.npy,67,train,0,-7.3270226,1.515163e-05,0
features_0:68,features_0.npy,68,train,0,-3.978284,0.0017752149,0
features_0:69,features_0.npy,69,train,0,-6.1302752,8.3182604e-05,0
features_0:70,features_0.npy,70,train,0,-5.773462,0.00013820479,0
features_0:71,features_0.npy,71,train,0,-6.501622,4.9040063e-05,0
features_0:72,features_0.npy,72,train,0,-4.120814,0.0014497981,0
features_0:73,features_0.npy,73,train,0,-5.956679,0.000106489475,0
features_0:74,features_0.npy,74,train,0,-5.6517367,0.00016433849,0
features_0:75,features_0.npy,75,train,0,-6.7543793,3.4225577e-05,0
features_0:76,features_0.npy,76,train,0,-6.19397,7.597515e-05,0
features_0:77,features_0.npy,77,train,0,-6.1822267,7.725536e-05,0
features_0:78,features_0.npy,78,train,0,-6.3760386,5.8635254e-05,0
features_0:79,features_0.npy,79,train,0,-6.257658,6.9392816e-05,0
features_0:80,features_0.npy,80,train,0,-7.1388206,1.9804695e-05,0
features_0:81,features_0.npy,81,train,0,-7.240109,1.7146349e-05,0
features_0:82,features_0.npy,82,train,0,-3.0560277,0.0065633757,0
features_0:83,features_0.npy,83,train,0,-6.788394,3.2608437e-05,0
features_0:84,features_0.npy,84,train,0,-3.1497881,0.005748287,0
features_0:85,features_0.npy,85,train,0,-6.775887,3.3193963e-05,0
features_0:86,features_0.npy,86,train,0,-7.1225495,2.0268579e-05,0
features_0:88,features_0.npy,88,train,0,-6.919073,2.7075163e-05,0
features_0:89,features_0.npy,89,train,0,-6.306334,6.4749154e-05,0
features_0:90,features_0.npy,90,train,0,-4.500439,0.00084519666,0
features_0:92,features_0.npy,92,train,0,-4.310141,0.0011077711,0
features_0:94,features_0.npy,94,train,0,-7.430947,1.3068738e-05,0
features_0:96,features_0.npy,96,train,0,-5.9867816,0.00010202464,0
features_0:97,features_0.npy,97,train,0,-6.822575,3.106033e-05,0
features_0:99,features_0.npy,99,train,0,-4.722316,0.00061650283,0
features_0:100,features_0.npy,100,train,0,-6.8684134,2.9099034e-05,0
features_0:101,features_0.npy,101,train,0,-6.508977,4.8529484e-05,0
features_0:102,features_0.npy,102,train,0,-3.9522257,0.001842155,0
features_0:104,features_0.npy,104,train,0,-5.2444825,0.00029333957,0
features_0:105,features_0.npy,105,train,0,-7.9989924,5.8234227e-06,0
features_0:106,features_0.npy,106,train,0,-5.6282296,0.00016992781,0
features_0:107,features_0.npy,107,train,0,-8.208188,4.324084e-06,0
features_0:108,features_0.npy,108,train,0,-5.107636,0.0003563822,0
features_0:109,features_0.npy,109,train,0,-5.7497835,0.0001429403,0
features_0:110,features_0.npy,110,train,0,-8.100309,5.0415497e-06,0
features_0:111,features_0.npy,111,train,0,-5.2534447,0.00028962357,0
features_0:113,features_0.npy,113,train,0,-7.3985767,1.36848e-05,0
features_0:114,features_0.npy,114,train,0,-8.841003,1.7571481e-06,0
features_0:115,features_0.npy,115,train,0,-4.1522465,0.0013864666,0
features_0:117,features_0.npy,117,train,0,-7.361458,1.4427067e-05,0
features_0:118,features_0.npy,118,train,0,-7.4350905,1.2991904e-05,0
features_0:120,features_0.npy,120,train,0,-6.276275,6.757865e-05,0
features_0:123,features_0.npy,123,train,0,-6.3868527,5.7739846e-05,0
features_0:124,features_0.npy,124,train,0,-6.5745945,4.4203352e-05,0
features_0:125,features_0.npy,125,train,0,-6.171315,7.846415e-05,0
features_0:126,features_0.npy,126,train,0,-4.470798,0.0008815776,0
features_0:128,features_0.npy,128,train,0,-6.5283995,4.7206635e-05,0
features_0:129,features_0.npy,129,train,0,-4.5092206,0.00083470956,0
features_0:131,features_0.npy,131,train,0,-6.514334,4.8160935e-05,0
features_0:132,features_0.npy,132,train,0,-5.5366483,0.00019357644,0
features_0:133,features_0.npy,133,train,0,-3.108061,0.0060978048,0
features_0:135,features_0.npy,135,train,0,-3.800343,0.0022855895,0
features_0:136,features_0.npy,136,train,0,-7.8401,7.3008828e-06,0
features_0:137,features_0.npy,137,train,0,-4.916717,0.00046758182,0
features_0:138,features_0.npy,138,train,0,-4.4805093,0.00086948916,0
features_0:139,features_0.npy,139,train,0,-6.4069505,5.6112036e-05,0
features_0:140,features_0.npy,140,train,0,-6.195719,7.578636e-05,0
features_0:141,features_0.npy,141,train,0,-5.0537825,0.00038475636,0
features_0:142,features_0.npy,142,train,0,-4.573031,0.00076230953,0
features_0:144,features_0.npy,144,train,0,-9.721493,5.019458e-07,0
features_0:145,features_0.npy,145,train,0,-3.4887993,0.0035561672,0
features_0:147,features_0.npy,147,train,0,-6.928833,2.6701744e-05,0
features_0:148,features_0.npy,148,train,0,-6.646287,3.9916296e-05,0
features_0:155,features_0.npy,155,train,0,-6.9068604,2.7549795e-05,0
features_0:156,features_0.npy,156,train,0,-5.3158455,0.00026502073,0
features_0:158,features_0.npy,158,train,0,-7.5466785,1.1084368e-05,0
features_0:162,features_0.npy,162,train,0,-8.137793,4.779681e-06,0
features_0:163,features_0.npy,163,train,0,-7.0501347,2.2468583e-05,0
features_0:164,features_0.npy,164,train,0,-6.271034,6.808455e-05,0
features_0:165,features_0.npy,165,train,0,-8.028843,5.5812393e-06,0
features_0:167,features_0.npy,167,train,0,-6.50523,4.878892e-05,0
features_0:168,features_0.npy,168,train,0,-5.8619018,0.00012186346,0
features_0:169,features_0.npy,169,train,0,-6.5434837,4.6204175e-05,0
features_0:170,features_0.npy,170,train,0,-7.1014915,2.0885132e-05,0
features_0:171,features_0.npy,171,train,0,-8.411177,3.2392568e-06,0
features_0:172,features_0.npy,172,train,0,-4.9203753,0.0004651552,0
features_0:173,features_0.npy,173,train,0,-4.182731,0.0013276847,0
features_0:174,features_0.npy,174,train,0,-2.5956318,0.012561081,0
features_0:175,features_0.npy,175,train,0,-6.841213,3.0247409e-05,0
features_0:176,features_0.npy,176,train,0,-3.6446981,0.00285064,0
features_0:177,features_0.npy,177,train,0,-7.713308,8.744469e-06,0
features_0:178,features_0.npy,178,train,0,-7.030584,2.3102455e-05,0
features_0:179,features_0.npy,179,train,0,-3.8354788,0.002174365,0
features_0:181,features_0.npy,181,train,0,-5.3845663,0.000240337,0
features_0:182,features_0.npy,182,train,0,-4.063593,0.0015725963,0
features_0:183,features_0.npy,183,train,0,-6.1870494,7.672697e-05,0
features_0:184,features_0.npy,184,train,0,-7.3443,1.4783649e-05,0
features_0:185,features_0.npy,185,train,0,-4.5131507,0.00083005807,0
features_0:188,features_0.npy,188,train,0,-7.422044,1.3235364e-05,0
features_0:191,features_0.npy,191,train,0,-8.025261,5.6097615e-06,0
features_0:192,features_0.npy,192,train,0,-6.828444,3.0802024e-05,0
features_0:193,features_0.npy,193,train,0,-5.4667234,0.00021382475,0
features_0:194,features_0.npy,194,train,0,-6.843314,3.0157114e-05,0
features_0:195,features_0.npy,195,train,0,-5.532246,0.0001947927,0
features_0:196,features_0.npy,196,train,0,-6.5530868,4.5577108e-05,0
features_0:198,features_0.npy,198,train,0,-8.366882,3.4500058e-06,0
features_0:199,features_0.npy,199,train,0,-7.1155567,2.0471287e-05,0
features_0:203,features_0.npy,203,train,0,-7.5750327,1.0646043e-05,0
features_0:204,features_0.npy,204,train,0,-2.2619762,0.020041361,0
features_0:208,features_0.npy,208,train,0,-7.053049,2.2375589e-05,0
features_0:209,features_0.npy,209,train,0,-5.762169,0.00014044342,0
features_0:210,features_0.npy,210,train,0,-8.741303,2.0249947e-06,0
features_0:211,features_0.npy,211,train,0,-4.318054,0.0010953805,0
features_0:212,features_0.npy,212,train,0,-9.373001,8.2419194e-07,0
features_0:213,features_0.npy,213,train,0,-6.28348,6.688942e-05,0
features_0:214,features_0.npy,214,train,0,-3.7445385,0.0024740244,0
features_0:215,features_0.npy,215,train,0,-8.9336,1.5402196e-06,0
features_0:218,features_0.npy,218,train,0,-8.293893,3.8276116e-06,0
features_0:220,features_0.npy,220,train,0,-7.6241145,9.927858e-06,0
features_0:221,features_0.npy,221,train,0,-4.0635996,0.0015725812,0
features_0:222,features_0.npy,222,train,0,-7.5124545,1.1637557e-05,0
features_0:223,features_0.npy,223,train,0,-6.6900945,3.7504025e-05,0
features_0:224,features_0.npy,224,train,0,-3.3769681,0.0041670515,0
features_0:226,features_0.npy,226,train,0,-7.579208,1.0582979e-05,0
features_0:227,features_0.npy,227,train,0,-4.523372,0.00081808167,0
features_0:228,features_0.npy,228,train,0,-6.320289,6.347611e-05,0
features_0:231,features_0.npy,231,train,0,-4.3099613,0.001108054,0
features_0:232,features_0.npy,232,train,0,-6.8904324,2.8201408e-05,0
features_0:233,features_0.npy,233,train,0,-3.4604244,0.0037021558,0
features_0:234,features_0.npy,234,train,0,-6.9373894,2.6378611e-05,0
features_0:235,features_0.npy,235,train,0,-6.363051,5.972891e-05,0
features_0:236,features_0.npy,236,train,0,-3.5290062,0.0033590759,0
features_0:237,features_0.npy,237,train,0,-6.947763,2.5992085e-05,0
features_0:238,features_0.npy,238,train,0,-6.6622853,3.901786e-05,0
features_0:239,features_0.npy,239,train,0,-6.4399796,5.3535827e-05,0
features_0:240,features_0.npy,240,train,0,-4.1629643,0.0013655091,0
features_0:242,features_0.npy,242,train,0,-5.1501727,0.0003354571,0
features_0:243,features_0.npy,243,train,0,-4.933852,0.0004563235,0
features_0:244,features_0.npy,244,train,0,-2.705709,0.010759441,0
features_0:247,features_0.npy,247,train,0,-5.531002,0.00019513773,0
features_0:248,features_0.npy,248,train,0,-5.4749784,0.0002113283,0
features_0:249,features_0.npy,249,train,0,-6.603451,4.2425057e-05,0
features_0:250,features_0.npy,250,train,0,-4.2035446,0.0012889882,0
features_0:251,features_0.npy,251,train,0,-4.1212306,0.0014489396,0
features_0:254,features_0.npy,254,train,0,-7.6162953,1.0038936e-05,0
features_0:255,features_0.npy,255,train,0,-6.304958,6.4876105e-05,0
features_0:256,features_0.npy,256,train,0,-8.445397,3.0852927e-06,0
features_0:258,features_0.npy,258,train,0,-4.0568957,0.001587631,0
features_0:259,features_0.npy,259,train,0,-5.221558,0.00030306383,0
features_0:260,features_0.npy,260,train,0,-6.886986,2.8340064e-05,0
features_0:261,features_0.npy,261,train,0,-6.61671,4.1632098e-05,0
features_0:264,features_0.npy,264,train,0,-2.844437,0.0088489605,0
features_0:265,features_0.npy,265,train,0,-7.7762322,7.9955e-06,0
features_0:266,features_0.npy,266,train,0,-7.203485,1.806365e-05,0
features_0:267,features_0.npy,267,train,0,-7.2759767,1.6293176e-05,0
features_0:270,features_0.npy,270,train,0,-6.2524576,6.990822e-05,0
features_0:271,features_0.npy,271,train,0,-8.077547,5.207521e-06,0
features_0:272,features_0.npy,272,train,0,-6.4869843,5.007219e-05,0
features_0:273,features_0.npy,273,train,0,-8.158812,4.6388377e-06,0
features_0:274,features_0.npy,274,train,0,-4.5066037,0.00083782093,0
features_0:275,features_0.npy,275,train,0,-5.4630127,0.00021495658,0
features_0:277,features_0.npy,277,train,0,-6.4637313,5.175669e-05,0
features_0:278,features_0.npy,278,train,0,-6.85473,2.9671159e-05,0
features_0:280,features_0.npy,280,train,0,-4.119012,0.0014535147,0
features_0:281,features_0.npy,281,train,0,-4.5406847,0.0007981893,0
features_0:282,features_0.npy,282,train,0,-6.1160884,8.487884e-05,0
features_0:284,features_0.npy,284,train,0,-6.699516,3.7004593e-05,0
features_0:285,features_0.npy,285,train,0,-7.4490886,1.2735677e-05,0
features_0:286,features_0.npy,286,train,0,-5.9435344,0.00010849992,0
features_0:287,features_0.npy,287,train,0,-5.5253367,0.00019671705,0
features_0:289,features_0.npy,289,train,0,-3.5368268,0.0033220237,0
features_0:290,features_0.npy,290,train,0,-7.07637,2.1645234e-05,0
features_0:291,features_0.npy,291,train,0,-3.4313347,0.00385802,0
features_0:292,features_0.npy,292,train,0,-6.171884,7.840065e-05,0
features_0:294,features_0.npy,294,train,0,-8.373065,3.4197838e-06,0
features_0:296,features_0.npy,296,train,0,-7.5219383,1.1481548e-05,0
features_0:297,features_0.npy,297,train,0,-6.8146796,3.1411284e-05,0
features_0:298,features_0.npy,298,train,0,-7.235159,1.7267566e-05,0
features_0:299,features_0.npy,299,train,0,-7.37535,1.4144669e-05,0
features_0:300,features_0.npy,300,train,0,-5.4208403,0.00022824864,0
features_0:302,features_0.npy,302,train,0,-6.0282936,9.617291e-05,0
features_0:303,features_0.npy,303,train,0,-5.386655,0.00023962381,0
features_0:305,features_0.npy,305,train,0,-4.821511,0.0005353857,0
features_0:306,features_0.npy,306,train,0,-3.0349648,0.0067617237,0
features_0:307,features_0.npy,307,train,0,-7.5583377,1.0901986e-05,0
features_0:308,features_0.npy,308,train,0,-7.733428,8.497656e-06,0
features_0:309,features_0.npy,309,train,0,-5.9423733,0.00010867927,0
features_0:310,features_0.npy,310,train,0,-7.3518767,1.4625107e-05,0
features_0:311,features_0.npy,311,train,0,-6.4997582,4.9170296e-05,0
features_0:312,features_0.npy,312,train,0,-4.185562,0.0013223542,0
features_0:314,features_0.npy,314,train,0,-6.297854,6.553522e-05,0
features_0:316,features_0.npy,316,train,0,-4.05452,0.0015929989,0
features_0:318,features_0.npy,318,train,0,-5.147362,0.0003368009,0
features_0:319,features_0.npy,319,train,0,-9.109021,1.1999708e-06,0
features_0:321,features_0.npy,321,train,0,-7.5147953,1.1598855e-05,0
features_0:322,features_0.npy,322,train,0,-6.6724086,3.845985e-05,0
features_0:323,features_0.npy,323,train,0,-6.9411125,2.6239217e-05,0
features_0:324,features_0.npy,324,train,0,-5.8153296,0.00013021223,0
features_0:325,features_0.npy,325,train,0,-7.737147,8.4528065e-06,0
features_0:326,features_0.npy,326,train,0,-5.9210544,0.00011202646,0
features_0:327,features_0.npy,327,train,0,-8.007543,5.752999e-06,0
features_0:328,features_0.npy,328,train,0,-8.355587,3.505906e-06,0
features_0:329,features_0.npy,329,train,0,-3.988898,0.0017486503,0
features_0:331,features_0.npy,331,train,0,-3.8378649,0.0021670102,0
features_0:332,features_0.npy,332,train,0,-7.295449,1.58479e-05,0
features_0:333,features_0.npy,333,train,0,-8.715563,2.1005446e-06,0
features_0:334,features_0.npy,334,train,0,-4.0734553,0.0015507141,0
features_0:336,features_0.npy,336,train,0,-5.081493,0.000369885,0
features_0:338,features_0.npy,338,train,0,-5.39392,0.00023715995,0
features_0:339,features_0.npy,339,train,0,-6.074773,9.0018286e-05,0
features_0:341,features_0.npy,341,train,0,-6.956793,2.5660238e-05,0
features_0:342,features_0.npy,342,train,0,-7.5185604,1.15368775e-05,0
features_0:344,features_0.npy,344,train,0,-3.1535532,0.0057177464,0
features_0:346,features_0.npy,346,train,0,-2.7401428,0.010250208,0
features_0:347,features_0.npy,347,train,0,-3.074769,0.006391751,0
features_0:348,features_0.npy,348,train,0,-6.9252524,2.6838143e-05,0
features_0:349,features_0.npy,349,train,0,-3.5261307,0.0033728036,0
features_0:350,features_0.npy,350,train,0,-2.656016,0.011538734,0
features_0:351,features_0.npy,351,train,0,-3.8800793,0.0020409245,0
features_0:352,features_0.npy,352,train,0,-1.8505541,0.03542571,0
features_0:353,features_0.npy,353,train,0,-5.8394465,0.00012581985,0
features_0:354,features_0.npy,354,train,0,-5.7939286,0.00013423826,0
features_0:355,features_0.npy,355,train,0,-8.349284,3.537493e-06,0
features_0:357,features_0.npy,357,train,0,-3.7032816,0.0026232293,0
features_0:358,features_0.npy,358,train,0,-7.906223,6.6452394e-06,0
features_0:359,features_0.npy,359,train,0,-7.271771,1.639097e-05,0
features_0:360,features_0.npy,360,train,0,-4.4068317,0.00096550793,0
features_0:361,features_0.npy,361,train,0,-7.0256233,2.3266111e-05,0
features_0:362,features_0.npy,362,train,0,-6.125528,8.3746425e-05,0
features_0:363,features_0.npy,363,train,0,-5.581866,0.00018151516,0
features_0:364,features_0.npy,364,train,0,-7.661644,9.411567e-06,0
features_0:365,features_0.npy,365,train,0,-3.254556,0.0049560615,0
features_0:366,features_0.npy,366,train,0,-4.9019794,0.00047748667,0
features_0:367,features_0.npy,367,train,0,-7.804567,7.679532e-06,0
features_0:368,features_0.npy,368,train,0,-8.9983425,1.4046602e-06,0
features_0:370,features_0.npy,370,train,0,-5.6849723,0.00015674827,0
features_0:371,features_0.npy,371,train,0,-6.3979206,5.6837678e-05,0
features_0:372,features_0.npy,372,train,0,-6.4546895,5.242691e-05,0
features_0:373,features_0.npy,373,train,0,-7.2752194,1.6310729e-05,0
features_0:374,features_0.npy,374,train,0,-7.8605347,7.091636e-06,0
features_0:375,features_0.npy,375,train,0,-7.22672,1.7476174e-05,0
features_0:376,features_0.npy,376,train,0,-1.8961277,0.033275206,0
features_0:377,features_0.npy,377,train,0,-4.223177,0.00125352,0
features_0:380,features_0.npy,380,train,0,-4.953121,0.00044398638,0
features_0:381,features_0.npy,381,train,0,-6.710772,3.6416597e-05,0
features_0:382,features_0.npy,382,train,0,-6.750179,3.4430737e-05,0
features_0:383,features_0.npy,383,train,0,-6.4509363,5.2707634e-05,0
features_0:386,features_0.npy,386,train,0,-2.7206728,0.010535143,0
features_0:388,features_0.npy,388,train,0,-5.909715,0.00011384859,0
features_0:389,features_0.npy,389,train,0,-8.1013775,5.0338913e-06,0
features_0:390,features_0.npy,390,train,0,-6.1105638,8.554866e-05,0
features_0:393,features_0.npy,393,train,0,-6.0836387,8.888983e-05,0
features_0:394,features_0.npy,394,train,0,-7.1971073,1.8228326e-05,0
features_0:395,features_0.npy,395,train,0,-4.7601924,0.0005841723,0
features_0:396,features_0.npy,396,train,0,-6.444327,5.3205724e-05,0
features_0:398,features_0.npy,398,train,0,-7.3157773,1.5396028e-05,0
features_0:404,features_0.npy,404,train,0,-6.604298,4.2373948e-05,0
features_0:405,features_0.npy,405,train,0,-4.6634865,0.0006702994,0
features_0:408,features_0.npy,408,train,0,-6.328402,6.274759e-05,0
features_0:409,features_0.npy,409,train,0,-7.049637,2.2484508e-05,0
features_0:410,features_0.npy,410,train,0,-6.1973314,7.561261e-05,0
features_0:411,features_0.npy,411,train,0,-6.2339664,7.177199e-05,0
features_0:412,features_0.npy,412,train,0,-7.0986485,2.0969794e-05,0
features_0:413,features_0.npy,413,train,0,-5.264774,0.00028499306,0
features_0:414,features_0.npy,414,train,0,-7.717581,8.691459e-06,0
features_0:415,features_0.npy,415,train,0,-7.5707445,1.0711198e-05,0
features_0:416,features_0.npy,416,train,0,-8.537227,2.707356e-06,0
features_0:417,features_0.npy,417,train,0,-7.8678365,7.0183273e-06,0
features_0:419,features_0.npy,419,train,0,-5.0873513,0.0003668154,0
features_0:420,features_0.npy,420,train,0,-7.889466,6.805603e-06,0
features_0:421,features_0.npy,421,train,0,-8.440348,3.1075435e-06,0
features_0:422,features_0.npy,422,train,0,-6.798591,3.2138683e-05,0
features_0:423,features_0.npy,423,train,0,-7.3668027,1.4317759e-05,0
features_0:424,features_0.npy,424,train,0,-4.6568093,0.0006766942,0
features_0:425,features_0.npy,425,train,0,-6.784287,3.279956e-05,0
features_0:426,features_0.npy,426,train,0,-5.538061,0.00019318775,0
features_0:427,features_0.npy,427,train,0,-5.915579,0.00011290273,0
features_0:428,features_0.npy,428,train,0,-6.9769745,2.49338e-05,0
features_0:429,features_0.npy,429,train,0,-6.415373,5.5443543e-05,0
features_0:430,features_0.npy,430,train,0,-7.5037827,1.1782047e-05,0
features_0:432,features_0.npy,432,train,0,-6.8484044,2.993945e-05,0
features_0:433,features_0.npy,433,train,0,-3.845016,0.0021451174,0
features_0:434,features_0.npy,434,train,0,-8.025728,5.6060335e-06,0
features_0:435,features_0.npy,435,train,0,-6.090926,8.797286e-05,0
features_0:436,features_0.npy,436,train,0,-7.9206014,6.5106533e-06,0
features_0:438,features_0.npy,438,train,0,-3.089737,0.0062578903,0
features_0:439,features_0.npy,439,train,0,-5.883919,0.00011810499,0
features_0:440,features_0.npy,440,train,0,-6.4802303,5.0555736e-05,0
features_0:442,features_0.npy,442,train,0,-6.336937,6.199011e-05,0
features_0:444,features_0.npy,444,train,0,-6.5023003,4.899276e-05,0
features_0:445,features_0.npy,445,train,0,-6.5800457,4.38618e-05,0
features_0:446,features_0.npy,446,train,0,-6.295364,6.57678e-05,0
features_0:447,features_0.npy,447,train,0,-7.371296,1.42265e-05,0
features_0:448,features_0.npy,448,train,0,-4.8433456,0.00051901466,0
features_0:449,features_0.npy,449,train,0,-3.439319,0.0038146006,0
features_0:450,features_0.npy,450,train,0,-2.5425413,0.013533486,0
features_0:451,features_0.npy,451,train,0,-5.25446,0.00028920552,0
features_0:453,features_0.npy,453,train,0,-5.754782,0.00014192724,0
features_0:454,features_0.npy,454,train,0,-5.804294,0.00013227297,0
features_0:456,features_0.npy,456,train,0,-7.095625,2.106022e-05,0
features_0:457,features_0.npy,457,train,0,-5.4566207,0.00021692037,0
features_0:458,features_0.npy,458,train,0,-7.802585,7.70122e-06,0
features_0:460,features_0.npy,460,train,0,-6.9332323,2.653512e-05,0
features_0:461,features_0.npy,461,train,0,-5.2297697,0.00029954407,0
features_0:462,features_0.npy,462,train,0,-6.7104015,3.643581e-05,0
features_0:464,features_0.npy,464,train,0,-6.2508645,7.006687e-05,0
features_0:465,features_0.npy,465,train,0,-7.988275,5.912917e-06,0
features_0:467,features_0.npy,467,train,0,-4.992703,0.0004196801,0
features_0:468,features_0.npy,468,train,0,-7.033745,2.2998765e-05,0
features_0:471,features_0.npy,471,train,0,-6.373631,5.8836446e-05,0
features_0:475,features_0.npy,475,train,0,-4.7869973,0.00056232145,0
features_0:477,features_0.npy,477,train,0,-7.0663185,2.1957048e-05,0
features_0:478,features_0.npy,478,train,0,-5.672351,0.00015958854,0
features_0:479,features_0.npy,479,train,0,-6.4083085,5.6003682e-05,0
features_0:480,features_0.npy,480,train,0,-3.4091663,0.003981173,0
features_0:481,features_0.npy,481,train,0,-5.879059,0.00011892454,0
features_0:482,features_0.npy,482,train,0,-5.4067693,0.00023286395,0
features_0:483,features_0.npy,483,train,0,-5.5618234,0.00018676562,0
features_0:485,features_0.npy,485,train,0,-3.5930634,0.0030673193,0
features_0:486,features_0.npy,486,train,0,-6.788496,3.260368e-05,0
features_0:490,features_0.npy,490,train,0,-5.0993443,0.0003606107,0
features_0:491,features_0.npy,491,train,0,-3.778276,0.0023583286,0
features_0:493,features_0.npy,493,train,0,-5.2529287,0.00028983597,0
features_0:494,features_0.npy,494,train,0,-6.5639315,4.4879176e-05,0
features_0:495,features_0.npy,495,train,0,-6.0748825,9.000421e-05,0
features_0:497,features_0.npy,497,train,0,-6.5148673,4.812444e-05,0
features_0:498,features_0.npy,498,train,0,-6.1776867,7.775601e-05,0
features_0:499,features_0.npy,499,train,0,-4.1508884,0.0013891443,0
features_0:500,features_0.npy,500,train,0,-5.715886,0.00015000324,0
features_0:501,features_0.npy,501,train,0,-6.717728,3.6057932e-05,0
features_0:503,features_0.npy,503,train,0,-6.155737,8.022284e-05,0
features_0:504,features_0.npy,504,train,0,-6.970185,2.5175865e-05,0
features_0:505,features_0.npy,505,train,0,-7.234673,1.7279508e-05,0
features_0:506,features_0.npy,506,train,0,-4.5194497,0.00082265714,0
features_0:507,features_0.npy,507,train,0,-6.8084292,3.1691896e-05,0
features_0:513,features_0.npy,513,train,0,-8.320038,3.68782e-06,0
features_0:514,features_0.npy,514,train,0,-5.470821,0.00021258187,0
features_0:516,features_0.npy,516,train,0,-6.021147,9.7155884e-05,0
features_0:518,features_0.npy,518,train,0,-4.703295,0.0006334067,0
features_0:519,features_0.npy,519,train,0,-6.874039,2.8867e-05,0
features_0:522,features_0.npy,522,train,0,-8.060974,5.331796e-06,0
features_0:523,features_0.npy,523,train,0,-5.992783,0.00010115704,0
features_0:525,features_0.npy,525,train,0,-7.5636973,1.0819159e-05,0
features_0:526,features_0.npy,526,train,0,-4.6382084,0.0006948327,0
features_0:527,features_0.npy,527,train,0,-2.3066738,0.018829571,0
features_0:528,features_0.npy,528,train,0,-6.315543,6.390625e-05,0
features_0:529,features_0.npy,529,train,0,-5.4399548,0.00022212516,0
features_0:530,features_0.npy,530,train,0,-5.6369004,0.00016784437,0
features_0:531,features_0.npy,531,train,0,-8.58125,2.5429526e-06,0
features_0:532,features_0.npy,532,train,0,-5.521831,0.00019770066,0
features_0:533,features_0.npy,533,train,0,-5.4880233,0.00020744234,0
features_0:534,features_0.npy,534,train,0,-5.634267,0.00016847451,0
features_0:535,features_0.npy,535,train,0,-4.034459,0.0016390543,0
features_0:536,features_0.npy,536,train,0,-4.9622564,0.00043825462,0
features_0:538,features_0.npy,538,train,0,-5.1896567,0.00031713457,0
features_0:539,features_0.npy,539,train,0,-5.681862,0.00015744347,0
features_0:541,features_0.npy,541,train,0,-7.6152086,1.0054467e-05,0
features_0:542,features_0.npy,542,train,0,-4.837953,0.0005230107,0
features_0:543,features_0.npy,543,train,0,-5.4572434,0.0002167283,0
features_0:544,features_0.npy,544,train,0,-2.9931393,0.007173417,0
features_0:545,features_0.npy,545,train,0,-5.5360227,0.00019374891,0
features_0:547,features_0.npy,547,train,0,-6.576338,4.409385e-05,0
features_0:548,features_0.npy,548,train,0,-4.6196523,0.0007134114,0
features_0:549,features_0.npy,549,train,0,-6.4452524,5.3135696e-05,0
features_0:551,features_0.npy,551,train,0,-4.5526476,0.00078472734,0
features_0:552,features_0.npy,552,train,0,-6.6905127,3.7481714e-05,0
features_0:553,features_0.npy,553,train,0,-6.633561,4.0645707e-05,0
features_0:554,features_0.npy,554,train,0,-7.18098,1.8651479e-05,0
features_0:555,features_0.npy,555,train,0,-6.525566,4.7397352e-05,0
features_0:557,features_0.npy,557,train,0,-6.719896,3.5946865e-05,0
features_0:558,features_0.npy,558,train,0,-2.5617638,0.013173115,0
features_0:560,features_0.npy,560,train,0,-6.470749,5.124245e-05,0
features_0:561,features_0.npy,561,train,0,-5.565625,0.00018575811,0
features_0:566,features_0.npy,566,train,0,-5.7969184,0.00013366832,0
features_0:567,features_0.npy,567,train,0,-5.741771,0.00014457907,0
features_0:568,features_0.npy,568,train,0,-4.3672767,0.0010213557,0
features_0:570,features_0.npy,570,train,0,-7.8298173,7.4084955e-06,0
features_0:571,features_0.npy,571,train,0,-4.5795507,0.00075527496,0
features_0:572,features_0.npy,572,train,0,-7.049032,2.2503858e-05,0
features_0:573,features_0.npy,573,train,0,-6.8404207,3.0281524e-05,0
features_0:575,features_0.npy,575,train,0,-4.3887057,0.0009907113,0
features_0:576,features_0.npy,576,train,0,-5.353912,0.0002510503,0
features_0:578,features_0.npy,578,train,0,-4.234982,0.0012326639,0
features_0:579,features_0.npy,579,train,0,-8.076117,5.218135e-06,0
features_0:581,features_0.npy,581,train,0,-7.61369,1.0076228e-05,0
features_0:582,features_0.npy,582,train,0,-5.2967043,0.00027233682,0
features_0:583,features_0.npy,583,train,0,-6.927814,2.6740501e-05,0
features_0:584,features_0.npy,584,train,0,-5.879916,0.00011877948,0
features_0:585,features_0.npy,585,train,0,-5.570868,0.00018437766,0
features_0:587,features_0.npy,587,train,0,-7.849306,7.2058547e-06,0
features_0:588,features_0.npy,588,train,0,-7.143531,1.9672383e-05,0
features_0:589,features_0.npy,589,train,0,-4.8913784,0.00048474094,0
features_0:590,features_0.npy,590,train,0,-4.890693,0.00048521365,0
features_0:591,features_0.npy,591,train,0,-7.6505346,9.561536e-06,0
features_0:593,features_0.npy,593,train,0,-6.663819,3.893282e-05,0
features_0:594,features_0.npy,594,train,0,-7.2942004,1.587608e-05,0
features_0:595,features_0.npy,595,train,0,-5.610871,0.00017417691,0
features_0:596,features_0.npy,596,train,0,-6.185079,7.694238e-05,0
features_0:597,features_0.npy,597,train,0,-6.4439654,5.3233078e-05,0
features_0:598,features_0.npy,598,train,0,-4.3028398,0.0011193276,0
features_0:599,features_0.npy,599,train,0,-3.550479,0.0032583168,0
features_0:601,features_0.npy,601,train,0,-7.085772,2.1357577e-05,0
features_0:602,features_0.npy,602,train,0,-6.4701743,5.1284347e-05,0
features_0:603,features_0.npy,603,train,0,-8.125593,4.8633788e-06,0
features_0:604,features_0.npy,604,train,0,-6.843053,3.0168334e-05,0
features_0:605,features_0.npy,605,train,0,-4.271656,0.0011700568,0
features_0:607,features_0.npy,607,train,0,-7.1158905,2.0461566e-05,0
features_0:609,features_0.npy,609,train,0,-6.645038,3.9987313e-05,0
features_0:610,features_0.npy,610,train,0,-3.068768,0.006446215,0
features_0:611,features_0.npy,611,train,0,-5.443318,0.00022106494,0
features_0:613,features_0.npy,613,train,0,-7.529914,1.1351986e-05,0
features_0:614,features_0.npy,614,train,0,-4.6582584,0.00067530136,0
features_0:615,features_0.npy,615,train,0,-3.6298742,0.0029112357,0
features_0:616,features_0.npy,616,train,0,-6.3028812,6.506805e-05,0
features_0:617,features_0.npy,617,train,0,-5.8356185,0.00012650703,0
features_0:618,features_0.npy,618,train,0,-4.4219627,0.00094496063,0
features_0:619,features_0.npy,619,train,0,-6.1337385,8.277367e-05,0
features_0:620,features_0.npy,620,train,0,-8.668384,2.2464098e-06,0
features_0:621,features_0.npy,621,train,0,-4.490659,0.0008570313,0
features_0:622,features_0.npy,622,train,0,-7.8513026,7.1854115e-06,0
features_0:624,features_0.npy,624,train,0,-2.775381,0.009753779,0
features_0:626,features_0.npy,626,train,0,-7.5770965,1.0614818e-05,0
features_0:628,features_0.npy,628,train,0,-7.6532125,9.525168e-06,0
features_0:629,features_0.npy,629,train,0,-8.394887,3.3152194e-06,0
features_0:630,features_0.npy,630,train,0,-5.0550413,0.00038406794,0
features_0:631,features_0.npy,631,train,0,-4.8698835,0.0004997896,0
features_0:634,features_0.npy,634,train,0,-4.995144,0.00041822536,0
features_0:636,features_0.npy,636,train,0,-8.58426,2.5320846e-06,0
features_0:637,features_0.npy,637,train,0,-3.896439,0.001994053,0
features_0:638,features_0.npy,638,train,0,-3.2967014,0.0046689105,0
features_0:643,features_0.npy,643,train,0,-3.0343525,0.0067675808,0
features_0:644,features_0.npy,644,train,0,-4.17359,0.0013450448,0
features_0:649,features_0.npy,649,train,0,-1.5429176,0.05383591,0
features_0:650,features_0.npy,650,train,0,-3.2605495,0.004914177,0
features_0:651,features_0.npy,651,train,0,-4.4628935,0.0008915408,0
features_0:652,features_0.npy,652,train,0,-2.7245302,0.010478075,0
features_0:654,features_0.npy,654,train,0,-5.0396953,0.00039254405,0
features_0:657,features_0.npy,657,train,0,-5.2128487,0.0003068422,0
features_0:660,features_0.npy,660,train,0,-6.081285,8.9188026e-05,0
features_0:661,features_0.npy,661,train,0,-5.778826,0.000137154,0
features_0:662,features_0.npy,662,train,0,-6.189803,7.6426986e-05,0
features_0:664,features_0.npy,664,train,0,-5.718687,0.00014940654,0
features_0:665,features_0.npy,665,train,0,-5.946117,0.000108101915,0
features_0:666,features_0.npy,666,train,0,-4.4906316,0.0008570652,0
features_0:667,features_0.npy,667,train,0,-4.256262,0.0011959403,0
features_0:668,features_0.npy,668,train,0,-2.5683043,0.01305267,0
features_0:669,features_0.npy,669,train,0,-2.8862185,0.008342431,0
features_0:670,features_0.npy,670,train,0,-4.2331595,0.001235861,0
features_0:671,features_0.npy,671,train,0,-6.203355,7.4967305e-05,0
features_0:672,features_0.npy,672,train,0,-3.8381448,0.0021661494,0
features_0:673,features_0.npy,673,train,0,-5.281106,0.0002784477,0
features_0:674,features_0.npy,674,train,0,-3.279716,0.0047825905,0
features_0:675,features_0.npy,675,train,0,-3.8256843,0.002204815,0
features_0:676,features_0.npy,676,train,0,-6.4945498,4.9536076e-05,0
features_0:677,features_0.npy,677,train,0,-4.375685,0.00100922,0
features_0:678,features_0.npy,678,train,0,-3.2206368,0.0051998706,0
features_0:679,features_0.npy,679,train,0,-4.309195,0.0011092615,0
features_0:680,features_0.npy,680,train,0,-5.169965,0.00032614399,0
features_0:682,features_0.npy,682,train,0,-3.129999,0.005911492,0
features_0:688,features_0.npy,688,train,0,-5.9218626,0.000111897694,0
features_0:691,features_0.npy,691,train,0,-3.7301464,0.0025250872,0
features_0:692,features_0.npy,692,train,0,-3.2145247,0.005245058,0
features_0:693,features_0.npy,693,train,0,-4.0187044,0.0016761539,0
features_0:694,features_0.npy,694,train,0,-8.311246,3.7342488e-06,0
features_0:695,features_0.npy,695,train,0,-4.767545,0.0005780953,0
features_0:697,features_0.npy,697,train,0,-7.684605,9.109028e-06,0
features_0:700,features_0.npy,700,train,0,-5.6077294,0.00017495707,0
features_0:701,features_0.npy,701,train,0,-5.746435,0.00014362288,0
features_0:704,features_0.npy,704,train,0,-5.8957148,0.0001161393,0
features_0:705,features_0.npy,705,train,0,-3.6053402,0.0030143578,0
features_0:706,features_0.npy,706,train,0,-5.13434,0.00034309828,0
features_0:707,features_0.npy,707,train,0,-6.0743957,9.006654e-05,0
features_0:708,features_0.npy,708,train,0,-3.3557792,0.0042940634,0
features_0:710,features_0.npy,710,train,0,-2.242573,0.020590886,0
features_0:711,features_0.npy,711,train,0,-6.4467573,5.302201e-05,0
features_0:712,features_0.npy,712,train,0,-3.5842865,0.0031057498,0
features_0:713,features_0.npy,713,train,0,-5.3996615,0.00023523044,0
features_0:714,features_0.npy,714,train,0,-5.799804,0.00013312061,0
features_0:715,features_0.npy,715,train,0,-2.9938037,0.0071666865,0
features_0:716,features_0.npy,716,train,0,-2.6699543,0.011314693,0
features_0:717,features_0.npy,717,train,0,-4.898712,0.0004797109,0
features_0:718,features_0.npy,718,train,0,-4.835568,0.0005247879,0
features_0:720,features_0.npy,720,train,0,-5.337105,0.0002571253,0
features_0:721,features_0.npy,721,train,0,-5.319632,0.00026359697,0
features_0:722,features_0.npy,722,train,0,-6.762922,3.3812048e-05,0
features_0:723,features_0.npy,723,train,0,-6.3361845,6.205653e-05,0
features_0:724,features_0.npy,724,train,0,-3.2080905,0.005293045,0
features_0:727,features_0.npy,727,train,0,-4.6994762,0.00063685613,0
features_0:728,features_0.npy,728,train,0,-4.060486,0.0015795535,0
features_0:730,features_0.npy,730,train,0,-7.5071864,1.1725129e-05,0
features_0:731,features_0.npy,731,train,0,-3.342113,0.00437802,0
features_0:732,features_0.npy,732,train,0,-3.9296694,0.0019021293,0
features_0:733,features_0.npy,733,train,0,-6.0893764,8.8167035e-05,0
features_0:734,features_0.npy,734,train,0,-3.8436246,0.0021493593,0
features_0:735,features_0.npy,735,train,0,-3.2024477,0.0053354916,0
features_0:736,features_0.npy,736,train,0,-5.499962,0.00020394864,0
features_0:737,features_0.npy,737,train,0,-2.9232569,0.00791751,0
features_0:738,features_0.npy,738,train,0,-2.3654368,0.017345257,0
features_0:739,features_0.npy,739,train,0,-4.0648627,0.001569762,0
features_0:741,features_0.npy,741,train,0,-3.0773656,0.0063683274,0
features_0:743,features_0.npy,743,train,0,-5.8984623,0.000115686125,0
features_0:744,features_0.npy,744,train,0,-1.4869709,0.058038276,0
features_0:745,features_0.npy,745,train,0,-5.0946693,0.00036301668,0
features_0:746,features_0.npy,746,train,0,-3.4344606,0.0038409615,0
features_0:750,features_0.npy,750,train,0,-5.990313,0.00010151322,0
features_0:752,features_0.npy,752,train,0,-3.286268,0.004738417,0
features_0:753,features_0.npy,753,train,0,-2.809015,0.009302179,0
features_0:754,features_0.npy,754,train,0,-3.6004405,0.003035384,0
features_0:755,features_0.npy,755,train,0,-4.0278087,0.0016546139,0
features_0:756,features_0.npy,756,train,0,-2.695979,0.010907816,0
features_0:757,features_0.npy,757,train,0,-4.3508077,0.0010455496,0
features_0:759,features_0.npy,759,train,0,-6.1434717,8.163523e-05,0
features_0:760,features_0.npy,760,train,0,-3.5958152,0.0030553683,0
features_0:762,features_0.npy,762,train,0,-5.32778,0.0002605593,0
features_0:764,features_0.npy,764,train,0,-2.1724262,0.022703294,0
features_0:765,features_0.npy,765,train,0,-3.083671,0.0063118013,0
features_0:767,features_0.npy,767,train,0,-3.3791552,0.0041541564,0
features_0:770,features_0.npy,770,train,0,-5.295443,0.0002728259,0
features_0:771,features_0.npy,771,train,0,-3.6408124,0.002866402,0
features_0:772,features_0.npy,772,train,0,-6.5827694,4.3692144e-05,0
features_0:774,features_0.npy,774,train,0,-6.404068,5.634266e-05,0
features_0:777,features_0.npy,777,train,0,-3.444747,0.0037853606,0
features_0:778,features_0.npy,778,train,0,-2.8576705,0.008685313,0
features_0:780,features_0.npy,780,train,0,-3.615258,0.0029722406,0
features_0:781,features_0.npy,781,train,0,-4.192004,0.0013103031,0
features_0:782,features_0.npy,782,train,0,-5.130064,0.00034519148,0
features_0:783,features_0.npy,783,train,0,-5.8008056,0.0001329311,0
features_0:785,features_0.npy,785,train,0,-6.7301564,3.5425845e-05,0
features_0:786,features_0.npy,786,train,0,-2.506695,0.014231655,0
features_0:787,features_0.npy,787,train,0,-3.109715,0.006083557,0
features_0:788,features_0.npy,788,train,0,-3.6893222,0.0026757189,0
features_0:792,features_0.npy,792,train,0,-3.2957573,0.0046751588,0
features_0:793,features_0.npy,793,train,0,-5.255407,0.0002888162,0
features_0:796,features_0.npy,796,train,0,-2.548631,0.013418278,0
features_0:798,features_0.npy,798,train,0,-4.4690657,0.0008837516,0
features_0:799,features_0.npy,799,train,0,-4.9313273,0.00045796525,0
features_0:802,features_0.npy,802,train,0,-3.4776664,0.0036127488,0
features_0:803,features_0.npy,803,train,0,-4.9806695,0.00042692537,0
features_0:806,features_0.npy,806,train,0,-8.010926,5.7253646e-06,0
features_0:807,features_0.npy,807,train,0,-6.05329,9.281238e-05,0
features_0:808,features_0.npy,808,train,0,-3.6836815,0.0026972254,0
features_0:809,features_0.npy,809,train,0,-4.965016,0.00043653784,0
features_0:810,features_0.npy,810,train,0,-6.364608,5.9596747e-05,0
features_0:811,features_0.npy,811,train,0,-2.776802,0.0097342655,0
features_0:812,features_0.npy,812,train,0,-5.942188,0.00010870797,0
features_0:813,features_0.npy,813,train,0,-4.0300746,0.001649296,0
features_0:814,features_0.npy,814,train,0,-2.7395654,0.010258551,0
features_0:816,features_0.npy,816,train,0,-4.6751413,0.0006592812,0
features_0:817,features_0.npy,817,train,0,-5.133387,0.0003435636,0
features_0:818,features_0.npy,818,train,0,-5.417375,0.00022937656,0
features_0:819,features_0.npy,819,train,0,-2.814356,0.009232398,0
features_0:820,features_0.npy,820,train,0,-6.6092997,4.2073447e-05,0
features_0:823,features_0.npy,823,train,0,-5.669571,0.000160221,0
features_0:824,features_0.npy,824,train,0,-3.9032514,0.0019748537,0
features_0:825,features_0.npy,825,train,0,-3.4101174,0.003975811,0
features_0:826,features_0.npy,826,train,0,-5.521545,0.00019778099,0
features_0:828,features_0.npy,828,train,0,-1.9027399,0.03297386,0
features_0:829,features_0.npy,829,train,0,-7.135383,1.9901803e-05,0
features_0:832,features_0.npy,832,train,0,-3.5676315,0.0031799993,0
features_0:834,features_0.npy,834,train,0,-5.8916554,0.00011681202,0
features_0:836,features_0.npy,836,train,0,-3.0921028,0.00623699,0
features_0:838,features_0.npy,838,train,0,-3.6698294,0.0027507714,0
features_0:839,features_0.npy,839,train,0,-2.59871,0.01250686,0
features_0:841,features_0.npy,841,train,0,-3.6281097,0.0029185337,0
features_0:842,features_0.npy,842,train,0,-3.397393,0.004048162,0
features_0:843,features_0.npy,843,train,0,-3.738791,0.002494292,0
features_0:844,features_0.npy,844,train,0,-3.8393688,0.0021623878,0
features_0:845,features_0.npy,845,train,0,-2.449652,0.015416524,0
features_0:846,features_0.npy,846,train,0,-6.9977155,2.4208644e-05,0
features_0:847,features_0.npy,847,train,0,-5.747018,0.00014350377,0
features_0:848,features_0.npy,848,train,0,-5.3301744,0.00025967293,0
features_0:849,features_0.npy,849,train,0,-6.281823,6.704728e-05,0
features_0:850,features_0.npy,850,train,0,-1.514302,0.055948205,0
features_0:852,features_0.npy,852,train,0,-4.6194153,0.0007136518,0
features_0:855,features_0.npy,855,train,0,-3.9759912,0.0017810056,0
features_0:857,features_0.npy,857,train,0,-2.37586,0.017094249,0
features_0:858,features_0.npy,858,train,0,-5.118998,0.00035066836,0
features_0:859,features_0.npy,859,train,0,-5.6460085,0.00016568326,0
features_0:861,features_0.npy,861,train,0,-2.5416484,0.013550455,0
features_0:862,features_0.npy,862,train,0,-3.2902496,0.0047117705,0
features_0:864,features_0.npy,864,train,0,-4.677248,0.000657309,0
features_0:865,features_0.npy,865,train,0,-4.6862864,0.0006489145,0
features_0:867,features_0.npy,867,train,0,-2.9971275,0.0071331104,0
features_0:868,features_0.npy,868,train,0,-9.018471,1.3649977e-06,0
features_0:869,features_0.npy,869,train,0,-5.924894,0.00011141613,0
features_0:872,features_0.npy,872,train,0,-3.09525,0.0062092934,0
features_0:873,features_0.npy,873,train,0,-2.739475,0.010259854,0
features_0:874,features_0.npy,874,train,0,-4.0796824,0.0015370542,0
features_0:875,features_0.npy,875,train,0,-2.2173018,0.021328758,0
features_0:879,features_0.npy,879,train,0,-4.2111473,0.0012751356,0
features_0:881,features_0.npy,881,train,0,-1.8845508,0.033809245,0
features_0:882,features_0.npy,882,train,0,-2.2249827,0.021101795,0
features_0:884,features_0.npy,884,train,0,-6.2488923,7.0263784e-05,0
features_0:885,features_0.npy,885,train,0,-2.435815,0.015718265,0
features_0:886,features_0.npy,886,train,0,-5.7238193,0.00014831952,0
features_0:887,features_0.npy,887,train,0,-4.754126,0.00058923406,0
features_0:888,features_0.npy,888,train,0,-2.9592042,0.007525652,0
features_0:889,features_0.npy,889,train,0,-4.03271,0.0016431317,0
features_0:890,features_0.npy,890,train,0,-3.6777682,0.0027199555,0
features_0:892,features_0.npy,892,train,0,-3.4603767,0.0037024056,0
features_0:893,features_0.npy,893,train,0,-6.0091157,9.883338e-05,0
features_0:894,features_0.npy,894,train,0,-3.7029636,0.0026244135,0
features_0:898,features_0.npy,898,train,0,-3.1336195,0.005881292,0
features_0:899,features_0.npy,899,train,0,-7.4667225,1.2420081e-05,0
features_0:900,features_0.npy,900,train,0,-2.3747656,0.017120436,0
features_0:901,features_0.npy,901,train,0,-4.4717827,0.000880344,0
features_0:903,features_0.npy,903,train,0,-5.800929,0.0001329078,0
features_0:904,features_0.npy,904,train,0,-5.459949,0.00021589568,0
features_0:905,features_0.npy,905,train,0,-4.775074,0.0005719384,0
features_0:906,features_0.npy,906,train,0,-4.376092,0.0010086366,0
features_0:907,features_0.npy,907,train,0,-4.854363,0.00051094516,0
features_0:908,features_0.npy,908,train,0,-2.9379473,0.0077549824,0
features_0:909,features_0.npy,909,train,0,-4.50219,0.00084309524,0
features_0:910,features_0.npy,910,train,0,-4.7066326,0.0006304075,0
features_0:912,features_0.npy,912,train,0,-1.9741509,0.029882913,0
features_0:914,features_0.npy,914,train,0,-3.1251438,0.005952231,0
features_0:915,features_0.npy,915,train,0,-6.6145463,4.1760497e-05,0
features_0:916,features_0.npy,916,train,0,-3.4938478,0.0035308008,0
features_0:917,features_0.npy,917,train,0,-4.335298,0.001068857,0
features_0:918,features_0.npy,918,train,0,-4.4440117,0.0009157983,0
features_0:919,features_0.npy,919,train,0,-5.4339147,0.00022404222,0
features_0:921,features_0.npy,921,train,0,-2.822497,0.00912703,0
features_0:922,features_0.npy,922,train,0,-2.6778362,0.011189907,0
features_0:923,features_0.npy,923,train,0,-5.5422077,0.00019205145,0
features_0:924,features_0.npy,924,train,0,-5.99524,0.00010080403,0
features_0:925,features_0.npy,925,train,0,-3.2645745,0.004886247,0
features_0:926,features_0.npy,926,train,0,-8.059309,5.3444414e-06,0
features_0:930,features_0.npy,930,train,0,-6.673244,3.841414e-05,0
features_0:931,features_0.npy,931,train,0,-3.9168713,0.001937021,0
features_0:932,features_0.npy,932,train,0,-5.250249,0.00029094314,0
features_0:933,features_0.npy,933,train,0,-5.7824426,0.00013644998,0
features_0:934,features_0.npy,934,train,0,-4.9534073,0.00044380588,0
features_0:936,features_0.npy,936,train,0,-6.1078873,8.587511e-05,0
features_0:937,features_0.npy,937,train,0,-2.7148795,0.0106214285,0
features_0:938,features_0.npy,938,train,0,-3.059004,0.0065358146,0
features_0:939,features_0.npy,939,train,0,-2.8082995,0.00931157,0
features_0:940,features_0.npy,940,train,0,-6.2411118,7.104596e-05,0
features_0:941,features_0.npy,941,train,0,-2.6915479,0.010976057,0
features_0:942,features_0.npy,942,train,0,-3.5856633,0.0030996897,0
features_0:943,features_0.npy,943,train,0,-3.8296235,0.0021925182,0
features_0:944,features_0.npy,944,train,0,-4.194138,0.0013063357,0
features_0:945,features_0.npy,945,train,0,-6.477143,5.0778337e-05,0
features_0:946,features_0.npy,946,train,0,-7.4390316,1.2919257e-05,0
features_0:947,features_0.npy,947,train,0,-4.415815,0.00095325604,0
features_0:948,features_0.npy,948,train,0,-3.1363907,0.00585828,0
features_0:949,features_0.npy,949,train,0,-2.8503795,0.008775102,0
features_0:950,features_0.npy,950,train,0,-4.2195954,0.0012599174,0
features_0:952,features_0.npy,952,train,0,-5.1152463,0.0003525448,0
features_0:953,features_0.npy,953,train,0,-5.2022257,0.00031151442,0
features_0:958,features_0.npy,958,train,0,-2.89474,0.008242707,0
features_0:962,features_0.npy,962,train,0,-4.4404206,0.00092048594,0
features_0:963,features_0.npy,963,train,0,-5.6263137,0.00017039168,0
features_0:964,features_0.npy,964,train,0,-4.593643,0.0007402908,0
features_0:965,features_0.npy,965,train,0,-2.7540958,0.010050722,0
features_0:966,features_0.npy,966,train,0,-4.5563407,0.00078061706,0
features_0:967,features_0.npy,967,train,0,-4.6843796,0.00065067667,0
features_0:968,features_0.npy,968,train,0,-5.4752383,0.00021125012,0
features_0:969,features_0.npy,969,train,0,-4.029745,0.0016500681,0
features_0:970,features_0.npy,970,train,0,-5.0341415,0.00039565738,0
features_0:973,features_0.npy,973,train,0,-6.90351,2.7681472e-05,0
features_0:974,features_0.npy,974,train,0,-4.1988187,0.0012976744,0
features_0:976,features_0.npy,976,train,0,-2.9560564,0.0075591872,0
features_0:977,features_0.npy,977,train,0,-4.320081,0.0010922285,0
features_0:978,features_0.npy,978,train,0,-2.5323448,0.013728567,0
features_0:979,features_0.npy,979,train,0,-7.3075643,1.557702e-05,0
features_0:982,features_0.npy,982,train,0,-3.4567041,0.003721733,0
features_0:983,features_0.npy,983,train,0,-5.265024,0.00028489146,0
features_0:984,features_0.npy,984,train,0,-3.4533343,0.0037395554,0
features_0:985,features_0.npy,985,train,0,-7.7865562,7.878902e-06,0
features_0:986,features_0.npy,986,train,0,-4.750504,0.0005922771,0
features_0:987,features_0.npy,987,train,0,-7.0768833,2.162943e-05,0
features_0:988,features_0.npy,988,train,0,-5.416396,0.0002296963,0
features_0:989,features_0.npy,989,train,0,-3.7031116,0.002623862,0
features_0:990,features_0.npy,990,train,0,-7.6997604,8.914683e-06,0
features_0:993,features_0.npy,993,train,0,-4.261418,0.0011872081,0
features_0:994,features_0.npy,994,train,0,-3.0900161,0.006255421,0
features_0:997,features_0.npy,997,train,0,-7.0556145,2.2294053e-05,0
features_0:998,features_0.npy,998,train,0,-5.8629923,0.000121674435,0
features_0:999,features_0.npy,999,train,0,-3.867893,0.002076551,0
features_0:1000,features_0.npy,1000,train,0,-6.0223374,9.699139e-05,0
features_0:1001,features_0.npy,1001,train,0,-7.54891,1.1049235e-05,0
features_0:1004,features_0.npy,1004,train,0,-4.9361877,0.00045481013,0
features_0:1005,features_0.npy,1005,train,0,-7.7662745,8.109607e-06,0
features_0:1006,features_0.npy,1006,train,0,-4.1833844,0.001326453,0
features_0:1007,features_0.npy,1007,train,0,-4.8594666,0.0005072496,0
features_0:1009,features_0.npy,1009,train,0,-5.3493137,0.00025269794,0
features_0:1010,features_0.npy,1010,train,0,-4.0864797,0.001522281,0
features_0:1013,features_0.npy,1013,train,0,-4.5908437,0.00074324344,0
features_0:1018,features_0.npy,1018,train,0,-5.178297,0.00032230097,0
features_0:1022,features_0.npy,1022,train,0,-2.7665355,0.009876111,0
features_0:1023,features_0.npy,1023,train,0,-2.6976717,0.010881861,0
features_0:1024,features_0.npy,1024,train,0,-5.160982,0.00033033817,0
features_0:1026,features_0.npy,1026,train,0,-4.9799137,0.0004273847,0
features_0:1027,features_0.npy,1027,train,0,-7.06452,2.2013322e-05,0
features_0:1029,features_0.npy,1029,train,0,-4.3300176,0.00107691,0
features_0:1030,features_0.npy,1030,train,0,-4.3561525,0.0010376356,0
features_0:1031,features_0.npy,1031,train,0,-5.829043,0.00012769621,0
features_0:1032,features_0.npy,1032,train,0,-8.19784,4.3882296e-06,0
features_0:1033,features_0.npy,1033,train,0,-3.6933825,0.0026603444,0
features_0:1034,features_0.npy,1034,train,0,-6.213154,7.392932e-05,0
features_0:1035,features_0.npy,1035,train,0,-5.7512302,0.00014264633,0
features_0:1036,features_0.npy,1036,train,0,-6.0859632,8.8596265e-05,0
features_0:1037,features_0.npy,1037,train,0,-3.4819994,0.003590621,0
features_0:1040,features_0.npy,1040,train,0,-2.5573485,0.013255046,0
features_0:1041,features_0.npy,1041,train,0,-2.9581087,0.0075373077,0
features_0:1042,features_0.npy,1042,train,0,-7.3304844,1.5077167e-05,0
features_0:1043,features_0.npy,1043,train,0,-6.023631,9.6813055e-05,0
features_0:1046,features_0.npy,1046,train,0,-7.5040407,1.1777723e-05,0
features_0:1047,features_0.npy,1047,train,0,-3.9603176,0.0018211025,0
features_0:1048,features_0.npy,1048,train,0,-4.733112,0.0006071094,0
features_0:1049,features_0.npy,1049,train,0,-6.748135,3.4531025e-05,0
features_0:1050,features_0.npy,1050,train,0,-2.630533,0.0119597465,0
features_0:1052,features_0.npy,1052,train,0,-6.101039,8.671603e-05,0
features_0:1053,features_0.npy,1053,train,0,-2.6550062,0.011555137,0
features_0:1054,features_0.npy,1054,train,0,-6.130965,8.310094e-05,0
features_0:1055,features_0.npy,1055,train,0,-5.498879,0.00020426293,0
features_0:1057,features_0.npy,1057,train,0,-2.2855456,0.019393152,0
features_0:1058,features_0.npy,1058,train,0,-6.343501,6.1413775e-05,0
features_0:1061,features_0.npy,1061,train,0,-8.356675,3.5004805e-06,0
features_0:1063,features_0.npy,1063,train,0,-3.9439669,0.0018638915,0
features_0:1065,features_0.npy,1065,train,0,-4.7499833,0.0005927159,0
features_0:1066,features_0.npy,1066,train,0,-6.0815077,8.91597e-05,0
features_0:1067,features_0.npy,1067,train,0,-3.498563,0.0035072728,0
features_0:1068,features_0.npy,1068,train,0,-4.454009,0.00090287364,0
features_0:1073,features_0.npy,1073,train,0,-4.008898,0.0016996679,0
features_0:1074,features_0.npy,1074,train,0,-4.2262125,0.0012481237,0
features_0:1075,features_0.npy,1075,train,0,-3.6125197,0.002983809,0
features_0:1078,features_0.npy,1078,train,0,-6.9750853,2.500092e-05,0
features_0:1079,features_0.npy,1079,train,0,-3.840506,0.0021588986,0
features_0:1080,features_0.npy,1080,train,0,-4.516809,0.0008257519,0
features_0:1083,features_0.npy,1083,train,0,-5.2844033,0.00027714463,0
features_0:1084,features_0.npy,1084,train,0,-1.8475583,0.035571672,0
features_0:1085,features_0.npy,1085,train,0,-2.916111,0.007997783,0
features_0:1087,features_0.npy,1087,train,0,-4.6574125,0.00067611405,0
features_0:1088,features_0.npy,1088,train,0,-5.3557515,0.00025039414,0
features_0:1089,features_0.npy,1089,train,0,-1.7981039,0.038066484,0
features_0:1090,features_0.npy,1090,train,0,-4.491666,0.00085580564,0
features_0:1091,features_0.npy,1091,train,0,-7.1646566,1.9089792e-05,0
features_0:1093,features_0.npy,1093,train,0,-5.8947077,0.00011630576,0
features_0:1094,features_0.npy,1094,train,0,-3.1563153,0.0056954445,0
features_0:1096,features_0.npy,1096,train,0,-5.1643295,0.00032876883,0
features_0:1097,features_0.npy,1097,train,0,-4.34987,0.0010469436,0
features_0:1098,features_0.npy,1098,train,0,-3.9618359,0.0018171794,0
features_0:1100,features_0.npy,1100,train,0,-4.282374,0.0011523673,0
features_0:1101,features_0.npy,1101,train,0,-6.5155325,4.8078888e-05,0
features_0:1102,features_0.npy,1102,train,0,-2.3727415,0.017168967,0
features_0:1103,features_0.npy,1103,train,0,-4.554272,0.0007829164,0
features_0:1105,features_0.npy,1105,train,0,-1.6315114,0.047763743,0
features_0:1106,features_0.npy,1106,train,0,-5.423261,0.00022746371,0
features_0:1107,features_0.npy,1107,train,0,-2.1283617,0.02413702,0
features_0:1108,features_0.npy,1108,train,0,-7.110464,2.0620178e-05,0
features_0:1110,features_0.npy,1110,train,0,-3.0891852,0.006262776,0
features_0:1111,features_0.npy,1111,train,0,-4.1175747,0.001456486,0
features_0:1112,features_0.npy,1112,train,0,-4.4717507,0.00088038435,0
features_0:1113,features_0.npy,1113,train,0,-3.9779766,0.0017759899,0
features_0:1114,features_0.npy,1114,train,0,-5.3990216,0.00023544474,0
features_0:1116,features_0.npy,1116,train,0,-5.0764065,0.00037257108,0
features_0:1117,features_0.npy,1117,train,0,-5.7673464,0.00013941257,0
features_0:1118,features_0.npy,1118,train,0,-2.460052,0.015193486,0
features_0:1120,features_0.npy,1120,train,0,-6.210746,7.418305e-05,0
features_0:1121,features_0.npy,1121,train,0,-7.2113543,1.7862505e-05,0
features_0:1124,features_0.npy,1124,train,0,-6.3998146,5.668466e-05,0
features_0:1125,features_0.npy,1125,train,0,-5.1326118,0.00034394275,0
features_0:1128,features_0.npy,1128,train,0,-5.93599,0.00010967087,0
features_0:1131,features_0.npy,1131,train,0,-3.780268,0.0023516684,0
features_0:1132,features_0.npy,1132,train,0,-5.0798383,0.00037075664,0
features_0:1133,features_0.npy,1133,train,0,-4.3697066,0.0010178336,0
features_0:1134,features_0.npy,1134,train,0,-4.389786,0.0009891909,0
features_0:1137,features_0.npy,1137,train,0,-4.163443,0.0013645809,0
features_0:1138,features_0.npy,1138,train,0,-4.858033,0.0005082849,0
features_0:1140,features_0.npy,1140,train,0,-2.4848025,0.014675392,0
features_0:1142,features_0.npy,1142,train,0,-5.908845,0.0001139897,0
features_0:1144,features_0.npy,1144,train,0,-4.1293106,0.0014323988,0
features_0:1145,features_0.npy,1145,train,0,-7.173861,1.8841392e-05,0
features_0:1146,features_0.npy,1146,train,0,-2.8909543,0.008286864,0
features_0:1149,features_0.npy,1149,train,0,-2.3307958,0.01820576,0
features_0:1151,features_0.npy,1151,train,0,-5.752095,0.00014247085,0
features_0:1155,features_0.npy,1155,train,0,-5.4939785,0.0002056922,0
features_0:1156,features_0.npy,1156,train,0,-6.4686546,5.1395386e-05,0
features_0:1157,features_0.npy,1157,train,0,-4.5350084,0.00080465776,0
features_0:1159,features_0.npy,1159,train,0,-4.88909,0.0004863212,0
features_0:1160,features_0.npy,1160,train,0,-5.6375294,0.00016769415,0
features_0:1161,features_0.npy,1161,train,0,-4.2507167,0.0012054036,0
features_0:1163,features_0.npy,1163,train,0,-4.0665936,0.0015659059,0
features_0:1164,features_0.npy,1164,train,0,-3.5898645,0.00308127,0
features_0:1165,features_0.npy,1165,train,0,-2.1738405,0.02265868,0
features_0:1167,features_0.npy,1167,train,0,-4.541284,0.0007975096,0
features_0:1168,features_0.npy,1168,train,0,-3.4640038,0.003683416,0
features_0:1169,features_0.npy,1169,train,0,-4.6882763,0.0006470809,0
features_0:1170,features_0.npy,1170,train,0,-2.8180048,0.009185024,0
features_0:1172,features_0.npy,1172,train,0,-3.2272975,0.005151071,0
features_0:1173,features_0.npy,1173,train,0,-6.2020364,7.5108124e-05,0
features_0:1174,features_0.npy,1174,train,0,-5.205817,0.00030992692,0
features_0:1175,features_0.npy,1175,train,0,-7.472846,1.2312315e-05,0
features_0:1176,features_0.npy,1176,train,0,-2.850477,0.008773895,0
features_0:1177,features_0.npy,1177,train,0,-3.2189653,0.0052121906,0
features_0:1178,features_0.npy,1178,train,0,-3.104528,0.0061283526,0
features_0:1179,features_0.npy,1179,train,0,-4.3260274,0.0010830356,0
features_0:1181,features_0.npy,1181,train,0,-6.785465,3.2744647e-05,0
features_0:1182,features_0.npy,1182,train,0,-2.7587857,0.009984531,0
features_0:1185,features_0.npy,1185,train,0,-2.2392533,0.020686373,0
features_0:1187,features_0.npy,1187,train,0,-5.7716374,0.00013856398,0
features_0:1188,features_0.npy,1188,train,0,-6.769083,3.3516917e-05,0
features_0:1189,features_0.npy,1189,train,0,-4.662894,0.00067086465,0
features_0:1190,features_0.npy,1190,train,0,-5.0304255,0.0003977542,0
features_0:1191,features_0.npy,1191,train,0,-2.632081,0.011933748,0
features_0:1192,features_0.npy,1192,train,0,-3.7488222,0.0024590269,0
features_0:1193,features_0.npy,1193,train,0,-2.004929,0.028639017,0
features_0:1196,features_0.npy,1196,train,0,-7.8166146,7.5489966e-06,0
features_0:1197,features_0.npy,1197,train,0,-2.6383653,0.011828761,0
features_0:1198,features_0.npy,1198,train,0,-3.933106,0.0018928681,0
features_0:1200,features_0.npy,1200,train,0,-6.897772,2.7908423e-05,0
features_0:1201,features_0.npy,1201,train,0,-2.8609843,0.0086448025,0
features_0:1202,features_0.npy,1202,train,0,-4.9669657,0.00043532875,0
features_0:1203,features_0.npy,1203,train,0,-3.1748638,0.0055479044,0
features_0:1204,features_0.npy,1204,train,0,-4.624189,0.0007088238,0
features_0:1205,features_0.npy,1205,train,0,-4.9145226,0.0004690436,0
features_0:1206,features_0.npy,1206,train,0,-5.7998195,0.00013311782,0
features_0:1208,features_0.npy,1208,train,0,-4.8329835,0.00052672054,0
features_0:1209,features_0.npy,1209,train,0,-4.0053554,0.001708243,0
features_0:1210,features_0.npy,1210,train,0,-3.71554,0.0025779845,0
features_0:1211,features_0.npy,1211,train,0,-2.073154,0.026058337,0
features_0:1212,features_0.npy,1212,train,0,-3.1154904,0.006034063,0
features_0:1214,features_0.npy,1214,train,0,-5.929199,0.00011073571,0
features_0:1217,features_0.npy,1217,train,0,-4.709897,0.0006274876,0
features_0:1220,features_0.npy,1220,train,0,-5.101178,0.00035967113,0
features_0:1221,features_0.npy,1221,train,0,-2.2979636,0.019059934,0
features_0:1222,features_0.npy,1222,train,0,-4.7948217,0.0005560987,0
features_0:1223,features_0.npy,1223,train,0,-5.932634,0.00011019586,0
features_0:1225,features_0.npy,1225,train,0,-3.084485,0.006304538,0
features_0:1226,features_0.npy,1226,train,0,-4.2474904,0.0012109437,0
features_0:1227,features_0.npy,1227,train,0,-3.94152,0.0018703813,0
features_0:1228,features_0.npy,1228,train,0,-6.0364394,9.506462e-05,0
features_0:1229,features_0.npy,1229,train,0,-2.452145,0.015362766,0
features_0:1230,features_0.npy,1230,train,0,-5.4038677,0.00023382706,0
features_0:1231,features_0.npy,1231,train,0,-5.443221,0.0002210953,0
features_0:1232,features_0.npy,1232,train,0,-4.222021,0.0012555813,0
features_0:1233,features_0.npy,1233,train,0,-4.8893585,0.00048613557,0
features_0:1234,features_0.npy,1234,train,0,-6.3568525,6.025806e-05,0
features_0:1235,features_0.npy,1235,train,0,-4.246784,0.0012121594,0
features_0:1236,features_0.npy,1236,train,0,-3.4900694,0.0035497686,0
features_0:1237,features_0.npy,1237,train,0,-3.5665681,0.0031847989,0
features_0:1239,features_0.npy,1239,train,0,-3.5438378,0.003289155,0
features_0:1240,features_0.npy,1240,train,0,-6.3930736,5.7231024e-05,0
features_0:1242,features_0.npy,1242,train,0,-5.743704,0.00014418202,0
features_0:1244,features_0.npy,1244,train,0,-8.593237,2.4999445e-06,0
features_0:1245,features_0.npy,1245,train,0,-4.236471,0.0012300577,0
features_0:1246,features_0.npy,1246,train,0,-3.9925098,0.0017397013,0
features_0:1247,features_0.npy,1247,train,0,-3.5448887,0.003284255,0
features_0:1249,features_0.npy,1249,train,0,-2.3660812,0.017329628,0
features_0:1251,features_0.npy,1251,train,0,-6.098848,8.698677e-05,0
features_0:1252,features_0.npy,1252,train,0,-5.546424,0.0001909027,0
features_0:1253,features_0.npy,1253,train,0,-5.9636106,0.00010544435,0
features_0:1255,features_0.npy,1255,train,0,-4.674096,0.0006602621,0
features_0:1258,features_0.npy,1258,train,0,-3.1472647,0.005768844,0
features_0:1259,features_0.npy,1259,train,0,-5.4376864,0.00022284321,0
features_0:1260,features_0.npy,1260,train,0,-2.5416934,0.013549602,0
features_0:1261,features_0.npy,1261,train,0,-3.9284468,0.0019054353,0
features_0:1262,features_0.npy,1262,train,0,-3.107148,0.006105685,0
features_0:1263,features_0.npy,1263,train,0,-2.7584057,0.009989883,0
features_0:1265,features_0.npy,1265,train,0,-5.0797887,0.0003707828,0
features_0:1268,features_0.npy,1268,train,0,-7.145261,1.9624022e-05,0
features_0:1269,features_0.npy,1269,train,0,-5.501153,0.00020360318,0
features_0:1270,features_0.npy,1270,train,0,-6.034419,9.533825e-05,0
features_0:1271,features_0.npy,1271,train,0,-4.260064,0.0011894947,0
features_0:1272,features_0.npy,1272,train,0,-2.6195774,0.01214538,0
features_0:1273,features_0.npy,1273,train,0,-4.718752,0.0006196352,0
features_0:1274,features_0.npy,1274,train,0,-7.30384,1.5659787e-05,0
features_0:1276,features_0.npy,1276,train,0,-5.6800175,0.00015785717,0
features_0:1277,features_0.npy,1277,train,0,-4.103361,0.0014862013,0
features_0:1278,features_0.npy,1278,train,0,-4.0693283,0.0015598335,0
features_0:1280,features_0.npy,1280,train,0,-4.703227,0.000633468,0
features_0:1281,features_0.npy,1281,train,0,-4.5831656,0.0007514027,0
features_0:1284,features_0.npy,1284,train,0,-2.700009,0.010846116,0
features_0:1285,features_0.npy,1285,train,0,-3.1278687,0.005929332,0
features_0:1287,features_0.npy,1287,train,0,-7.122354,2.0274225e-05,0
features_0:1288,features_0.npy,1288,train,0,-3.537745,0.0033177007,0
features_0:1289,features_0.npy,1289,train,0,-8.346977,3.5491241e-06,0
features_0:1290,features_0.npy,1290,train,0,-4.5646524,0.0007714458,0
features_0:1292,features_0.npy,1292,train,0,-5.20279,0.00031126445,0
features_0:1293,features_0.npy,1293,train,0,-1.3572665,0.06899121,0
features_0:1295,features_0.npy,1295,train,0,-6.0259514,9.649388e-05,0
features_0:1296,features_0.npy,1296,train,0,-5.212383,0.0003070456,0
features_0:1298,features_0.npy,1298,train,0,-6.464928,5.1668612e-05,0
features_0:1299,features_0.npy,1299,train,0,-6.1199694,8.441141e-05,0
features_0:1301,features_0.npy,1301,train,0,-3.7120996,0.0025906034,0
features_0:1302,features_0.npy,1302,train,0,-4.2806273,0.0011552321,0
features_0:1304,features_0.npy,1304,train,0,-3.409347,0.0039801523,0
features_0:1305,features_0.npy,1305,train,0,-2.7789407,0.0097049745,0
features_0:1307,features_0.npy,1307,train,0,-5.120015,0.0003501614,0
features_0:1308,features_0.npy,1308,train,0,-4.8217406,0.00053521065,0
features_0:1309,features_0.npy,1309,train,0,-5.276246,0.0002803796,0
features_0:1310,features_0.npy,1310,train,0,-6.808569,3.168561e-05,0
features_0:1311,features_0.npy,1311,train,0,-6.0428066,9.420723e-05,0
features_0:1312,features_0.npy,1312,train,0,-5.7083373,0.0001516229,0
features_0:1313,features_0.npy,1313,train,0,-4.1631055,0.0013652354,0
features_0:1314,features_0.npy,1314,train,0,-5.2893286,0.00027520958,0
features_0:1315,features_0.npy,1315,train,0,-4.7338033,0.0006065129,0
features_0:1316,features_0.npy,1316,train,0,-7.263012,1.6596552e-05,0
features_0:1317,features_0.npy,1317,train,0,-5.4141746,0.00023042344,0
features_0:1318,features_0.npy,1318,train,0,-3.3455737,0.0043566055,0
features_0:1319,features_0.npy,1319,train,0,-7.399933,1.3658424e-05,0
features_0:1322,features_0.npy,1322,train,0,-4.076442,0.0015441477,0
features_0:1323,features_0.npy,1323,train,0,-5.7333403,0.00014632381,0
features_0:1324,features_0.npy,1324,train,0,-6.7952595,3.2291402e-05,0
features_0:1325,features_0.npy,1325,train,0,-4.3800077,0.0010030374,0
features_0:1326,features_0.npy,1326,train,0,-1.5757256,0.05150675,0
features_0:1328,features_0.npy,1328,train,0,-3.4781833,0.0036101032,0
features_0:1329,features_0.npy,1329,train,0,-7.3544984,1.457066e-05,0
features_0:1330,features_0.npy,1330,train,0,-7.8767953,6.929428e-06,0
features_0:1331,features_0.npy,1331,train,0,-3.7501621,0.002454354,0
features_0:1333,features_0.npy,1333,train,0,-2.5652418,0.013108934,0
features_0:1334,features_0.npy,1334,train,0,-5.715257,0.00015013746,0
features_0:1335,features_0.npy,1335,train,0,-3.8925917,0.0020049785,0
features_0:1336,features_0.npy,1336,train,0,-3.7879548,0.002326144,0
features_0:1338,features_0.npy,1338,train,0,-3.3308897,0.0044481875,0
features_0:1339,features_0.npy,1339,train,0,-6.0584064,9.2139184e-05,0
features_0:1340,features_0.npy,1340,train,0,-4.204238,0.0012877188,0
features_0:1341,features_0.npy,1341,train,0,-3.7979817,0.002293265,0
features_0:1342,features_0.npy,1342,train,0,-5.3082714,0.00026789194,0
features_0:1343,features_0.npy,1343,train,0,-5.8618064,0.000121879966,0
features_0:1346,features_0.npy,1346,train,0,-5.6689453,0.0001603636,0
features_0:1347,features_0.npy,1347,train,0,-3.261446,0.0049079433,0
features_0:1348,features_0.npy,1348,train,0,-3.7802236,0.0023518172,0
features_0:1350,features_0.npy,1350,train,0,-3.7372885,0.0024996176,0
features_0:1351,features_0.npy,1351,train,0,-3.4045022,0.0040075784,0
features_0:1352,features_0.npy,1352,train,0,-5.57438,0.00018345875,0
features_0:1353,features_0.npy,1353,train,0,-4.820045,0.00053650286,0
features_0:1355,features_0.npy,1355,train,0,-6.7115936,3.6374047e-05,0
features_0:1357,features_0.npy,1357,train,0,-5.1490912,0.00033597348,0
features_0:1358,features_0.npy,1358,train,0,-5.406425,0.00023297785,0
features_0:1359,features_0.npy,1359,train,0,-3.1178253,0.006014168,0
features_0:1360,features_0.npy,1360,train,0,-2.7245393,0.0104779415,0
features_0:1361,features_0.npy,1361,train,0,-4.653523,0.00067986426,0
features_0:1362,features_0.npy,1362,train,0,-2.6882536,0.011027061,0
features_0:1364,features_0.npy,1364,train,0,-7.250266,1.690032e-05,0
features_0:1365,features_0.npy,1365,train,0,-4.0283175,0.0016534178,0
features_0:1366,features_0.npy,1366,train,0,-2.245394,0.020510087,0
features_0:1368,features_0.npy,1368,train,0,-3.7860596,0.0023324115,0
features_0:1373,features_0.npy,1373,train,0,-3.5188615,0.0034077535,0
features_0:1374,features_0.npy,1374,train,0,-6.4834633,5.03237e-05,0
features_0:1375,features_0.npy,1375,train,0,-4.0269437,0.0016566481,0
features_0:1379,features_0.npy,1379,train,0,-3.4846609,0.0035770973,0
features_0:1381,features_0.npy,1381,train,0,-3.88099,0.0020382865,0
features_0:1383,features_0.npy,1383,train,0,-4.17718,0.0013382005,0
features_0:1384,features_0.npy,1384,train,0,-4.7973747,0.00055408315,0
features_0:1385,features_0.npy,1385,train,0,-2.1514494,0.023375131,0
features_0:1386,features_0.npy,1386,train,0,-3.7548008,0.0024382458,0
features_0:1387,features_0.npy,1387,train,0,-4.8319883,0.0005274666,0
features_0:1388,features_0.npy,1388,train,0,-3.1393344,0.005833934,0
features_0:1389,features_0.npy,1389,train,0,-2.3415709,0.017933706,0
features_0:1391,features_0.npy,1391,train,0,-3.3905911,0.004087375,0
features_0:1392,features_0.npy,1392,train,0,-6.362694,5.975928e-05,0
features_0:1395,features_0.npy,1395,train,0,-7.6069407,1.01734595e-05,0
features_0:1398,features_0.npy,1398,train,0,-7.6878533,9.067018e-06,0
features_0:1399,features_0.npy,1399,train,0,-7.254554,1.6797516e-05,0
features_0:1401,features_0.npy,1401,train,0,-7.560113,1.087448e-05,0
features_0:1403,features_0.npy,1403,train,0,-3.6045856,0.0030175867,0
features_0:1404,features_0.npy,1404,train,0,-4.3468046,0.0010515162,0
features_0:1405,features_0.npy,1405,train,0,-4.266017,0.0011794728,0
features_0:1406,features_0.npy,1406,train,0,-3.957079,0.0018294993,0
features_0:1414,features_0.npy,1414,train,0,-3.9923568,0.0017400798,0
features_0:1415,features_0.npy,1415,train,0,-3.522144,0.0033919264,0
features_0:1418,features_0.npy,1418,train,0,-3.4074936,0.003990623,0
features_0:1419,features_0.npy,1419,train,0,-5.8949227,0.000116270276,0
features_0:1421,features_0.npy,1421,train,0,-3.3887694,0.00409794,0
features_0:1423,features_0.npy,1423,train,0,-3.651623,0.0028227672,0
features_0:1424,features_0.npy,1424,train,0,-3.2596967,0.0049201148,0
features_0:1428,features_0.npy,1428,train,0,-4.866753,0.00050201983,0
features_0:1429,features_0.npy,1429,train,0,-4.64053,0.0006925423,0
features_0:1431,features_0.npy,1431,train,0,-3.3316164,0.004443612,0
features_0:1432,features_0.npy,1432,train,0,-2.6273043,0.012014164,0
features_0:1433,features_0.npy,1433,train,0,-4.5695014,0.00076614495,0
features_0:1436,features_0.npy,1436,train,0,-2.5194945,0.01397838,0
features_0:1438,features_0.npy,1438,train,0,-2.4292748,0.015862904,0
features_0:1439,features_0.npy,1439,train,0,-3.7190068,0.0025653301,0
features_0:1440,features_0.npy,1440,train,0,-4.992393,0.00041986516,0
features_0:1441,features_0.npy,1441,train,0,-5.871165,0.00012026783,0
features_0:1442,features_0.npy,1442,train,0,-3.1141047,0.006045903,0
features_0:1443,features_0.npy,1443,train,0,-3.6516469,0.0028226704,0
features_0:1444,features_0.npy,1444,train,0,-4.167291,0.001357139,0
features_0:1448,features_0.npy,1448,train,0,-3.311657,0.004571047,0
features_0:1449,features_0.npy,1449,train,0,-6.306136,6.476744e-05,0
features_0:1450,features_0.npy,1450,train,0,-4.6899467,0.0006455456,0
features_0:1453,features_0.npy,1453,train,0,-8.256202,4.038509e-06,0
features_0:1454,features_0.npy,1454,train,0,-6.888536,2.8277622e-05,0
features_0:1455,features_0.npy,1455,train,0,-4.263878,0.0011830645,0
features_0:1456,features_0.npy,1456,train,0,-4.2066884,0.0012832419,0
features_0:1457,features_0.npy,1457,train,0,-6.202386,7.507075e-05,0
features_0:1458,features_0.npy,1458,train,0,-2.4938147,0.014491098,0
features_0:1461,features_0.npy,1461,train,0,-3.7470782,0.0024651214,0
features_0:1463,features_0.npy,1463,train,0,-2.4600177,0.015194213,0
features_0:1464,features_0.npy,1464,train,0,-5.194392,0.00031500537,0
features_0:1466,features_0.npy,1466,train,0,-4.923016,0.00046341127,0
features_0:1467,features_0.npy,1467,train,0,-2.6617632,0.011445828,0
features_0:1469,features_0.npy,1469,train,0,-2.70401,0.010785203,0
features_0:1470,features_0.npy,1470,train,0,-4.7306,0.00060928235,0
features_0:1471,features_0.npy,1471,train,0,-1.6625599,0.045793895,0
features_0:1472,features_0.npy,1472,train,0,-2.490654,0.014555476,0
features_0:1473,features_0.npy,1473,train,0,-4.713179,0.0006245655,0
features_0:1475,features_0.npy,1475,train,0,-5.037711,0.00039365346,0
features_0:1477,features_0.npy,1477,train,0,-3.202486,0.005335203,0
features_0:1479,features_0.npy,1479,train,0,-5.9846053,0.00010234103,0
features_0:1483,features_0.npy,1483,train,0,-3.7882452,0.0023251858,0
features_0:1486,features_0.npy,1486,train,0,-3.7524967,0.0024462338,0
features_0:1487,features_0.npy,1487,train,0,-4.129884,0.001431233,0
features_0:1488,features_0.npy,1488,train,0,-2.931941,0.00782103,0
features_0:1489,features_0.npy,1489,train,0,-2.435496,0.015725289,0
features_0:1490,features_0.npy,1490,train,0,-2.696557,0.010898944,0
features_0:1492,features_0.npy,1492,train,0,-4.1432304,0.001404344,0
features_0:1493,features_0.npy,1493,train,0,-2.5129373,0.014107577,0
features_0:1496,features_0.npy,1496,train,0,-2.4225721,0.016012497,0
features_0:1497,features_0.npy,1497,train,0,-5.844878,0.00012485118,0
features_0:1498,features_0.npy,1498,train,0,-7.3209214,1.5283737e-05,0
features_0:1501,features_0.npy,1501,train,0,-5.967485,0.00010486467,0
features_0:1504,features_0.npy,1504,train,0,-3.6842823,0.0026949265,0
features_0:1505,features_0.npy,1505,train,0,-7.6471643,9.607504e-06,0
features_0:1506,features_0.npy,1506,train,0,-6.247884,7.0364695e-05,0
features_0:1507,features_0.npy,1507,train,0,-4.437252,0.0009246419,0
features_0:1510,features_0.npy,1510,train,0,-7.437892,1.2940218e-05,0
features_0:1511,features_0.npy,1511,train,0,-3.0265527,0.006842598,0
features_0:1514,features_0.npy,1514,train,0,-4.6917057,0.00064393255,0
features_0:1517,features_0.npy,1517,train,0,-4.533368,0.0008065366,0
features_0:1519,features_0.npy,1519,train,0,-5.541918,0.00019213057,0
features_0:1520,features_0.npy,1520,train,0,-6.4125614,5.5665787e-05,0
features_0:1521,features_0.npy,1521,train,0,-6.9185414,2.7095673e-05,0
features_0:1524,features_0.npy,1524,train,0,-7.5460615,1.1094109e-05,0
features_0:1525,features_0.npy,1525,train,0,-4.4030504,0.0009707124,0
features_0:1529,features_0.npy,1529,train,0,-7.5677047,1.0757634e-05,0
features_0:1530,features_0.npy,1530,train,0,-3.990113,0.0017456348,0
features_0:1531,features_0.npy,1531,train,0,-3.3564496,0.004289986,0
features_0:1532,features_0.npy,1532,train,0,-3.0405672,0.006708393,0
features_0:1533,features_0.npy,1533,train,0,-4.5891867,0.0007449967,0
features_0:1534,features_0.npy,1534,train,0,-5.0331388,0.00039622208,0
features_0:1535,features_0.npy,1535,train,0,-6.229479,7.2231815e-05,0
features_0:1536,features_0.npy,1536,train,0,-5.358248,0.00024950618,0
features_0:1537,features_0.npy,1537,train,0,-4.192446,0.0013094803,0
features_0:1538,features_0.npy,1538,train,0,-3.595591,0.0030563388,0
features_0:1539,features_0.npy,1539,train,0,-4.4048285,0.00096826145,0
features_0:1540,features_0.npy,1540,train,0,-6.681804,3.794906e-05,0
features_0:1541,features_0.npy,1541,train,0,-6.1321926,8.2955965e-05,0
features_0:1542,features_0.npy,1542,train,0,-2.6072056,0.01235843,0
features_0:1543,features_0.npy,1543,train,0,-8.176123,4.5259594e-06,0
features_0:1544,features_0.npy,1544,train,0,-4.3446293,0.0010547729,0
features_0:1545,features_0.npy,1545,train,0,-2.0455325,0.027074696,0
features_0:1547,features_0.npy,1547,train,0,-2.7837114,0.009639947,0
features_0:1549,features_0.npy,1549,train,0,-5.5239015,0.00019711904,0
features_0:1554,features_0.npy,1554,train,0,-5.2156925,0.00030560317,0
features_0:1555,features_0.npy,1555,train,0,-3.4348903,0.0038386232,0
features_0:1557,features_0.npy,1557,train,0,-4.370966,0.0010160132,0
features_0:1559,features_0.npy,1559,train,0,-2.9984527,0.007119767,0
features_0:1560,features_0.npy,1560,train,0,-3.3034596,0.004624432,0
features_0:1562,features_0.npy,1562,train,0,-6.407984,5.602959e-05,0
features_0:1563,features_0.npy,1563,train,0,-4.292451,0.0011359791,0
features_0:1564,features_0.npy,1564,train,0,-2.7620282,0.009939027,0
features_0:1565,features_0.npy,1565,train,0,-7.1568394,1.930334e-05,0
features_0:1567,features_0.npy,1567,train,0,-5.0520377,0.0003857123,0
features_0:1568,features_0.npy,1568,train,0,-8.311556,3.7326042e-06,0
features_0:1569,features_0.npy,1569,train,0,-3.793287,0.002308601,0
features_0:1572,features_0.npy,1572,train,0,-6.835683,3.0486382e-05,0
features_0:1573,features_0.npy,1573,train,0,-4.9809537,0.0004267528,0
features_0:1574,features_0.npy,1574,train,0,-2.2638392,0.019989364,0
features_0:1575,features_0.npy,1575,train,0,-1.7813599,0.038948637,0
features_0:1577,features_0.npy,1577,train,0,-2.503558,0.0142944185,0
features_0:1578,features_0.npy,1578,train,0,-6.583625,4.3638964e-05,0
features_0:1579,features_0.npy,1579,train,0,-3.505957,0.0034706905,0
features_0:1580,features_0.npy,1580,train,0,-3.8997838,0.001984604,0
features_0:1581,features_0.npy,1581,train,0,-6.984208,2.4678457e-05,0
features_0:1583,features_0.npy,1583,train,0,-5.8584695,0.00012246,0
features_0:1585,features_0.npy,1585,train,0,-2.999618,0.007108056,0
features_0:1587,features_0.npy,1587,train,0,-5.5029645,0.00020307911,0
features_0:1588,features_0.npy,1588,train,0,-4.539342,0.0007997151,0
features_0:1591,features_0.npy,1591,train,0,-3.4564013,0.0037233322,0
features_0:1592,features_0.npy,1592,train,0,-3.0876906,0.006276026,0
features_0:1593,features_0.npy,1593,train,0,-3.1821363,0.005491097,0
features_0:1594,features_0.npy,1594,train,0,-2.8309312,0.009019124,0
features_0:1595,features_0.npy,1595,train,0,-3.269791,0.0048502865,0
features_0:1597,features_0.npy,1597,train,0,-5.7156296,0.00015005788,0
features_0:1598,features_0.npy,1598,train,0,-2.9291255,0.007852181,0
features_0:1599,features_0.npy,1599,train,0,-2.3829203,0.016926255,0
features_0:1600,features_0.npy,1600,train,0,-2.0658221,0.026324444,0
features_0:1601,features_0.npy,1601,train,0,-4.099671,0.0014940149,0
features_0:1603,features_0.npy,1603,train,0,-4.18658,0.0013204424,0
features_0:1604,features_0.npy,1604,train,0,-5.103853,0.00035830511,0
features_0:1605,features_0.npy,1605,train,0,-3.3194394,0.0045209294,0
features_0:1606,features_0.npy,1606,train,0,-2.7768404,0.009733741,0
features_0:1609,features_0.npy,1609,train,0,-5.9416924,0.00010878461,0
features_0:1612,features_0.npy,1612,train,0,-4.5287037,0.0008119035,0
features_0:1614,features_0.npy,1614,train,0,-7.5081882,1.1708424e-05,0
features_0:1615,features_0.npy,1615,train,0,-4.3764353,0.0010081442,0
features_0:1616,features_0.npy,1616,train,0,-2.5633812,0.013143228,0
features_0:1617,features_0.npy,1617,train,0,-5.9246936,0.000111447895,0
features_0:1618,features_0.npy,1618,train,0,-5.61112,0.00017411514,0
features_0:1619,features_0.npy,1619,train,0,-5.8305016,0.0001274314,0
features_0:1620,features_0.npy,1620,train,0,-4.9308157,0.0004582987,0
features_0:1622,features_0.npy,1622,train,0,-7.3191667,1.5321957e-05,0
features_0:1623,features_0.npy,1623,train,0,-4.5729785,0.0007623662,0
features_0:1626,features_0.npy,1626,train,0,-4.2649355,0.001181287,0
features_0:1629,features_0.npy,1629,train,0,-4.882591,0.00049083773,0
features_0:1630,features_0.npy,1630,train,0,-2.989172,0.007213738,0
features_0:1631,features_0.npy,1631,train,0,-3.3227243,0.004499941,0
features_0:1632,features_0.npy,1632,train,0,-5.5406165,0.00019248667,0
features_0:1633,features_0.npy,1633,train,0,-1.9286566,0.03181792,0
features_0:1634,features_0.npy,1634,train,0,-5.946733,0.00010800722,0
features_0:1635,features_0.npy,1635,train,0,-2.279367,0.019561062,0
features_0:1636,features_0.npy,1636,train,0,-3.346924,0.004348278,0
features_0:1639,features_0.npy,1639,train,0,-2.7994294,0.009428733,0
features_0:1640,features_0.npy,1640,train,0,-2.5757117,0.012917573,0
features_0:1641,features_0.npy,1641,train,0,-3.5587413,0.0032203547,0
features_0:1642,features_0.npy,1642,train,0,-2.7522964,0.010076227,0
features_0:1643,features_0.npy,1643,train,0,-4.1095653,0.0014731571,0
features_0:1644,features_0.npy,1644,train,0,-3.276368,0.00480532,0
features_0:1645,features_0.npy,1645,train,0,-2.5499384,0.0133936675,0
features_0:1647,features_0.npy,1647,train,0,-3.3137577,0.0045574633,0
features_0:1648,features_0.npy,1648,train,0,-2.4223702,0.016017029,0
features_0:1649,features_0.npy,1649,train,0,-2.1013854,0.02505793,0
features_0:1652,features_0.npy,1652,train,0,-5.1782312,0.0003223311,0
features_1:0,features_1.npy,0,train,1,8.462845,0.99998844,1
features_1:2,features_1.npy,2,train,1,6.703205,0.9998592,1
features_1:3,features_1.npy,3,train,1,6.828426,0.9998821,1
features_1:4,features_1.npy,4,train,1,2.607892,0.9543584,1
features_1:5,features_1.npy,5,train,1,4.4964776,0.996756,1
features_1:6,features_1.npy,6,train,1,5.2249427,0.9988471,1
features_1:7,features_1.npy,7,train,1,6.6930127,0.99985707,1
features_1:8,features_1.npy,8,train,1,4.776145,0.9978188,1
features_1:10,features_1.npy,10,train,1,5.2525578,0.99889153,1
features_1:12,features_1.npy,12,train,1,7.253336,0.9999356,1
features_1:14,features_1.npy,14,train,1,6.4469166,0.9997973,1
features_1:15,features_1.npy,15,train,1,7.4990215,0.9999546,1
features_1:16,features_1.npy,16,train,1,4.9094934,0.9981951,1
features_1:17,features_1.npy,17,train,1,3.8560143,0.9919686,1
features_1:19,features_1.npy,19,train,1,6.254181,0.99973327,1
features_1:22,features_1.npy,22,train,1,7.936627,0.9999757,1
features_1:23,features_1.npy,23,train,1,7.668022,0.99996436,1
features_1:24,features_1.npy,24,train,1,6.111015,0.999673,1
features_1:25,features_1.npy,25,train,1,6.75509,0.9998692,1
features_1:26,features_1.npy,26,train,1,7.047875,0.9999138,1
features_1:29,features_1.npy,29,train,1,3.826425,0.991626,1
features_1:30,features_1.npy,30,train,1,4.3533244,0.99602604,1
features_1:31,features_1.npy,31,train,1,3.9179628,0.99264127,1
features_1:32,features_1.npy,32,train,1,7.553422,0.99995804,1
features_1:33,features_1.npy,33,train,1,5.197134,0.99880064,1
features_1:36,features_1.npy,36,train,1,6.8532634,0.9998863,1
features_1:37,features_1.npy,37,train,1,6.0589705,0.99964786,1
features_1:39,features_1.npy,39,train,1,7.067579,0.9999162,1
features_1:40,features_1.npy,40,train,1,3.7523108,0.99070334,1
features_1:43,features_1.npy,43,train,1,4.841596,0.9980124,1
features_1:44,features_1.npy,44,train,1,6.41254,0.99978703,1
features_1:45,features_1.npy,45,train,1,3.023608,0.9742139,1
features_1:46,features_1.npy,46,train,1,3.7054226,0.9900682,1
features_1:47,features_1.npy,47,train,1,5.5245047,0.99924695,1
features_1:48,features_1.npy,48,train,1,3.9441266,0.99290836,1
features_1:51,features_1.npy,51,train,1,5.249495,0.99888664,1
features_1:52,features_1.npy,52,train,1,7.032493,0.9999119,1
features_1:53,features_1.npy,53,train,1,4.606799,0.99722606,1
features_1:55,features_1.npy,55,train,1,8.045249,0.99997914,1
features_1:56,features_1.npy,56,train,1,5.314872,0.99898547,1
features_1:58,features_1.npy,58,train,1,5.787338,0.99948186,1
features_1:59,features_1.npy,59,train,1,7.0589976,0.9999151,1
features_1:60,features_1.npy,60,train,1,3.7354736,0.99048,1
features_1:61,features_1.npy,61,train,1,6.2606683,0.99973565,1
features_1:62,features_1.npy,62,train,1,6.8128805,0.9998795,1
features_1:63,features_1.npy,63,train,1,4.5215964,0.9968696,1
features_1:64,features_1.npy,64,train,1,5.756948,0.99945897,1
features_1:65,features_1.npy,65,train,1,5.556634,0.99928063,1
features_1:67,features_1.npy,67,train,1,4.0762634,0.9941168,1
features_1:68,features_1.npy,68,train,1,7.2277412,0.99993324,1
features_1:69,features_1.npy,69,train,1,6.612327,0.9998398,1
features_1:70,features_1.npy,70,train,1,4.8245487,0.99796367,1
features_1:73,features_1.npy,73,train,1,4.7237267,0.9976503,1
features_1:74,features_1.npy,74,train,1,7.0561466,0.99991477,1
features_1:75,features_1.npy,75,train,1,6.4009147,0.9997836,1
features_1:76,features_1.npy,76,train,1,5.8210697,0.9995061,1
features_1:77,features_1.npy,77,train,1,4.442165,0.9964964,1
features_1:78,features_1.npy,78,train,1,5.338169,0.99901855,1
features_1:79,features_1.npy,79,train,1,6.2674413,0.9997383,1
features_1:80,features_1.npy,80,train,1,3.551865,0.9876724,1
features_1:81,features_1.npy,81,train,1,5.2981486,0.9989611,1
features_1:82,features_1.npy,82,train,1,4.90133,0.9981741,1
features_1:84,features_1.npy,84,train,1,8.379567,0.999987,1
features_1:86,features_1.npy,86,train,1,7.9982247,0.9999777,1
features_1:87,features_1.npy,87,train,1,7.204633,0.999931,1
features_1:88,features_1.npy,88,train,1,8.279476,0.9999851,1
features_1:90,features_1.npy,90,train,1,7.2681446,0.99993694,1
features_1:92,features_1.npy,92,train,1,4.7465734,0.9977253,1
features_1:93,features_1.npy,93,train,1,5.1246986,0.9986706,1
features_1:95,features_1.npy,95,train,1,6.6492233,0.9998479,1
features_1:96,features_1.npy,96,train,1,5.2650113,0.9989109,1
features_1:97,features_1.npy,97,train,1,6.124191,0.9996791,1
features_1:98,features_1.npy,98,train,1,6.2444043,0.99972945,1
features_1:99,features_1.npy,99,train,1,7.259379,0.9999362,1
features_1:100,features_1.npy,100,train,1,8.168897,0.9999825,1
features_1:102,features_1.npy,102,train,1,6.142686,0.99968743,1
features_1:103,features_1.npy,103,train,1,5.8439727,0.999522,1
features_1:104,features_1.npy,104,train,1,3.4588447,0.98595226,1
features_1:106,features_1.npy,106,train,1,2.6706822,0.95809627,1
features_1:107,features_1.npy,107,train,1,5.719726,0.9994295,1
features_1:108,features_1.npy,108,train,1,5.7137017,0.9994246,1
features_1:109,features_1.npy,109,train,1,7.522307,0.99995613,1
features_1:111,features_1.npy,111,train,1,6.899729,0.99989355,1
features_1:112,features_1.npy,112,train,1,3.89034,0.99234855,1
features_1:114,features_1.npy,114,train,1,7.7828164,0.9999697,1
features_1:117,features_1.npy,117,train,1,8.074088,0.99998,1
features_1:118,features_1.npy,118,train,1,5.582749,0.9993068,1
features_1:119,features_1.npy,119,train,1,6.0015855,0.99961793,1
features_1:120,features_1.npy,120,train,1,5.7114406,0.9994228,1
features_1:121,features_1.npy,121,train,1,5.3695874,0.9990614,1
features_1:122,features_1.npy,122,train,1,6.2923985,0.99974734,1
features_1:123,features_1.npy,123,train,1,4.676523,0.9974874,1
features_1:124,features_1.npy,124,train,1,5.179307,0.9987698,1
features_1:126,features_1.npy,126,train,1,6.4850216,0.9998079,1
features_1:130,features_1.npy,130,train,1,7.533806,0.99995685,1
features_1:131,features_1.npy,131,train,1,6.6381392,0.9998455,1
features_1:132,features_1.npy,132,train,1,6.989957,0.9999063,1
features_1:134,features_1.npy,134,train,1,2.3992949,0.93953854,1
features_1:135,features_1.npy,135,train,1,3.9357789,0.9928242,1
features_1:136,features_1.npy,136,train,1,2.0895865,0.9090971,1
features_1:137,features_1.npy,137,train,1,4.0551043,0.99393797,1
features_1:138,features_1.npy,138,train,1,5.274766,0.998926,1
features_1:139,features_1.npy,139,train,1,3.949246,0.9929594,1
features_1:141,features_1.npy,141,train,1,4.472195,0.9966425,1
features_1:143,features_1.npy,143,train,1,6.17033,0.9996995,1
features_1:144,features_1.npy,144,train,1,8.019379,0.9999783,1
features_1:146,features_1.npy,146,train,1,5.377785,0.9990722,1
features_1:147,features_1.npy,147,train,1,3.190025,0.97954,1
features_1:149,features_1.npy,149,train,1,6.7673674,0.9998715,1
features_1:150,features_1.npy,150,train,1,6.2888904,0.99974614,1
features_1:152,features_1.npy,152,train,1,7.914616,0.99997485,1
features_1:153,features_1.npy,153,train,1,4.4996853,0.99677086,1
features_1:154,features_1.npy,154,train,1,7.5444536,0.99995744,1
features_1:155,features_1.npy,155,train,1,8.575247,0.9999902,1
features_1:156,features_1.npy,156,train,1,4.7684274,0.99779475,1
features_1:157,features_1.npy,157,train,1,3.966369,0.9931277,1
features_1:160,features_1.npy,160,train,1,4.2541847,0.9954267,1
features_1:161,features_1.npy,161,train,1,6.7660522,0.99987125,1
features_1:162,features_1.npy,162,train,1,6.0591283,0.999648,1
features_1:164,features_1.npy,164,train,1,4.5788794,0.99711394,1
features_1:166,features_1.npy,166,train,1,7.361522,0.9999448,1
features_1:167,features_1.npy,167,train,1,4.3384204,0.9959413,1
features_1:168,features_1.npy,168,train,1,5.1704574,0.99875426,1
features_1:169,features_1.npy,169,train,1,5.528068,0.9992507,1
features_1:170,features_1.npy,170,train,1,6.5851107,0.99983335,1
features_1:171,features_1.npy,171,train,1,2.531091,0.94935447,1
features_1:172,features_1.npy,172,train,1,3.4966283,0.98667777,1
features_1:173,features_1.npy,173,train,1,5.2651906,0.99891126,1
features_1:174,features_1.npy,174,train,1,5.2445707,0.9988789,1
features_1:175,features_1.npy,175,train,1,7.752684,0.9999684,1
features_1:176,features_1.npy,176,train,1,2.3041213,0.93137133,1
features_1:177,features_1.npy,177,train,1,5.2491965,0.99888617,1
features_1:178,features_1.npy,178,train,1,4.192778,0.9950112,1
features_1:179,features_1.npy,179,train,1,6.365769,0.99977237,1
features_1:180,features_1.npy,180,train,1,6.9300203,0.9998981,1
features_1:181,features_1.npy,181,train,1,5.5328035,0.9992557,1
features_1:182,features_1.npy,182,train,1,6.6046243,0.999838,1
features_1:183,features_1.npy,183,train,1,5.1918964,0.99879175,1
features_1:184,features_1.npy,184,train,1,6.843532,0.9998846,1
features_1:186,features_1.npy,186,train,1,4.4933314,0.9967416,1
features_1:187,features_1.npy,187,train,1,7.1893697,0.99992955,1
features_1:188,features_1.npy,188,train,1,5.1082163,0.99863905,1
features_1:189,features_1.npy,189,train,1,5.7087984,0.99942064,1
features_1:190,features_1.npy,190,train,1,6.457183,0.99980015,1
features_1:191,features_1.npy,191,train,1,3.8881261,0.9923246,1
features_1:192,features_1.npy,192,train,1,6.817226,0.9998803,1
features_1:193,features_1.npy,193,train,1,6.64586,0.9998472,1
features_1:194,features_1.npy,194,train,1,3.8265977,0.99162805,1
features_1:195,features_1.npy,195,train,1,4.65345,0.9974038,1
features_1:196,features_1.npy,196,train,1,8.088451,0.99998033,1
features_1:198,features_1.npy,198,train,1,7.106069,0.9999206,1
features_1:199,features_1.npy,199,train,1,6.3286953,0.9997601,1
features_1:200,features_1.npy,200,train,1,4.2108774,0.9951374,1
features_1:201,features_1.npy,201,train,1,6.8763485,0.99988997,1
features_1:202,features_1.npy,202,train,1,3.6663284,0.98950595,1
features_1:203,features_1.npy,203,train,1,6.10899,0.99967206,1
features_1:204,features_1.npy,204,train,1,3.447289,0.9857226,1
features_1:205,features_1.npy,205,train,1,6.392051,0.99978083,1
features_1:206,features_1.npy,206,train,1,4.5640225,0.99705243,1
features_1:208,features_1.npy,208,train,1,5.93819,0.9995819,1
features_1:209,features_1.npy,209,train,1,7.1754975,0.9999281,1
features_1:210,features_1.npy,210,train,1,7.5110846,0.9999554,1
features_1:211,features_1.npy,211,train,1,7.5928717,0.9999603,1
features_1:212,features_1.npy,212,train,1,3.185229,0.9794027,1
features_1:214,features_1.npy,214,train,1,5.6905766,0.9994054,1
features_1:215,features_1.npy,215,train,1,6.303708,0.9997514,1
features_1:217,features_1.npy,217,train,1,3.4852617,0.9864634,1
features_1:218,features_1.npy,218,train,1,4.42004,0.9963846,1
features_1:219,features_1.npy,219,train,1,5.5408635,0.9992643,1
features_1:220,features_1.npy,220,train,1,5.430249,0.99913895,1
features_1:221,features_1.npy,221,train,1,6.3859572,0.9997789,1
features_1:222,features_1.npy,222,train,1,7.310502,0.99994063,1
features_1:223,features_1.npy,223,train,1,4.9343963,0.9982578,1
features_1:224,features_1.npy,224,train,1,3.018407,0.9740272,1
features_1:225,features_1.npy,225,train,1,5.814,0.9995011,1
features_1:226,features_1.npy,226,train,1,3.2610822,0.98147124,1
features_1:227,features_1.npy,227,train,1,6.819845,0.9998807,1
features_1:228,features_1.npy,228,train,1,5.416373,0.99912184,1
features_1:229,features_1.npy,229,train,1,5.942675,0.9995845,1
features_1:230,features_1.npy,230,train,1,6.0546155,0.9996457,1
features_1:231,features_1.npy,231,train,1,6.7310715,0.9998647,1
features_1:232,features_1.npy,232,train,1,6.492711,0.99981004,1
features_1:233,features_1.npy,233,train,1,5.8997655,0.9995584,1
features_1:234,features_1.npy,234,train,1,7.257928,0.9999361,1
features_1:235,features_1.npy,235,train,1,6.0862727,0.9996613,1
features_1:238,features_1.npy,238,train,1,6.3601923,0.9997706,1
features_1:239,features_1.npy,239,train,1,6.859173,0.9998872,1
features_1:240,features_1.npy,240,train,1,6.2840047,0.99974436,1
features_1:242,features_1.npy,242,train,1,7.000363,0.99990773,1
features_1:244,features_1.npy,244,train,1,3.4299242,0.98537076,1
features_1:245,features_1.npy,245,train,1,7.566919,0.99995875,1
features_1:246,features_1.npy,246,train,1,5.439138,0.9991498,1
features_1:247,features_1.npy,247,train,1,4.0711746,0.9940743,1
features_1:248,features_1.npy,248,train,1,6.1340847,0.9996836,1
features_1:249,features_1.npy,249,train,1,5.0211377,0.9984598,1
features_1:251,features_1.npy,251,train,1,4.6701574,0.99746466,1
features_1:253,features_1.npy,253,train,1,4.502695,0.99678457,1
features_1:254,features_1.npy,254,train,1,3.9672124,0.9931359,1
features_1:255,features_1.npy,255,train,1,5.512044,0.9992335,1
features_1:256,features_1.npy,256,train,1,4.5017023,0.9967801,1
features_1:257,features_1.npy,257,train,1,2.227144,0.9240301,1
features_1:258,features_1.npy,258,train,1,4.4681416,0.99662304,1
features_1:259,features_1.npy,259,train,1,4.7948823,0.99787605,1
features_1:263,features_1.npy,263,train,1,6.980496,0.9999051,1
features_1:264,features_1.npy,264,train,1,4.4572005,0.9965702,1
features_1:266,features_1.npy,266,train,1,4.720655,0.99764,1
features_1:267,features_1.npy,267,train,1,5.622932,0.99934524,1
features_1:268,features_1.npy,268,train,1,6.927415,0.9998976,1
features_1:270,features_1.npy,270,train,1,4.1104517,0.99439454,1
features_1:271,features_1.npy,271,train,1,2.5585623,0.9512014,1
features_1:272,features_1.npy,272,train,1,8.703844,0.9999918,1
features_1:274,features_1.npy,274,train,1,4.8946586,0.9981567,1
features_1:276,features_1.npy,276,train,1,2.6548536,0.9571825,1
features_1:277,features_1.npy,277,train,1,5.5766683,0.9993007,1
features_1:278,features_1.npy,278,train,1,6.673489,0.99985313,1
features_1:279,features_1.npy,279,train,1,5.7901683,0.9994838,1
features_1:280,features_1.npy,280,train,1,8.072953,0.99998,1
features_1:282,features_1.npy,282,train,1,3.9398944,0.9928658,1
features_1:283,features_1.npy,283,train,1,4.9892044,0.9983884,1
features_1:288,features_1.npy,288,train,1,3.2075856,0.9800348,1
features_1:289,features_1.npy,289,train,1,4.23973,0.99533206,1
features_1:291,features_1.npy,291,train,1,4.744353,0.9977181,1
features_1:292,features_1.npy,292,train,1,7.0095725,0.9999089,1
features_1:293,features_1.npy,293,train,1,4.069801,0.9940627,1
features_1:295,features_1.npy,295,train,1,7.296647,0.99993944,1
features_1:296,features_1.npy,296,train,1,4.803236,0.9979011,1
features_1:298,features_1.npy,298,train,1,7.2661986,0.9999368,1
features_1:299,features_1.npy,299,train,1,2.7852387,0.9641737,1
features_1:305,features_1.npy,305,train,1,7.587896,0.99996006,1
features_1:308,features_1.npy,308,train,1,6.102374,0.99966896,1
features_1:309,features_1.npy,309,train,1,4.6284933,0.99731016,1
features_1:312,features_1.npy,312,train,1,5.136895,0.9986934,1
features_1:313,features_1.npy,313,train,1,5.98379,0.9996082,1
features_1:314,features_1.npy,314,train,1,6.5639515,0.99982834,1
features_1:315,features_1.npy,315,train,1,3.7393227,0.9905315,1
features_1:317,features_1.npy,317,train,1,2.6704454,0.9580827,1
features_1:318,features_1.npy,318,train,1,7.8127522,0.9999709,1
features_1:319,features_1.npy,319,train,1,5.094613,0.9986125,1
features_1:321,features_1.npy,321,train,1,4.3211646,0.9958407,1
features_1:322,features_1.npy,322,train,1,3.532031,0.987324,1
features_1:324,features_1.npy,324,train,1,6.8191414,0.99988055,1
features_1:325,features_1.npy,325,train,1,7.1977973,0.9999304,1
features_1:326,features_1.npy,326,train,1,4.2843957,0.99561834,1
features_1:327,features_1.npy,327,train,1,4.7246985,0.99765354,1
features_1:328,features_1.npy,328,train,1,5.253345,0.9988927,1
features_1:329,features_1.npy,329,train,1,7.919418,0.9999751,1
features_1:330,features_1.npy,330,train,1,2.5956812,0.9535955,1
features_1:331,features_1.npy,331,train,1,3.7598307,0.9908014,1
features_1:332,features_1.npy,332,train,1,4.235627,0.99530494,1
features_1:333,features_1.npy,333,train,1,5.986549,0.99960965,1
features_1:334,features_1.npy,334,train,1,7.144655,0.9999249,1
features_1:336,features_1.npy,336,train,1,6.248631,0.9997311,1
features_1:338,features_1.npy,338,train,1,7.162993,0.9999268,1
features_1:339,features_1.npy,339,train,1,4.0996737,0.9943084,1
features_1:343,features_1.npy,343,train,1,7.447762,0.99995124,1
features_1:345,features_1.npy,345,train,1,5.934619,0.9995797,1
features_1:346,features_1.npy,346,train,1,6.0902834,0.99966323,1
features_1:350,features_1.npy,350,train,1,5.289435,0.99894816,1
features_1:351,features_1.npy,351,train,1,6.8280067,0.9998821,1
features_1:354,features_1.npy,354,train,1,5.1315713,0.9986835,1
features_1:355,features_1.npy,355,train,1,8.021135,0.9999784,1
features_1:356,features_1.npy,356,train,1,4.4740796,0.99665135,1
features_1:357,features_1.npy,357,train,1,3.5922933,0.9883536,1
features_1:358,features_1.npy,358,train,1,5.226104,0.99884903,1
features_1:359,features_1.npy,359,train,1,5.8065977,0.99949574,1
features_1:361,features_1.npy,361,train,1,4.707317,0.9975949,1
features_1:362,features_1.npy,362,train,1,6.340462,0.999764,1
features_1:364,features_1.npy,364,train,1,5.7013206,0.99941444,1
features_1:365,features_1.npy,365,train,1,4.7202983,0.9976388,1
features_1:366,features_1.npy,366,train,1,4.0492287,0.9938875,1
features_1:367,features_1.npy,367,train,1,2.2370913,0.9250179,1
features_1:368,features_1.npy,368,train,1,6.565,0.9998286,1
features_1:369,features_1.npy,369,train,1,4.0902114,0.99423164,1
features_1:370,features_1.npy,370,train,1,8.713726,0.9999919,1
features_1:371,features_1.npy,371,train,1,5.3437533,0.9990263,1
features_1:373,features_1.npy,373,train,1,5.7985325,0.99949,1
features_1:375,features_1.npy,375,train,1,2.4203076,0.9412149,1
features_1:376,features_1.npy,376,train,1,5.885525,0.9995493,1
features_1:378,features_1.npy,378,train,1,6.5394874,0.9998223,1
features_1:379,features_1.npy,379,train,1,6.323405,0.9997583,1
features_1:381,features_1.npy,381,train,1,8.38672,0.9999871,1
features_1:382,features_1.npy,382,train,1,3.64925,0.98925066,1
features_1:383,features_1.npy,383,train,1,4.4550753,0.9965599,1
features_1:384,features_1.npy,384,train,1,7.394342,0.9999473,1
features_1:385,features_1.npy,385,train,1,5.5740623,0.9992982,1
features_1:386,features_1.npy,386,train,1,4.367022,0.99610245,1
features_1:387,features_1.npy,387,train,1,7.670096,0.9999645,1
features_1:388,features_1.npy,388,train,1,5.4804964,0.9991984,1
features_1:390,features_1.npy,390,train,1,7.3235235,0.9999417,1
features_1:391,features_1.npy,391,train,1,6.492625,0.99981004,1
features_1:392,features_1.npy,392,train,1,5.3981805,0.9990988,1
features_1:393,features_1.npy,393,train,1,6.0645266,0.9996506,1
features_1:395,features_1.npy,395,train,1,4.023985,0.99366534,1
features_1:396,features_1.npy,396,train,1,3.081819,0.97621506,1
features_1:397,features_1.npy,397,train,1,4.5343947,0.9969259,1
features_1:399,features_1.npy,399,train,1,5.9489565,0.9995882,1
features_1:400,features_1.npy,400,train,1,6.797052,0.99987674,1
features_1:401,features_1.npy,401,train,1,6.1548896,0.9996928,1
features_1:402,features_1.npy,402,train,1,7.1238246,0.99992263,1
features_1:404,features_1.npy,404,train,1,5.9907966,0.99961203,1
features_1:407,features_1.npy,407,train,1,4.2502303,0.99540097,1
features_1:408,features_1.npy,408,train,1,3.2504156,0.98119307,1
features_1:410,features_1.npy,410,train,1,6.9407835,0.9998996,1
features_1:411,features_1.npy,411,train,1,3.8099039,0.99142855,1
features_1:412,features_1.npy,412,train,1,7.291334,0.99993896,1
features_1:413,features_1.npy,413,train,1,5.316881,0.99898833,1
features_1:414,features_1.npy,414,train,1,5.737446,0.9994437,1
features_1:415,features_1.npy,415,train,1,7.015225,0.99990964,1
features_1:416,features_1.npy,416,train,1,6.5143857,0.99981576,1
features_1:417,features_1.npy,417,train,1,5.6240897,0.9993463,1
features_1:419,features_1.npy,419,train,1,3.4154177,0.9850701,1
features_1:420,features_1.npy,420,train,1,5.6220965,0.9993445,1
features_1:421,features_1.npy,421,train,1,2.286085,0.9297125,1
features_1:422,features_1.npy,422,train,1,6.398561,0.99978286,1
features_1:423,features_1.npy,423,train,1,5.1497,0.99871707,1
features_1:425,features_1.npy,425,train,1,3.9801228,0.99325997,1
features_1:428,features_1.npy,428,train,1,4.8698936,0.9980907,1
features_1:429,features_1.npy,429,train,1,5.6725364,0.9993899,1
features_1:430,features_1.npy,430,train,1,5.709589,0.99942124,1
features_1:431,features_1.npy,431,train,1,5.0413847,0.99850357,1
features_1:432,features_1.npy,432,train,1,6.377536,0.9997762,1
features_1:433,features_1.npy,433,train,1,1.9012892,0.88439345,1
features_1:434,features_1.npy,434,train,1,4.6964393,0.9975574,1
features_1:435,features_1.npy,435,train,1,6.536504,0.9998215,1
features_1:436,features_1.npy,436,train,1,7.586225,0.99995995,1
features_1:437,features_1.npy,437,train,1,6.6083546,0.9998388,1
features_1:438,features_1.npy,438,train,1,6.511706,0.99981517,1
features_1:439,features_1.npy,439,train,1,7.096214,0.99991953,1
features_1:441,features_1.npy,441,train,1,7.127309,0.999923,1
features_1:442,features_1.npy,442,train,1,6.601269,0.99983716,1
features_1:443,features_1.npy,443,train,1,7.2169805,0.99993217,1
features_1:447,features_1.npy,447,train,1,5.0123777,0.99844056,1
features_1:449,features_1.npy,449,train,1,6.5818243,0.99983263,1
features_1:450,features_1.npy,450,train,1,5.6881895,0.99940336,1
features_1:451,features_1.npy,451,train,1,5.7969155,0.99948883,1
features_1:456,features_1.npy,456,train,1,6.3940873,0.9997814,1
features_1:457,features_1.npy,457,train,1,6.6750836,0.9998534,1
features_1:460,features_1.npy,460,train,1,7.47446,0.99995303,1
features_1:461,features_1.npy,461,train,1,5.974706,0.9996031,1
features_1:462,features_1.npy,462,train,1,4.1276865,0.99452966,1
features_1:463,features_1.npy,463,train,1,5.4727573,0.99918944,1
features_1:464,features_1.npy,464,train,1,5.0538507,0.9985298,1
features_1:465,features_1.npy,465,train,1,8.110857,0.99998105,1
features_1:466,features_1.npy,466,train,1,4.185428,0.99495894,1
features_1:467,features_1.npy,467,train,1,4.6835737,0.99751246,1
features_1:468,features_1.npy,468,train,1,7.1740394,0.9999279,1
features_1:470,features_1.npy,470,train,1,4.5603676,0.9970372,1
features_1:471,features_1.npy,471,train,1,3.8755817,0.9921874,1
features_1:472,features_1.npy,472,train,1,4.3754163,0.9961486,1
features_1:474,features_1.npy,474,train,1,6.4611616,0.99980134,1
features_1:475,features_1.npy,475,train,1,8.200226,0.9999833,1
features_1:476,features_1.npy,476,train,1,4.5558157,0.997018,1
features_1:478,features_1.npy,478,train,1,5.918992,0.9995703,1
features_1:479,features_1.npy,479,train,1,5.588418,0.9993124,1
features_1:483,features_1.npy,483,train,1,6.998526,0.9999075,1
features_1:484,features_1.npy,484,train,1,6.480662,0.9998067,1
features_1:485,features_1.npy,485,train,1,7.9617853,0.9999765,1
features_1:486,features_1.npy,486,train,1,7.4470215,0.9999511,1
features_1:487,features_1.npy,487,train,1,7.0519195,0.9999143,1
features_1:490,features_1.npy,490,train,1,3.5913832,0.9883387,1
features_1:491,features_1.npy,491,train,1,4.7259154,0.99765754,1
features_1:492,features_1.npy,492,train,1,5.289464,0.99894816,1
features_1:494,features_1.npy,494,train,1,3.420214,0.9851702,1
features_1:495,features_1.npy,495,train,1,8.194854,0.9999832,1
features_1:496,features_1.npy,496,train,1,4.3749332,0.99614584,1
features_1:498,features_1.npy,498,train,1,4.853035,0.9980444,1
features_1:499,features_1.npy,499,train,1,5.656385,0.99937576,1
features_1:500,features_1.npy,500,train,1,3.4691741,0.9861544,1
features_1:501,features_1.npy,501,train,1,6.1709776,0.99969983,1
features_1:502,features_1.npy,502,train,1,6.1037602,0.9996697,1
features_1:504,features_1.npy,504,train,1,7.5695376,0.999959,1
features_1:505,features_1.npy,505,train,1,5.0487857,0.9985191,1
features_1:506,features_1.npy,506,train,1,6.6562996,0.99984944,1
features_1:507,features_1.npy,507,train,1,5.528852,0.99925154,1
features_1:509,features_1.npy,509,train,1,3.3294797,0.9831607,1
features_1:510,features_1.npy,510,train,1,7.134508,0.9999237,1
features_1:511,features_1.npy,511,train,1,7.1257815,0.9999229,1
features_1:512,features_1.npy,512,train,1,7.9098263,0.9999747,1
features_1:513,features_1.npy,513,train,1,6.8860874,0.9998914,1
features_1:517,features_1.npy,517,train,1,7.5447006,0.99995744,1
features_1:518,features_1.npy,518,train,1,5.826418,0.9995098,1
features_1:521,features_1.npy,521,train,1,5.7818685,0.9994778,1
features_1:522,features_1.npy,522,train,1,3.0427814,0.9748905,1
features_1:523,features_1.npy,523,train,1,7.1761513,0.9999281,1
features_1:524,features_1.npy,524,train,1,2.93878,0.9710015,1
features_1:527,features_1.npy,527,train,1,6.97727,0.99990463,1
features_1:528,features_1.npy,528,train,1,2.5805292,0.952632,1
features_1:531,features_1.npy,531,train,1,6.95458,0.99990153,1
features_1:532,features_1.npy,532,train,1,6.3245745,0.99975866,1
features_1:533,features_1.npy,533,train,1,7.7870474,0.99996984,1
features_1:534,features_1.npy,534,train,1,3.7168856,0.99022734,1
features_1:535,features_1.npy,535,train,1,1.3072981,0.766642,1
features_1:537,features_1.npy,537,train,1,5.2174706,0.9988348,1
features_1:538,features_1.npy,538,train,1,4.974839,0.9983551,1
features_1:539,features_1.npy,539,train,1,6.4565854,0.9998,1
features_1:540,features_1.npy,540,train,1,5.619836,0.9993424,1
features_1:541,features_1.npy,541,train,1,5.333083,0.9990114,1
features_1:543,features_1.npy,543,train,1,5.656893,0.99937624,1
features_1:544,features_1.npy,544,train,1,5.3974037,0.9990978,1
features_1:545,features_1.npy,545,train,1,5.1483774,0.99871457,1
features_1:546,features_1.npy,546,train,1,3.2054114,0.97997427,1
features_1:547,features_1.npy,547,train,1,6.2103825,0.9997161,1
features_1:549,features_1.npy,549,train,1,5.6564255,0.99937576,1
features_1:550,features_1.npy,550,train,1,3.0485508,0.97509074,1
features_1:551,features_1.npy,551,train,1,6.174863,0.9997013,1
features_1:554,features_1.npy,554,train,1,6.1215544,0.9996779,1
features_1:555,features_1.npy,555,train,1,5.8704824,0.9995396,1
features_1:556,features_1.npy,556,train,1,7.072758,0.9999168,1
features_1:557,features_1.npy,557,train,1,6.0420246,0.9996393,1
features_1:559,features_1.npy,559,train,1,5.55398,0.9992779,1
features_1:561,features_1.npy,561,train,1,5.6502976,0.9993703,1
features_1:562,features_1.npy,562,train,1,7.102288,0.9999201,1
features_1:563,features_1.npy,563,train,1,7.871489,0.9999733,1
features_1:564,features_1.npy,564,train,1,5.1713896,0.99875593,1
features_1:565,features_1.npy,565,train,1,7.039781,0.99991274,1
features_1:566,features_1.npy,566,train,1,2.9548738,0.9716394,1
features_1:567,features_1.npy,567,train,1,5.20199,0.99880886,1
features_1:568,features_1.npy,568,train,1,6.774066,0.9998727,1
features_1:570,features_1.npy,570,train,1,2.537083,0.9497629,1
features_1:571,features_1.npy,571,train,1,5.024033,0.99846613,1
features_1:572,features_1.npy,572,train,1,6.571673,0.9998301,1
features_1:573,features_1.npy,573,train,1,6.531422,0.9998202,1
features_1:576,features_1.npy,576,train,1,8.079127,0.9999801,1
features_1:578,features_1.npy,578,train,1,6.747196,0.9998677,1
features_1:579,features_1.npy,579,train,1,2.680776,0.9586691,1
features_1:581,features_1.npy,581,train,1,6.4168773,0.99978834,1
features_1:582,features_1.npy,582,train,1,4.1195307,0.9944661,1
features_1:584,features_1.npy,584,train,1,6.266527,0.9997379,1
features_1:585,features_1.npy,585,train,1,5.748277,0.9994522,1
features_1:586,features_1.npy,586,train,1,6.094745,0.9996654,1
features_1:592,features_1.npy,592,train,1,7.60154,0.9999608,1
features_1:594,features_1.npy,594,train,1,5.371962,0.9990646,1
features_1:595,features_1.npy,595,train,1,6.8414454,0.99988437,1
features_1:596,features_1.npy,596,train,1,6.2801294,0.9997429,1
features_1:597,features_1.npy,597,train,1,5.053574,0.9985292,1
features_1:598,features_1.npy,598,train,1,8.346538,0.9999864,1
features_1:599,features_1.npy,599,train,1,5.9652905,0.9995977,1
features_1:600,features_1.npy,600,train,1,6.553525,0.9998258,1
features_1:601,features_1.npy,601,train,1,3.3095238,0.9826841,1
features_1:602,features_1.npy,602,train,1,6.780657,0.9998739,1
features_1:603,features_1.npy,603,train,1,6.6872025,0.9998559,1
features_1:604,features_1.npy,604,train,1,4.4401507,0.9964863,1
features_1:605,features_1.npy,605,train,1,5.620596,0.9993431,1
features_1:608,features_1.npy,608,train,1,8.163006,0.99998236,1
features_1:609,features_1.npy,609,train,1,3.4695544,0.9861618,1
features_1:610,features_1.npy,610,train,1,4.5073543,0.9968058,1
features_1:611,features_1.npy,611,train,1,5.9045596,0.99956137,1
features_1:612,features_1.npy,612,train,1,3.7061234,0.990078,1
features_1:614,features_1.npy,614,train,1,3.5691059,0.98796767,1
features_1:615,features_1.npy,615,train,1,8.17237,0.9999826,1
features_1:616,features_1.npy,616,train,1,5.445952,0.999158,1
features_1:621,features_1.npy,621,train,1,5.6550517,0.99937457,1
features_1:622,features_1.npy,622,train,1,4.7531214,0.9977463,1
features_1:623,features_1.npy,623,train,1,4.477068,0.99666554,1
features_1:624,features_1.npy,624,train,1,6.4721065,0.99980444,1
features_1:625,features_1.npy,625,train,1,5.9317265,0.99957806,1
features_1:627,features_1.npy,627,train,1,5.2244825,0.9988463,1
features_1:631,features_1.npy,631,train,1,5.3304334,0.99900764,1
features_1:633,features_1.npy,633,train,1,5.178926,0.9987692,1
features_1:635,features_1.npy,635,train,1,4.4746065,0.9966538,1
features_1:637,features_1.npy,637,train,1,4.5333433,0.9969214,1
features_1:638,features_1.npy,638,train,1,2.763415,0.9630853,1
features_1:639,features_1.npy,639,train,1,6.862992,0.9998878,1
features_1:640,features_1.npy,640,train,1,6.5714965,0.9998301,1
features_1:641,features_1.npy,641,train,1,3.7680688,0.99090755,1
features_1:642,features_1.npy,642,train,1,7.9688234,0.99997675,1
features_1:644,features_1.npy,644,train,1,5.656514,0.9993759,1
features_1:645,features_1.npy,645,train,1,7.0548606,0.99991465,1
features_1:646,features_1.npy,646,train,1,4.885263,0.99813193,1
features_1:648,features_1.npy,648,train,1,4.7791386,0.99782807,1
features_1:650,features_1.npy,650,train,1,4.5968795,0.9971867,1
features_1:651,features_1.npy,651,train,1,3.5269165,0.98723257,1
features_1:652,features_1.npy,652,train,1,6.2041907,0.9997136,1
features_1:653,features_1.npy,653,train,1,4.472648,0.9966446,1
features_1:654,features_1.npy,654,train,1,4.6221347,0.99728584,1
features_1:655,features_1.npy,655,train,1,3.1850529,0.9793977,1
features_1:657,features_1.npy,657,train,1,6.543409,0.9998233,1
features_1:658,features_1.npy,658,train,1,5.707091,0.9994192,1
features_1:659,features_1.npy,659,train,1,7.064346,0.9999157,1
features_1:662,features_1.npy,662,train,1,6.3899136,0.9997801,1
features_1:665,features_1.npy,665,train,1,6.516619,0.99981636,1
features_1:666,features_1.npy,666,train,1,6.8940306,0.9998927,1
features_1:667,features_1.npy,667,train,1,4.859565,0.99806243,1
features_1:668,features_1.npy,668,train,1,5.6864214,0.9994018,1
features_1:670,features_1.npy,670,train,1,5.3947635,0.99909437,1
features_1:673,features_1.npy,673,train,1,6.983089,0.99990547,1
features_1:674,features_1.npy,674,train,1,6.629723,0.9998436,1
features_1:675,features_1.npy,675,train,1,7.0543303,0.9999145,1
features_1:676,features_1.npy,676,train,1,3.910694,0.9925653,1
features_1:678,features_1.npy,678,train,1,4.566716,0.9970637,1
features_1:679,features_1.npy,679,train,1,5.6388803,0.99936,1
features_1:680,features_1.npy,680,train,1,6.2829695,0.999744,1
features_1:682,features_1.npy,682,train,1,4.741697,0.9977094,1
features_1:683,features_1.npy,683,train,1,6.3045354,0.99975175,1
features_1:685,features_1.npy,685,train,1,8.003269,0.9999778,1
features_1:688,features_1.npy,688,train,1,6.277445,0.999742,1
features_1:689,features_1.npy,689,train,1,6.725431,0.9998635,1
features_1:690,features_1.npy,690,train,1,3.5427866,0.9875142,1
features_1:691,features_1.npy,691,train,1,3.7038994,0.9900469,1
features_1:693,features_1.npy,693,train,1,5.657642,0.99937683,1
features_1:695,features_1.npy,695,train,1,7.46898,0.9999527,1
features_1:696,features_1.npy,696,train,1,4.7282915,0.9976655,1
features_1:697,features_1.npy,697,train,1,5.68211,0.9993981,1
features_1:698,features_1.npy,698,train,1,5.3914514,0.9990901,1
features_1:700,features_1.npy,700,train,1,5.8284388,0.99951124,1
features_1:701,features_1.npy,701,train,1,4.91737,0.9982152,1
features_1:702,features_1.npy,702,train,1,5.064715,0.99855226,1
features_1:704,features_1.npy,704,train,1,7.5159554,0.99995565,1
features_1:705,features_1.npy,705,train,1,4.295915,0.9956892,1
features_1:706,features_1.npy,706,train,1,4.8985147,0.9981667,1
features_1:708,features_1.npy,708,train,1,7.171603,0.99992764,1
features_1:709,features_1.npy,709,train,1,5.6888423,0.99940383,1
features_1:711,features_1.npy,711,train,1,5.4543014,0.9991679,1
features_1:712,features_1.npy,712,train,1,7.966096,0.99997663,1
features_1:716,features_1.npy,716,train,1,4.4130573,0.9963486,1
features_1:717,features_1.npy,717,train,1,5.644088,0.9993647,1
features_1:718,features_1.npy,718,train,1,5.0516877,0.9985253,1
features_1:720,features_1.npy,720,train,1,4.3081098,0.99576306,1
features_1:721,features_1.npy,721,train,1,5.622518,0.9993449,1
features_1:722,features_1.npy,722,train,1,5.7110567,0.99942243,1
features_1:723,features_1.npy,723,train,1,6.0647035,0.9996507,1
features_1:724,features_1.npy,724,train,1,4.508996,0.9968131,1
features_1:727,features_1.npy,727,train,1,6.615455,0.9998404,1
features_1:729,features_1.npy,729,train,1,4.922349,0.9982278,1
features_1:730,features_1.npy,730,train,1,4.486162,0.9967083,1
features_1:731,features_1.npy,731,train,1,5.5952635,0.9993191,1
features_1:732,features_1.npy,732,train,1,5.5291157,0.9992519,1
features_1:733,features_1.npy,733,train,1,4.934723,0.99825865,1
features_1:734,features_1.npy,734,train,1,2.2779636,0.9289536,1
features_1:736,features_1.npy,736,train,1,7.848809,0.99997246,1
features_1:738,features_1.npy,738,train,1,7.7494264,0.9999682,1
features_1:739,features_1.npy,739,train,1,4.495995,0.9967539,1
features_1:740,features_1.npy,740,train,1,2.9464517,0.9713073,1
features_1:741,features_1.npy,741,train,1,3.0791664,0.9761272,1
features_1:742,features_1.npy,742,train,1,3.4963448,0.9866725,1
features_1:744,features_1.npy,744,train,1,6.8496428,0.9998857,1
features_1:745,features_1.npy,745,train,1,5.1470766,0.9987122,1
features_1:746,features_1.npy,746,train,1,6.5284443,0.99981946,1
features_1:747,features_1.npy,747,train,1,6.5887055,0.9998343,1
features_1:751,features_1.npy,751,train,1,6.763535,0.9998708,1
features_1:752,features_1.npy,752,train,1,3.4652593,0.98607814,1
features_1:753,features_1.npy,753,train,1,5.278256,0.9989312,1
features_1:755,features_1.npy,755,train,1,3.8338594,0.9917135,1
features_1:756,features_1.npy,756,train,1,4.4513116,0.99654144,1
features_1:757,features_1.npy,757,train,1,6.8609185,0.99988747,1
features_1:758,features_1.npy,758,train,1,4.2141657,0.9951599,1
features_1:759,features_1.npy,759,train,1,6.6609464,0.9998504,1
features_1:761,features_1.npy,761,train,1,4.568704,0.997072,1
features_1:763,features_1.npy,763,train,1,6.9235144,0.9998971,1
features_1:764,features_1.npy,764,train,1,6.2264924,0.99972254,1
features_1:765,features_1.npy,765,train,1,5.1655984,0.9987457,1
features_1:766,features_1.npy,766,train,1,7.5815644,0.9999597,1
features_1:767,features_1.npy,767,train,1,5.4893603,0.9992084,1
features_1:768,features_1.npy,768,train,1,8.067265,0.99997973,1
features_1:770,features_1.npy,770,train,1,5.325246,0.9990004,1
features_1:771,features_1.npy,771,train,1,5.312812,0.9989825,1
features_1:772,features_1.npy,772,train,1,7.7148232,0.9999666,1
features_1:773,features_1.npy,773,train,1,7.406513,0.99994826,1
features_1:774,features_1.npy,774,train,1,3.0330641,0.97454983,1
features_1:776,features_1.npy,776,train,1,6.3042817,0.9997516,1
features_1:777,features_1.npy,777,train,1,6.714394,0.99986136,1
features_1:779,features_1.npy,779,train,1,6.2422447,0.9997286,1
features_1:780,features_1.npy,780,train,1,4.2263556,0.9952428,1
features_1:781,features_1.npy,781,train,1,3.2103503,0.98011166,1
features_1:784,features_1.npy,784,train,1,7.3564267,0.99994445,1
features_1:785,features_1.npy,785,train,1,5.816789,0.999503,1
features_1:787,features_1.npy,787,train,1,7.556548,0.99995816,1
features_1:789,features_1.npy,789,train,1,7.3043704,0.99994016,1
features_1:790,features_1.npy,790,train,1,6.418686,0.99978894,1
features_1:794,features_1.npy,794,train,1,4.1803155,0.99492234,1
features_1:795,features_1.npy,795,train,1,4.4974875,0.9967608,1
features_1:796,features_1.npy,796,train,1,7.645795,0.99996316,1
features_1:797,features_1.npy,797,train,1,6.124267,0.9996791,1
features_1:798,features_1.npy,798,train,1,5.9886,0.99961084,1
features_1:800,features_1.npy,800,train,1,2.4420877,0.94290656,1
features_1:801,features_1.npy,801,train,1,7.534538,0.99995685,1
features_1:802,features_1.npy,802,train,1,2.805573,0.9651599,1
features_1:803,features_1.npy,803,train,1,7.1977143,0.9999304,1
features_1:805,features_1.npy,805,train,1,5.552835,0.9992767,1
features_1:806,features_1.npy,806,train,1,5.7413783,0.9994468,1
features_1:807,features_1.npy,807,train,1,4.768307,0.9977944,1
features_1:809,features_1.npy,809,train,1,7.024252,0.99991083,1
features_1:810,features_1.npy,810,train,1,3.5944626,0.98838913,1
features_1:811,features_1.npy,811,train,1,2.126134,0.9133045,1
features_1:812,features_1.npy,812,train,1,5.4050303,0.99910754,1
features_1:814,features_1.npy,814,train,1,4.9399066,0.99827147,1
features_1:815,features_1.npy,815,train,1,5.797311,0.99948907,1
features_1:816,features_1.npy,816,train,1,4.9418955,0.99827635,1
features_1:817,features_1.npy,817,train,1,6.2397017,0.99972767,1
features_1:818,features_1.npy,818,train,1,7.246301,0.99993503,1
features_1:819,features_1.npy,819,train,1,5.7578306,0.99945956,1
features_1:820,features_1.npy,820,train,1,7.3307347,0.9999423,1
features_1:822,features_1.npy,822,train,1,5.8034925,0.9994936,1
features_1:823,features_1.npy,823,train,1,6.167235,0.99969816,1
features_1:824,features_1.npy,824,train,1,8.141467,0.99998176,1
features_1:825,features_1.npy,825,train,1,3.9108984,0.99256754,1
features_1:826,features_1.npy,826,train,1,6.460013,0.999801,1
features_1:828,features_1.npy,828,train,1,3.917582,0.9926373,1
features_1:829,features_1.npy,829,train,1,1.5429034,0.82123214,1
features_1:830,features_1.npy,830,train,1,4.1110783,0.9943995,1
features_1:831,features_1.npy,831,train,1,6.4613433,0.99980134,1
features_1:833,features_1.npy,833,train,1,8.125799,0.9999814,1
features_1:835,features_1.npy,835,train,1,5.3426075,0.99902475,1
features_1:836,features_1.npy,836,train,1,5.965933,0.9995981,1
features_1:838,features_1.npy,838,train,1,6.991005,0.99990654,1
features_1:839,features_1.npy,839,train,1,6.657478,0.9998497,1
features_1:840,features_1.npy,840,train,1,4.415348,0.9963605,1
features_1:841,features_1.npy,841,train,1,7.2296214,0.99993336,1
features_1:842,features_1.npy,842,train,1,6.9370775,0.999899,1
features_1:843,features_1.npy,843,train,1,6.2863164,0.9997452,1
features_1:844,features_1.npy,844,train,1,6.6653624,0.99985135,1
features_1:846,features_1.npy,846,train,1,5.8308916,0.9995129,1
features_1:847,features_1.npy,847,train,1,5.189279,0.9987872,1
features_1:848,features_1.npy,848,train,1,6.9197006,0.9998965,1
features_1:849,features_1.npy,849,train,1,4.94407,0.9982816,1
features_1:851,features_1.npy,851,train,1,1.8596005,0.8781884,1
features_1:852,features_1.npy,852,train,1,5.8666625,0.9995371,1
features_1:853,features_1.npy,853,train,1,2.3551714,0.9358718,1
features_1:854,features_1.npy,854,train,1,3.2850556,0.9820815,1
features_1:855,features_1.npy,855,train,1,6.4168906,0.99978834,1
features_1:857,features_1.npy,857,train,1,5.545372,0.99926895,1
features_1:859,features_1.npy,859,train,1,7.573232,0.9999591,1
features_1:860,features_1.npy,860,train,1,3.5577586,0.9877742,1
features_1:862,features_1.npy,862,train,1,5.5008106,0.9992211,1
features_1:863,features_1.npy,863,train,1,6.93419,0.9998987,1
features_1:864,features_1.npy,864,train,1,7.786178,0.99996984,1
features_1:865,features_1.npy,865,train,1,2.857462,0.96755934,1
features_1:866,features_1.npy,866,train,1,2.8468218,0.9670807,1
features_1:867,features_1.npy,867,train,1,7.7491174,0.9999682,1
features_1:869,features_1.npy,869,train,1,4.3952065,0.99625504,1
features_1:870,features_1.npy,870,train,1,2.9608161,0.97187155,1
features_1:871,features_1.npy,871,train,1,5.667593,0.9993856,1
features_1:872,features_1.npy,872,train,1,6.7207723,0.9998627,1
features_1:874,features_1.npy,874,train,1,3.1182468,0.97738945,1
features_1:875,features_1.npy,875,train,1,3.0778522,0.97608364,1
features_1:876,features_1.npy,876,train,1,3.127829,0.9776888,1
features_1:877,features_1.npy,877,train,1,4.9222913,0.99822766,1
features_1:878,features_1.npy,878,train,1,6.042277,0.9996394,1
features_1:879,features_1.npy,879,train,1,3.9254344,0.99271846,1
features_1:880,features_1.npy,880,train,1,5.996628,0.9996152,1
features_1:881,features_1.npy,881,train,1,1.9356074,0.88929343,1
features_1:882,features_1.npy,882,train,1,6.248092,0.9997309,1
features_1:883,features_1.npy,883,train,1,7.700826,0.9999659,1
features_1:884,features_1.npy,884,train,1,5.1597323,0.99873513,1
features_1:887,features_1.npy,887,train,1,6.4649,0.9998024,1
features_1:888,features_1.npy,888,train,1,6.8092055,0.9998789,1
features_1:889,features_1.npy,889,train,1,5.8048387,0.99949455,1
features_1:892,features_1.npy,892,train,1,6.628046,0.99984324,1
features_1:893,features_1.npy,893,train,1,4.821684,0.9979553,1
features_1:895,features_1.npy,895,train,1,6.546146,0.999824,1
features_1:896,features_1.npy,896,train,1,3.8851404,0.9922921,1
features_1:897,features_1.npy,897,train,1,4.8012714,0.99789524,1
features_1:900,features_1.npy,900,train,1,7.276634,0.9999378,1
features_1:903,features_1.npy,903,train,1,4.22189,0.99521255,1
features_1:904,features_1.npy,904,train,1,5.586868,0.99931085,1
features_1:905,features_1.npy,905,train,1,5.415721,0.999121,1
features_1:907,features_1.npy,907,train,1,7.1489563,0.9999254,1
features_1:909,features_1.npy,909,train,1,4.4510183,0.99654007,1
features_1:910,features_1.npy,910,train,1,5.944006,0.99958533,1
features_1:912,features_1.npy,912,train,1,4.550353,0.99699473,1
features_1:913,features_1.npy,913,train,1,7.1212482,0.9999223,1
features_1:915,features_1.npy,915,train,1,5.7900543,0.9994838,1
features_1:919,features_1.npy,919,train,1,6.293583,0.9997478,1
features_1:921,features_1.npy,921,train,1,4.395958,0.9962591,1
features_1:922,features_1.npy,922,train,1,6.7098365,0.9998605,1
features_1:923,features_1.npy,923,train,1,4.622896,0.9972887,1
features_1:924,features_1.npy,924,train,1,5.4710097,0.9991874,1
features_1:925,features_1.npy,925,train,1,4.558708,0.99703014,1
features_1:926,features_1.npy,926,train,1,3.692621,0.9898874,1
features_1:927,features_1.npy,927,train,1,7.603951,0.9999609,1
features_1:928,features_1.npy,928,train,1,6.3350043,0.99976224,1
features_1:929,features_1.npy,929,train,1,3.5294747,0.98727846,1
features_1:931,features_1.npy,931,train,1,6.9624276,0.9999026,1
features_1:932,features_1.npy,932,train,1,3.1487467,0.97832894,1
features_1:934,features_1.npy,934,train,1,4.234259,0.9952958,1
features_1:936,features_1.npy,936,train,1,2.5724227,0.9521088,1
features_1:937,features_1.npy,937,train,1,3.9852161,0.9933083,1
features_1:938,features_1.npy,938,train,1,4.4398017,0.9964845,1
features_1:940,features_1.npy,940,train,1,4.869276,0.998089,1
features_1:941,features_1.npy,941,train,1,3.729251,0.99039614,1
features_1:942,features_1.npy,942,train,1,5.401744,0.99910337,1
features_1:944,features_1.npy,944,train,1,8.010454,0.99997807,1
features_1:945,features_1.npy,945,train,1,5.643698,0.9993643,1
features_1:946,features_1.npy,946,train,1,5.8882685,0.9995511,1
features_1:948,features_1.npy,948,train,1,4.801899,0.99789715,1
features_1:949,features_1.npy,949,train,1,5.1740675,0.9987607,1
features_1:950,features_1.npy,950,train,1,7.962185,0.9999765,1
features_1:952,features_1.npy,952,train,1,5.507374,0.99922836,1
features_1:953,features_1.npy,953,train,1,2.4554725,0.94392323,1
features_1:954,features_1.npy,954,train,1,6.8982863,0.9998933,1
features_1:957,features_1.npy,957,train,1,6.3886285,0.99977976,1
features_1:960,features_1.npy,960,train,1,4.0645723,0.9940187,1
features_1:962,features_1.npy,962,train,1,5.0434556,0.9985079,1
features_1:964,features_1.npy,964,train,1,3.1479447,0.97830474,1
features_1:965,features_1.npy,965,train,1,4.9450397,0.9982839,1
features_1:966,features_1.npy,966,train,1,7.297855,0.99993956,1
features_1:967,features_1.npy,967,train,1,3.225788,0.98053545,1
features_1:969,features_1.npy,969,train,1,5.192212,0.99879223,1
features_1:971,features_1.npy,971,train,1,4.135138,0.99458694,1
features_1:972,features_1.npy,972,train,1,3.8271878,0.9916351,1
features_1:975,features_1.npy,975,train,1,2.792187,0.96451366,1
features_1:976,features_1.npy,976,train,1,5.6353145,0.9993567,1
features_1:978,features_1.npy,978,train,1,3.037156,0.9746937,1
features_1:980,features_1.npy,980,train,1,2.5738673,0.9522024,1
features_1:981,features_1.npy,981,train,1,6.789726,0.9998754,1
features_1:982,features_1.npy,982,train,1,4.190009,0.9949916,1
features_1:985,features_1.npy,985,train,1,4.226437,0.9952434,1
features_1:989,features_1.npy,989,train,1,5.042243,0.99850535,1
features_1:990,features_1.npy,990,train,1,3.0642688,0.97562814,1
features_1:991,features_1.npy,991,train,1,8.058507,0.9999795,1
features_1:994,features_1.npy,994,train,1,3.0434785,0.9749147,1
features_1:995,features_1.npy,995,train,1,5.734101,0.9994411,1
features_1:996,features_1.npy,996,train,1,5.600994,0.99932456,1
features_1:997,features_1.npy,997,train,1,4.1067905,0.99436545,1
features_1:999,features_1.npy,999,train,1,6.700443,0.9998586,1
features_1:1001,features_1.npy,1001,train,1,4.550102,0.99699366,1
features_1:1002,features_1.npy,1002,train,1,2.8916614,0.9690526,1
features_1:1003,features_1.npy,1003,train,1,4.2881303,0.99564135,1
features_1:1006,features_1.npy,1006,train,1,2.9000304,0.96940774,1
features_1:1010,features_1.npy,1010,train,1,7.3359585,0.9999428,1
features_1:1011,features_1.npy,1011,train,1,7.1542673,0.99992585,1
features_1:1015,features_1.npy,1015,train,1,4.3626423,0.9960782,1
features_1:1017,features_1.npy,1017,train,1,7.149571,0.9999254,1
features_1:1018,features_1.npy,1018,train,1,6.801423,0.9998776,1
features_1:1019,features_1.npy,1019,train,1,4.3107686,0.99577904,1
features_1:1020,features_1.npy,1020,train,1,5.4799347,0.99919766,1
features_1:1021,features_1.npy,1021,train,1,4.202749,0.99508107,1
features_1:1022,features_1.npy,1022,train,1,4.362264,0.99607605,1
features_1:1023,features_1.npy,1023,train,1,4.8274703,0.9979721,1
features_1:1024,features_1.npy,1024,train,1,6.733504,0.99986506,1
features_1:1025,features_1.npy,1025,train,1,7.7931676,0.9999702,1
features_1:1027,features_1.npy,1027,train,1,3.2488227,0.9811513,1
features_1:1028,features_1.npy,1028,train,1,5.152493,0.998722,1
features_1:1029,features_1.npy,1029,train,1,3.0800438,0.9761563,1
features_1:1031,features_1.npy,1031,train,1,7.3133545,0.9999409,1
features_1:1032,features_1.npy,1032,train,1,5.4895997,0.9992086,1
features_1:1033,features_1.npy,1033,train,1,3.7254179,0.9903441,1
features_1:1034,features_1.npy,1034,train,1,2.6464002,0.95668685,1
features_1:1036,features_1.npy,1036,train,1,4.339631,0.99594814,1
features_1:1037,features_1.npy,1037,train,1,4.4751415,0.9966564,1
features_1:1038,features_1.npy,1038,train,1,7.0369353,0.9999124,1
features_1:1039,features_1.npy,1039,train,1,6.4728947,0.99980456,1
features_1:1040,features_1.npy,1040,train,1,7.8689423,0.9999732,1
features_1:1041,features_1.npy,1041,train,1,7.1549144,0.999926,1
features_1:1042,features_1.npy,1042,train,1,5.732773,0.99944,1
features_1:1044,features_1.npy,1044,train,1,5.4086075,0.99911207,1
features_1:1045,features_1.npy,1045,train,1,8.111283,0.99998105,1
features_1:1046,features_1.npy,1046,train,1,3.347755,0.98358583,1
features_1:1047,features_1.npy,1047,train,1,6.9151883,0.9998958,1
features_1:1051,features_1.npy,1051,train,1,2.9926274,0.9730829,1
features_1:1052,features_1.npy,1052,train,1,2.9103818,0.9698416,1
features_1:1053,features_1.npy,1053,train,1,6.7054768,0.9998596,1
features_1:1054,features_1.npy,1054,train,1,6.0345154,0.99963546,1
features_1:1055,features_1.npy,1055,train,1,6.514427,0.9998159,1
features_1:1056,features_1.npy,1056,train,1,5.6186247,0.9993413,1
features_1:1057,features_1.npy,1057,train,1,6.283033,0.999744,1
features_1:1059,features_1.npy,1059,train,1,4.0722466,0.9940832,1
features_1:1060,features_1.npy,1060,train,1,5.48533,0.99920386,1
features_1:1061,features_1.npy,1061,train,1,6.0728765,0.99965477,1
features_1:1063,features_1.npy,1063,train,1,6.2741838,0.9997408,1
features_1:1064,features_1.npy,1064,train,1,3.549144,0.9876252,1
features_1:1065,features_1.npy,1065,train,1,5.9763236,0.9996039,1
features_1:1066,features_1.npy,1066,train,1,7.174057,0.9999279,1
features_1:1067,features_1.npy,1067,train,1,5.605736,0.9993291,1
features_1:1068,features_1.npy,1068,train,1,7.1146426,0.99992156,1
features_1:1069,features_1.npy,1069,train,1,5.239177,0.9988702,1
features_1:1070,features_1.npy,1070,train,1,2.5176258,0.94842523,1
features_1:1071,features_1.npy,1071,train,1,4.6510434,0.9973949,1
features_1:1073,features_1.npy,1073,train,1,3.6270761,0.9889098,1
features_1:1074,features_1.npy,1074,train,1,5.3660607,0.99905664,1
features_1:1075,features_1.npy,1075,train,1,5.4413695,0.9991524,1
features_1:1076,features_1.npy,1076,train,1,4.5210385,0.9968671,1
features_1:1077,features_1.npy,1077,train,1,3.9607534,0.99307305,1
features_1:1078,features_1.npy,1078,train,1,5.8309445,0.99951303,1
features_1:1079,features_1.npy,1079,train,1,6.6979165,0.99985814,1
features_1:1080,features_1.npy,1080,train,1,6.4954066,0.99981076,1
features_1:1081,features_1.npy,1081,train,1,7.441877,0.99995077,1
features_1:1084,features_1.npy,1084,train,1,5.6507545,0.99937075,1
features_1:1085,features_1.npy,1085,train,1,5.3316083,0.99900925,1
features_1:1086,features_1.npy,1086,train,1,6.428106,0.9997918,1
features_1:1088,features_1.npy,1088,train,1,5.4063745,0.9991092,1
features_1:1089,features_1.npy,1089,train,1,6.149159,0.9996903,1
features_1:1091,features_1.npy,1091,train,1,4.142896,0.99464613,1
features_1:1094,features_1.npy,1094,train,1,6.8260736,0.99988174,1
features_1:1095,features_1.npy,1095,train,1,4.2522874,0.9954144,1
features_1:1096,features_1.npy,1096,train,1,5.07645,0.9985763,1
features_1:1097,features_1.npy,1097,train,1,4.637967,0.99734604,1
features_1:1099,features_1.npy,1099,train,1,4.4807506,0.99668294,1
features_1:1101,features_1.npy,1101,train,1,5.556189,0.99928015,1
features_1:1103,features_1.npy,1103,train,1,6.4637747,0.99980205,1
features_1:1104,features_1.npy,1104,train,1,6.870027,0.9998889,1
features_1:1105,features_1.npy,1105,train,1,2.8101544,0.96537846,1
features_1:1106,features_1.npy,1106,train,1,6.106049,0.99967074,1
features_1:1108,features_1.npy,1108,train,1,3.34909,0.9836165,1
features_1:1110,features_1.npy,1110,train,1,6.199578,0.9997117,1
features_1:1113,features_1.npy,1113,train,1,6.4461737,0.99979705,1
features_1:1114,features_1.npy,1114,train,1,2.5325863,0.94945663,1
features_1:1115,features_1.npy,1115,train,1,6.5104156,0.9998148,1
features_1:1116,features_1.npy,1116,train,1,4.632798,0.9973265,1
features_1:1117,features_1.npy,1117,train,1,5.2761736,0.9989281,1
features_1:1118,features_1.npy,1118,train,1,7.0195904,0.99991024,1
features_1:1119,features_1.npy,1119,train,1,4.2794538,0.99558747,1
features_1:1120,features_1.npy,1120,train,1,8.350274,0.9999865,1
features_1:1121,features_1.npy,1121,train,1,4.6580095,0.99742055,1
features_1:1122,features_1.npy,1122,train,1,3.059265,0.9754583,1
features_1:1123,features_1.npy,1123,train,1,5.0453973,0.99851197,1
features_1:1126,features_1.npy,1126,train,1,3.3485873,0.98360497,1
features_1:1128,features_1.npy,1128,train,1,4.6785045,0.99749446,1
features_1:1129,features_1.npy,1129,train,1,5.167206,0.99874854,1
features_1:1130,features_1.npy,1130,train,1,6.6454396,0.99984705,1
features_1:1132,features_1.npy,1132,train,1,6.60862,0.9998388,1
features_1:1134,features_1.npy,1134,train,1,5.8787875,0.99954504,1
features_1:1135,features_1.npy,1135,train,1,4.106919,0.99436647,1
features_1:1136,features_1.npy,1136,train,1,6.9755874,0.9999044,1
features_1:1137,features_1.npy,1137,train,1,4.0817394,0.99416214,1
features_1:1138,features_1.npy,1138,train,1,2.4211998,0.94128513,1
features_1:1139,features_1.npy,1139,train,1,6.2996497,0.99974996,1
features_1:1143,features_1.npy,1143,train,1,7.167491,0.9999273,1
features_1:1144,features_1.npy,1144,train,1,7.139293,0.9999243,1
features_1:1145,features_1.npy,1145,train,1,4.857865,0.9980578,1
features_1:1146,features_1.npy,1146,train,1,3.1201775,0.97745,1
features_1:1148,features_1.npy,1148,train,1,4.5888944,0.9971547,1
features_1:1149,features_1.npy,1149,train,1,5.9322863,0.9995783,1
features_1:1150,features_1.npy,1150,train,1,2.8144522,0.96558225,1
features_1:1151,features_1.npy,1151,train,1,7.619114,0.99996173,1
features_1:1152,features_1.npy,1152,train,1,5.9893274,0.9996112,1
features_1:1154,features_1.npy,1154,train,1,6.8790774,0.9998903,1
features_1:1155,features_1.npy,1155,train,1,6.4422207,0.99979585,1
features_1:1157,features_1.npy,1157,train,1,4.889224,0.99814236,1
features_1:1158,features_1.npy,1158,train,1,5.8533206,0.9995283,1
features_1:1159,features_1.npy,1159,train,1,4.4296083,0.9964334,1
features_1:1160,features_1.npy,1160,train,1,5.578138,0.99930227,1
features_1:1161,features_1.npy,1161,train,1,5.3792543,0.9990742,1
features_1:1162,features_1.npy,1162,train,1,6.2014136,0.9997124,1
features_1:1163,features_1.npy,1163,train,1,4.1508865,0.99470633,1
features_1:1164,features_1.npy,1164,train,1,2.3398097,0.93454725,1
features_1:1165,features_1.npy,1165,train,1,1.1777706,0.7320651,1
features_1:1166,features_1.npy,1166,train,1,5.216549,0.99883324,1
features_1:1168,features_1.npy,1168,train,1,6.677983,0.99985397,1
features_1:1169,features_1.npy,1169,train,1,3.5350435,0.9873776,1
features_1:1170,features_1.npy,1170,train,1,5.6408153,0.9993618,1
features_1:1171,features_1.npy,1171,train,1,8.245749,0.99998426,1
features_1:1172,features_1.npy,1172,train,1,5.3605504,0.99904925,1
features_1:1173,features_1.npy,1173,train,1,5.3939424,0.9990933,1
features_1:1174,features_1.npy,1174,train,1,5.227433,0.9988512,1
features_1:1175,features_1.npy,1175,train,1,4.888589,0.9981407,1
features_1:1176,features_1.npy,1176,train,1,5.5483923,0.99927205,1
features_1:1178,features_1.npy,1178,train,1,5.882618,0.9995474,1
features_1:1180,features_1.npy,1180,train,1,6.0524607,0.99964464,1
features_1:1182,features_1.npy,1182,train,1,7.8756547,0.9999734,1
features_1:1185,features_1.npy,1185,train,1,7.676403,0.9999647,1
features_1:1186,features_1.npy,1186,train,1,4.772485,0.99780744,1
features_1:1187,features_1.npy,1187,train,1,3.9638548,0.99310327,1
features_1:1188,features_1.npy,1188,train,1,5.7055244,0.9994179,1
features_1:1189,features_1.npy,1189,train,1,6.1012707,0.9996685,1
features_1:1191,features_1.npy,1191,train,1,3.1284018,0.97770655,1
features_1:1192,features_1.npy,1192,train,1,6.9782414,0.99990475,1
features_1:1193,features_1.npy,1193,train,1,4.399162,0.996276,1
features_1:1194,features_1.npy,1194,train,1,5.156589,0.9987295,1
features_1:1197,features_1.npy,1197,train,1,8.501351,0.99998915,1
features_1:1199,features_1.npy,1199,train,1,5.8270726,0.9995103,1
features_1:1200,features_1.npy,1200,train,1,6.5725713,0.99983037,1
features_1:1201,features_1.npy,1201,train,1,6.1028733,0.9996692,1
features_1:1202,features_1.npy,1202,train,1,6.12157,0.9996779,1
features_1:1204,features_1.npy,1204,train,1,3.7530017,0.99071234,1
features_1:1205,features_1.npy,1205,train,1,5.0470495,0.99851555,1
features_1:1206,features_1.npy,1206,train,1,5.9630337,0.9995964,1
features_1:1207,features_1.npy,1207,train,1,5.3266296,0.9990023,1
features_1:1209,features_1.npy,1209,train,1,5.779316,0.9994759,1
features_1:1210,features_1.npy,1210,train,1,5.823505,0.9995078,1
features_1:1211,features_1.npy,1211,train,1,7.2709107,0.9999372,1
features_1:1212,features_1.npy,1212,train,1,5.844215,0.9995221,1
features_1:1213,features_1.npy,1213,train,1,3.691454,0.98987085,1
features_1:1214,features_1.npy,1214,train,1,3.02546,0.97427994,1
features_1:1215,features_1.npy,1215,train,1,7.4314566,0.99995005,1
features_1:1216,features_1.npy,1216,train,1,5.7991676,0.9994904,1
features_1:1217,features_1.npy,1217,train,1,4.630103,0.9973163,1
features_1:1218,features_1.npy,1218,train,1,7.033467,0.999912,1
features_1:1220,features_1.npy,1220,train,1,4.354079,0.9960303,1
features_1:1221,features_1.npy,1221,train,1,5.710465,0.99942195,1
features_1:1222,features_1.npy,1222,train,1,6.72723,0.99986386,1
features_1:1223,features_1.npy,1223,train,1,7.8718886,0.9999733,1
features_1:1224,features_1.npy,1224,train,1,6.572684,0.99983037,1
features_1:1226,features_1.npy,1226,train,1,4.09377,0.99426067,1
features_1:1227,features_1.npy,1227,train,1,5.427672,0.9991358,1
features_1:1228,features_1.npy,1228,train,1,4.1044307,0.99434656,1
features_1:1231,features_1.npy,1231,train,1,7.5158153,0.99995565,1
features_1:1233,features_1.npy,1233,train,1,3.1635916,0.9787723,1
features_1:1234,features_1.npy,1234,train,1,6.17053,0.9996996,1
features_1:1235,features_1.npy,1235,train,1,5.733544,0.9994406,1
features_1:1236,features_1.npy,1236,train,1,6.423351,0.9997904,1
features_1:1237,features_1.npy,1237,train,1,6.8097835,0.999879,1
features_1:1238,features_1.npy,1238,train,1,4.759775,0.99776757,1
features_1:1240,features_1.npy,1240,train,1,7.1575456,0.9999262,1
features_1:1242,features_1.npy,1242,train,1,6.986094,0.9999058,1
features_1:1245,features_1.npy,1245,train,1,5.0502076,0.9985222,1
features_1:1247,features_1.npy,1247,train,1,5.5406947,0.99926406,1
features_1:1248,features_1.npy,1248,train,1,4.5435724,0.9969657,1
features_1:1251,features_1.npy,1251,train,1,4.314058,0.99579865,1
features_1:1254,features_1.npy,1254,train,1,6.349643,0.9997671,1
features_1:1255,features_1.npy,1255,train,1,7.8456693,0.99997234,1
features_1:1256,features_1.npy,1256,train,1,5.083206,0.9985898,1
features_1:1257,features_1.npy,1257,train,1,5.560465,0.99928457,1
features_1:1258,features_1.npy,1258,train,1,5.87039,0.9995396,1
features_1:1260,features_1.npy,1260,train,1,6.5454817,0.99982375,1
features_1:1261,features_1.npy,1261,train,1,5.496706,0.99921656,1
features_1:1263,features_1.npy,1263,train,1,5.0609503,0.9985446,1
features_1:1265,features_1.npy,1265,train,1,3.522012,0.9871444,1
features_1:1267,features_1.npy,1267,train,1,7.2841415,0.99993837,1
features_1:1268,features_1.npy,1268,train,1,6.1093774,0.9996723,1
features_1:1270,features_1.npy,1270,train,1,5.2727947,0.9989229,1
features_1:1272,features_1.npy,1272,train,1,7.7893114,0.99996996,1
features_1:1275,features_1.npy,1275,train,1,6.9627395,0.9999026,1
features_1:1276,features_1.npy,1276,train,1,7.345378,0.9999435,1
features_1:1278,features_1.npy,1278,train,1,2.260994,0.92734325,1
features_1:1279,features_1.npy,1279,train,1,4.0972686,0.99428904,1
features_1:1281,features_1.npy,1281,train,1,7.0603914,0.99991524,1
features_1:1283,features_1.npy,1283,train,1,3.12014,0.9774489,1
features_1:1284,features_1.npy,1284,train,1,4.0026608,0.9934714,1
features_1:1285,features_1.npy,1285,train,1,4.90676,0.9981881,1
features_1:1288,features_1.npy,1288,train,1,4.5237336,0.9968791,1
features_1:1289,features_1.npy,1289,train,1,7.9664397,0.99997663,1
features_1:1290,features_1.npy,1290,train,1,7.1570807,0.9999262,1
features_1:1292,features_1.npy,1292,train,1,4.6642327,0.9974432,1
features_1:1293,features_1.npy,1293,train,1,4.4956527,0.99675226,1
features_1:1295,features_1.npy,1295,train,1,2.5052462,0.9475566,1
features_1:1296,features_1.npy,1296,train,1,3.8193433,0.991542,1
features_1:1297,features_1.npy,1297,train,1,3.6535976,0.9893162,1
features_1:1298,features_1.npy,1298,train,1,4.3071055,0.99575704,1
features_1:1299,features_1.npy,1299,train,1,5.412505,0.99911696,1
features_1:1301,features_1.npy,1301,train,1,3.8240383,0.9915978,1
features_1:1304,features_1.npy,1304,train,1,4.9945474,0.9984005,1
features_1:1305,features_1.npy,1305,train,1,4.843675,0.99801826,1
features_1:1306,features_1.npy,1306,train,1,3.7238934,0.9903233,1
features_1:1308,features_1.npy,1308,train,1,5.542079,0.9992655,1
features_1:1309,features_1.npy,1309,train,1,5.2467837,0.99888235,1
features_1:1311,features_1.npy,1311,train,1,7.7425485,0.99996793,1
features_1:1313,features_1.npy,1313,train,1,3.2825232,0.982018,1
features_1:1314,features_1.npy,1314,train,1,4.929793,0.99824643,1
features_1:1315,features_1.npy,1315,train,1,3.5381105,0.9874319,1
features_1:1318,features_1.npy,1318,train,1,3.4361465,0.9854977,1
features_1:1319,features_1.npy,1319,train,1,6.095203,0.9996656,1
features_1:1320,features_1.npy,1320,train,1,6.968329,0.99990344,1
features_1:1321,features_1.npy,1321,train,1,4.0491047,0.9938864,1
features_1:1322,features_1.npy,1322,train,1,6.1951942,0.9997099,1
features_1:1325,features_1.npy,1325,train,1,4.6787596,0.9974954,1
features_1:1329,features_1.npy,1329,train,1,6.6550736,0.9998492,1
features_1:1330,features_1.npy,1330,train,1,4.2423325,0.9953492,1
features_1:1331,features_1.npy,1331,train,1,4.2921352,0.995666,1
features_1:1332,features_1.npy,1332,train,1,5.509313,0.9992305,1
features_1:1334,features_1.npy,1334,train,1,7.1390452,0.9999243,1
features_1:1335,features_1.npy,1335,train,1,6.306579,0.99975246,1
features_1:1336,features_1.npy,1336,train,1,7.3767905,0.999946,1
features_1:1337,features_1.npy,1337,train,1,6.2681355,0.9997385,1
features_1:1338,features_1.npy,1338,train,1,3.5042388,0.9868194,1
features_1:1340,features_1.npy,1340,train,1,6.0906916,0.9996635,1
features_1:1342,features_1.npy,1342,train,1,6.3920507,0.99978083,1
features_1:1344,features_1.npy,1344,train,1,7.345494,0.9999435,1
features_1:1345,features_1.npy,1345,train,1,8.0807085,0.9999802,1
features_1:1346,features_1.npy,1346,train,1,7.7656803,0.999969,1
features_1:1348,features_1.npy,1348,train,1,4.424662,0.9964083,1
features_1:1350,features_1.npy,1350,train,1,2.4540434,0.9438155,1
features_1:1351,features_1.npy,1351,train,1,6.625714,0.99984276,1
features_1:1352,features_1.npy,1352,train,1,2.0210514,0.90070957,1
features_1:1353,features_1.npy,1353,train,1,4.458344,0.9965758,1
features_1:1356,features_1.npy,1356,train,1,4.943689,0.99828076,1
features_1:1358,features_1.npy,1358,train,1,5.9185214,0.99956995,1
features_1:1360,features_1.npy,1360,train,1,3.2223551,0.9804419,1
features_1:1361,features_1.npy,1361,train,1,3.8094692,0.9914233,1
features_1:1362,features_1.npy,1362,train,1,5.606131,0.99932945,1
features_1:1363,features_1.npy,1363,train,1,6.986712,0.99990594,1
features_1:1365,features_1.npy,1365,train,1,6.0795193,0.999658,1
features_1:1366,features_1.npy,1366,train,1,3.9651704,0.9931161,1
features_1:1369,features_1.npy,1369,train,1,5.7536163,0.99945635,1
features_1:1370,features_1.npy,1370,train,1,7.515666,0.99995565,1
features_1:1371,features_1.npy,1371,train,1,4.382875,0.99618906,1
features_1:1372,features_1.npy,1372,train,1,5.741816,0.99944717,1
features_1:1373,features_1.npy,1373,train,1,6.503685,0.999813,1
features_1:1375,features_1.npy,1375,train,1,2.592638,0.95340353,1
features_1:1377,features_1.npy,1377,train,1,4.7583394,0.9977629,1
features_1:1378,features_1.npy,1378,train,1,5.5825257,0.99930656,1
features_1:1379,features_1.npy,1379,train,1,5.204155,0.99881256,1
features_1:1380,features_1.npy,1380,train,1,4.6966877,0.99755836,1
features_1:1382,features_1.npy,1382,train,1,5.4341683,0.9991437,1
features_1:1383,features_1.npy,1383,train,1,5.866222,0.9995369,1
features_1:1384,features_1.npy,1384,train,1,5.4916844,0.99921095,1
features_1:1386,features_1.npy,1386,train,1,7.340299,0.99994314,1
features_1:1391,features_1.npy,1391,train,1,5.434881,0.99914455,1
features_1:1392,features_1.npy,1392,train,1,6.617046,0.99984086,1
features_1:1393,features_1.npy,1393,train,1,5.532491,0.9992555,1
features_1:1395,features_1.npy,1395,train,1,2.7879376,0.9643061,1
features_1:1396,features_1.npy,1396,train,1,4.622094,0.9972856,1
features_1:1398,features_1.npy,1398,train,1,6.7074633,0.99986005,1
features_1:1400,features_1.npy,1400,train,1,5.28493,0.99894136,1
features_1:1401,features_1.npy,1401,train,1,5.721039,0.9994306,1
features_1:1402,features_1.npy,1402,train,1,6.2894936,0.9997464,1
features_1:1403,features_1.npy,1403,train,1,4.545376,0.9969734,1
features_1:1404,features_1.npy,1404,train,1,3.9772692,0.99323285,1
features_1:1405,features_1.npy,1405,train,1,5.3555875,0.99904245,1
features_1:1406,features_1.npy,1406,train,1,6.407453,0.9997855,1
features_1:1407,features_1.npy,1407,train,1,4.901596,0.9981748,1
features_1:1409,features_1.npy,1409,train,1,6.192854,0.99970895,1
features_1:1411,features_1.npy,1411,train,1,5.845943,0.9995233,1
features_1:1412,features_1.npy,1412,train,1,7.1638494,0.9999269,1
features_1:1413,features_1.npy,1413,train,1,3.8947175,0.99239564,1
features_1:1414,features_1.npy,1414,train,1,4.70929,0.9976017,1
features_1:1416,features_1.npy,1416,train,1,5.525501,0.99924797,1
features_1:1417,features_1.npy,1417,train,1,2.9131055,0.9699547,1
features_1:1418,features_1.npy,1418,train,1,3.0077457,0.97364074,1
features_1:1419,features_1.npy,1419,train,1,4.6392574,0.99735093,1
features_1:1420,features_1.npy,1420,train,1,7.158031,0.9999263,1
features_1:1421,features_1.npy,1421,train,1,2.9876146,0.97289544,1
features_1:1422,features_1.npy,1422,train,1,7.229486,0.99993336,1
features_1:1424,features_1.npy,1424,train,1,4.740263,0.9977048,1
features_1:1425,features_1.npy,1425,train,1,5.7550406,0.9994574,1
features_1:1426,features_1.npy,1426,train,1,4.0784984,0.99413526,1
features_1:1427,features_1.npy,1427,train,1,3.4257529,0.98528486,1
features_1:1429,features_1.npy,1429,train,1,6.1979346,0.999711,1
features_1:1431,features_1.npy,1431,train,1,4.6521072,0.99739885,1
features_1:1432,features_1.npy,1432,train,1,6.6882706,0.9998561,1
features_1:1433,features_1.npy,1433,train,1,6.823931,0.9998814,1
features_1:1434,features_1.npy,1434,train,1,4.3522625,0.99602,1
features_1:1435,features_1.npy,1435,train,1,7.150779,0.9999255,1
features_1:1436,features_1.npy,1436,train,1,3.8979657,0.9924305,1
features_1:1437,features_1.npy,1437,train,1,5.4917946,0.9992111,1
features_1:1438,features_1.npy,1438,train,1,2.9531755,0.9715727,1
features_1:1444,features_1.npy,1444,train,1,5.603271,0.9993268,1
features_1:1445,features_1.npy,1445,train,1,5.034492,0.9984888,1
features_1:1446,features_1.npy,1446,train,1,4.47695,0.99666494,1
features_1:1448,features_1.npy,1448,train,1,5.299095,0.9989624,1
features_1:1449,features_1.npy,1449,train,1,4.7129426,0.997614,1
features_1:1450,features_1.npy,1450,train,1,7.506757,0.99995506,1
features_1:1451,features_1.npy,1451,train,1,2.5461993,0.9503783,1
features_1:1454,features_1.npy,1454,train,1,4.5000215,0.99677235,1
features_1:1456,features_1.npy,1456,train,1,3.6571624,0.98936963,1
features_1:1457,features_1.npy,1457,train,1,7.392842,0.9999472,1
features_1:1458,features_1.npy,1458,train,1,4.206906,0.99511,1
features_1:1460,features_1.npy,1460,train,1,2.7487104,0.96233416,1
features_1:1461,features_1.npy,1461,train,1,3.1060348,0.97700214,1
features_1:1463,features_1.npy,1463,train,1,5.9734774,0.9996024,1
features_1:1464,features_1.npy,1464,train,1,6.844661,0.99988484,1
features_1:1466,features_1.npy,1466,train,1,5.9875526,0.99961025,1
features_1:1467,features_1.npy,1467,train,1,7.421336,0.99994934,1
features_1:1468,features_1.npy,1468,train,1,4.4039936,0.9963014,1
features_1:1469,features_1.npy,1469,train,1,2.8814962,0.9686159,1
features_1:1470,features_1.npy,1470,train,1,5.4205465,0.999127,1
features_1:1471,features_1.npy,1471,train,1,6.727339,0.99986386,1
features_1:1474,features_1.npy,1474,train,1,6.2833242,0.9997441,1
features_1:1476,features_1.npy,1476,train,1,3.8465679,0.9918608,1
features_1:1477,features_1.npy,1477,train,1,3.158391,0.978618,1
features_1:1479,features_1.npy,1479,train,1,3.5229387,0.9871611,1
features_1:1480,features_1.npy,1480,train,1,7.5210795,0.999956,1
features_1:1481,features_1.npy,1481,train,1,8.109017,0.9999809,1
features_1:1483,features_1.npy,1483,train,1,4.7274003,0.99766254,1
features_1:1484,features_1.npy,1484,train,1,4.1012187,0.99432087,1
features_1:1486,features_1.npy,1486,train,1,8.018598,0.9999783,1
features_1:1487,features_1.npy,1487,train,1,6.716469,0.99986184,1
features_1:1488,features_1.npy,1488,train,1,6.0471406,0.9996419,1
features_1:1490,features_1.npy,1490,train,1,5.496015,0.99921584,1
features_1:1491,features_1.npy,1491,train,1,7.4784336,0.99995327,1
features_1:1492,features_1.npy,1492,train,1,3.2980776,0.98240465,1
features_1:1493,features_1.npy,1493,train,1,2.680166,0.95863473,1
features_1:1495,features_1.npy,1495,train,1,3.7605605,0.99081075,1
features_1:1497,features_1.npy,1497,train,1,3.2215672,0.9804205,1
features_1:1498,features_1.npy,1498,train,1,5.3400383,0.9990212,1
features_1:1499,features_1.npy,1499,train,1,3.2290444,0.98062366,1
features_1:1501,features_1.npy,1501,train,1,4.9577017,0.9983146,1
features_1:1502,features_1.npy,1502,train,1,5.5998907,0.9993235,1
features_1:1503,features_1.npy,1503,train,1,5.7273893,0.9994357,1
features_1:1504,features_1.npy,1504,train,1,3.8750412,0.9921814,1
features_1:1505,features_1.npy,1505,train,1,7.4192004,0.9999492,1
features_1:1506,features_1.npy,1506,train,1,5.157284,0.9987307,1
features_1:1507,features_1.npy,1507,train,1,7.1468916,0.99992514,1
features_1:1508,features_1.npy,1508,train,1,7.096343,0.99991953,1
features_1:1509,features_1.npy,1509,train,1,6.8067584,0.9998784,1
features_1:1510,features_1.npy,1510,train,1,5.7705092,0.9994692,1
features_1:1511,features_1.npy,1511,train,1,7.818574,0.99997115,1
features_1:1512,features_1.npy,1512,train,1,3.0746906,0.9759783,1
features_1:1513,features_1.npy,1513,train,1,6.110828,0.9996729,1
features_1:1514,features_1.npy,1514,train,1,3.5735219,0.9880421,1
features_1:1515,features_1.npy,1515,train,1,7.3622313,0.9999449,1
features_1:1516,features_1.npy,1516,train,1,7.68389,0.9999651,1
features_1:1517,features_1.npy,1517,train,1,6.2809916,0.9997433,1
features_1:1519,features_1.npy,1519,train,1,4.2507215,0.99540424,1
features_1:1520,features_1.npy,1520,train,1,7.411121,0.9999486,1
features_1:1521,features_1.npy,1521,train,1,5.8043222,0.9994942,1
features_1:1522,features_1.npy,1522,train,1,2.6397777,0.95629466,1
features_1:1524,features_1.npy,1524,train,1,4.0893426,0.9942246,1
features_1:1526,features_1.npy,1526,train,1,5.23992,0.9988714,1
features_1:1527,features_1.npy,1527,train,1,7.347038,0.9999436,1
features_1:1528,features_1.npy,1528,train,1,4.6692467,0.9974613,1
features_1:1529,features_1.npy,1529,train,1,7.534722,0.99995685,1
features_1:1531,features_1.npy,1531,train,1,6.2489376,0.99973124,1
features_1:1532,features_1.npy,1532,train,1,5.1757655,0.9987637,1
features_1:1533,features_1.npy,1533,train,1,4.5711446,0.99708205,1
features_1:1534,features_1.npy,1534,train,1,4.7533283,0.997747,1
features_1:1536,features_1.npy,1536,train,1,6.2205358,0.99972016,1
features_1:1537,features_1.npy,1537,train,1,6.397764,0.9997825,1
features_1:1538,features_1.npy,1538,train,1,6.660243,0.9998503,1
features_1:1539,features_1.npy,1539,train,1,8.187614,0.99998295,1
features_1:1541,features_1.npy,1541,train,1,4.8059325,0.9979091,1
features_1:1542,features_1.npy,1542,train,1,5.9850664,0.9996088,1
features_1:1543,features_1.npy,1543,train,1,3.4166276,0.98509544,1
features_1:1544,features_1.npy,1544,train,1,4.638806,0.99734926,1
features_1:1545,features_1.npy,1545,train,1,6.244755,0.9997297,1
features_1:1547,features_1.npy,1547,train,1,3.4165852,0.98509455,1
features_1:1548,features_1.npy,1548,train,1,5.839614,0.999519,1
features_1:1550,features_1.npy,1550,train,1,5.7291446,0.99943703,1
features_1:1551,features_1.npy,1551,train,1,6.3675046,0.99977297,1
features_1:1552,features_1.npy,1552,train,1,6.016711,0.99962604,1
features_1:1553,features_1.npy,1553,train,1,5.0039535,0.9984218,1
features_1:1556,features_1.npy,1556,train,1,3.6955063,0.9899284,1
features_1:1557,features_1.npy,1557,train,1,6.643356,0.9998467,1
features_1:1558,features_1.npy,1558,train,1,7.5798526,0.9999596,1
features_1:1561,features_1.npy,1561,train,1,3.543092,0.9875195,1
features_1:1563,features_1.npy,1563,train,1,4.7917004,0.99786645,1
features_1:1564,features_1.npy,1564,train,1,2.7614183,0.96298414,1
features_1:1566,features_1.npy,1566,train,1,7.0016594,0.99990785,1
features_1:1568,features_1.npy,1568,train,1,2.5585647,0.9512015,1
features_1:1569,features_1.npy,1569,train,1,5.273361,0.9989237,1
features_1:1570,features_1.npy,1570,train,1,2.577595,0.9524433,1
features_1:1572,features_1.npy,1572,train,1,5.8889613,0.9995515,1
features_1:1574,features_1.npy,1574,train,1,5.2064157,0.9988164,1
features_1:1575,features_1.npy,1575,train,1,4.3096557,0.9957723,1
features_1:1578,features_1.npy,1578,train,1,7.198881,0.9999304,1
features_1:1580,features_1.npy,1580,train,1,3.3954425,0.98464626,1
features_1:1581,features_1.npy,1581,train,1,6.779939,0.99987376,1
features_1:1582,features_1.npy,1582,train,1,2.4817307,0.9458686,1
features_1:1583,features_1.npy,1583,train,1,6.6951475,0.99985754,1
features_1:1586,features_1.npy,1586,train,1,5.043063,0.9985071,1
features_1:1588,features_1.npy,1588,train,1,6.5398,0.9998223,1
features_1:1589,features_1.npy,1589,train,1,2.679329,0.9585874,1
features_1:1590,features_1.npy,1590,train,1,4.4356766,0.99646395,1
features_1:1591,features_1.npy,1591,train,1,4.148543,0.99468875,1
features_1:1592,features_1.npy,1592,train,1,5.008175,0.99843115,1
features_1:1593,features_1.npy,1593,train,1,5.0860806,0.99859554,1
features_1:1594,features_1.npy,1594,train,1,5.3040204,0.9989697,1
features_1:1595,features_1.npy,1595,train,1,6.2249355,0.99972194,1
features_1:1596,features_1.npy,1596,train,1,4.6091366,0.99723524,1
features_1:1597,features_1.npy,1597,train,1,6.477275,0.99980587,1
features_1:1598,features_1.npy,1598,train,1,7.8667407,0.99997306,1
features_1:1599,features_1.npy,1599,train,1,4.9979396,0.99840826,1
features_1:1600,features_1.npy,1600,train,1,5.4489536,0.9991616,1
features_1:1602,features_1.npy,1602,train,1,4.5414324,0.99695647,1
features_1:1604,features_1.npy,1604,train,1,3.990256,0.9933559,1
features_1:1605,features_1.npy,1605,train,1,4.563915,0.99705195,1
features_1:1610,features_1.npy,1610,train,1,6.513945,0.99981564,1
features_1:1611,features_1.npy,1611,train,1,4.83098,0.99798214,1
features_1:1612,features_1.npy,1612,train,1,7.3448267,0.9999435,1
features_1:1613,features_1.npy,1613,train,1,7.353915,0.9999442,1
features_1:1614,features_1.npy,1614,train,1,5.6280417,0.99935,1
features_1:1615,features_1.npy,1615,train,1,2.55585,0.95102197,1
features_1:1616,features_1.npy,1616,train,1,5.951088,0.9995895,1
features_1:1617,features_1.npy,1617,train,1,7.12981,0.9999232,1
features_1:1618,features_1.npy,1618,train,1,6.893717,0.9998926,1
features_1:1619,features_1.npy,1619,train,1,3.3043475,0.98255825,1
features_1:1621,features_1.npy,1621,train,1,3.4862888,0.98648304,1
features_1:1623,features_1.npy,1623,train,1,7.2032514,0.99993086,1
features_1:1625,features_1.npy,1625,train,1,6.1092257,0.9996722,1
features_1:1626,features_1.npy,1626,train,1,6.0188766,0.99962723,1
features_1:1627,features_1.npy,1627,train,1,5.3639436,0.9990538,1
features_1:1629,features_1.npy,1629,train,1,5.986809,0.9996099,1
features_1:1630,features_1.npy,1630,train,1,5.3477054,0.9990318,1
features_1:1632,features_1.npy,1632,train,1,7.1883016,0.9999294,1
features_1:1633,features_1.npy,1633,train,1,3.8155262,0.9914963,1
features_1:1634,features_1.npy,1634,train,1,5.1625705,0.99874026,1
features_1:1636,features_1.npy,1636,train,1,6.1447377,0.9996884,1
features_1:1638,features_1.npy,1638,train,1,4.2501287,0.99540037,1
features_1:1639,features_1.npy,1639,train,1,5.735086,0.9994418,1
features_1:1640,features_1.npy,1640,train,1,4.4643373,0.9966048,1
features_1:1641,features_1.npy,1641,train,1,2.5579655,0.9511619,1
features_1:1642,features_1.npy,1642,train,1,7.2918863,0.9999391,1
features_1:1643,features_1.npy,1643,train,1,5.405223,0.9991078,1
features_1:1644,features_1.npy,1644,train,1,3.7929099,0.99122065,1
features_1:1645,features_1.npy,1645,train,1,5.9907265,0.99961203,1
features_1:1647,features_1.npy,1647,train,1,3.371276,0.9841175,1
features_1:1648,features_1.npy,1648,train,1,6.1613283,0.99969566,1
features_1:1649,features_1.npy,1649,train,1,7.706295,0.99996626,1
features_1:1650,features_1.npy,1650,train,1,3.5454452,0.9875608,1
features_1:1651,features_1.npy,1651,train,1,2.2181783,0.9231296,1
features_1:1652,features_1.npy,1652,train,1,6.022747,0.99962926,1
features_1:1653,features_1.npy,1653,train,1,4.1753154,0.9948862,1
features_1:1654,features_1.npy,1654,train,1,5.400416,0.99910164,1
features_1:1657,features_1.npy,1657,train,1,5.207364,0.998818,1
features_1:1658,features_1.npy,1658,train,1,5.748322,0.9994523,1
features_1:1659,features_1.npy,1659,train,1,2.7942824,0.96461564,1
features_1:1662,features_1.npy,1662,train,1,8.079767,0.9999801,1
features_1:1663,features_1.npy,1663,train,1,2.9873726,0.9728863,1
features_1:1664,features_1.npy,1664,train,1,4.9122915,0.9982022,1
features_1:1666,features_1.npy,1666,train,1,2.8179722,0.96574837,1
features_1:1668,features_1.npy,1668,train,1,5.493705,0.9992132,1
features_1:1669,features_1.npy,1669,train,1,6.2056923,0.9997142,1
features_1:1670,features_1.npy,1670,train,1,5.0115604,0.9984388,1
features_1:1672,features_1.npy,1672,train,1,6.5285683,0.99981946,1
features_1:1673,features_1.npy,1673,train,1,6.4128027,0.99978715,1
features_1:1674,features_1.npy,1674,train,1,5.8050966,0.9994947,1
features_1:1675,features_1.npy,1675,train,1,3.6772048,0.98966545,1
features_1:1683,features_1.npy,1683,train,1,3.7603142,0.9908076,1
features_1:1684,features_1.npy,1684,train,1,3.439416,0.9855641,1
features_1:1685,features_1.npy,1685,train,1,5.7095327,0.99942124,1
features_1:1687,features_1.npy,1687,train,1,4.5812044,0.9971234,1
features_1:1688,features_1.npy,1688,train,1,4.3850274,0.9962006,1
features_1:1690,features_1.npy,1690,train,1,6.755457,0.9998692,1
features_1:1691,features_1.npy,1691,train,1,6.6223016,0.9998419,1
features_1:1694,features_1.npy,1694,train,1,7.2295613,0.99993336,1
features_1:1696,features_1.npy,1696,train,1,4.4067736,0.996316,1
features_1:1697,features_1.npy,1697,train,1,4.2297635,0.9952657,1
features_1:1700,features_1.npy,1700,train,1,2.3214288,0.932929,1
features_1:1702,features_1.npy,1702,train,1,4.6621094,0.9974355,1
features_1:1703,features_1.npy,1703,train,1,5.6431823,0.99936396,1
features_1:1704,features_1.npy,1704,train,1,3.1175435,0.97736734,1
features_1:1707,features_1.npy,1707,train,1,5.627892,0.9993499,1
features_1:1711,features_1.npy,1711,train,1,4.4821925,0.9966897,1
features_1:1714,features_1.npy,1714,train,1,6.1420307,0.9996872,1
features_1:1715,features_1.npy,1715,train,1,2.9876566,0.972897,1
features_1:1716,features_1.npy,1716,train,1,5.5392604,0.99926263,1
features_1:1717,features_1.npy,1717,train,1,4.034528,0.99375904,1
features_1:1718,features_1.npy,1718,train,1,6.6770453,0.99985385,1
features_1:1719,features_1.npy,1719,train,1,7.974983,0.999977,1
features_1:1720,features_1.npy,1720,train,1,3.2127347,0.9801777,1
features_1:1721,features_1.npy,1721,train,1,7.735471,0.9999676,1
features_1:1722,features_1.npy,1722,train,1,2.728141,0.96125877,1
features_1:1723,features_1.npy,1723,train,1,4.114111,0.99442357,1
features_1:1724,features_1.npy,1724,train,1,5.174811,0.998762,1
features_1:1726,features_1.npy,1726,train,1,6.753158,0.99986887,1
features_1:1727,features_1.npy,1727,train,1,7.7655888,0.9999689,1
features_1:1728,features_1.npy,1728,train,1,3.8179002,0.99152464,1
features_1:1729,features_1.npy,1729,train,1,5.9146295,0.99956757,1
features_1:1730,features_1.npy,1730,train,1,6.331673,0.99976116,1
features_1:1731,features_1.npy,1731,train,1,6.435824,0.99979407,1
features_1:1732,features_1.npy,1732,train,1,3.2390275,0.98089176,1
features_1:1733,features_1.npy,1733,train,1,6.2840753,0.99974436,1
features_1:1734,features_1.npy,1734,train,1,4.89392,0.9981547,1
features_1:1736,features_1.npy,1736,train,1,5.080779,0.998585,1
features_1:1738,features_1.npy,1738,train,1,5.52788,0.9992505,1
features_1:1739,features_1.npy,1739,train,1,7.5861387,0.99995995,1
features_1:1740,features_1.npy,1740,train,1,6.5962324,0.99983597,1
features_1:1741,features_1.npy,1741,train,1,5.7807035,0.99947697,1
features_1:1743,features_1.npy,1743,train,1,5.5050964,0.99922585,1
features_1:1744,features_1.npy,1744,train,1,4.2678814,0.9955146,1
features_1:1745,features_1.npy,1745,train,1,9.566285,0.9999976,1
features_1:1747,features_1.npy,1747,train,1,4.559798,0.9970348,1
features_1:1749,features_1.npy,1749,train,1,6.2103558,0.9997161,1
features_1:1750,features_1.npy,1750,train,1,7.028845,0.9999114,1
features_1:1751,features_1.npy,1751,train,1,6.024316,0.9996301,1
features_1:1752,features_1.npy,1752,train,1,5.2068653,0.9988172,1
features_1:1753,features_1.npy,1753,train,1,5.9387336,0.99958223,1
features_1:1754,features_1.npy,1754,train,1,4.2627587,0.99548185,1
features_1:1755,features_1.npy,1755,train,1,5.854961,0.99952936,1
features_1:1756,features_1.npy,1756,train,1,5.9813237,0.9996068,1
features_1:1757,features_1.npy,1757,train,1,6.0747967,0.9996557,1
features_1:1758,features_1.npy,1758,train,1,6.1267037,0.9996803,1
features_1:1759,features_1.npy,1759,train,1,5.3183293,0.9989905,1
features_1:1760,features_1.npy,1760,train,1,7.70159,0.999966,1
features_1:1761,features_1.npy,1761,train,1,4.463529,0.9966009,1
features_1:1762,features_1.npy,1762,train,1,5.6055923,0.999329,1
features_1:1765,features_1.npy,1765,train,1,8.291335,0.99998534,1
features_1:1767,features_1.npy,1767,train,1,5.5798492,0.99930394,1
features_1:1769,features_1.npy,1769,train,1,2.456943,0.9440339,1
features_1:1770,features_1.npy,1770,train,1,3.2552328,0.9813192,1
features_1:1771,features_1.npy,1771,train,1,4.309919,0.995774,1
features_1:1772,features_1.npy,1772,train,1,2.564804,0.951612,1
features_1:1773,features_1.npy,1773,train,1,6.7900996,0.99987555,1
features_1:1774,features_1.npy,1774,train,1,6.2094836,0.99971575,1
features_1:1775,features_1.npy,1775,train,1,3.5837564,0.988213,1
features_1:1778,features_1.npy,1778,train,1,6.133823,0.9996835,1
features_1:1779,features_1.npy,1779,train,1,3.8846743,0.99228704,1
features_1:1780,features_1.npy,1780,train,1,3.7956135,0.99125403,1
features_1:1781,features_1.npy,1781,train,1,5.5532,0.99927706,1
features_1:1782,features_1.npy,1782,train,1,4.364461,0.99608827,1
features_1:1783,features_1.npy,1783,train,1,6.9334993,0.99989855,1
features_1:1784,features_1.npy,1784,train,1,5.1343784,0.99868876,1
features_1:1785,features_1.npy,1785,train,1,7.093604,0.9999192,1
features_1:1786,features_1.npy,1786,train,1,7.0418925,0.999913,1
features_1:1787,features_1.npy,1787,train,1,4.7025666,0.9975787,1
features_1:1788,features_1.npy,1788,train,1,5.812944,0.9995003,1
features_1:1789,features_1.npy,1789,train,1,4.5895157,0.9971572,1
features_1:1790,features_1.npy,1790,train,1,5.3110375,0.99897987,1
features_1:1791,features_1.npy,1791,train,1,6.033371,0.99963486,1
features_1:1792,features_1.npy,1792,train,1,7.1693773,0.9999274,1
features_1:1793,features_1.npy,1793,train,1,5.913862,0.9995671,1
features_1:1794,features_1.npy,1794,train,1,6.534233,0.9998209,1
features_1:1795,features_1.npy,1795,train,1,3.9563909,0.99303013,1
features_1:1796,features_1.npy,1796,train,1,2.6093411,0.9544482,1
features_1:1800,features_1.npy,1800,train,1,7.002406,0.999908,1
features_1:1802,features_1.npy,1802,train,1,6.208771,0.9997154,1
features_1:1803,features_1.npy,1803,train,1,5.812828,0.9995003,1
features_1:1805,features_1.npy,1805,train,1,4.8677754,0.9980849,1
features_1:1808,features_1.npy,1808,train,1,5.4450054,0.99915683,1
features_1:1810,features_1.npy,1810,train,1,4.6403303,0.997355,1
features_1:1811,features_1.npy,1811,train,1,5.982966,0.99960774,1
features_1:1812,features_1.npy,1812,train,1,4.759345,0.99776614,1
features_1:1813,features_1.npy,1813,train,1,3.3653796,0.98398596,1
features_1:1814,features_1.npy,1814,train,1,7.7939534,0.9999702,1
features_1:1815,features_1.npy,1815,train,1,6.766933,0.9998714,1
features_1:1816,features_1.npy,1816,train,1,5.405325,0.9991079,1
features_1:1817,features_1.npy,1817,train,1,5.350822,0.9990361,1
features_1:1818,features_1.npy,1818,train,1,3.0966997,0.97670186,1
features_1:1819,features_1.npy,1819,train,1,5.1443286,0.9987072,1
features_1:1820,features_1.npy,1820,train,1,5.847218,0.9995241,1
features_1:1821,features_1.npy,1821,train,1,5.4375153,0.9991478,1
features_1:1824,features_1.npy,1824,train,1,5.976324,0.9996039,1
features_1:1828,features_1.npy,1828,train,1,5.5195713,0.9992417,1
features_1:1830,features_1.npy,1830,train,1,4.1744523,0.99487996,1
features_1:1831,features_1.npy,1831,train,1,6.538009,0.99982196,1
features_1:1832,features_1.npy,1832,train,1,2.7690582,0.9633698,1
features_1:1833,features_1.npy,1833,train,1,6.7162585,0.9998617,1
features_1:1834,features_1.npy,1834,train,1,6.928725,0.99989784,1
features_1:1835,features_1.npy,1835,train,1,4.3882933,0.99621826,1
features_1:1839,features_1.npy,1839,train,1,6.6103287,0.9998393,1
features_1:1840,features_1.npy,1840,train,1,3.5444338,0.987543,1
features_1:1841,features_1.npy,1841,train,1,4.9076924,0.99819046,1
features_1:1842,features_1.npy,1842,train,1,3.6548464,0.989335,1
features_1:1843,features_1.npy,1843,train,1,2.523039,0.9488007,1
features_1:1846,features_1.npy,1846,train,1,5.9486313,0.9995881,1
features_1:1848,features_1.npy,1848,train,1,6.0778384,0.99965715,1
features_1:1849,features_1.npy,1849,train,1,6.096301,0.9996661,1
features_1:1850,features_1.npy,1850,train,1,7.048286,0.9999138,1
features_1:1853,features_1.npy,1853,train,1,3.964618,0.99311066,1
features_1:1854,features_1.npy,1854,train,1,7.07962,0.9999176,1
features_1:1856,features_1.npy,1856,train,1,4.064318,0.9940165,1
features_1:1857,features_1.npy,1857,train,1,8.669037,0.9999914,1
features_1:1859,features_1.npy,1859,train,1,6.1172924,0.99967587,1
features_1:1860,features_1.npy,1860,train,1,4.279573,0.9955882,1
features_1:1861,features_1.npy,1861,train,1,6.3690534,0.99977344,1
features_1:1862,features_1.npy,1862,train,1,5.6137123,0.99933666,1
features_1:1864,features_1.npy,1864,train,1,4.406596,0.99631506,1
features_1:1866,features_1.npy,1866,train,1,3.752787,0.99070954,1
features_1:1867,features_1.npy,1867,train,1,6.9246497,0.99989724,1
features_1:1868,features_1.npy,1868,train,1,7.582909,0.9999597,1
features_1:1869,features_1.npy,1869,train,1,4.2915716,0.9956626,1
features_1:1871,features_1.npy,1871,train,1,7.4621096,0.9999522,1
features_1:1872,features_1.npy,1872,train,1,4.6396255,0.99735236,1
features_1:1874,features_1.npy,1874,train,1,4.3674946,0.9961051,1
features_1:1876,features_1.npy,1876,train,1,2.9263365,0.9704987,1
features_1:1877,features_1.npy,1877,train,1,6.82953,0.99988234,1
features_1:1878,features_1.npy,1878,train,1,5.8288965,0.9995116,1
features_1:1879,features_1.npy,1879,train,1,3.8212266,0.9915644,1
features_1:1880,features_1.npy,1880,train,1,3.4732137,0.98623264,1
features_1:1882,features_1.npy,1882,train,1,6.034182,0.9996352,1
features_1:1884,features_1.npy,1884,train,1,5.9973283,0.99961555,1
features_1:1885,features_1.npy,1885,train,1,6.3535833,0.99976844,1
features_1:1886,features_1.npy,1886,train,1,7.4536753,0.9999516,1
features_1:1888,features_1.npy,1888,train,1,3.9469938,0.992937,1
features_1:1889,features_1.npy,1889,train,1,4.8938856,0.9981546,1
features_1:1891,features_1.npy,1891,train,1,6.9574757,0.9999019,1
features_1:1892,features_1.npy,1892,train,1,3.1866608,0.9794438,1
features_1:1893,features_1.npy,1893,train,1,6.0265636,0.9996313,1
features_1:1894,features_1.npy,1894,train,1,5.606556,0.9993299,1
features_1:1896,features_1.npy,1896,train,1,3.9172685,0.992634,1
features_1:1897,features_1.npy,1897,train,1,3.256469,0.98135144,1
features_1:1898,features_1.npy,1898,train,1,4.1992826,0.99505687,1
features_1:1899,features_1.npy,1899,train,1,3.453305,0.98584265,1
features_1:1901,features_1.npy,1901,train,1,5.484195,0.99920255,1
features_1:1902,features_1.npy,1902,train,1,6.988706,0.9999062,1
features_1:1903,features_1.npy,1903,train,1,5.776959,0.9994741,1
features_1:1904,features_1.npy,1904,train,1,5.331258,0.9990088,1
features_1:1905,features_1.npy,1905,train,1,4.578194,0.9971111,1
features_1:1907,features_1.npy,1907,train,1,4.3155866,0.99580777,1
features_1:1908,features_1.npy,1908,train,1,4.9949784,0.99840146,1
features_1:1910,features_1.npy,1910,train,1,6.8370233,0.99988353,1
features_1:1911,features_1.npy,1911,train,1,5.9949017,0.99961424,1
features_1:1912,features_1.npy,1912,train,1,7.4371333,0.9999504,1
features_1:1914,features_1.npy,1914,train,1,5.728505,0.99943656,1
features_1:1915,features_1.npy,1915,train,1,6.002171,0.9996182,1
features_1:1917,features_1.npy,1917,train,1,7.922825,0.9999752,1
features_1:1919,features_1.npy,1919,train,1,5.9558644,0.99959224,1
features_1:1920,features_1.npy,1920,train,1,5.8052874,0.9994949,1
features_1:1921,features_1.npy,1921,train,1,5.2673745,0.9989146,1
features_1:1922,features_1.npy,1922,train,1,7.5613503,0.9999585,1
features_1:1923,features_1.npy,1923,train,1,3.8752255,0.9921834,1
features_1:1929,features_1.npy,1929,train,1,7.7730465,0.99996924,1
features_1:1930,features_1.npy,1930,train,1,3.5578284,0.9877753,1
features_1:1931,features_1.npy,1931,train,1,5.3173018,0.9989889,1
features_1:1932,features_1.npy,1932,train,1,8.214252,0.99998355,1
features_1:1933,features_1.npy,1933,train,1,5.123444,0.9986682,1
features_1:1935,features_1.npy,1935,train,1,5.531486,0.9992544,1
features_1:1936,features_1.npy,1936,train,1,3.1009934,0.9768404,1
features_1:1937,features_1.npy,1937,train,1,3.035647,0.9746407,1
features_1:1938,features_1.npy,1938,train,1,2.333635,0.9340077,1
features_1:1940,features_1.npy,1940,train,1,3.6076577,0.98860264,1
features_1:1942,features_1.npy,1942,train,1,2.9076893,0.96972936,1
features_1:1943,features_1.npy,1943,train,1,8.096643,0.99998057,1
features_1:1944,features_1.npy,1944,train,1,6.2810197,0.9997433,1
features_1:1945,features_1.npy,1945,train,1,4.1540613,0.99473,1
features_1:1946,features_1.npy,1946,train,1,5.4598308,0.9991744,1
features_1:1948,features_1.npy,1948,train,1,4.7306986,0.99767345,1
features_1:1950,features_1.npy,1950,train,1,7.2318125,0.9999336,1
features_1:1952,features_1.npy,1952,train,1,4.128622,0.9945368,1
features_1:1953,features_1.npy,1953,train,1,3.8965316,0.99241513,1
features_1:1955,features_1.npy,1955,train,1,4.7753487,0.9978163,1
features_1:1957,features_1.npy,1957,train,1,7.6787724,0.99996483,1
features_1:1958,features_1.npy,1958,train,1,8.31259,0.9999857,1
features_1:1959,features_1.npy,1959,train,1,6.659953,0.9998503,1
features_1:1962,features_1.npy,1962,train,1,6.0345864,0.99963546,1
features_1:1964,features_1.npy,1964,train,1,3.8585916,0.9919978,1
features_1:1966,features_1.npy,1966,train,1,3.4923189,0.986597,1
features_1:1967,features_1.npy,1967,train,1,3.1525176,0.9784425,1
features_1:1970,features_1.npy,1970,train,1,6.5453258,0.99982375,1
features_1:1971,features_1.npy,1971,train,1,8.19547,0.9999832,1
features_1:1972,features_1.npy,1972,train,1,6.1623316,0.999696,1
features_1:1973,features_1.npy,1973,train,1,6.8230543,0.99988127,1
features_1:1975,features_1.npy,1975,train,1,5.2356772,0.99886465,1
features_1:1978,features_1.npy,1978,train,1,3.0832682,0.97626287,1
features_1:1979,features_1.npy,1979,train,1,6.6372223,0.99984527,1
features_1:1981,features_1.npy,1981,train,1,5.7731614,0.99947125,1
features_1:1983,features_1.npy,1983,train,1,7.0845895,0.9999181,1
features_1:1984,features_1.npy,1984,train,1,2.5498412,0.95062214,1
features_1:1988,features_1.npy,1988,train,1,5.3204317,0.99899346,1
features_1:1991,features_1.npy,1991,train,1,5.118943,0.9986596,1
features_1:1992,features_1.npy,1992,train,1,4.7358613,0.99769044,1
features_1:1996,features_1.npy,1996,train,1,5.627556,0.99934953,1
features_1:1997,features_1.npy,1997,train,1,2.3724742,0.9373337,1
features_1:1998,features_1.npy,1998,train,1,5.271631,0.99892116,1
features_1:2001,features_1.npy,2001,train,1,3.7994437,0.9913011,1
features_1:2002,features_1.npy,2002,train,1,5.73154,0.99943894,1
features_1:2004,features_1.npy,2004,train,1,4.8863535,0.99813473,1
features_1:2005,features_1.npy,2005,train,1,7.370126,0.9999455,1
features_1:2007,features_1.npy,2007,train,1,1.8295456,0.87353873,1
features_1:2010,features_1.npy,2010,train,1,6.4529576,0.99979895,1
features_1:2011,features_1.npy,2011,train,1,4.6522527,0.99739933,1
features_1:2012,features_1.npy,2012,train,1,6.6590085,0.99985003,1
features_1:2015,features_1.npy,2015,train,1,6.167267,0.99969816,1
features_1:2019,features_1.npy,2019,train,1,5.11778,0.99865746,1
features_1:2021,features_1.npy,2021,train,1,3.562983,0.98786366,1
features_1:2022,features_1.npy,2022,train,1,6.83083,0.9998826,1
features_1:2023,features_1.npy,2023,train,1,3.3922853,0.9845782,1
features_1:2024,features_1.npy,2024,train,1,5.1895714,0.9987877,1
features_1:2027,features_1.npy,2027,train,1,4.1755085,0.99488765,1
features_1:2028,features_1.npy,2028,train,1,4.616976,0.9972658,1
features_1:2029,features_1.npy,2029,train,1,4.44832,0.9965268,1
features_1:2030,features_1.npy,2030,train,1,7.75556,0.9999685,1
features_1:2031,features_1.npy,2031,train,1,6.106881,0.9996711,1
features_1:2034,features_1.npy,2034,train,1,3.5932226,0.98836887,1
features_1:2036,features_1.npy,2036,train,1,4.9822955,0.9983725,1
features_1:2038,features_1.npy,2038,train,1,5.9794974,0.9996057,1
features_1:2039,features_1.npy,2039,train,1,7.5033593,0.99995494,1
features_1:2042,features_1.npy,2042,train,1,4.1308904,0.9945544,1
features_1:2044,features_1.npy,2044,train,1,4.343013,0.9959675,1
features_1:2045,features_1.npy,2045,train,1,4.692331,0.9975432,1
features_1:2047,features_1.npy,2047,train,1,5.710041,0.9994216,1
features_1:2048,features_1.npy,2048,train,1,6.924477,0.99989724,1
features_1:2049,features_1.npy,2049,train,1,6.5078454,0.9998141,1
features_1:2050,features_1.npy,2050,train,1,4.4510536,0.9965402,1
features_1:2052,features_1.npy,2052,train,1,3.1291564,0.9777299,1
features_1:2053,features_1.npy,2053,train,1,6.139732,0.9996861,1
features_1:2055,features_1.npy,2055,train,1,5.237792,0.998868,1
features_1:2059,features_1.npy,2059,train,1,3.491619,0.98658377,1
features_1:2060,features_1.npy,2060,train,1,6.3751655,0.99977547,1
features_1:2062,features_1.npy,2062,train,1,2.6065087,0.9542726,1
features_1:2063,features_1.npy,2063,train,1,6.3554506,0.99976903,1
features_1:2064,features_1.npy,2064,train,1,2.8544345,0.9674239,1
features_1:2065,features_1.npy,2065,train,1,3.1055048,0.9769852,1
features_1:2066,features_1.npy,2066,train,1,5.366426,0.9990571,1
features_1:2067,features_1.npy,2067,train,1,5.796233,0.99948835,1
features_1:2069,features_1.npy,2069,train,1,4.414089,0.996354,1
features_1:2072,features_1.npy,2072,train,1,2.506954,0.94767725,1
features_1:2073,features_1.npy,2073,train,1,4.5492897,0.9969902,1
features_1:2074,features_1.npy,2074,train,1,7.911631,0.9999747,1
features_1:2075,features_1.npy,2075,train,1,6.3974686,0.9997825,1
features_1:2076,features_1.npy,2076,train,1,5.789165,0.9994831,1
features_1:2077,features_1.npy,2077,train,1,6.709905,0.9998605,1
features_1:2078,features_1.npy,2078,train,1,5.9470816,0.9995871,1
features_1:2079,features_1.npy,2079,train,1,5.472488,0.9991892,1
features_1:2080,features_1.npy,2080,train,1,3.3879051,0.9844832,1
features_1:2082,features_1.npy,2082,train,1,5.5211744,0.9992434,1
features_1:2083,features_1.npy,2083,train,1,8.5427,0.99998975,1
features_1:2084,features_1.npy,2084,train,1,5.724791,0.9994336,1
features_1:2085,features_1.npy,2085,train,1,3.9797263,0.9932562,1
features_1:2086,features_1.npy,2086,train,1,3.6520545,0.989293,1
features_1:2087,features_1.npy,2087,train,1,7.1669316,0.99992716,1
features_1:2088,features_1.npy,2088,train,1,6.559114,0.9998272,1
features_1:2089,features_1.npy,2089,train,1,7.1005855,0.99992,1
features_1:2090,features_1.npy,2090,train,1,6.4647856,0.9998023,1
features_1:2091,features_1.npy,2091,train,1,7.2553368,0.99993587,1
features_1:2092,features_1.npy,2092,train,1,2.9612439,0.97188807,1
features_1:2093,features_1.npy,2093,train,1,4.420202,0.99638546,1
features_1:2094,features_1.npy,2094,train,1,4.347953,0.99599564,1
features_1:2095,features_1.npy,2095,train,1,7.1216245,0.9999224,1
features_1:2097,features_1.npy,2097,train,1,3.646267,0.98920536,1
features_1:2100,features_1.npy,2100,train,1,3.2665508,0.98161215,1
features_1:2101,features_1.npy,2101,train,1,7.5658255,0.99995875,1
features_1:2102,features_1.npy,2102,train,1,5.472365,0.99918896,1
features_1:2103,features_1.npy,2103,train,1,3.6467683,0.98921293,1
features_1:2104,features_1.npy,2104,train,1,6.907267,0.9998946,1
features_1:2105,features_1.npy,2105,train,1,6.6819577,0.9998548,1
features_1:2106,features_1.npy,2106,train,1,3.091877,0.97654504,1
features_1:2107,features_1.npy,2107,train,1,7.470297,0.9999527,1
features_1:2108,features_1.npy,2108,train,1,8.0153,0.9999782,1
features_1:2109,features_1.npy,2109,train,1,7.2423744,0.99993455,1
features_1:2110,features_1.npy,2110,train,1,8.679123,0.99999154,1
features_1:2111,features_1.npy,2111,train,1,3.2510536,0.9812098,1
features_1:2112,features_1.npy,2112,train,1,6.5474963,0.99982435,1
features_1:2114,features_1.npy,2114,train,1,2.2796657,0.92911327,1
features_1:2115,features_1.npy,2115,train,1,3.7587123,0.99078685,1
features_1:2117,features_1.npy,2117,train,1,3.2421174,0.980974,1
features_1:2121,features_1.npy,2121,train,1,2.5726323,0.95212245,1
features_1:2123,features_1.npy,2123,train,1,4.559858,0.997035,1
features_1:2124,features_1.npy,2124,train,1,3.8804286,0.99224067,1
features_1:2125,features_1.npy,2125,train,1,6.3650727,0.99977225,1
features_1:2127,features_1.npy,2127,train,1,6.1683383,0.99969864,1
features_1:2130,features_1.npy,2130,train,1,5.928666,0.99957615,1
features_1:2131,features_1.npy,2131,train,1,7.2770486,0.9999378,1
features_1:2133,features_1.npy,2133,train,1,7.7107973,0.9999664,1
features_1:2135,features_1.npy,2135,train,1,6.958566,0.9999021,1
features_1:2136,features_1.npy,2136,train,1,6.017729,0.99962664,1
features_1:2137,features_1.npy,2137,train,1,5.057695,0.9985378,1
features_1:2138,features_1.npy,2138,train,1,4.287593,0.9956381,1
features_1:2141,features_1.npy,2141,train,1,7.638546,0.9999628,1
features_1:2142,features_1.npy,2142,train,1,5.591736,0.9993156,1
features_1:2143,features_1.npy,2143,train,1,6.1886106,0.99970716,1
features_1:2144,features_1.npy,2144,train,1,3.799032,0.99129605,1
features_1:2145,features_1.npy,2145,train,1,3.83259,0.9916986,1
features_1:2148,features_1.npy,2148,train,1,4.599101,0.9971956,1
features_1:2149,features_1.npy,2149,train,1,4.2514596,0.99540895,1
features_1:2150,features_1.npy,2150,train,1,4.9339323,0.99825674,1
features_1:2152,features_1.npy,2152,train,1,7.168386,0.9999274,1
features_1:2154,features_1.npy,2154,train,1,6.9443164,0.9999001,1
features_1:2156,features_1.npy,2156,train,1,3.5701313,0.98798496,1
features_1:2157,features_1.npy,2157,train,1,5.1016173,0.99862623,1
features_1:2158,features_1.npy,2158,train,1,6.003972,0.99961925,1
features_1:2159,features_1.npy,2159,train,1,5.7189846,0.9994289,1
features_1:2160,features_1.npy,2160,train,1,6.526774,0.999819,1
features_1:2161,features_1.npy,2161,train,1,4.742476,0.997712,1
features_1:2162,features_1.npy,2162,train,1,6.336496,0.9997627,1
features_1:2164,features_1.npy,2164,train,1,3.6715424,0.9895828,1
features_1:2166,features_1.npy,2166,train,1,2.7029552,0.9599017,1
features_1:2167,features_1.npy,2167,train,1,6.624835,0.9998425,1
features_1:2168,features_1.npy,2168,train,1,3.7270687,0.9903666,1
features_1:2171,features_1.npy,2171,train,1,7.679296,0.99996483,1
features_1:2172,features_1.npy,2172,train,1,3.4695377,0.9861615,1
features_1:2173,features_1.npy,2173,train,1,5.8666697,0.9995371,1
features_1:2176,features_1.npy,2176,train,1,5.7353253,0.99944204,1
features_1:2177,features_1.npy,2177,train,1,5.007861,0.99843043,1
features_1:2178,features_1.npy,2178,train,1,7.0025535,0.999908,1
features_1:2179,features_1.npy,2179,train,1,6.0468607,0.9996418,1
features_1:2180,features_1.npy,2180,train,1,7.925569,0.9999753,1
features_1:2181,features_1.npy,2181,train,1,8.338116,0.9999863,1
features_1:2182,features_1.npy,2182,train,1,1.6381211,0.8402668,1
features_1:2183,features_1.npy,2183,train,1,3.821495,0.99156755,1
features_1:2184,features_1.npy,2184,train,1,3.7966702,0.991267,1
features_1:2186,features_1.npy,2186,train,1,7.296675,0.99993944,1
features_1:2187,features_1.npy,2187,train,1,5.2977047,0.9989604,1
features_1:2188,features_1.npy,2188,train,1,6.9646983,0.99990296,1
features_1:2189,features_1.npy,2189,train,1,7.005867,0.99990845,1
features_1:2190,features_1.npy,2190,train,1,4.876683,0.998109,1
features_1:2191,features_1.npy,2191,train,1,6.3613954,0.99977106,1
features_1:2192,features_1.npy,2192,train,1,5.16357,0.99874204,1
features_1:2193,features_1.npy,2193,train,1,6.3728967,0.99977475,1
features_1:2194,features_1.npy,2194,train,1,3.1688025,0.9789259,1
features_1:2195,features_1.npy,2195,train,1,3.1647174,0.97880566,1
features_1:2196,features_1.npy,2196,train,1,5.0828896,0.9985892,1
features_1:2198,features_1.npy,2198,train,1,4.064856,0.994021,1
features_1:2199,features_1.npy,2199,train,1,5.3615046,0.99905056,1
features_1:2200,features_1.npy,2200,train,1,4.313749,0.9957968,1
features_1:2201,features_1.npy,2201,train,1,4.9489,0.99829334,1
features_1:2203,features_1.npy,2203,train,1,7.528648,0.9999565,1
features_1:2205,features_1.npy,2205,train,1,5.3709145,0.9990632,1
features_1:2206,features_1.npy,2206,train,1,5.044583,0.9985103,1
features_1:2207,features_1.npy,2207,train,1,6.104042,0.9996698,1
features_1:2209,features_1.npy,2209,train,1,2.0355756,0.90254265,1
features_1:2210,features_1.npy,2210,train,1,5.7286325,0.9994367,1
features_1:2211,features_1.npy,2211,train,1,5.2315173,0.99885786,1
features_1:2213,features_1.npy,2213,train,1,4.225947,0.9952401,1
features_1:2215,features_1.npy,2215,train,1,3.9083178,0.9925403,1
features_1:2218,features_1.npy,2218,train,1,6.6771474,0.99985385,1
features_1:2220,features_1.npy,2220,train,1,3.65618,0.98935497,1
features_1:2221,features_1.npy,2221,train,1,2.70873,0.9602168,1
features_1:2222,features_1.npy,2222,train,1,4.062315,0.9939995,1
features_1:2223,features_1.npy,2223,train,1,6.163369,0.9996965,1
features_1:2224,features_1.npy,2224,train,1,4.633392,0.99732876,1
features_1:2225,features_1.npy,2225,train,1,5.1145363,0.9986513,1
features_1:2226,features_1.npy,2226,train,1,3.371401,0.9841204,1
features_1:2227,features_1.npy,2227,train,1,4.1336374,0.9945755,1
features_1:2228,features_1.npy,2228,train,1,4.2365546,0.9953111,1
features_1:2230,features_1.npy,2230,train,1,2.2492633,0.9262104,1
features_1:2231,features_1.npy,2231,train,1,4.372442,0.99613225,1
features_1:2233,features_1.npy,2233,train,1,5.4362817,0.99914634,1
features_1:2234,features_1.npy,2234,train,1,4.423406,0.9964019,1
features_1:2236,features_1.npy,2236,train,1,3.979954,0.9932585,1
features_1:2237,features_1.npy,2237,train,1,3.1704683,0.9789747,1
features_1:2238,features_1.npy,2238,train,1,5.335951,0.99901545,1
features_1:2239,features_1.npy,2239,train,1,4.944876,0.9982836,1
features_1:2243,features_1.npy,2243,train,1,3.5802763,0.9881551,1
features_1:2244,features_1.npy,2244,train,1,5.690561,0.9994054,1
features_1:2245,features_1.npy,2245,train,1,6.165879,0.99969757,1
features_1:2249,features_1.npy,2249,train,1,4.0664477,0.99403447,1
features_1:2251,features_1.npy,2251,train,1,6.9899287,0.9999063,1
features_1:2254,features_1.npy,2254,train,1,2.9862416,0.9728439,1
features_1:2256,features_1.npy,2256,train,1,8.653065,0.9999912,1
features_1:2258,features_1.npy,2258,train,1,4.295755,0.99568826,1
features_1:2259,features_1.npy,2259,train,1,5.9321423,0.9995783,1
features_1:2260,features_1.npy,2260,train,1,3.6233244,0.98885113,1
features_1:2261,features_1.npy,2261,train,1,7.4613233,0.9999521,1
features_1:2267,features_1.npy,2267,train,1,6.1531835,0.9996921,1
features_1:2270,features_1.npy,2270,train,1,6.246504,0.9997303,1
features_1:2271,features_1.npy,2271,train,1,3.704052,0.990049,1
features_1:2273,features_1.npy,2273,train,1,3.8514469,0.9919166,1
features_1:2274,features_1.npy,2274,train,1,3.2527313,0.9812538,1
features_1:2278,features_1.npy,2278,train,1,4.5633717,0.9970497,1
features_1:2279,features_1.npy,2279,train,1,2.4085472,0.94028205,1
features_1:2280,features_1.npy,2280,train,1,7.419965,0.9999492,1
features_1:2281,features_1.npy,2281,train,1,7.864185,0.99997306,1
features_1:2282,features_1.npy,2282,train,1,4.9383407,0.99826753,1
features_1:2283,features_1.npy,2283,train,1,4.68318,0.997511,1
features_1:2284,features_1.npy,2284,train,1,6.0228667,0.99962926,1
features_1:2285,features_1.npy,2285,train,1,3.13993,0.9780613,1
features_1:2286,features_1.npy,2286,train,1,2.4078293,0.9402247,1
features_1:2287,features_1.npy,2287,train,1,3.8721862,0.99214983,1
features_1:2288,features_1.npy,2288,train,1,5.705935,0.99941826,1
features_1:2289,features_1.npy,2289,train,1,4.5210547,0.99686724,1
features_1:2291,features_1.npy,2291,train,1,6.165386,0.9996973,1
features_1:2293,features_1.npy,2293,train,1,6.312597,0.9997545,1
features_1:2295,features_1.npy,2295,train,1,4.4277806,0.99642414,1
features_1:2296,features_1.npy,2296,train,1,3.993544,0.9933867,1
features_1:2297,features_1.npy,2297,train,1,2.7207828,0.96086687,1
features_1:2298,features_1.npy,2298,train,1,7.1081533,0.99992085,1
features_1:2299,features_1.npy,2299,train,1,2.908593,0.96976715,1
features_1:2300,features_1.npy,2300,train,1,4.123627,0.9944981,1
features_1:2303,features_1.npy,2303,train,1,5.6930857,0.99940753,1
features_1:2304,features_1.npy,2304,train,1,3.6244423,0.9888686,1
features_1:2305,features_1.npy,2305,train,1,2.6388903,0.9562418,1
features_1:2306,features_1.npy,2306,train,1,5.9112425,0.99956554,1
features_1:2309,features_1.npy,2309,train,1,5.4640775,0.9991794,1
features_1:2312,features_1.npy,2312,train,1,7.298641,0.9999397,1
features_1:2315,features_1.npy,2315,train,1,4.626738,0.9973035,1
features_1:2316,features_1.npy,2316,train,1,3.091984,0.9765486,1
features_1:2317,features_1.npy,2317,train,1,5.193258,0.99879396,1
features_1:2318,features_1.npy,2318,train,1,7.6156077,0.9999616,1
features_1:2320,features_1.npy,2320,train,1,7.119098,0.99992204,1
features_1:2321,features_1.npy,2321,train,1,6.9895906,0.9999063,1
features_1:2323,features_1.npy,2323,train,1,7.257896,0.999936,1
features_1:2324,features_1.npy,2324,train,1,6.655842,0.9998493,1
features_1:2325,features_1.npy,2325,train,1,6.6656055,0.99985147,1
features_1:2326,features_1.npy,2326,train,1,3.280211,0.9819597,1
features_1:2328,features_1.npy,2328,train,1,2.8390648,0.96672755,1
features_1:2329,features_1.npy,2329,train,1,4.4674215,0.9966196,1
features_1:2330,features_1.npy,2330,train,1,4.5641217,0.9970529,1
features_1:2331,features_1.npy,2331,train,1,7.910176,0.9999747,1
features_1:2332,features_1.npy,2332,train,1,3.3148358,0.9828122,1
features_1:2334,features_1.npy,2334,train,1,5.8525934,0.9995278,1
features_1:2336,features_1.npy,2336,train,1,3.919941,0.99266183,1
features_1:2337,features_1.npy,2337,train,1,2.7440257,0.96209174,1
features_1:2338,features_1.npy,2338,train,1,6.739802,0.99986637,1
features_1:2340,features_1.npy,2340,train,1,7.553196,0.99995804,1
features_1:2341,features_1.npy,2341,train,1,4.2768645,0.9955713,1
features_1:2342,features_1.npy,2342,train,1,6.208711,0.9997154,1
features_1:2343,features_1.npy,2343,train,1,2.3892035,0.93871766,1
features_1:2344,features_1.npy,2344,train,1,6.9207325,0.99989665,1
features_1:2345,features_1.npy,2345,train,1,4.495039,0.9967494,1
features_1:2346,features_1.npy,2346,train,1,2.4710271,0.94508344,1
features_1:2347,features_1.npy,2347,train,1,5.8784413,0.9995448,1
features_1:2348,features_1.npy,2348,train,1,3.6262865,0.9888975,1
features_1:2349,features_1.npy,2349,train,1,7.420542,0.9999492,1
features_1:2354,features_1.npy,2354,train,1,6.234914,0.9997259,1
features_1:2355,features_1.npy,2355,train,1,7.841276,0.9999721,1
features_1:2356,features_1.npy,2356,train,1,3.9463584,0.99293065,1
features_1:2359,features_1.npy,2359,train,1,2.7737484,0.9636046,1
features_1:2363,features_1.npy,2363,train,1,7.15289,0.99992573,1
features_1:2366,features_1.npy,2366,train,1,3.1115563,0.977178,1
features_1:2367,features_1.npy,2367,train,1,6.1109066,0.999673,1
features_1:2368,features_1.npy,2368,train,1,7.517385,0.9999558,1
features_1:2371,features_1.npy,2371,train,1,4.5778904,0.99710995,1
features_1:2372,features_1.npy,2372,train,1,5.7689567,0.99946815,1
features_1:2374,features_1.npy,2374,train,1,4.3036904,0.9957365,1
features_1:2377,features_1.npy,2377,train,1,7.0246296,0.99991083,1
features_1:2379,features_1.npy,2379,train,1,4.672818,0.99747413,1
features_1:2381,features_1.npy,2381,train,1,4.5907726,0.9971623,1
features_0:13,features_0.npy,13,validation,0,-5.7458253,0.00014374756,0
features_0:14,features_0.npy,14,validation,0,2.0854135,0.90860516,1
features_0:16,features_0.npy,16,validation,0,-7.6678143,9.329292e-06,0
features_0:17,features_0.npy,17,validation,0,-4.596124,0.00073768373,0
features_0:20,features_0.npy,20,validation,0,-4.7626157,0.0005821624,0
features_0:37,features_0.npy,37,validation,0,-7.2149982,1.7770111e-05,0
features_0:40,features_0.npy,40,validation,0,-5.1930656,0.00031560025,0
features_0:46,features_0.npy,46,validation,0,-4.610581,0.00072267384,0
features_0:50,features_0.npy,50,validation,0,-6.8436236,3.014383e-05,0
features_0:53,features_0.npy,53,validation,0,-5.336138,0.0002574793,0
features_0:95,features_0.npy,95,validation,0,-8.612997,2.4306275e-06,0
features_0:98,features_0.npy,98,validation,0,-6.4159455,5.5398406e-05,0
features_0:103,features_0.npy,103,validation,0,-6.84998,2.987243e-05,0
features_0:116,features_0.npy,116,validation,0,-3.8727007,0.0020624225,0
features_0:119,features_0.npy,119,validation,0,-3.7245836,0.002545104,0
features_0:122,features_0.npy,122,validation,0,-8.780981,1.913827e-06,0
features_0:130,features_0.npy,130,validation,0,-6.611299,4.195389e-05,0
features_0:134,features_0.npy,134,validation,0,-6.581296,4.378382e-05,0
features_0:143,features_0.npy,143,validation,0,-4.141335,0.001408132,0
features_0:146,features_0.npy,146,validation,0,-6.77606,3.3185795e-05,0
features_0:149,features_0.npy,149,validation,0,-7.447122,1.2771363e-05,0
features_0:151,features_0.npy,151,validation,0,-4.701211,0.0006352869,0
features_0:153,features_0.npy,153,validation,0,-4.3922873,0.0009856794,0
features_0:154,features_0.npy,154,validation,0,-6.188598,7.6558135e-05,0
features_0:157,features_0.npy,157,validation,0,-7.4454803,1.2801238e-05,0
features_0:160,features_0.npy,160,validation,0,-7.2838793,1.6110978e-05,0
features_0:180,features_0.npy,180,validation,0,-4.626582,0.0007064157,0
features_0:186,features_0.npy,186,validation,0,-5.2749114,0.00028091235,0
features_0:187,features_0.npy,187,validation,0,-5.539583,0.00019276989,0
features_0:190,features_0.npy,190,validation,0,-7.0856915,2.1360021e-05,0
features_0:201,features_0.npy,201,validation,0,-3.8972778,0.0019916792,0
features_0:206,features_0.npy,206,validation,0,-8.174625,4.5356123e-06,0
features_0:207,features_0.npy,207,validation,0,-6.137719,8.230614e-05,0
features_0:217,features_0.npy,217,validation,0,-4.5684004,0.0007673454,0
features_0:225,features_0.npy,225,validation,0,-7.57083,1.0709901e-05,0
features_0:230,features_0.npy,230,validation,0,-7.9260597,6.4602827e-06,0
features_0:252,features_0.npy,252,validation,0,-6.305568,6.4819775e-05,0
features_0:253,features_0.npy,253,validation,0,-4.5706716,0.00076487125,0
features_0:257,features_0.npy,257,validation,0,-5.39066,0.00023826235,0
features_0:279,features_0.npy,279,validation,0,-5.30921,0.00026753457,0
features_0:283,features_0.npy,283,validation,0,-2.9324732,0.007815156,0
features_0:293,features_0.npy,293,validation,0,-3.4801252,0.003600177,0
features_0:295,features_0.npy,295,validation,0,-5.1001534,0.0003601958,0
features_0:301,features_0.npy,301,validation,0,-7.4333806,1.3023562e-05,0
features_0:313,features_0.npy,313,validation,0,-4.257615,0.0011936426,0
features_0:320,features_0.npy,320,validation,0,-7.4568486,1.2595818e-05,0
features_0:335,features_0.npy,335,validation,0,-7.816021,7.5553776e-06,0
features_0:337,features_0.npy,337,validation,0,-4.108794,0.001474772,0
features_0:340,features_0.npy,340,validation,0,-7.723163,8.622687e-06,0
features_0:343,features_0.npy,343,validation,0,-7.357799,1.4502371e-05,0
features_0:356,features_0.npy,356,validation,0,-7.427577,1.3131554e-05,0
features_0:369,features_0.npy,369,validation,0,-2.4656641,0.015074454,0
features_0:385,features_0.npy,385,validation,0,-7.3563085,1.4533177e-05,0
features_0:392,features_0.npy,392,validation,0,-6.4727015,5.110025e-05,0
features_0:397,features_0.npy,397,validation,0,-4.1540527,0.001382912,0
features_0:401,features_0.npy,401,validation,0,-5.008949,0.00041009294,0
features_0:402,features_0.npy,402,validation,0,-7.5324845,1.1310534e-05,0
features_0:407,features_0.npy,407,validation,0,-7.978568,5.995164e-06,0
features_0:431,features_0.npy,431,validation,0,-6.8450656,3.0082034e-05,0
features_0:443,features_0.npy,443,validation,0,-5.4116087,0.0002312662,0
features_0:452,features_0.npy,452,validation,0,-4.524603,0.0008166513,0
features_0:455,features_0.npy,455,validation,0,-7.6766653,9.212526e-06,0
features_0:469,features_0.npy,469,validation,0,-5.9058805,0.00011447148,0
features_0:473,features_0.npy,473,validation,0,-7.987296,5.921161e-06,0
features_0:487,features_0.npy,487,validation,0,-6.913002,2.7310081e-05,0
features_0:488,features_0.npy,488,validation,0,-3.1122775,0.0060615484,0
features_0:489,features_0.npy,489,validation,0,-4.581114,0.00075359805,0
features_0:502,features_0.npy,502,validation,0,-3.7498808,0.0024553335,0
features_0:510,features_0.npy,510,validation,0,-2.8872597,0.008330183,0
features_0:511,features_0.npy,511,validation,0,-4.8776803,0.0004942778,0
features_0:512,features_0.npy,512,validation,0,-1.9481742,0.030973362,0
features_0:515,features_0.npy,515,validation,0,-5.7211146,0.00014889143,0
features_0:517,features_0.npy,517,validation,0,-6.4951997,4.9490278e-05,0
features_0:520,features_0.npy,520,validation,0,-4.655651,0.0006778099,0
features_0:524,features_0.npy,524,validation,0,-2.0711756,0.026129883,0
features_0:540,features_0.npy,540,validation,0,-1.2820971,0.076186776,0
features_0:550,features_0.npy,550,validation,0,0.1851468,0.39953557,0
features_0:562,features_0.npy,562,validation,0,-5.8470993,0.00012445728,0
features_0:564,features_0.npy,564,validation,0,-7.2014804,1.8115248e-05,0
features_0:586,features_0.npy,586,validation,0,-4.668442,0.00066559255,0
features_0:633,features_0.npy,633,validation,0,-8.053722,5.387098e-06,0
features_0:641,features_0.npy,641,validation,0,-6.689552,3.7533006e-05,0
features_0:653,features_0.npy,653,validation,0,-1.6703858,0.04530972,0
features_0:656,features_0.npy,656,validation,0,-1.6339194,0.047608137,0
features_0:659,features_0.npy,659,validation,0,-0.78392535,0.14351316,0
features_0:663,features_0.npy,663,validation,0,-3.1232657,0.005968063,0
features_0:684,features_0.npy,684,validation,0,0.093468994,0.36868548,0
features_0:685,features_0.npy,685,validation,0,-3.1491864,0.0057531833,0
features_0:686,features_0.npy,686,validation,0,-1.2308073,0.08148529,0
features_0:689,features_0.npy,689,validation,0,-1.3322238,0.071315646,0
features_0:690,features_0.npy,690,validation,0,-2.3315005,0.01818784,0
features_0:696,features_0.npy,696,validation,0,-3.842717,0.0021521316,0
features_0:698,features_0.npy,698,validation,0,0.25958896,0.42519873,0
features_0:702,features_0.npy,702,validation,0,-1.912627,0.032528162,0
features_0:725,features_0.npy,725,validation,0,-3.6205246,0.0029501126,0
features_0:740,features_0.npy,740,validation,0,-0.12711039,0.29906595,0
features_0:748,features_0.npy,748,validation,0,-6.901608,2.7756494e-05,0
features_0:749,features_0.npy,749,validation,0,-3.7313206,0.0025208811,0
features_0:763,features_0.npy,763,validation,0,-4.953288,0.00044388103,0
features_0:769,features_0.npy,769,validation,0,-3.0266392,0.0068417583,0
features_0:773,features_0.npy,773,validation,0,-2.8199747,0.009159547,0
features_0:776,features_0.npy,776,validation,0,-3.784176,0.0023386567,0
features_0:779,features_0.npy,779,validation,0,-2.0618172,0.026470916,0
features_0:790,features_0.npy,790,validation,0,-2.3240466,0.018378226,0
features_0:795,features_0.npy,795,validation,0,1.3705788,0.78236395,1
features_0:801,features_0.npy,801,validation,0,-6.3434715,6.141642e-05,0
features_0:804,features_0.npy,804,validation,0,-3.2154238,0.005238387,0
features_0:805,features_0.npy,805,validation,0,-4.7773104,0.0005701222,0
features_0:821,features_0.npy,821,validation,0,-5.9834323,0.000102511956,0
features_0:822,features_0.npy,822,validation,0,-4.976222,0.00042963482,0
features_0:827,features_0.npy,827,validation,0,-2.0578315,0.026617466,0
features_0:830,features_0.npy,830,validation,0,-2.5943131,0.012584374,0
features_0:831,features_0.npy,831,validation,0,-4.135092,0.0014206797,0
features_0:835,features_0.npy,835,validation,0,-1.8413577,0.035875622,0
features_0:837,features_0.npy,837,validation,0,-6.466333,5.1565443e-05,0
features_0:853,features_0.npy,853,validation,0,-0.81578207,0.1380305,0
features_0:854,features_0.npy,854,validation,0,-3.4257486,0.0038886892,0
features_0:860,features_0.npy,860,validation,0,-2.8056943,0.009345829,0
features_0:866,features_0.npy,866,validation,0,-2.8044255,0.009362562,0
features_0:871,features_0.npy,871,validation,0,-4.135899,0.0014190511,0
features_0:877,features_0.npy,877,validation,0,-2.0058692,0.028601825,0
features_0:883,features_0.npy,883,validation,0,-4.6800323,0.00065471156,0
features_0:891,features_0.npy,891,validation,0,-4.288506,0.0011423668,0
features_0:896,features_0.npy,896,validation,0,-4.6535897,0.0006797998,0
features_0:897,features_0.npy,897,validation,0,0.8483975,0.63097924,1
features_0:913,features_0.npy,913,validation,0,-1.2204641,0.08259372,0
features_0:927,features_0.npy,927,validation,0,-6.5336804,4.6853223e-05,0
features_0:951,features_0.npy,951,validation,0,-5.208949,0.0003085492,0
features_0:954,features_0.npy,954,validation,0,-3.7808027,0.0023498838,0
features_0:955,features_0.npy,955,validation,0,-6.208228,7.44493e-05,0
features_0:960,features_0.npy,960,validation,0,-1.0278262,0.105884254,0
features_0:961,features_0.npy,961,validation,0,-5.5849075,0.00018073128,0
features_0:971,features_0.npy,971,validation,0,-6.70204,3.6871897e-05,0
features_0:972,features_0.npy,972,validation,0,1.3721688,0.782749,1
features_0:975,features_0.npy,975,validation,0,-2.5836434,0.012774447,0
features_0:995,features_0.npy,995,validation,0,-5.9470434,0.00010795955,0
features_0:996,features_0.npy,996,validation,0,-3.0049741,0.0070544635,0
features_0:1002,features_0.npy,1002,validation,0,-0.39825794,0.22485423,0
features_0:1011,features_0.npy,1011,validation,0,-5.020302,0.00040352365,0
features_0:1012,features_0.npy,1012,validation,0,-7.5447783,1.1114387e-05,0
features_0:1014,features_0.npy,1014,validation,0,1.4490547,0.8007788,1
features_0:1016,features_0.npy,1016,validation,0,-1.1093402,0.09539391,0
features_0:1017,features_0.npy,1017,validation,0,-7.8600855,7.096169e-06,0
features_0:1019,features_0.npy,1019,validation,0,-0.94624436,0.11738855,0
features_0:1025,features_0.npy,1025,validation,0,-5.4417624,0.0002215547,0
features_0:1028,features_0.npy,1028,validation,0,-3.179827,0.0055090724,0
features_0:1038,features_0.npy,1038,validation,0,-2.7015615,0.010822444,0
features_0:1039,features_0.npy,1039,validation,0,-4.018899,0.0016756903,0
features_0:1051,features_0.npy,1051,validation,0,-2.7697277,0.009831787,0
features_0:1056,features_0.npy,1056,validation,0,-6.0208473,9.719722e-05,0
features_0:1059,features_0.npy,1059,validation,0,-3.3789995,0.004155074,0
features_0:1062,features_0.npy,1062,validation,0,-2.1256986,0.024226444,0
features_0:1069,features_0.npy,1069,validation,0,-1.9883839,0.02930131,0
features_0:1070,features_0.npy,1070,validation,0,-4.811431,0.00054311624,0
features_0:1072,features_0.npy,1072,validation,0,-6.117051,8.4762614e-05,0
features_0:1077,features_0.npy,1077,validation,0,-4.8689704,0.00050043914,0
features_0:1081,features_0.npy,1081,validation,0,2.4653513,0.94466275,1
features_0:1086,features_0.npy,1086,validation,0,-2.524769,0.013875302,0
features_0:1095,features_0.npy,1095,validation,0,-3.502108,0.003489685,0
features_0:1099,features_0.npy,1099,validation,0,-3.62997,0.0029108396,0
features_0:1109,features_0.npy,1109,validation,0,-0.6100297,0.17668727,0
features_0:1115,features_0.npy,1115,validation,0,-7.0596147,2.216753e-05,0
features_0:1119,features_0.npy,1119,validation,0,-5.3516145,0.00025187217,0
features_0:1122,features_0.npy,1122,validation,0,-1.9840127,0.029478747,0
features_0:1123,features_0.npy,1123,validation,0,-4.4274216,0.0009376554,0
features_0:1127,features_0.npy,1127,validation,0,2.0782287,0.9077526,1
features_0:1129,features_0.npy,1129,validation,0,-5.952887,0.00010706556,0
features_0:1136,features_0.npy,1136,validation,0,1.1337996,0.7196152,1
features_0:1141,features_0.npy,1141,validation,0,-0.4746218,0.20648146,0
features_0:1143,features_0.npy,1143,validation,0,-7.2991757,1.5764075e-05,0
features_0:1152,features_0.npy,1152,validation,0,-4.3410625,0.0010601343,0
features_0:1153,features_0.npy,1153,validation,0,-1.820832,0.036899712,0
features_0:1166,features_0.npy,1166,validation,0,-4.042082,0.0016213993,0
features_0:1183,features_0.npy,1183,validation,0,-3.7415829,0.0024844264,0
features_0:1184,features_0.npy,1184,validation,0,-0.3117377,0.24703689,0
features_0:1186,features_0.npy,1186,validation,0,3.985921,0.99331504,1
features_0:1194,features_0.npy,1194,validation,0,-5.80015,0.00013305525,0
features_0:1195,features_0.npy,1195,validation,0,-0.5218885,0.19567822,0
features_0:1207,features_0.npy,1207,validation,0,-6.3246837,6.308044e-05,0
features_0:1215,features_0.npy,1215,validation,0,0.6218607,0.5533099,1
features_0:1216,features_0.npy,1216,validation,0,-4.392571,0.0009852824,0
features_0:1218,features_0.npy,1218,validation,0,-3.460191,0.0037033802,0
features_0:1219,features_0.npy,1219,validation,0,-0.8258923,0.13632765,0
features_0:1241,features_0.npy,1241,validation,0,-4.8531632,0.0005118177,0
features_0:1257,features_0.npy,1257,validation,0,-3.7100391,0.0025981907,0
features_0:1264,features_0.npy,1264,validation,0,-7.4964075,1.19063525e-05,0
features_0:1266,features_0.npy,1266,validation,0,-3.1631303,0.005640788,0
features_0:1279,features_0.npy,1279,validation,0,-7.2086425,1.7931561e-05,0
features_0:1283,features_0.npy,1283,validation,0,-2.7571967,0.010006912,0
features_0:1291,features_0.npy,1291,validation,0,-2.08219,0.025733976,0
features_0:1294,features_0.npy,1294,validation,0,-0.31654152,0.24576755,0
features_0:1300,features_0.npy,1300,validation,0,-2.663135,0.01142376,0
features_0:1306,features_0.npy,1306,validation,0,-2.8442018,0.008851893,0
features_0:1327,features_0.npy,1327,validation,0,-4.662248,0.00067148067,0
features_0:1332,features_0.npy,1332,validation,0,-2.6956003,0.010913636,0
features_0:1337,features_0.npy,1337,validation,0,-2.5493357,0.013405008,0
features_0:1356,features_0.npy,1356,validation,0,-8.508777,2.8192105e-06,0
features_0:1367,features_0.npy,1367,validation,0,1.1890213,0.7351938,1
features_0:1371,features_0.npy,1371,validation,0,-3.110466,0.006077099,0
features_0:1377,features_0.npy,1377,validation,0,-5.5361032,0.00019372655,0
features_0:1378,features_0.npy,1378,validation,0,-7.85917,7.1054187e-06,0
features_0:1394,features_0.npy,1394,validation,0,-1.8825476,0.03390248,0
features_0:1402,features_0.npy,1402,validation,0,-2.3589406,0.01750352,0
features_0:1408,features_0.npy,1408,validation,0,-5.3688846,0.0002457591,0
features_0:1410,features_0.npy,1410,validation,0,-5.94696,0.00010797231,0
features_0:1411,features_0.npy,1411,validation,0,-4.103567,0.0014857661,0
features_0:1412,features_0.npy,1412,validation,0,-4.5305223,0.00080980686,0
features_0:1413,features_0.npy,1413,validation,0,-2.0239723,0.027894711,0
features_0:1416,features_0.npy,1416,validation,0,-2.325038,0.018352792,0
features_0:1420,features_0.npy,1420,validation,0,-3.2883081,0.0047247442,0
features_0:1425,features_0.npy,1425,validation,0,-6.4722195,5.113535e-05,0
features_0:1426,features_0.npy,1426,validation,0,-3.7810507,0.0023490565,0
features_0:1427,features_0.npy,1427,validation,0,-2.062264,0.026454536,0
features_0:1430,features_0.npy,1430,validation,0,-7.1326127,1.998042e-05,0
features_0:1434,features_0.npy,1434,validation,0,-5.2035613,0.0003109231,0
features_0:1437,features_0.npy,1437,validation,0,-3.1374404,0.005849586,0
features_0:1445,features_0.npy,1445,validation,0,-4.572561,0.0007628193,0
features_0:1447,features_0.npy,1447,validation,0,-3.4813557,0.0035939014,0
features_0:1460,features_0.npy,1460,validation,0,-2.182158,0.022398049,0
features_0:1468,features_0.npy,1468,validation,0,-1.9849211,0.02944179,0
features_0:1478,features_0.npy,1478,validation,0,-3.1909888,0.0054227314,0
features_0:1480,features_0.npy,1480,validation,0,-1.7812015,0.038957078,0
features_0:1482,features_0.npy,1482,validation,0,-3.4031425,0.0040153093,0
features_0:1484,features_0.npy,1484,validation,0,-2.2209773,0.021219857,0
features_0:1494,features_0.npy,1494,validation,0,-1.6162624,0.04876044,0
features_0:1499,features_0.npy,1499,validation,0,-5.1004834,0.0003600267,0
features_0:1502,features_0.npy,1502,validation,0,-5.4874363,0.00020761568,0
features_0:1503,features_0.npy,1503,validation,0,-1.1577001,0.08961849,0
features_0:1512,features_0.npy,1512,validation,0,-5.158814,0.00033135884,0
features_0:1515,features_0.npy,1515,validation,0,-3.2839172,0.0047542183,0
features_0:1522,features_0.npy,1522,validation,0,-5.4136777,0.0002305863,0
features_0:1523,features_0.npy,1523,validation,0,-4.657503,0.0006760271,0
features_0:1527,features_0.npy,1527,validation,0,-4.3352194,0.0010689767,0
features_0:1546,features_0.npy,1546,validation,0,-0.6042652,0.17788373,0
features_0:1548,features_0.npy,1548,validation,0,-7.091151,2.1194708e-05,0
features_0:1550,features_0.npy,1550,validation,0,-6.4360666,5.383476e-05,0
features_0:1552,features_0.npy,1552,validation,0,-7.3698254,1.4256298e-05,0
features_0:1556,features_0.npy,1556,validation,0,-6.827562,3.0840703e-05,0
features_0:1561,features_0.npy,1561,validation,0,-5.374403,0.00024383728,0
features_0:1566,features_0.npy,1566,validation,0,-2.900259,0.008178753,0
features_0:1576,features_0.npy,1576,validation,0,-4.288142,0.001142958,0
features_0:1589,features_0.npy,1589,validation,0,-3.7814012,0.002347888,0
features_0:1607,features_0.npy,1607,validation,0,-6.9776387,2.4910247e-05,0
features_0:1608,features_0.npy,1608,validation,0,-2.404279,0.016427862,0
features_0:1610,features_0.npy,1610,validation,0,-4.3535957,0.0010414138,0
features_0:1613,features_0.npy,1613,validation,0,1.988694,0.89651495,1
features_0:1627,features_0.npy,1627,validation,0,-3.953567,0.0018386487,0
features_0:1646,features_0.npy,1646,validation,0,-1.2991494,0.07449636,0
features_1:1,features_1.npy,1,validation,1,7.0407443,0.99991286,1
features_1:9,features_1.npy,9,validation,1,3.7164752,0.9902216,1
features_1:20,features_1.npy,20,validation,1,7.8408723,0.9999721,1
features_1:27,features_1.npy,27,validation,1,6.559361,0.9998272,1
features_1:28,features_1.npy,28,validation,1,5.3249283,0.9989999,1
features_1:41,features_1.npy,41,validation,1,7.603286,0.9999609,1
features_1:50,features_1.npy,50,validation,1,2.7222612,0.9609459,1
features_1:54,features_1.npy,54,validation,1,3.046246,0.97501093,1
features_1:57,features_1.npy,57,validation,1,-0.12946376,0.2983644,0
features_1:66,features_1.npy,66,validation,1,4.941936,0.99827635,1
features_1:71,features_1.npy,71,validation,1,4.3013887,0.99572253,1
features_1:83,features_1.npy,83,validation,1,3.2867408,0.9821237,1
features_1:85,features_1.npy,85,validation,1,7.7377324,0.9999677,1
features_1:89,features_1.npy,89,validation,1,3.7489839,0.9906596,1
features_1:94,features_1.npy,94,validation,1,4.611669,0.9972452,1
features_1:101,features_1.npy,101,validation,1,6.46907,0.9998036,1
features_1:105,features_1.npy,105,validation,1,6.767551,0.9998715,1
features_1:110,features_1.npy,110,validation,1,5.4119544,0.99911624,1
features_1:113,features_1.npy,113,validation,1,7.500006,0.9999547,1
features_1:115,features_1.npy,115,validation,1,5.294436,0.9989555,1
features_1:116,features_1.npy,116,validation,1,5.2898607,0.99894875,1
features_1:125,features_1.npy,125,validation,1,5.3635354,0.9990533,1
features_1:127,features_1.npy,127,validation,1,4.676123,0.997486,1
features_1:129,features_1.npy,129,validation,1,6.789694,0.9998754,1
features_1:140,features_1.npy,140,validation,1,8.455067,0.9999883,1
features_1:145,features_1.npy,145,validation,1,5.4694157,0.9991856,1
features_1:163,features_1.npy,163,validation,1,5.9924374,0.999613,1
features_1:197,features_1.npy,197,validation,1,3.9759336,0.99322,1
features_1:213,features_1.npy,213,validation,1,3.95835,0.9930494,1
features_1:236,features_1.npy,236,validation,1,4.2106533,0.99513584,1
features_1:241,features_1.npy,241,validation,1,4.2283125,0.995256,1
features_1:243,features_1.npy,243,validation,1,6.9884458,0.9999062,1
features_1:250,features_1.npy,250,validation,1,7.5456386,0.99995756,1
features_1:260,features_1.npy,260,validation,1,5.8185,0.9995042,1
features_1:265,features_1.npy,265,validation,1,4.6797028,0.9974987,1
features_1:273,features_1.npy,273,validation,1,4.2582283,0.99545276,1
features_1:275,features_1.npy,275,validation,1,2.7297692,0.9613449,1
features_1:286,features_1.npy,286,validation,1,2.995924,0.9732055,1
features_1:290,features_1.npy,290,validation,1,2.3142893,0.9322905,1
features_1:297,features_1.npy,297,validation,1,8.16595,0.9999825,1
features_1:300,features_1.npy,300,validation,1,4.8871307,0.9981369,1
features_1:301,features_1.npy,301,validation,1,7.0281324,0.9999113,1
features_1:302,features_1.npy,302,validation,1,6.0867305,0.99966156,1
features_1:303,features_1.npy,303,validation,1,7.189553,0.99992955,1
features_1:304,features_1.npy,304,validation,1,6.8984704,0.9998933,1
features_1:307,features_1.npy,307,validation,1,5.9563174,0.9995925,1
features_1:310,features_1.npy,310,validation,1,7.6106887,0.99996126,1
features_1:323,features_1.npy,323,validation,1,6.684852,0.9998554,1
features_1:335,features_1.npy,335,validation,1,2.2490578,0.92619044,1
features_1:337,features_1.npy,337,validation,1,6.9877954,0.99990606,1
features_1:344,features_1.npy,344,validation,1,7.50756,0.9999552,1
features_1:347,features_1.npy,347,validation,1,4.343273,0.99596906,1
features_1:349,features_1.npy,349,validation,1,6.127357,0.9996805,1
features_1:353,features_1.npy,353,validation,1,4.920582,0.99822336,1
features_1:363,features_1.npy,363,validation,1,5.3255405,0.9990007,1
features_1:374,features_1.npy,374,validation,1,5.1605377,0.9987367,1
features_1:377,features_1.npy,377,validation,1,7.725224,0.9999671,1
features_1:403,features_1.npy,403,validation,1,4.2045765,0.9950938,1
features_1:405,features_1.npy,405,validation,1,6.3737874,0.999775,1
features_1:426,features_1.npy,426,validation,1,4.5008216,0.99677604,1
features_1:427,features_1.npy,427,validation,1,6.7376933,0.9998659,1
features_1:440,features_1.npy,440,validation,1,6.279507,0.9997427,1
features_1:448,features_1.npy,448,validation,1,7.184121,0.99992895,1
features_1:453,features_1.npy,453,validation,1,6.5047374,0.99981326,1
features_1:455,features_1.npy,455,validation,1,5.377631,0.9990721,1
features_1:458,features_1.npy,458,validation,1,3.1737976,0.97907203,1
features_1:473,features_1.npy,473,validation,1,7.5809984,0.9999596,1
features_1:477,features_1.npy,477,validation,1,7.016551,0.9999099,1
features_1:481,features_1.npy,481,validation,1,3.9769568,0.99322975,1
features_1:488,features_1.npy,488,validation,1,0.3654464,0.46236375,1
features_1:493,features_1.npy,493,validation,1,6.9448156,0.9999001,1
features_1:497,features_1.npy,497,validation,1,4.6015034,0.9972051,1
features_1:508,features_1.npy,508,validation,1,8.414952,0.9999877,1
features_1:514,features_1.npy,514,validation,1,4.091291,0.9942405,1
features_1:516,features_1.npy,516,validation,1,8.242794,0.99998426,1
features_1:519,features_1.npy,519,validation,1,4.3148713,0.99580353,1
features_1:526,features_1.npy,526,validation,1,8.1882,0.99998295,1
features_1:529,features_1.npy,529,validation,1,6.3223195,0.99975795,1
features_1:548,features_1.npy,548,validation,1,3.2048182,0.97995764,1
features_1:552,features_1.npy,552,validation,1,7.685799,0.9999652,1
features_1:558,features_1.npy,558,validation,1,4.8296504,0.9979784,1
features_1:569,features_1.npy,569,validation,1,4.4915676,0.9967334,1
features_1:574,features_1.npy,574,validation,1,4.4783006,0.9966714,1
features_1:575,features_1.npy,575,validation,1,6.164652,0.9996971,1
features_1:580,features_1.npy,580,validation,1,3.2650814,0.98157436,1
features_1:583,features_1.npy,583,validation,1,6.5557857,0.9998264,1
features_1:589,features_1.npy,589,validation,1,4.497304,0.99675983,1
features_1:606,features_1.npy,606,validation,1,5.9974365,0.99961567,1
features_1:607,features_1.npy,607,validation,1,6.888201,0.99989176,1
features_1:619,features_1.npy,619,validation,1,3.8034995,0.99135077,1
features_1:628,features_1.npy,628,validation,1,1.4864153,0.8091249,1
features_1:632,features_1.npy,632,validation,1,6.4746056,0.99980503,1
features_1:636,features_1.npy,636,validation,1,3.276357,0.98186237,1
features_1:647,features_1.npy,647,validation,1,4.9538226,0.9983052,1
features_1:656,features_1.npy,656,validation,1,8.326965,0.99998605,1
features_1:661,features_1.npy,661,validation,1,4.7308326,0.9976738,1
features_1:663,features_1.npy,663,validation,1,4.474847,0.996655,1
features_1:664,features_1.npy,664,validation,1,5.004652,0.99842334,1
features_1:669,features_1.npy,669,validation,1,4.0210776,0.9936392,1
features_1:677,features_1.npy,677,validation,1,7.489293,0.999954,1
features_1:681,features_1.npy,681,validation,1,4.025762,0.9936812,1
features_1:684,features_1.npy,684,validation,1,4.389821,0.99622643,1
features_1:687,features_1.npy,687,validation,1,4.413661,0.99635184,1
features_1:694,features_1.npy,694,validation,1,6.0064554,0.99962056,1
features_1:703,features_1.npy,703,validation,1,6.416319,0.9997882,1
features_1:713,features_1.npy,713,validation,1,6.598197,0.99983644,1
features_1:719,features_1.npy,719,validation,1,5.405899,0.9991086,1
features_1:725,features_1.npy,725,validation,1,4.9536223,0.9983047,1
features_1:726,features_1.npy,726,validation,1,3.2063286,0.9799998,1
features_1:735,features_1.npy,735,validation,1,6.3919315,0.9997807,1
features_1:737,features_1.npy,737,validation,1,1.649857,0.8424957,1
features_1:748,features_1.npy,748,validation,1,4.0906563,0.99423534,1
features_1:750,features_1.npy,750,validation,1,2.117753,0.9123556,1
features_1:754,features_1.npy,754,validation,1,2.433405,0.94223773,1
features_1:760,features_1.npy,760,validation,1,4.8555326,0.9980514,1
features_1:769,features_1.npy,769,validation,1,2.2046883,0.92175627,1
features_1:775,features_1.npy,775,validation,1,5.527526,0.9992501,1
features_1:778,features_1.npy,778,validation,1,5.6527786,0.99937254,1
features_1:782,features_1.npy,782,validation,1,4.263928,0.9954894,1
features_1:783,features_1.npy,783,validation,1,6.348855,0.9997669,1
features_1:786,features_1.npy,786,validation,1,3.0335603,0.97456723,1
features_1:788,features_1.npy,788,validation,1,3.5164838,0.98704416,1
features_1:791,features_1.npy,791,validation,1,5.781966,0.9994778,1
features_1:792,features_1.npy,792,validation,1,4.3476677,0.9959941,1
features_1:793,features_1.npy,793,validation,1,5.3846283,0.99908125,1
features_1:804,features_1.npy,804,validation,1,3.7914853,0.99120295,1
features_1:808,features_1.npy,808,validation,1,2.6042638,0.95413303,1
features_1:813,features_1.npy,813,validation,1,5.594523,0.99931836,1
features_1:821,features_1.npy,821,validation,1,4.38607,0.9962063,1
features_1:834,features_1.npy,834,validation,1,6.6292596,0.9998436,1
features_1:837,features_1.npy,837,validation,1,3.7385442,0.9905211,1
features_1:845,features_1.npy,845,validation,1,5.6454816,0.999366,1
features_1:861,features_1.npy,861,validation,1,6.5585666,0.9998271,1
features_1:868,features_1.npy,868,validation,1,2.9048533,0.9696107,1
features_1:886,features_1.npy,886,validation,1,3.1546562,0.9785065,1
features_1:891,features_1.npy,891,validation,1,6.960928,0.99990237,1
features_1:898,features_1.npy,898,validation,1,5.545982,0.99926955,1
features_1:901,features_1.npy,901,validation,1,6.2838335,0.99974424,1
features_1:902,features_1.npy,902,validation,1,4.165247,0.99481285,1
features_1:906,features_1.npy,906,validation,1,6.376448,0.9997758,1
features_1:908,features_1.npy,908,validation,1,5.72391,0.99943286,1
features_1:911,features_1.npy,911,validation,1,2.049027,0.9042135,1
features_1:920,features_1.npy,920,validation,1,4.657047,0.997417,1
features_1:939,features_1.npy,939,validation,1,7.0166006,0.9999099,1
features_1:947,features_1.npy,947,validation,1,5.99323,0.99961334,1
features_1:955,features_1.npy,955,validation,1,1.9818034,0.89560175,1
features_1:959,features_1.npy,959,validation,1,6.146639,0.9996892,1
features_1:961,features_1.npy,961,validation,1,3.5057652,0.9868477,1
features_1:963,features_1.npy,963,validation,1,7.463259,0.9999522,1
features_1:970,features_1.npy,970,validation,1,4.9357357,0.99826115,1
features_1:973,features_1.npy,973,validation,1,7.362915,0.9999449,1
features_1:979,features_1.npy,979,validation,1,4.6601763,0.9974285,1
features_1:984,features_1.npy,984,validation,1,1.3744215,0.78329355,1
features_1:986,features_1.npy,986,validation,1,5.6671014,0.9993851,1
features_1:992,features_1.npy,992,validation,1,6.6981926,0.99985814,1
features_1:1007,features_1.npy,1007,validation,1,4.442184,0.9964964,1
features_1:1008,features_1.npy,1008,validation,1,4.0497646,0.9938921,1
features_1:1012,features_1.npy,1012,validation,1,3.1429415,0.9781531,1
features_1:1026,features_1.npy,1026,validation,1,4.4169197,0.99636865,1
features_1:1030,features_1.npy,1030,validation,1,5.024272,0.99846673,1
features_1:1035,features_1.npy,1035,validation,1,3.4988189,0.9867187,1
features_1:1043,features_1.npy,1043,validation,1,5.5928698,0.9993167,1
features_1:1048,features_1.npy,1048,validation,1,4.7978973,0.99788517,1
features_1:1049,features_1.npy,1049,validation,1,6.7078166,0.99986005,1
features_1:1058,features_1.npy,1058,validation,1,3.0413542,0.97484076,1
features_1:1090,features_1.npy,1090,validation,1,7.073604,0.9999169,1
features_1:1092,features_1.npy,1092,validation,1,6.183046,0.9997048,1
features_1:1100,features_1.npy,1100,validation,1,2.553775,0.95088416,1
features_1:1102,features_1.npy,1102,validation,1,3.2202306,0.98038393,1
features_1:1112,features_1.npy,1112,validation,1,4.0148706,0.99358314,1
features_1:1124,features_1.npy,1124,validation,1,2.5346212,0.9495955,1
features_1:1125,features_1.npy,1125,validation,1,1.3912854,0.7873393,1
features_1:1131,features_1.npy,1131,validation,1,5.609893,0.9993331,1
features_1:1153,features_1.npy,1153,validation,1,2.090145,0.9091628,1
features_1:1156,features_1.npy,1156,validation,1,4.114921,0.9944299,1
features_1:1167,features_1.npy,1167,validation,1,6.7257876,0.9998636,1
features_1:1179,features_1.npy,1179,validation,1,6.851605,0.99988604,1
features_1:1181,features_1.npy,1181,validation,1,1.8043635,0.86952686,1
features_1:1183,features_1.npy,1183,validation,1,6.0423455,0.9996394,1
features_1:1196,features_1.npy,1196,validation,1,4.2403016,0.9953359,1
features_1:1203,features_1.npy,1203,validation,1,3.8776457,0.99221015,1
features_1:1208,features_1.npy,1208,validation,1,5.13315,0.9986865,1
features_1:1229,features_1.npy,1229,validation,1,4.4463634,0.99651706,1
features_1:1230,features_1.npy,1230,validation,1,5.128091,0.99867696,1
features_1:1239,features_1.npy,1239,validation,1,1.0929245,0.70773065,1
features_1:1252,features_1.npy,1252,validation,1,5.1584835,0.99873286,1
features_1:1262,features_1.npy,1262,validation,1,6.1071916,0.9996712,1
features_1:1264,features_1.npy,1264,validation,1,7.261414,0.99993634,1
features_1:1266,features_1.npy,1266,validation,1,5.634201,0.99935573,1
features_1:1271,features_1.npy,1271,validation,1,1.0481168,0.6943691,1
features_1:1274,features_1.npy,1274,validation,1,6.2356563,0.9997261,1
features_1:1280,features_1.npy,1280,validation,1,8.268934,0.99998486,1
features_1:1282,features_1.npy,1282,validation,1,0.038845405,0.35078493,0
features_1:1300,features_1.npy,1300,validation,1,2.0759962,0.90748626,1
features_1:1307,features_1.npy,1307,validation,1,0.91986,0.6543268,1
features_1:1310,features_1.npy,1310,validation,1,7.0861416,0.99991834,1
features_1:1324,features_1.npy,1324,validation,1,3.100612,0.9768281,1
features_1:1326,features_1.npy,1326,validation,1,6.948942,0.9999007,1
features_1:1327,features_1.npy,1327,validation,1,-0.3630277,0.23371257,0
features_1:1328,features_1.npy,1328,validation,1,7.703628,0.999966,1
features_1:1339,features_1.npy,1339,validation,1,6.581192,0.9998325,1
features_1:1343,features_1.npy,1343,validation,1,5.79982,0.99949086,1
features_1:1349,features_1.npy,1349,validation,1,3.104098,0.97694016,1
features_1:1357,features_1.npy,1357,validation,1,3.7822177,0.99108726,1
features_1:1359,features_1.npy,1359,validation,1,4.1201468,0.99447095,1
features_1:1374,features_1.npy,1374,validation,1,4.240839,0.9953394,1
features_1:1381,features_1.npy,1381,validation,1,-1.3568097,0.06903297,0
features_1:1387,features_1.npy,1387,validation,1,7.5926895,0.9999603,1
features_1:1389,features_1.npy,1389,validation,1,2.9516268,0.9715118,1
features_1:1397,features_1.npy,1397,validation,1,7.7218785,0.999967,1
features_1:1399,features_1.npy,1399,validation,1,3.6221678,0.98883295,1
features_1:1410,features_1.npy,1410,validation,1,5.892871,0.999554,1
features_1:1428,features_1.npy,1428,validation,1,6.3266044,0.9997594,1
features_1:1430,features_1.npy,1430,validation,1,2.0639837,0.906041,1
features_1:1441,features_1.npy,1441,validation,1,2.9700992,0.9722304,1
features_1:1442,features_1.npy,1442,validation,1,2.2828953,0.9294153,1
features_1:1455,features_1.npy,1455,validation,1,4.4655647,0.9966107,1
features_1:1462,features_1.npy,1462,validation,1,-1.0626099,0.10128872,0
features_1:1475,features_1.npy,1475,validation,1,6.430849,0.9997925,1
features_1:1496,features_1.npy,1496,validation,1,3.2311327,0.98068,1
features_1:1518,features_1.npy,1518,validation,1,4.905179,0.998184,1
features_1:1535,features_1.npy,1535,validation,1,2.7038205,0.9599491,1
features_1:1554,features_1.npy,1554,validation,1,7.087903,0.9999186,1
features_1:1560,features_1.npy,1560,validation,1,3.4360986,0.9854968,1
features_1:1562,features_1.npy,1562,validation,1,0.8202184,0.6215943,1
features_1:1565,features_1.npy,1565,validation,1,5.6041627,0.99932766,1
features_1:1573,features_1.npy,1573,validation,1,2.3696756,0.93709934,1
features_1:1576,features_1.npy,1576,validation,1,4.5210614,0.99686724,1
features_1:1577,features_1.npy,1577,validation,1,5.6396446,0.99936074,1
features_1:1585,features_1.npy,1585,validation,1,4.706982,0.9975937,1
features_1:1603,features_1.npy,1603,validation,1,7.3735566,0.99994576,1
features_1:1607,features_1.npy,1607,validation,1,7.0542245,0.9999145,1
features_1:1609,features_1.npy,1609,validation,1,1.4551581,0.80216074,1
features_1:1620,features_1.npy,1620,validation,1,7.9043384,0.9999745,1
features_1:1622,features_1.npy,1622,validation,1,3.7317567,0.99042994,1
features_1:1624,features_1.npy,1624,validation,1,4.3343477,0.99591774,1
features_1:1628,features_1.npy,1628,validation,1,4.672458,0.9974728,1
features_1:1635,features_1.npy,1635,validation,1,6.494564,0.9998105,1
features_1:1637,features_1.npy,1637,validation,1,3.8287747,0.99165374,1
features_1:1646,features_1.npy,1646,validation,1,5.25904,0.9989016,1
features_1:1655,features_1.npy,1655,validation,1,2.3147752,0.9323341,1
features_1:1656,features_1.npy,1656,validation,1,1.7465314,0.85990304,1
features_1:1665,features_1.npy,1665,validation,1,4.5512967,0.9969988,1
features_1:1667,features_1.npy,1667,validation,1,2.630489,0.95573884,1
features_1:1671,features_1.npy,1671,validation,1,8.291831,0.99998534,1
features_1:1676,features_1.npy,1676,validation,1,4.8727994,0.99809855,1
features_1:1677,features_1.npy,1677,validation,1,4.072285,0.9940836,1
features_1:1681,features_1.npy,1681,validation,1,2.7623804,0.9630329,1
features_1:1689,features_1.npy,1689,validation,1,6.559051,0.9998272,1
features_1:1701,features_1.npy,1701,validation,1,6.6713295,0.99985266,1
features_1:1705,features_1.npy,1705,validation,1,8.172497,0.9999826,1
features_1:1706,features_1.npy,1706,validation,1,4.293923,0.99567705,1
features_1:1713,features_1.npy,1713,validation,1,6.7787647,0.9998735,1
features_1:1725,features_1.npy,1725,validation,1,7.536944,0.99995697,1
features_1:1737,features_1.npy,1737,validation,1,5.0447125,0.99851054,1
features_1:1742,features_1.npy,1742,validation,1,6.5553346,0.99982625,1
features_1:1746,features_1.npy,1746,validation,1,1.7832093,0.86607355,1
features_1:1763,features_1.npy,1763,validation,1,5.091146,0.99860567,1
features_1:1766,features_1.npy,1766,validation,1,3.4202363,0.98517066,1
features_1:1777,features_1.npy,1777,validation,1,6.2305365,0.9997241,1
features_1:1797,features_1.npy,1797,validation,1,6.378606,0.99977654,1
features_1:1798,features_1.npy,1798,validation,1,6.3351474,0.99976224,1
features_1:1801,features_1.npy,1801,validation,1,5.321864,0.9989955,1
features_1:1804,features_1.npy,1804,validation,1,6.5692334,0.99982953,1
features_1:1806,features_1.npy,1806,validation,1,2.9326477,0.97075474,1
features_1:1807,features_1.npy,1807,validation,1,6.900593,0.99989367,1
features_1:1809,features_1.npy,1809,validation,1,3.8638825,0.99205726,1
features_1:1825,features_1.npy,1825,validation,1,4.056025,0.9939459,1
features_1:1837,features_1.npy,1837,validation,1,7.5797043,0.9999596,1
features_1:1838,features_1.npy,1838,validation,1,6.3645124,0.999772,1
features_1:1844,features_1.npy,1844,validation,1,2.8207285,0.9658779,1
features_1:1847,features_1.npy,1847,validation,1,7.419314,0.9999492,1
features_1:1851,features_1.npy,1851,validation,1,7.3969674,0.99994755,1
features_1:1881,features_1.npy,1881,validation,1,3.7199233,0.99026906,1
features_1:1883,features_1.npy,1883,validation,1,1.148228,0.7237392,1
features_1:1887,features_1.npy,1887,validation,1,8.408201,0.9999876,1
features_1:1890,features_1.npy,1890,validation,1,3.5527327,0.9876875,1
features_1:1895,features_1.npy,1895,validation,1,6.874127,0.9998896,1
features_1:1900,features_1.npy,1900,validation,1,4.8439207,0.998019,1
features_1:1916,features_1.npy,1916,validation,1,0.016665773,0.34363142,0
features_1:1918,features_1.npy,1918,validation,1,0.616454,0.5514075,1
features_1:1924,features_1.npy,1924,validation,1,6.924173,0.9998971,1
features_1:1926,features_1.npy,1926,validation,1,6.916611,0.99989605,1
features_1:1927,features_1.npy,1927,validation,1,4.736741,0.99769324,1
features_1:1939,features_1.npy,1939,validation,1,6.987973,0.99990606,1
features_1:1941,features_1.npy,1941,validation,1,3.0594902,0.975466,1
features_1:1947,features_1.npy,1947,validation,1,2.1453998,0.91545093,1
features_1:1949,features_1.npy,1949,validation,1,4.441496,0.99649304,1
features_1:1951,features_1.npy,1951,validation,1,3.5556962,0.9877387,1
features_1:1954,features_1.npy,1954,validation,1,3.1212099,0.9774824,1
features_1:1960,features_1.npy,1960,validation,1,5.770678,0.99946934,1
features_1:1963,features_1.npy,1963,validation,1,5.1239915,0.99866927,1
features_1:1980,features_1.npy,1980,validation,1,5.3559365,0.9990429,1
features_1:1987,features_1.npy,1987,validation,1,7.0961256,0.99991953,1
features_1:1993,features_1.npy,1993,validation,1,0.8771522,0.6404548,1
features_1:1994,features_1.npy,1994,validation,1,6.1337066,0.9996834,1
features_1:1995,features_1.npy,1995,validation,1,3.9052,0.9925074,1
features_1:2003,features_1.npy,2003,validation,1,2.7111979,0.96035075,1
features_1:2008,features_1.npy,2008,validation,1,7.4727526,0.9999529,1
features_1:2020,features_1.npy,2020,validation,1,3.7114296,0.9901518,1
features_1:2025,features_1.npy,2025,validation,1,1.9681563,0.8937719,1
features_1:2026,features_1.npy,2026,validation,1,1.5945721,0.83177274,1
features_1:2037,features_1.npy,2037,validation,1,5.0058217,0.99842596,1
features_1:2041,features_1.npy,2041,validation,1,6.8458986,0.9998851,1
features_1:2046,features_1.npy,2046,validation,1,2.5299985,0.94927967,1
features_1:2056,features_1.npy,2056,validation,1,5.3834667,0.9990797,1
features_1:2058,features_1.npy,2058,validation,1,6.59244,0.99983513,1
features_1:2071,features_1.npy,2071,validation,1,7.0765753,0.99991727,1
features_1:2081,features_1.npy,2081,validation,1,2.770809,0.96345764,1
features_1:2098,features_1.npy,2098,validation,1,6.298212,0.9997495,1
features_1:2116,features_1.npy,2116,validation,1,6.323138,0.9997582,1
features_1:2118,features_1.npy,2118,validation,1,1.8549504,0.8774787,1
features_1:2119,features_1.npy,2119,validation,1,6.0018406,0.99961805,1
features_1:2120,features_1.npy,2120,validation,1,6.6493206,0.9998479,1
features_1:2129,features_1.npy,2129,validation,1,6.691143,0.9998567,1
features_1:2151,features_1.npy,2151,validation,1,6.921084,0.99989676,1
features_1:2153,features_1.npy,2153,validation,1,0.5024313,0.5110238,1
features_1:2155,features_1.npy,2155,validation,1,4.096666,0.9942841,1
features_1:2165,features_1.npy,2165,validation,1,6.842072,0.99988437,1
features_1:2169,features_1.npy,2169,validation,1,5.3761735,0.9990702,1
features_1:2170,features_1.npy,2170,validation,1,5.8093905,0.9994978,1
features_1:2175,features_1.npy,2175,validation,1,5.0814643,0.9985864,1
features_1:2185,features_1.npy,2185,validation,1,1.9383994,0.889684,1
features_1:2197,features_1.npy,2197,validation,1,6.416769,0.99978834,1
features_1:2202,features_1.npy,2202,validation,1,4.282767,0.99560815,1
features_1:2208,features_1.npy,2208,validation,1,4.7777615,0.99782383,1
features_1:2212,features_1.npy,2212,validation,1,3.242163,0.98097515,1
features_1:2216,features_1.npy,2216,validation,1,6.063338,0.99965,1
features_1:2229,features_1.npy,2229,validation,1,7.055218,0.99991465,1
features_1:2232,features_1.npy,2232,validation,1,6.7457247,0.99986744,1
features_1:2235,features_1.npy,2235,validation,1,6.119278,0.9996768,1
features_1:2248,features_1.npy,2248,validation,1,1.8065667,0.8698821,1
features_1:2250,features_1.npy,2250,validation,1,5.4944587,0.99921405,1
features_1:2263,features_1.npy,2263,validation,1,4.085426,0.99419254,1
features_1:2268,features_1.npy,2268,validation,1,3.4786294,0.9863369,1
features_1:2275,features_1.npy,2275,validation,1,7.235042,0.99993396,1
features_1:2276,features_1.npy,2276,validation,1,0.45948303,0.4957466,1
features_1:2277,features_1.npy,2277,validation,1,0.33320898,0.45098177,1
features_1:2290,features_1.npy,2290,validation,1,0.85404027,0.63284695,1
features_1:2292,features_1.npy,2292,validation,1,7.1750097,0.999928,1
features_1:2294,features_1.npy,2294,validation,1,2.0166247,0.9001447,1
features_1:2308,features_1.npy,2308,validation,1,1.6069058,0.8342143,1
features_1:2311,features_1.npy,2311,validation,1,4.933393,0.9982553,1
features_1:2313,features_1.npy,2313,validation,1,2.2711499,0.928311,1
features_1:2322,features_1.npy,2322,validation,1,4.6102796,0.9972397,1
features_1:2327,features_1.npy,2327,validation,1,1.7991943,0.8686901,1
features_1:2333,features_1.npy,2333,validation,1,5.5267205,0.9992493,1
features_1:2352,features_1.npy,2352,validation,1,7.1861258,0.9999292,1
features_1:2353,features_1.npy,2353,validation,1,4.516116,0.99684525,1
features_1:2360,features_1.npy,2360,validation,1,5.2895036,0.9989483,1
features_1:2361,features_1.npy,2361,validation,1,5.1324573,0.9986852,1
features_1:2362,features_1.npy,2362,validation,1,2.4112246,0.94049567,1
features_1:2364,features_1.npy,2364,validation,1,3.5104425,0.9869337,1
features_1:2365,features_1.npy,2365,validation,1,2.9307694,0.9706788,1
features_1:2370,features_1.npy,2370,validation,1,5.0955796,0.99861443,1
features_1:2375,features_1.npy,2375,validation,1,5.9050827,0.9995617,1
features_1:2378,features_1.npy,2378,validation,1,1.4029835,0.79011333,1
features_1:2382,features_1.npy,2382,validation,1,6.5912952,0.9998349,1
features_0:1,features_0.npy,1,test,0,-7.0697265,2.185083e-05,0
features_0:4,features_0.npy,4,test,0,-5.0385303,0.00039319496,0
features_0:8,features_0.npy,8,test,0,-8.859022,1.7126652e-06,0
features_0:19,features_0.npy,19,test,0,-5.142345,0.00033921332,0
features_0:21,features_0.npy,21,test,0,-3.3041773,0.004619733,0
features_0:22,features_0.npy,22,test,0,-8.282156,3.892076e-06,0
features_0:26,features_0.npy,26,test,0,-4.8820033,0.000491248,0
features_0:34,features_0.npy,34,test,0,-7.0677743,2.1911615e-05,0
features_0:35,features_0.npy,35,test,0,-0.25039917,0.26362878,0
features_0:64,features_0.npy,64,test,0,-6.832534,3.06233e-05,0
features_0:87,features_0.npy,87,test,0,-7.419968,1.3274512e-05,0
features_0:91,features_0.npy,91,test,0,-6.884126,2.845562e-05,0
features_0:93,features_0.npy,93,test,0,-5.3888173,0.0002388879,0
features_0:112,features_0.npy,112,test,0,-7.1625223,1.9147861e-05,0
features_0:121,features_0.npy,121,test,0,-6.970569,2.5162111e-05,0
features_0:127,features_0.npy,127,test,0,-6.3622165,5.9799873e-05,0
features_0:150,features_0.npy,150,test,0,-6.0029263,9.9707584e-05,0
features_0:152,features_0.npy,152,test,0,-7.8889065,6.8110244e-06,0
features_0:159,features_0.npy,159,test,0,-5.4700356,0.00021281955,0
features_0:161,features_0.npy,161,test,0,-6.4929514,4.964887e-05,0
features_0:166,features_0.npy,166,test,0,-5.4487205,0.00021937217,0
features_0:189,features_0.npy,189,test,0,-5.8129225,0.000130659,0
features_0:197,features_0.npy,197,test,0,-3.0361512,0.006750397,0
features_0:200,features_0.npy,200,test,0,-8.309959,3.741093e-06,0
features_0:202,features_0.npy,202,test,0,-6.612977,4.185387e-05,0
features_0:205,features_0.npy,205,test,0,-3.7378252,0.0024977135,0
features_0:216,features_0.npy,216,test,0,-8.113592,4.9471505e-06,0
features_0:219,features_0.npy,219,test,0,-5.3093805,0.00026746956,0
features_0:229,features_0.npy,229,test,0,-3.8260067,0.002203806,0
features_0:241,features_0.npy,241,test,0,-7.3773074,1.4105321e-05,0
features_0:245,features_0.npy,245,test,0,-5.4232316,0.00022747325,0
features_0:246,features_0.npy,246,test,0,-6.4524226,5.2596322e-05,0
features_0:262,features_0.npy,262,test,0,-4.330415,0.0010763023,0
features_0:263,features_0.npy,263,test,0,-3.7090027,0.0026020156,0
features_0:268,features_0.npy,268,test,0,-3.2197378,0.0052064923,0
features_0:269,features_0.npy,269,test,0,-5.810941,0.0001310278,0
features_0:276,features_0.npy,276,test,0,-5.9393826,0.00010914278,0
features_0:288,features_0.npy,288,test,0,-6.8796844,2.8636052e-05,0
features_0:304,features_0.npy,304,test,0,-7.6173816,1.0023429e-05,0
features_0:315,features_0.npy,315,test,0,-5.2928634,0.00027382895,0
features_0:317,features_0.npy,317,test,0,-0.17760581,0.28422377,0
features_0:330,features_0.npy,330,test,0,-7.038817,2.2833376e-05,0
features_0:345,features_0.npy,345,test,0,-6.215835,7.364779e-05,0
features_0:378,features_0.npy,378,test,0,-3.5511966,0.003255003,0
features_0:379,features_0.npy,379,test,0,-5.749927,0.000142911,0
features_0:384,features_0.npy,384,test,0,-5.3742485,0.00024389074,0
features_0:387,features_0.npy,387,test,0,-5.418522,0.00022900265,0
features_0:391,features_0.npy,391,test,0,-5.78379,0.00013618871,0
features_0:399,features_0.npy,399,test,0,-5.1598563,0.00033086768,0
features_0:400,features_0.npy,400,test,0,-5.764112,0.00014005559,0
features_0:403,features_0.npy,403,test,0,-4.570786,0.0007647466,0
features_0:406,features_0.npy,406,test,0,-6.396674,5.6938527e-05,0
features_0:418,features_0.npy,418,test,0,-4.8086705,0.0005452527,0
features_0:437,features_0.npy,437,test,0,-5.6347423,0.0001683605,0
features_0:441,features_0.npy,441,test,0,-7.511606,1.1651616e-05,0
features_0:459,features_0.npy,459,test,0,-7.669806,9.302887e-06,0
features_0:463,features_0.npy,463,test,0,-6.212614,7.3986084e-05,0
features_0:466,features_0.npy,466,test,0,-5.587772,0.00017999625,0
features_0:470,features_0.npy,470,test,0,-4.344106,0.0010555575,0
features_0:472,features_0.npy,472,test,0,-6.374413,5.8771006e-05,0
features_0:474,features_0.npy,474,test,0,-7.319695,1.5310432e-05,0
features_0:476,features_0.npy,476,test,0,-6.0107403,9.86052e-05,0
features_0:484,features_0.npy,484,test,0,-3.587884,0.0030899402,0
features_0:492,features_0.npy,492,test,0,-6.6669326,3.8760707e-05,0
features_0:496,features_0.npy,496,test,0,-5.209247,0.00030841833,0
features_0:508,features_0.npy,508,test,0,-7.554346,1.0964086e-05,0
features_0:509,features_0.npy,509,test,0,-5.8647585,0.00012136909,0
features_0:521,features_0.npy,521,test,0,-3.4528108,0.003742333,0
features_0:537,features_0.npy,537,test,0,-5.005001,0.00041240244,0
features_0:546,features_0.npy,546,test,0,-5.0338907,0.0003957985,0
features_0:556,features_0.npy,556,test,0,-7.070132,2.1838227e-05,0
features_0:559,features_0.npy,559,test,0,-6.0160546,9.7862365e-05,0
features_0:563,features_0.npy,563,test,0,-4.728607,0.0006110112,0
features_0:565,features_0.npy,565,test,0,-6.7298594,3.5440815e-05,0
features_0:569,features_0.npy,569,test,0,-0.14041452,0.29511246,0
features_0:574,features_0.npy,574,test,0,-3.4480484,0.0037676843,0
features_0:577,features_0.npy,577,test,0,-5.673054,0.00015942885,0
features_0:580,features_0.npy,580,test,0,-7.665122,9.3651e-06,0
features_0:592,features_0.npy,592,test,0,-6.953866,2.5767322e-05,0
features_0:600,features_0.npy,600,test,0,-7.6378884,9.735159e-06,0
features_0:606,features_0.npy,606,test,0,-8.003988,5.782173e-06,0
features_0:608,features_0.npy,608,test,0,-4.7396026,0.0006015311,0
features_0:612,features_0.npy,612,test,0,-2.099128,0.02513653,0
features_0:623,features_0.npy,623,test,0,-6.6642833,3.8907096e-05,0
features_0:625,features_0.npy,625,test,0,-8.186197,4.461536e-06,0
features_0:627,features_0.npy,627,test,0,-5.58601,0.00018044801,0
features_0:632,features_0.npy,632,test,0,-5.285477,0.0002767214,0
features_0:635,features_0.npy,635,test,0,-6.91574,2.7203898e-05,0
features_0:639,features_0.npy,639,test,0,-5.725741,0.00014791462,0
features_0:640,features_0.npy,640,test,0,-2.2905815,0.01925734,0
features_0:642,features_0.npy,642,test,0,-4.322274,0.0010888294,0
features_0:645,features_0.npy,645,test,0,0.3684868,0.46343943,1
features_0:646,features_0.npy,646,test,0,-3.7778192,0.0023598582,0
features_0:647,features_0.npy,647,test,0,-2.4558084,0.015284106,0
features_0:648,features_0.npy,648,test,0,-1.5908179,0.05046758,0
features_0:655,features_0.npy,655,test,0,-3.664353,0.0027722334,0
features_0:658,features_0.npy,658,test,0,-3.7664735,0.002398176,0
features_0:681,features_0.npy,681,test,0,-7.0300727,2.311925e-05,0
features_0:683,features_0.npy,683,test,0,-2.8562653,0.008702544,0
features_0:687,features_0.npy,687,test,0,-5.1905737,0.00031672092,0
features_0:699,features_0.npy,699,test,0,1.9038022,0.88475853,1
features_0:703,features_0.npy,703,test,0,-1.3787639,0.06705201,0
features_0:709,features_0.npy,709,test,0,-3.0268292,0.0068399217,0
features_0:719,features_0.npy,719,test,0,-4.770893,0.0005753493,0
features_0:726,features_0.npy,726,test,0,-0.040409647,0.32555196,0
features_0:729,features_0.npy,729,test,0,-7.174828,1.881548e-05,0
features_0:742,features_0.npy,742,test,0,-2.5630467,0.013149402,0
features_0:747,features_0.npy,747,test,0,-5.919345,0.0001122993,0
features_0:751,features_0.npy,751,test,0,-1.0224142,0.10661559,0
features_0:758,features_0.npy,758,test,0,-6.090952,8.7969594e-05,0
features_0:761,features_0.npy,761,test,0,-0.5316658,0.19349769,0
features_0:766,features_0.npy,766,test,0,-5.992894,0.00010114113,0
features_0:768,features_0.npy,768,test,0,-4.2817793,0.001153342,0
features_0:775,features_0.npy,775,test,0,-0.8546658,0.13157804,0
features_0:784,features_0.npy,784,test,0,-7.065933,2.1969094e-05,0
features_0:789,features_0.npy,789,test,0,-2.7266624,0.010446664,0
features_0:791,features_0.npy,791,test,0,-5.9612556,0.00010579827,0
features_0:794,features_0.npy,794,test,0,-7.0497723,2.2480179e-05,0
features_0:797,features_0.npy,797,test,0,-6.8407097,3.0269082e-05,0
features_0:800,features_0.npy,800,test,0,-3.9683847,0.0018003535,0
features_0:815,features_0.npy,815,test,0,-4.785841,0.000563247,0
features_0:833,features_0.npy,833,test,0,-2.2249029,0.021104146,0
features_0:840,features_0.npy,840,test,0,-1.9849371,0.029441137,0
features_0:851,features_0.npy,851,test,0,-1.0745072,0.099757954,0
features_0:856,features_0.npy,856,test,0,-7.3582587,1.4492902e-05,0
features_0:863,features_0.npy,863,test,0,-8.575285,2.5646307e-06,0
features_0:870,features_0.npy,870,test,0,-4.718432,0.00061991723,0
features_0:876,features_0.npy,876,test,0,-6.996872,2.4237728e-05,0
features_0:878,features_0.npy,878,test,0,-3.1139717,0.0060470407,0
features_0:880,features_0.npy,880,test,0,-3.3065317,0.0046043526,0
features_0:895,features_0.npy,895,test,0,-1.5827044,0.051023733,0
features_0:902,features_0.npy,902,test,0,-3.8318334,0.0021856492,0
features_0:911,features_0.npy,911,test,0,-1.4754246,0.05894308,0
features_0:920,features_0.npy,920,test,0,-4.3668265,0.0010220094,0
features_0:928,features_0.npy,928,test,0,-0.58272207,0.1824113,0
features_0:929,features_0.npy,929,test,0,0.9210656,0.6547147,1
features_0:935,features_0.npy,935,test,0,-4.8087797,0.000545168,0
features_0:956,features_0.npy,956,test,0,-6.6657677,3.8825e-05,0
features_0:957,features_0.npy,957,test,0,-3.7349749,0.0025078396,0
features_0:959,features_0.npy,959,test,0,-1.5870601,0.050724454,0
features_0:980,features_0.npy,980,test,0,1.0488364,0.69458634,1
features_0:981,features_0.npy,981,test,0,-2.4775822,0.014824711,0
features_0:991,features_0.npy,991,test,0,-0.7326415,0.15271881,0
features_0:992,features_0.npy,992,test,0,-3.5351474,0.003329946,0
features_0:1003,features_0.npy,1003,test,0,-2.693299,0.010949038,0
features_0:1008,features_0.npy,1008,test,0,-4.444478,0.0009151916,0
features_0:1015,features_0.npy,1015,test,0,-3.531462,0.003347398,0
features_0:1020,features_0.npy,1020,test,0,-0.65695363,0.16718249,0
features_0:1021,features_0.npy,1021,test,0,-7.036894,2.2895932e-05,0
features_0:1044,features_0.npy,1044,test,0,-0.4334348,0.21624976,0
features_0:1045,features_0.npy,1045,test,0,-5.930024,0.0001106058,0
features_0:1060,features_0.npy,1060,test,0,-7.847899,7.2202997e-06,0
features_0:1064,features_0.npy,1064,test,0,-1.093734,0.097327605,0
features_0:1071,features_0.npy,1071,test,0,-4.196845,0.0013013192,0
features_0:1076,features_0.npy,1076,test,0,-2.8762767,0.008460286,0
features_0:1082,features_0.npy,1082,test,0,-2.3832703,0.016917966,0
features_0:1092,features_0.npy,1092,test,0,-4.672625,0.0006616448,0
features_0:1104,features_0.npy,1104,test,0,-4.448042,0.00091056613,0
features_0:1126,features_0.npy,1126,test,0,-4.141215,0.0014083721,0
features_0:1130,features_0.npy,1130,test,0,-3.927399,0.0019082731,0
features_0:1135,features_0.npy,1135,test,0,-6.338537,6.18491e-05,0
features_0:1139,features_0.npy,1139,test,0,-2.1129682,0.024658399,0
features_0:1147,features_0.npy,1147,test,0,-2.931502,0.007825879,0
features_0:1148,features_0.npy,1148,test,0,-3.9261098,0.0019117703,0
features_0:1150,features_0.npy,1150,test,0,-1.4478031,0.061161514,0
features_0:1154,features_0.npy,1154,test,0,-5.1955714,0.00031447725,0
features_0:1158,features_0.npy,1158,test,0,-1.8147532,0.037208363,0
features_0:1162,features_0.npy,1162,test,0,-2.4778662,0.014818806,0
features_0:1171,features_0.npy,1171,test,0,-1.1144587,0.094767205,0
features_0:1180,features_0.npy,1180,test,0,-6.452356,5.260129e-05,0
features_0:1199,features_0.npy,1199,test,0,-5.4393992,0.0002223008,0
features_0:1213,features_0.npy,1213,test,0,-2.0993512,0.02512875,0
features_0:1224,features_0.npy,1224,test,0,-6.433901,5.4000935e-05,0
features_0:1238,features_0.npy,1238,test,0,-2.1991887,0.021873482,0
features_0:1243,features_0.npy,1243,test,0,-7.2760687,1.6291033e-05,0
features_0:1248,features_0.npy,1248,test,0,-2.0081377,0.02851227,0
features_0:1250,features_0.npy,1250,test,0,-5.7773175,0.00013744872,0
features_0:1254,features_0.npy,1254,test,0,-0.25098065,0.26346818,0
features_0:1256,features_0.npy,1256,test,0,-3.764731,0.0024041154,0
features_0:1267,features_0.npy,1267,test,0,-0.25736496,0.261709,0
features_0:1275,features_0.npy,1275,test,0,-8.046606,5.44193e-06,0
features_0:1282,features_0.npy,1282,test,0,-4.451071,0.0009066534,0
features_0:1286,features_0.npy,1286,test,0,-5.721573,0.00014879435,0
features_0:1297,features_0.npy,1297,test,0,-0.4488041,0.21256596,0
features_0:1303,features_0.npy,1303,test,0,0.48233265,0.5038753,1
features_0:1320,features_0.npy,1320,test,0,-4.7248745,0.0006142635,0
features_0:1321,features_0.npy,1321,test,0,0.6296233,0.55603844,1
features_0:1344,features_0.npy,1344,test,0,-3.1722863,0.0055681765,0
features_0:1345,features_0.npy,1345,test,0,-5.0597687,0.00038149388,0
features_0:1349,features_0.npy,1349,test,0,-3.8164213,0.0022340051,0
features_0:1354,features_0.npy,1354,test,0,-6.247194,7.043378e-05,0
features_0:1363,features_0.npy,1363,test,0,-3.4525962,0.0037434709,0
features_0:1369,features_0.npy,1369,test,0,-1.7698218,0.0395679,0
features_0:1370,features_0.npy,1370,test,0,-6.8788543,2.8669907e-05,0
features_0:1372,features_0.npy,1372,test,0,-6.549892,4.578477e-05,0
features_0:1376,features_0.npy,1376,test,0,-5.968572,0.00010470261,0
features_0:1380,features_0.npy,1380,test,0,2.2335377,0.92466635,1
features_0:1382,features_0.npy,1382,test,0,-2.7633462,0.00992059,0
features_0:1390,features_0.npy,1390,test,0,-1.5811487,0.051131032,0
features_0:1393,features_0.npy,1393,test,0,-5.6692,0.00016030551,0
features_0:1396,features_0.npy,1396,test,0,-4.232393,0.0012372084,0
features_0:1397,features_0.npy,1397,test,0,-4.787488,0.00056192925,0
features_0:1400,features_0.npy,1400,test,0,-3.3931348,0.0040726666,0
features_0:1407,features_0.npy,1407,test,0,-4.5270257,0.00081384304,0
features_0:1409,features_0.npy,1409,test,0,-6.0307117,9.58425e-05,0
features_0:1417,features_0.npy,1417,test,0,-6.944355,2.6118432e-05,0
features_0:1422,features_0.npy,1422,test,0,-2.7867193,0.009599165,0
features_0:1435,features_0.npy,1435,test,0,-6.130686,8.3133986e-05,0
features_0:1446,features_0.npy,1446,test,0,-2.12774,0.024157869,0
features_0:1451,features_0.npy,1451,test,0,-4.790104,0.00055984245,0
features_0:1452,features_0.npy,1452,test,0,-5.122635,0.0003488589,0
features_0:1459,features_0.npy,1459,test,0,-3.230305,0.0051291864,0
features_0:1462,features_0.npy,1462,test,0,-3.8028665,0.0022774162,0
features_0:1465,features_0.npy,1465,test,0,-6.703338,3.6803885e-05,0
features_0:1474,features_0.npy,1474,test,0,-4.0148706,0.0016853075,0
features_0:1476,features_0.npy,1476,test,0,-3.6596594,0.0027907593,0
features_0:1481,features_0.npy,1481,test,0,-3.1517148,0.0057326374,0
features_0:1485,features_0.npy,1485,test,0,-4.632368,0.0007006273,0
features_0:1491,features_0.npy,1491,test,0,-2.7095063,0.01070208,0
features_0:1495,features_0.npy,1495,test,0,2.5795755,0.9525708,1
features_0:1500,features_0.npy,1500,test,0,-5.511287,0.00020068877,0
features_0:1508,features_0.npy,1508,test,0,-1.7063334,0.043147705,0
features_0:1509,features_0.npy,1509,test,0,-1.0552214,0.10224983,0
features_0:1513,features_0.npy,1513,test,0,-1.1215358,0.09390679,0
features_0:1516,features_0.npy,1516,test,0,-5.103021,0.00035872945,0
features_0:1518,features_0.npy,1518,test,0,-4.7224646,0.0006163724,0
features_0:1526,features_0.npy,1526,test,0,-1.5592616,0.05266343,0
features_0:1528,features_0.npy,1528,test,0,-4.00033,0.0017204816,0
features_0:1551,features_0.npy,1551,test,0,-2.3438783,0.017875968,0
features_0:1553,features_0.npy,1553,test,0,-5.1001425,0.00036020146,0
features_0:1558,features_0.npy,1558,test,0,-2.3496943,0.01773124,0
features_0:1570,features_0.npy,1570,test,0,-5.6285048,0.00016986123,0
features_0:1571,features_0.npy,1571,test,0,-7.1191874,2.0365787e-05,0
features_0:1582,features_0.npy,1582,test,0,-0.5461915,0.19029237,0
features_0:1584,features_0.npy,1584,test,0,-5.110563,0.00035490142,0
features_0:1586,features_0.npy,1586,test,0,-3.208962,0.0052865217,0
features_0:1590,features_0.npy,1590,test,0,-6.3783154,5.844556e-05,0
features_0:1596,features_0.npy,1596,test,0,-2.2619789,0.020041293,0
features_0:1602,features_0.npy,1602,test,0,0.76507545,0.6029689,1
features_0:1611,features_0.npy,1611,test,0,-2.2938359,0.019170066,0
features_0:1621,features_0.npy,1621,test,0,-5.30241,0.00027013512,0
features_0:1624,features_0.npy,1624,test,0,-4.4156346,0.00095350045,0
features_0:1625,features_0.npy,1625,test,0,-4.490146,0.0008576567,0
features_0:1628,features_0.npy,1628,test,0,-5.157948,0.00033176725,0
features_0:1637,features_0.npy,1637,test,0,-1.3352119,0.07103453,0
features_0:1638,features_0.npy,1638,test,0,3.817301,0.9915175,1
features_0:1650,features_0.npy,1650,test,0,-5.9877505,0.000101884056,0
features_0:1651,features_0.npy,1651,test,0,1.3029035,0.76552135,1
features_0:1653,features_0.npy,1653,test,0,-2.563914,0.013133397,0
features_1:11,features_1.npy,11,test,1,8.956541,0.9999943,1
features_1:13,features_1.npy,13,test,1,7.665509,0.99996424,1
features_1:18,features_1.npy,18,test,1,7.256708,0.999936,1
features_1:21,features_1.npy,21,test,1,6.6419816,0.99984634,1
features_1:34,features_1.npy,34,test,1,5.2970257,0.9989594,1
features_1:35,features_1.npy,35,test,1,3.971468,0.99317706,1
features_1:38,features_1.npy,38,test,1,6.6857324,0.99985564,1
features_1:42,features_1.npy,42,test,1,-1.2187098,0.08278307,0
features_1:49,features_1.npy,49,test,1,5.7778687,0.9994748,1
features_1:72,features_1.npy,72,test,1,5.7297497,0.9994375,1
features_1:91,features_1.npy,91,test,1,2.4824903,0.945924,1
features_1:128,features_1.npy,128,test,1,8.71025,0.9999919,1
features_1:133,features_1.npy,133,test,1,3.985664,0.99331254,1
features_1:142,features_1.npy,142,test,1,5.5809283,0.999305,1
features_1:148,features_1.npy,148,test,1,5.892192,0.9995536,1
features_1:151,features_1.npy,151,test,1,0.8914277,0.6451192,1
features_1:158,features_1.npy,158,test,1,5.400236,0.9991014,1
features_1:159,features_1.npy,159,test,1,6.3086553,0.9997532,1
features_1:165,features_1.npy,165,test,1,7.321379,0.9999416,1
features_1:185,features_1.npy,185,test,1,5.4305396,0.9991393,1
features_1:207,features_1.npy,207,test,1,0.06788472,0.36025277,0
features_1:216,features_1.npy,216,test,1,5.129083,0.99867886,1
features_1:237,features_1.npy,237,test,1,6.923617,0.9998971,1
features_1:252,features_1.npy,252,test,1,6.1692853,0.999699,1
features_1:261,features_1.npy,261,test,1,4.603384,0.9972126,1
features_1:262,features_1.npy,262,test,1,8.040119,0.999979,1
features_1:269,features_1.npy,269,test,1,8.587113,0.99999034,1
features_1:281,features_1.npy,281,test,1,7.5338864,0.99995685,1
features_1:284,features_1.npy,284,test,1,5.6805243,0.9993968,1
features_1:285,features_1.npy,285,test,1,6.7250185,0.9998635,1
features_1:287,features_1.npy,287,test,1,4.756003,0.9977556,1
features_1:294,features_1.npy,294,test,1,5.6527166,0.99937254,1
features_1:306,features_1.npy,306,test,1,6.371859,0.9997744,1
features_1:311,features_1.npy,311,test,1,6.7387033,0.9998661,1
features_1:316,features_1.npy,316,test,1,4.618734,0.9972727,1
features_1:320,features_1.npy,320,test,1,4.399917,0.99628,1
features_1:340,features_1.npy,340,test,1,5.7531204,0.999456,1
features_1:341,features_1.npy,341,test,1,6.6777883,0.99985397,1
features_1:342,features_1.npy,342,test,1,5.7234807,0.9994325,1
features_1:348,features_1.npy,348,test,1,5.3743587,0.9990677,1
features_1:352,features_1.npy,352,test,1,-0.12404868,0.29998007,0
features_1:360,features_1.npy,360,test,1,8.005519,0.99997795,1
features_1:372,features_1.npy,372,test,1,6.934164,0.9998987,1
features_1:380,features_1.npy,380,test,1,7.2327914,0.9999337,1
features_1:389,features_1.npy,389,test,1,6.449413,0.999798,1
features_1:394,features_1.npy,394,test,1,4.512676,0.9968297,1
features_1:398,features_1.npy,398,test,1,1.4581015,0.8028247,1
features_1:406,features_1.npy,406,test,1,4.9328966,0.9982541,1
features_1:409,features_1.npy,409,test,1,4.393077,0.99624383,1
features_1:418,features_1.npy,418,test,1,7.1731997,0.9999279,1
features_1:424,features_1.npy,424,test,1,3.4015906,0.9847779,1
features_1:444,features_1.npy,444,test,1,7.011044,0.99990916,1
features_1:445,features_1.npy,445,test,1,3.9525983,0.99299276,1
features_1:446,features_1.npy,446,test,1,4.586445,0.99714476,1
features_1:452,features_1.npy,452,test,1,8.796027,0.99999285,1
features_1:454,features_1.npy,454,test,1,1.3395157,0.7747435,1
features_1:459,features_1.npy,459,test,1,6.3956947,0.9997819,1
features_1:469,features_1.npy,469,test,1,5.992473,0.999613,1
features_1:480,features_1.npy,480,test,1,5.5527735,0.9992766,1
features_1:482,features_1.npy,482,test,1,4.3282166,0.99588215,1
features_1:489,features_1.npy,489,test,1,2.1527555,0.91625756,1
features_1:503,features_1.npy,503,test,1,2.696494,0.95954627,1
features_1:515,features_1.npy,515,test,1,7.9509764,0.99997616,1
features_1:520,features_1.npy,520,test,1,7.373369,0.99994576,1
features_1:525,features_1.npy,525,test,1,7.1977663,0.9999304,1
features_1:530,features_1.npy,530,test,1,7.6253314,0.9999621,1
features_1:536,features_1.npy,536,test,1,5.1092606,0.9986411,1
features_1:542,features_1.npy,542,test,1,3.4252424,0.9852743,1
features_1:553,features_1.npy,553,test,1,3.8902688,0.9923477,1
features_1:560,features_1.npy,560,test,1,7.6630316,0.9999641,1
features_1:577,features_1.npy,577,test,1,5.71869,0.9994287,1
features_1:587,features_1.npy,587,test,1,3.5754359,0.98807424,1
features_1:588,features_1.npy,588,test,1,-0.16400707,0.28817698,0
features_1:590,features_1.npy,590,test,1,7.2555394,0.99993587,1
features_1:591,features_1.npy,591,test,1,7.214355,0.99993193,1
features_1:593,features_1.npy,593,test,1,6.6193833,0.99984133,1
features_1:613,features_1.npy,613,test,1,6.399285,0.999783,1
features_1:617,features_1.npy,617,test,1,7.298712,0.9999397,1
features_1:618,features_1.npy,618,test,1,6.1670313,0.99969804,1
features_1:620,features_1.npy,620,test,1,3.8050594,0.9913697,1
features_1:626,features_1.npy,626,test,1,5.62797,0.99935,1
features_1:629,features_1.npy,629,test,1,3.7500105,0.9906731,1
features_1:630,features_1.npy,630,test,1,4.206045,0.99510396,1
features_1:634,features_1.npy,634,test,1,3.2153423,0.98024964,1
features_1:643,features_1.npy,643,test,1,6.078672,0.99965763,1
features_1:649,features_1.npy,649,test,1,3.628993,0.9889397,1
features_1:660,features_1.npy,660,test,1,-1.1282934,0.09309176,0
features_1:671,features_1.npy,671,test,1,-1.2612721,0.0782989,0
features_1:672,features_1.npy,672,test,1,7.344787,0.9999435,1
features_1:686,features_1.npy,686,test,1,6.200727,0.99971217,1
features_1:692,features_1.npy,692,test,1,5.4345684,0.9991442,1
features_1:699,features_1.npy,699,test,1,3.351084,0.9836622,1
features_1:707,features_1.npy,707,test,1,7.975464,0.999977,1
features_1:710,features_1.npy,710,test,1,5.157083,0.99873036,1
features_1:714,features_1.npy,714,test,1,4.4129286,0.9963481,1
features_1:715,features_1.npy,715,test,1,7.054376,0.9999145,1
features_1:728,features_1.npy,728,test,1,2.5227025,0.94877744,1
features_1:743,features_1.npy,743,test,1,7.6126933,0.9999614,1
features_1:749,features_1.npy,749,test,1,1.2799222,0.7596003,1
features_1:762,features_1.npy,762,test,1,4.915353,0.9982101,1
features_1:799,features_1.npy,799,test,1,2.4573712,0.9440661,1
features_1:827,features_1.npy,827,test,1,4.5252557,0.99688584,1
features_1:832,features_1.npy,832,test,1,5.9605813,0.999595,1
features_1:850,features_1.npy,850,test,1,7.301026,0.9999398,1
features_1:856,features_1.npy,856,test,1,7.658254,0.99996376,1
features_1:858,features_1.npy,858,test,1,7.6643286,0.9999641,1
features_1:873,features_1.npy,873,test,1,0.92794865,0.65692556,1
features_1:885,features_1.npy,885,test,1,5.4134593,0.99911815,1
features_1:890,features_1.npy,890,test,1,7.2099414,0.9999316,1
features_1:894,features_1.npy,894,test,1,4.140628,0.99462897,1
features_1:899,features_1.npy,899,test,1,3.4248073,0.9852653,1
features_1:914,features_1.npy,914,test,1,3.128152,0.9776988,1
features_1:916,features_1.npy,916,test,1,4.9380493,0.9982668,1
features_1:917,features_1.npy,917,test,1,6.403355,0.9997843,1
features_1:918,features_1.npy,918,test,1,5.651456,0.99937135,1
features_1:930,features_1.npy,930,test,1,3.9924645,0.99337655,1
features_1:933,features_1.npy,933,test,1,5.864783,0.9995359,1
features_1:935,features_1.npy,935,test,1,5.4383087,0.9991487,1
features_1:943,features_1.npy,943,test,1,2.7309198,0.9614057,1
features_1:951,features_1.npy,951,test,1,6.3537874,0.99976856,1
features_1:956,features_1.npy,956,test,1,5.526847,0.9992494,1
features_1:958,features_1.npy,958,test,1,3.277603,0.9818939,1
features_1:968,features_1.npy,968,test,1,3.639998,0.98910975,1
features_1:974,features_1.npy,974,test,1,4.376215,0.99615294,1
features_1:977,features_1.npy,977,test,1,6.3703074,0.9997739,1
features_1:983,features_1.npy,983,test,1,0.41718915,0.4807098,1
features_1:987,features_1.npy,987,test,1,5.5235443,0.999246,1
features_1:988,features_1.npy,988,test,1,0.7361714,0.5930817,1
features_1:993,features_1.npy,993,test,1,5.7067494,0.99941885,1
features_1:998,features_1.npy,998,test,1,2.9823718,0.97269803,1
features_1:1000,features_1.npy,1000,test,1,7.2173796,0.9999323,1
features_1:1004,features_1.npy,1004,test,1,1.3080435,0.7668317,1
features_1:1005,features_1.npy,1005,test,1,1.1725963,0.73061836,1
features_1:1009,features_1.npy,1009,test,1,2.5057697,0.9475937,1
features_1:1013,features_1.npy,1013,test,1,5.353045,0.99903905,1
features_1:1014,features_1.npy,1014,test,1,6.3599653,0.9997706,1
features_1:1016,features_1.npy,1016,test,1,2.4732292,0.94524586,1
features_1:1050,features_1.npy,1050,test,1,5.1696515,0.99875283,1
features_1:1062,features_1.npy,1062,test,1,6.3214774,0.9997576,1
features_1:1072,features_1.npy,1072,test,1,2.6820035,0.95873827,1
features_1:1082,features_1.npy,1082,test,1,6.059937,0.99964833,1
features_1:1083,features_1.npy,1083,test,1,1.6352295,0.83971375,1
features_1:1087,features_1.npy,1087,test,1,5.567346,0.9992914,1
features_1:1093,features_1.npy,1093,test,1,6.43399,0.99979347,1
features_1:1098,features_1.npy,1098,test,1,5.600265,0.99932384,1
features_1:1107,features_1.npy,1107,test,1,3.2679234,0.98164743,1
features_1:1109,features_1.npy,1109,test,1,1.653621,0.8432051,1
features_1:1111,features_1.npy,1111,test,1,6.961834,0.9999025,1
features_1:1127,features_1.npy,1127,test,1,6.0385027,0.9996375,1
features_1:1133,features_1.npy,1133,test,1,5.1462584,0.99871075,1
features_1:1140,features_1.npy,1140,test,1,6.0045824,0.9996195,1
features_1:1141,features_1.npy,1141,test,1,2.4210207,0.94127107,1
features_1:1142,features_1.npy,1142,test,1,3.4631922,0.9860377,1
features_1:1147,features_1.npy,1147,test,1,5.3765473,0.9990707,1
features_1:1177,features_1.npy,1177,test,1,2.7005506,0.95976985,1
features_1:1184,features_1.npy,1184,test,1,3.203938,0.979933,1
features_1:1190,features_1.npy,1190,test,1,3.5816228,0.9881776,1
features_1:1195,features_1.npy,1195,test,1,6.5629478,0.9998281,1
features_1:1198,features_1.npy,1198,test,1,0.6390384,0.5593433,1
features_1:1219,features_1.npy,1219,test,1,0.22236364,0.41230607,0
features_1:1225,features_1.npy,1225,test,1,4.410731,0.9963366,1
features_1:1232,features_1.npy,1232,test,1,8.33952,0.9999863,1
features_1:1241,features_1.npy,1241,test,1,2.0928423,0.9094793,1
features_1:1243,features_1.npy,1243,test,1,2.320352,0.9328331,1
features_1:1244,features_1.npy,1244,test,1,4.1135745,0.9944193,1
features_1:1246,features_1.npy,1246,test,1,1.2466689,0.7508535,1
features_1:1249,features_1.npy,1249,test,1,5.889103,0.9995516,1
features_1:1250,features_1.npy,1250,test,1,3.9974806,0.99342334,1
features_1:1253,features_1.npy,1253,test,1,1.2840145,0.76066214,1
features_1:1259,features_1.npy,1259,test,1,6.650895,0.99984825,1
features_1:1269,features_1.npy,1269,test,1,7.95568,0.9999763,1
features_1:1273,features_1.npy,1273,test,1,5.3889194,0.99908686,1
features_1:1277,features_1.npy,1277,test,1,5.9975157,0.99961567,1
features_1:1286,features_1.npy,1286,test,1,1.080711,0.70412266,1
features_1:1287,features_1.npy,1287,test,1,4.363426,0.99608254,1
features_1:1291,features_1.npy,1291,test,1,5.3219767,0.9989957,1
features_1:1294,features_1.npy,1294,test,1,3.0028963,0.973463,1
features_1:1302,features_1.npy,1302,test,1,1.5764543,0.82813424,1
features_1:1303,features_1.npy,1303,test,1,4.6089754,0.99723464,1
features_1:1312,features_1.npy,1312,test,1,5.717184,0.99942744,1
features_1:1316,features_1.npy,1316,test,1,3.7012615,0.9900097,1
features_1:1317,features_1.npy,1317,test,1,4.497499,0.9967608,1
features_1:1323,features_1.npy,1323,test,1,8.169098,0.9999825,1
features_1:1333,features_1.npy,1333,test,1,0.50300574,0.5112281,1
features_1:1341,features_1.npy,1341,test,1,2.6143074,0.9547544,1
features_1:1347,features_1.npy,1347,test,1,5.6154995,0.9993383,1
features_1:1354,features_1.npy,1354,test,1,3.8556585,0.99196446,1
features_1:1355,features_1.npy,1355,test,1,5.350851,0.9990361,1
features_1:1364,features_1.npy,1364,test,1,4.039333,0.9938013,1
features_1:1367,features_1.npy,1367,test,1,1.2322369,0.7469918,1
features_1:1368,features_1.npy,1368,test,1,5.0413485,0.99850345,1
features_1:1376,features_1.npy,1376,test,1,2.365992,0.9367897,1
features_1:1385,features_1.npy,1385,test,1,7.0246267,0.99991083,1
features_1:1388,features_1.npy,1388,test,1,5.8942475,0.99955493,1
features_1:1390,features_1.npy,1390,test,1,4.525661,0.9968876,1
features_1:1394,features_1.npy,1394,test,1,3.4899623,0.98655254,1
features_1:1408,features_1.npy,1408,test,1,6.608284,0.9998388,1
features_1:1415,features_1.npy,1415,test,1,7.284042,0.99993837,1
features_1:1423,features_1.npy,1423,test,1,5.8040223,0.99949396,1
features_1:1439,features_1.npy,1439,test,1,5.867161,0.99953747,1
features_1:1440,features_1.npy,1440,test,1,7.4580655,0.99995184,1
features_1:1443,features_1.npy,1443,test,1,6.416707,0.99978834,1
features_1:1447,features_1.npy,1447,test,1,5.2353163,0.99886405,1
features_1:1452,features_1.npy,1452,test,1,4.4246087,0.99640805,1
features_1:1453,features_1.npy,1453,test,1,3.1786184,0.97921205,1
features_1:1459,features_1.npy,1459,test,1,3.1082425,0.9770726,1
features_1:1465,features_1.npy,1465,test,1,4.031472,0.9937319,1
features_1:1472,features_1.npy,1472,test,1,6.224491,0.9997217,1
features_1:1473,features_1.npy,1473,test,1,-2.349277,0.017741583,0
features_1:1478,features_1.npy,1478,test,1,3.150415,0.97837925,1
features_1:1482,features_1.npy,1482,test,1,3.684671,0.9897736,1
features_1:1485,features_1.npy,1485,test,1,6.6792536,0.9998543,1
features_1:1489,features_1.npy,1489,test,1,2.442444,0.9429338,1
features_1:1494,features_1.npy,1494,test,1,6.6244335,0.9998424,1
features_1:1500,features_1.npy,1500,test,1,6.506647,0.99981374,1
features_1:1523,features_1.npy,1523,test,1,6.2893014,0.99974626,1
features_1:1525,features_1.npy,1525,test,1,4.1582713,0.9947614,1
features_1:1530,features_1.npy,1530,test,1,3.848551,0.9918835,1
features_1:1540,features_1.npy,1540,test,1,3.7565312,0.9907584,1
features_1:1546,features_1.npy,1546,test,1,4.2666626,0.99550676,1
features_1:1549,features_1.npy,1549,test,1,6.6895256,0.99985635,1
features_1:1555,features_1.npy,1555,test,1,5.049348,0.9985203,1
features_1:1559,features_1.npy,1559,test,1,5.077281,0.99857795,1
features_1:1567,features_1.npy,1567,test,1,1.0327673,0.689714,1
features_1:1571,features_1.npy,1571,test,1,5.220382,0.9988397,1
features_1:1579,features_1.npy,1579,test,1,6.916331,0.99989605,1
features_1:1584,features_1.npy,1584,test,1,7.2293797,0.99993336,1
features_1:1587,features_1.npy,1587,test,1,6.3133903,0.99975485,1
features_1:1601,features_1.npy,1601,test,1,7.522204,0.99995613,1
features_1:1606,features_1.npy,1606,test,1,7.0167103,0.9999099,1
features_1:1608,features_1.npy,1608,test,1,4.0284314,0.993705,1
features_1:1631,features_1.npy,1631,test,1,6.93084,0.9998982,1
features_1:1660,features_1.npy,1660,test,1,5.654538,0.9993741,1
features_1:1661,features_1.npy,1661,test,1,3.412379,0.9850064,1
features_1:1678,features_1.npy,1678,test,1,1.1683793,0.7294357,1
features_1:1679,features_1.npy,1679,test,1,7.405393,0.99994814,1
features_1:1680,features_1.npy,1680,test,1,3.1094005,0.9771096,1
features_1:1682,features_1.npy,1682,test,1,5.929432,0.9995766,1
features_1:1686,features_1.npy,1686,test,1,5.730875,0.99943846,1
features_1:1692,features_1.npy,1692,test,1,3.133259,0.9778568,1
features_1:1693,features_1.npy,1693,test,1,3.3462994,0.9835524,1
features_1:1695,features_1.npy,1695,test,1,1.3837816,0.785546,1
features_1:1698,features_1.npy,1698,test,1,6.474862,0.99980515,1
features_1:1699,features_1.npy,1699,test,1,6.3673034,0.99977297,1
features_1:1708,features_1.npy,1708,test,1,5.4995246,0.99921966,1
features_1:1709,features_1.npy,1709,test,1,7.048382,0.9999138,1
features_1:1710,features_1.npy,1710,test,1,1.4845655,0.808718,1
features_1:1712,features_1.npy,1712,test,1,5.8645816,0.9995358,1
features_1:1735,features_1.npy,1735,test,1,2.5314877,0.94938165,1
features_1:1748,features_1.npy,1748,test,1,4.1192803,0.9944641,1
features_1:1764,features_1.npy,1764,test,1,-2.0844667,0.025652876,0
features_1:1768,features_1.npy,1768,test,1,2.0575306,0.9052564,1
features_1:1776,features_1.npy,1776,test,1,7.584273,0.9999598,1
features_1:1799,features_1.npy,1799,test,1,4.3140736,0.99579865,1
features_1:1822,features_1.npy,1822,test,1,4.5494127,0.9969907,1
features_1:1823,features_1.npy,1823,test,1,3.2280817,0.98059756,1
features_1:1826,features_1.npy,1826,test,1,3.365394,0.98398626,1
features_1:1827,features_1.npy,1827,test,1,6.668986,0.9998522,1
features_1:1829,features_1.npy,1829,test,1,7.461885,0.9999522,1
features_1:1836,features_1.npy,1836,test,1,5.4274917,0.99913555,1
features_1:1845,features_1.npy,1845,test,1,6.163689,0.9996966,1
features_1:1852,features_1.npy,1852,test,1,8.247779,0.9999844,1
features_1:1855,features_1.npy,1855,test,1,3.9329908,0.9927959,1
features_1:1858,features_1.npy,1858,test,1,7.1683536,0.9999274,1
features_1:1863,features_1.npy,1863,test,1,-1.5938509,0.050261162,0
features_1:1865,features_1.npy,1865,test,1,7.117644,0.9999219,1
features_1:1870,features_1.npy,1870,test,1,0.08439513,0.3656852,0
features_1:1873,features_1.npy,1873,test,1,5.003832,0.99842155,1
features_1:1875,features_1.npy,1875,test,1,4.060637,0.99398524,1
features_1:1906,features_1.npy,1906,test,1,3.6705987,0.9895689,1
features_1:1909,features_1.npy,1909,test,1,4.16705,0.994826,1
features_1:1913,features_1.npy,1913,test,1,2.0760853,0.90749687,1
features_1:1925,features_1.npy,1925,test,1,0.15792894,0.39028075,0
features_1:1928,features_1.npy,1928,test,1,6.920401,0.99989665,1
features_1:1934,features_1.npy,1934,test,1,3.800821,0.991318,1
features_1:1956,features_1.npy,1956,test,1,6.176516,0.99970204,1
features_1:1961,features_1.npy,1961,test,1,1.4812238,0.8079814,1
features_1:1965,features_1.npy,1965,test,1,3.5460107,0.9875706,1
features_1:1968,features_1.npy,1968,test,1,6.8057013,0.9998783,1
features_1:1969,features_1.npy,1969,test,1,3.2744005,0.9818127,1
features_1:1974,features_1.npy,1974,test,1,3.5112402,0.9869484,1
features_1:1976,features_1.npy,1976,test,1,6.1275444,0.99968064,1
features_1:1977,features_1.npy,1977,test,1,5.1934857,0.99879444,1
features_1:1982,features_1.npy,1982,test,1,0.03666675,0.3500792,0
features_1:1985,features_1.npy,1985,test,1,3.8808265,0.992245,1
features_1:1986,features_1.npy,1986,test,1,0.77803594,0.6073756,1
features_1:1989,features_1.npy,1989,test,1,4.1168957,0.9944455,1
features_1:1990,features_1.npy,1990,test,1,2.2745645,0.9286337,1
features_1:1999,features_1.npy,1999,test,1,2.3916523,0.9389178,1
features_1:2000,features_1.npy,2000,test,1,6.0867524,0.99966156,1
features_1:2006,features_1.npy,2006,test,1,2.0988183,0.910177,1
features_1:2009,features_1.npy,2009,test,1,4.9082537,0.9981919,1
features_1:2013,features_1.npy,2013,test,1,2.41166,0.94053036,1
features_1:2014,features_1.npy,2014,test,1,8.875442,0.99999356,1
features_1:2016,features_1.npy,2016,test,1,2.3063867,0.93157715,1
features_1:2017,features_1.npy,2017,test,1,2.4107127,0.94045496,1
features_1:2018,features_1.npy,2018,test,1,1.899653,0.8841551,1
features_1:2032,features_1.npy,2032,test,1,4.353218,0.99602544,1
features_1:2033,features_1.npy,2033,test,1,1.5081795,0.8138624,1
features_1:2035,features_1.npy,2035,test,1,6.00576,0.9996202,1
features_1:2040,features_1.npy,2040,test,1,6.0915112,0.99966383,1
features_1:2043,features_1.npy,2043,test,1,7.1856785,0.9999291,1
features_1:2051,features_1.npy,2051,test,1,4.0880933,0.99421436,1
features_1:2054,features_1.npy,2054,test,1,3.470044,0.9861713,1
features_1:2057,features_1.npy,2057,test,1,5.526706,0.9992493,1
features_1:2061,features_1.npy,2061,test,1,5.92502,0.999574,1
features_1:2068,features_1.npy,2068,test,1,6.043681,0.9996401,1
features_1:2070,features_1.npy,2070,test,1,6.398879,0.99978286,1
features_1:2096,features_1.npy,2096,test,1,0.39449605,0.47265434,1
features_1:2099,features_1.npy,2099,test,1,3.6611452,0.98942906,1
features_1:2113,features_1.npy,2113,test,1,7.8865323,0.9999739,1
features_1:2122,features_1.npy,2122,test,1,2.5452685,0.9503157,1
features_1:2126,features_1.npy,2126,test,1,6.643514,0.9998467,1
features_1:2128,features_1.npy,2128,test,1,5.209379,0.9988213,1
features_1:2132,features_1.npy,2132,test,1,4.6014295,0.99720484,1
features_1:2134,features_1.npy,2134,test,1,5.4241714,0.9991315,1
features_1:2139,features_1.npy,2139,test,1,2.8420477,0.9668637,1
features_1:2140,features_1.npy,2140,test,1,6.607108,0.9998385,1
features_1:2146,features_1.npy,2146,test,1,4.1480007,0.99468464,1
features_1:2147,features_1.npy,2147,test,1,5.0429854,0.99850684,1
features_1:2163,features_1.npy,2163,test,1,5.1541743,0.9987251,1
features_1:2174,features_1.npy,2174,test,1,4.0388412,0.99379694,1
features_1:2204,features_1.npy,2204,test,1,2.3614476,0.9364057,1
features_1:2214,features_1.npy,2214,test,1,4.689795,0.9975343,1
features_1:2217,features_1.npy,2217,test,1,4.381211,0.99618006,1
features_1:2219,features_1.npy,2219,test,1,5.7988424,0.99949014,1
features_1:2240,features_1.npy,2240,test,1,1.4474797,0.800421,1
features_1:2241,features_1.npy,2241,test,1,3.6408193,0.9891222,1
features_1:2242,features_1.npy,2242,test,1,0.7558293,0.59981483,1
features_1:2246,features_1.npy,2246,test,1,4.3475404,0.99599326,1
features_1:2247,features_1.npy,2247,test,1,5.2299457,0.99885535,1
features_1:2252,features_1.npy,2252,test,1,6.9874597,0.99990606,1
features_1:2253,features_1.npy,2253,test,1,1.2328684,0.74716157,1
features_1:2255,features_1.npy,2255,test,1,4.9585676,0.99831665,1
features_1:2257,features_1.npy,2257,test,1,2.9061792,0.96966624,1
features_1:2262,features_1.npy,2262,test,1,7.221465,0.99993265,1
features_1:2264,features_1.npy,2264,test,1,5.1588993,0.9987337,1
features_1:2265,features_1.npy,2265,test,1,7.203526,0.99993086,1
features_1:2266,features_1.npy,2266,test,1,2.4652824,0.9446576,1
features_1:2269,features_1.npy,2269,test,1,7.246479,0.99993503,1
features_1:2272,features_1.npy,2272,test,1,3.4672148,0.98611623,1
features_1:2301,features_1.npy,2301,test,1,4.66948,0.99746215,1
features_1:2302,features_1.npy,2302,test,1,6.793206,0.99987614,1
features_1:2307,features_1.npy,2307,test,1,6.0964713,0.9996662,1
features_1:2310,features_1.npy,2310,test,1,4.967659,0.9983382,1
features_1:2314,features_1.npy,2314,test,1,3.2471416,0.981107,1
features_1:2319,features_1.npy,2319,test,1,3.7058613,0.99007434,1
features_1:2335,features_1.npy,2335,test,1,6.360872,0.9997708,1
features_1:2339,features_1.npy,2339,test,1,1.7055908,0.85273635,1
features_1:2350,features_1.npy,2350,test,1,7.3507504,0.999944,1
features_1:2351,features_1.npy,2351,test,1,5.3845415,0.99908113,1
features_1:2357,features_1.npy,2357,test,1,2.8885307,0.96891874,1
features_1:2358,features_1.npy,2358,test,1,6.8829784,0.9998909,1
features_1:2369,features_1.npy,2369,test,1,7.8620176,0.99997294,1
features_1:2373,features_1.npy,2373,test,1,3.8271635,0.9916347,1
features_1:2376,features_1.npy,2376,test,1,5.179135,0.9987696,1
features_1:2380,features_1.npy,2380,test,1,7.843182,0.9999722,1
