sample_id,source_file,source_index,split,y_true,raw_score,probability,y_pred
features_0:0,features_0.npy,0,train,1,14.8359375,0.99999963955911,1
features_0:2,features_0.npy,2,train,1,12.671875,0.9999968618532465,1
features_0:3,features_0.npy,3,train,1,14.78125,0.999999619298556,1
features_0:5,features_0.npy,5,train,1,12.1171875,0.999994535254272,1
features_0:6,features_0.npy,6,train,1,13.4609375,0.9999985744301444,1
features_0:7,features_0.npy,7,train,0,-11.5703125,9.44219633520552e-06,0
features_0:9,features_0.npy,9,train,1,13.765625,0.9999989488503112,1
features_0:10,features_0.npy,10,train,0,-13.15625,1.9333584585546463e-06,0
features_0:11,features_0.npy,11,train,1,11.5546875,0.9999904091121345,1
features_0:12,features_0.npy,12,train,1,11.828125,0.9999927036205339,1
features_0:15,features_0.npy,15,train,0,-14.59375,4.5921356162867124e-07,0
features_0:18,features_0.npy,18,train,0,-16.125,9.931193325870136e-08,0
features_0:23,features_0.npy,23,train,0,-13.84375,9.721546189381598e-07,0
features_0:24,features_0.npy,24,train,1,13.890625,0.9999990723635409,1
features_0:25,features_0.npy,25,train,1,17.3125,0.9999999697115696,1
features_0:27,features_0.npy,27,train,1,15.21875,0.9999997542006405,1
features_0:28,features_0.npy,28,train,1,10.2578125,0.9999649188841321,1
features_0:29,features_0.npy,29,train,1,13.3515625,0.9999984096621665,1
features_0:30,features_0.npy,30,train,0,-14.9375,3.256312191085833e-07,0
features_0:31,features_0.npy,31,train,1,11.0078125,0.9999834285474941,1
features_0:32,features_0.npy,32,train,0,-12.0078125,6.096360547613932e-06,0
features_0:33,features_0.npy,33,train,0,-12.921875,2.4439928455892952e-06,0
features_0:36,features_0.npy,36,train,0,-14.1015625,7.512230305142099e-07,0
features_0:38,features_0.npy,38,train,1,11.859375,0.9999929281049428,1
features_0:39,features_0.npy,39,train,1,11.46875,0.9999895484519483,1
features_0:41,features_0.npy,41,train,0,-15.578125,1.715956205316364e-07,0
features_0:42,features_0.npy,42,train,1,11.625,0.9999910603036951,1
features_0:43,features_0.npy,43,train,1,13.3359375,0.99999838461803,1
features_0:44,features_0.npy,44,train,0,-14.125,7.338209805254081e-07,0
features_0:45,features_0.npy,45,train,1,12.390625,0.9999958426352475,1
features_0:47,features_0.npy,47,train,1,12.328125,0.9999955745094438,1
features_0:48,features_0.npy,48,train,0,-14.7734375,3.8368732122902404e-07,0
features_0:49,features_0.npy,49,train,1,15.1171875,0.9999997279249181,1
features_0:51,features_0.npy,51,train,0,-12.7890625,2.7911264694379987e-06,0
features_0:52,features_0.npy,52,train,0,-10.9921875,1.68324105182435e-05,0
features_0:54,features_0.npy,54,train,1,12.21875,0.9999950630110505,1
features_0:55,features_0.npy,55,train,1,14.359375,0.9999994194997356,1
features_0:56,features_0.npy,56,train,0,-13.1796875,1.888572342681621e-06,0
features_0:57,features_0.npy,57,train,0,-15.4296875,1.9905439675366883e-07,0
features_0:58,features_0.npy,58,train,0,-14.1640625,7.057087600712171e-07,0
features_0:59,features_0.npy,59,train,0,-14.6953125,4.148648987636019e-07,0
features_0:60,features_0.npy,60,train,1,13.8984375,0.9999990795824586,1
features_0:61,features_0.npy,61,train,0,-13.3125,1.6536895860212646e-06,0
features_0:62,features_0.npy,62,train,1,14.28125,0.9999993723295867,1
features_0:63,features_0.npy,63,train,1,13.3046875,0.9999983333403875,1
features_0:65,features_0.npy,65,train,0,-12.265625,4.710908830437064e-06,0
features_0:66,features_0.npy,66,train,1,14.3828125,0.9999994329470021,1
features_0:67,features_0.npy,67,train,0,-13.2109375,1.83046718659965e-06,0
features_0:68,features_0.npy,68,train,0,-12.3515625,4.3229746210159785e-06,0
features_0:69,features_0.npy,69,train,1,16.515625,0.9999999328021826,1
features_0:70,features_0.npy,70,train,0,-13.609375,1.2289182723265359e-06,0
features_0:71,features_0.npy,71,train,1,14.921875,0.9999996692408369,1
features_0:72,features_0.npy,72,train,0,-12.8671875,2.581370544255233e-06,0
features_0:73,features_0.npy,73,train,0,-13.5859375,1.258061192651287e-06,0
features_0:74,features_0.npy,74,train,1,14.5546875,0.9999995224934584,1
features_0:75,features_0.npy,75,train,0,-13.1328125,1.9792066424034484e-06,0
features_0:76,features_0.npy,76,train,0,-14.0078125,8.25057030553458e-07,0
features_0:77,features_0.npy,77,train,1,13.953125,0.9999991285661438,1
features_0:78,features_0.npy,78,train,0,-12.59375,3.393144812976612e-06,0
features_0:79,features_0.npy,79,train,1,16.34375,0.9999999202006181,1
features_0:80,features_0.npy,80,train,1,16.421875,0.9999999261976361,1
features_0:81,features_0.npy,81,train,0,-14.625,4.450850519411503e-07,0
features_0:82,features_0.npy,82,train,1,12.7109375,0.9999969820733979,1
features_0:83,features_0.npy,83,train,1,12.7265625,0.9999970288618739,1
features_0:84,features_0.npy,84,train,1,11.5,0.9999898700090192,1
features_0:85,features_0.npy,85,train,0,-9.8125,5.4759769804494653e-05,0
features_0:86,features_0.npy,86,train,1,12.4921875,0.9999962441324314,1
features_0:88,features_0.npy,88,train,1,9.90625,0.9999501404178727,1
features_0:89,features_0.npy,89,train,0,-13.640625,1.1911084770297504e-06,0
features_0:90,features_0.npy,90,train,1,15.2890625,0.9999997708898006,1
features_0:92,features_0.npy,92,train,1,14.375,0.999999428499553,1
features_0:94,features_0.npy,94,train,1,12.8125,0.9999972735297293,1
features_0:96,features_0.npy,96,train,1,14.3984375,0.9999994417383392,1
features_0:97,features_0.npy,97,train,1,13.4453125,0.9999985519807184,1
features_0:99,features_0.npy,99,train,0,-15.5625,1.7429785788752586e-07,0
features_0:100,features_0.npy,100,train,0,-13.796875,1.0188092456838862e-06,0
features_0:101,features_0.npy,101,train,1,14.4453125,0.9999994673029882,1
features_0:102,features_0.npy,102,train,1,14.5703125,0.9999995298965078,1
features_0:104,features_0.npy,104,train,1,16.953125,0.999999956613827,1
features_0:105,features_0.npy,105,train,0,-13.59375,1.2482708949986417e-06,0
features_0:106,features_0.npy,106,train,1,15.375,0.999999789756659,1
features_0:107,features_0.npy,107,train,0,-14.2421875,6.526739438426098e-07,0
features_0:108,features_0.npy,108,train,1,13.921875,0.9999991009038888,1
features_0:109,features_0.npy,109,train,0,-14.3515625,5.850531816439962e-07,0
features_0:110,features_0.npy,110,train,1,14.5078125,0.9999994995774526,1
features_0:111,features_0.npy,111,train,1,13.328125,0.9999983719484529,1
features_0:113,features_0.npy,113,train,0,-15.921875,1.2167952147193295e-07,0
features_0:114,features_0.npy,114,train,1,16.1875,0.999999906705072,1
features_0:115,features_0.npy,115,train,1,14.3046875,0.9999993868695471,1
features_0:117,features_0.npy,117,train,0,-12.5859375,3.4197574865711416e-06,0
features_0:118,features_0.npy,118,train,0,-13.1015625,2.042033277083851e-06,0
features_0:120,features_0.npy,120,train,1,11.390625,0.9999886991916666,1
features_0:123,features_0.npy,123,train,1,13.2421875,0.9999982258502681,1
features_0:124,features_0.npy,124,train,0,-13.203125,1.844823692192094e-06,0
features_0:125,features_0.npy,125,train,0,-13.8125,1.0030140882067352e-06,0
features_0:126,features_0.npy,126,train,1,13.4765625,0.9999985965315255,1
features_0:128,features_0.npy,128,train,1,13.1796875,0.9999981114276573,1
features_0:129,features_0.npy,129,train,1,8.4765625,0.9997917498948077,1
features_0:131,features_0.npy,131,train,1,13.8828125,0.999999065088005,1
features_0:132,features_0.npy,132,train,1,15.0859375,0.9999997192883303,1
features_0:133,features_0.npy,133,train,0,-15.46875,1.914287440260102e-07,0
features_0:135,features_0.npy,135,train,1,14.03125,0.9999991940553795,1
features_0:136,features_0.npy,136,train,1,14.1171875,0.9999992604235944,1
features_0:137,features_0.npy,137,train,0,-15.953125,1.1793583660728999e-07,0
features_0:138,features_0.npy,138,train,0,-9.984375,4.6112748142641196e-05,0
features_0:139,features_0.npy,139,train,1,7.9375,0.9996430293649623,1
features_0:140,features_0.npy,140,train,1,16.34375,0.9999999202006181,1
features_0:141,features_0.npy,141,train,1,14.1171875,0.9999992604235944,1
features_0:142,features_0.npy,142,train,1,14.484375,0.9999994877102798,1
features_0:144,features_0.npy,144,train,0,-14.7734375,3.8368732122902404e-07,0
features_0:145,features_0.npy,145,train,0,-14.2109375,6.733920248546524e-07,0
features_0:147,features_0.npy,147,train,1,15.5703125,0.9999998270585385,1
features_0:148,features_0.npy,148,train,0,-15.5,1.8553910183683314e-07,0
features_0:155,features_0.npy,155,train,0,-13.8359375,9.797793146436627e-07,0
features_0:156,features_0.npy,156,train,1,14.5078125,0.9999994995774526,1
features_0:158,features_0.npy,158,train,0,-14.15625,7.112436985392046e-07,0
features_0:162,features_0.npy,162,train,0,-15.4609375,1.9293013798385022e-07,0
features_0:163,features_0.npy,163,train,1,14.2265625,0.999999337047944,1
features_0:164,features_0.npy,164,train,1,14.0234375,0.9999991877342828,1
features_0:165,features_0.npy,165,train,1,11.796875,0.9999924720103309,1
features_0:167,features_0.npy,167,train,0,-12.3671875,4.255953396895457e-06,0
features_0:168,features_0.npy,168,train,1,15.5390625,0.9999998215687883,1
features_0:169,features_0.npy,169,train,1,12.546875,0.9999964440153465,1
features_0:170,features_0.npy,170,train,0,-13.1171875,2.010374549181558e-06,0
features_0:171,features_0.npy,171,train,1,14.9453125,0.9999996769028623,1
features_0:172,features_0.npy,172,train,1,14.2734375,0.9999993674067096,1
features_0:173,features_0.npy,173,train,1,13.1640625,0.9999980816870275,1
features_0:174,features_0.npy,174,train,0,-14.5234375,4.926642188298564e-07,0
features_0:175,features_0.npy,175,train,1,12.4296875,0.9999960019007533,1
features_0:176,features_0.npy,176,train,1,16.25,0.9999999123575255,1
features_0:177,features_0.npy,177,train,0,-17.296875,3.076540382368813e-08,0
features_0:178,features_0.npy,178,train,1,12.6875,0.999996910505552,1
features_0:179,features_0.npy,179,train,0,-11.6796875,8.463938372775066e-06,0
features_0:181,features_0.npy,181,train,1,15.140625,0.9999997342275289,1
features_0:182,features_0.npy,182,train,1,11.359375,0.9999883404696851,1
features_0:183,features_0.npy,183,train,0,-15.3046875,2.2555817577942478e-07,0
features_0:184,features_0.npy,184,train,0,-14.7109375,4.084330172983694e-07,0
features_0:185,features_0.npy,185,train,0,-12.390625,4.157364752513334e-06,0
features_0:188,features_0.npy,188,train,0,-13.3125,1.6536895860212646e-06,0
features_0:191,features_0.npy,191,train,1,11.2734375,0.9999872941775114,1
features_0:192,features_0.npy,192,train,1,14.2421875,0.9999993473260561,1
features_0:193,features_0.npy,193,train,0,-13.8203125,9.952085784145828e-07,0
features_0:194,features_0.npy,194,train,1,13.0546875,0.9999978599677096,1
features_0:195,features_0.npy,195,train,1,13.5625,0.9999987121047844,1
features_0:196,features_0.npy,196,train,0,-13.0625,2.123378462433771e-06,0
features_0:198,features_0.npy,198,train,0,-13.28125,1.7061832388634165e-06,0
features_0:199,features_0.npy,199,train,0,-15.3046875,2.2555817577942478e-07,0
features_0:203,features_0.npy,203,train,0,-17.234375,3.2749601831704636e-08,0
features_0:204,features_0.npy,204,train,0,-14.546875,4.812516699849764e-07,0
features_0:208,features_0.npy,208,train,1,15.421875,0.9999997993844006,1
features_0:209,features_0.npy,209,train,1,13.890625,0.9999990723635409,1
features_0:210,features_0.npy,210,train,1,13.3671875,0.9999984343180306,1
features_0:211,features_0.npy,211,train,1,13.703125,0.9999988810570567,1
features_0:212,features_0.npy,212,train,0,-13.734375,1.0845167254638428e-06,0
features_0:213,features_0.npy,213,train,1,13.8125,0.9999989969859118,1
features_0:214,features_0.npy,214,train,0,-15.046875,2.9189394815618343e-07,0
features_0:215,features_0.npy,215,train,1,14.9921875,0.999999691698553,1
features_0:218,features_0.npy,218,train,0,-14.7734375,3.8368732122902404e-07,0
features_0:220,features_0.npy,220,train,0,-13.0625,2.123378462433771e-06,0
features_0:221,features_0.npy,221,train,0,-13.8828125,9.3491199515874e-07,0
features_0:222,features_0.npy,222,train,1,14.5625,0.9999995262094421,1
features_0:223,features_0.npy,223,train,1,12.6484375,0.99999678743448,1
features_0:224,features_0.npy,224,train,1,10.3125,0.9999667858050522,1
features_0:226,features_0.npy,226,train,1,16.65625,0.9999999416175239,1
features_0:227,features_0.npy,227,train,1,2.26953125,0.9063219973254493,1
features_0:228,features_0.npy,228,train,0,-14.625,4.450850519411503e-07,0
features_0:231,features_0.npy,231,train,0,-14.515625,4.965282302696859e-07,0
features_0:232,features_0.npy,232,train,0,-12.234375,4.860448402299843e-06,0
features_0:233,features_0.npy,233,train,1,13.1328125,0.9999980207933576,1
features_0:234,features_0.npy,234,train,0,-15.453125,1.9444330751588528e-07,0
features_0:235,features_0.npy,235,train,1,13.5703125,0.9999987221272515,1
features_0:236,features_0.npy,236,train,1,14.0,0.9999991684719722,1
features_0:237,features_0.npy,237,train,0,-13.0703125,2.1068542349564543e-06,0
features_0:238,features_0.npy,238,train,1,12.4921875,0.9999962441324314,1
features_0:239,features_0.npy,239,train,1,14.0625,0.9999992188516693,1
features_0:240,features_0.npy,240,train,1,12.8125,0.9999972735297293,1
features_0:242,features_0.npy,242,train,1,16.9375,0.9999999559305942,1
features_0:243,features_0.npy,243,train,1,15.9140625,0.9999998773661344,1
features_0:244,features_0.npy,244,train,0,-14.0546875,7.872749481037643e-07,0
features_0:247,features_0.npy,247,train,1,14.296875,0.9999993820607084,1
features_0:248,features_0.npy,248,train,1,12.65625,0.9999968124347834,1
features_0:249,features_0.npy,249,train,1,9.171875,0.9998960893243724,1
features_0:250,features_0.npy,250,train,1,14.65625,0.9999995686087695,1
features_0:251,features_0.npy,251,train,1,14.0390625,0.9999992003272853,1
features_0:254,features_0.npy,254,train,1,16.171875,0.9999999052358909,1
features_0:255,features_0.npy,255,train,0,-12.640625,3.2377619022355563e-06,0
features_0:256,features_0.npy,256,train,0,-13.1171875,2.010374549181558e-06,0
features_0:258,features_0.npy,258,train,1,15.296875,0.99999977267275,1
features_0:259,features_0.npy,259,train,1,13.2109375,0.9999981695328135,1
features_0:260,features_0.npy,260,train,0,-14.2734375,6.325932903518992e-07,0
features_0:261,features_0.npy,261,train,1,13.671875,0.9999988455380359,1
features_0:264,features_0.npy,264,train,1,16.515625,0.9999999328021826,1
features_0:265,features_0.npy,265,train,0,-14.375,5.715004470337245e-07,0
features_0:266,features_0.npy,266,train,0,-11.6015625,9.151693153152242e-06,0
features_0:267,features_0.npy,267,train,0,-14.21875,6.681516500435412e-07,0
features_0:270,features_0.npy,270,train,1,12.0703125,0.9999942729971506,1
features_0:271,features_0.npy,271,train,1,16.265625,0.9999999137162959,1
features_0:272,features_0.npy,272,train,1,15.7421875,0.9999998543686844,1
features_0:273,features_0.npy,273,train,0,-14.4921875,5.08303051939129e-07,0
features_0:274,features_0.npy,274,train,1,15.4140625,0.9999997978109532,1
features_0:275,features_0.npy,275,train,1,14.9296875,0.9999996718148245,1
features_0:277,features_0.npy,277,train,0,-10.7421875,2.1613139600748423e-05,0
features_0:278,features_0.npy,278,train,0,-13.1953125,1.859292796836363e-06,0
features_0:280,features_0.npy,280,train,1,14.09375,0.9999992428850587,1
features_0:281,features_0.npy,281,train,0,-14.28125,6.276704134001712e-07,0
features_0:282,features_0.npy,282,train,0,-13.5390625,1.3184367302834308e-06,0
features_0:284,features_0.npy,284,train,0,-13.96875,8.579235380478508e-07,0
features_0:285,features_0.npy,285,train,1,14.5,0.9999994956525918,1
features_0:286,features_0.npy,286,train,1,15.4453125,0.9999998040316551,1
features_0:287,features_0.npy,287,train,0,-14.265625,6.375547778570538e-07,0
features_0:289,features_0.npy,289,train,0,-13.65625,1.1726420733772349e-06,0
features_0:290,features_0.npy,290,train,0,-13.1953125,1.859292796836363e-06,0
features_0:291,features_0.npy,291,train,1,16.625,0.9999999397642653,1
features_0:292,features_0.npy,292,train,1,11.9609375,0.9999936110708703,1
features_0:294,features_0.npy,294,train,1,16.890625,0.9999999538156595,1
features_0:296,features_0.npy,296,train,1,11.859375,0.9999929281049428,1
features_0:297,features_0.npy,297,train,1,15.15625,0.9999997383479481,1
features_0:298,features_0.npy,298,train,1,15.46875,0.999999808571256,1
features_0:299,features_0.npy,299,train,0,-12.890625,2.521573310786404e-06,0
features_0:300,features_0.npy,300,train,1,10.703125,0.9999775259101457,1
features_0:302,features_0.npy,302,train,1,15.9765625,0.9999998847961438,1
features_0:303,features_0.npy,303,train,1,12.3125,0.9999955048184215,1
features_0:305,features_0.npy,305,train,1,12.59375,0.9999966068551871,1
features_0:306,features_0.npy,306,train,1,13.0703125,0.9999978931457651,1
features_0:307,features_0.npy,307,train,1,11.5859375,0.9999907041899896,1
features_0:308,features_0.npy,308,train,1,12.5859375,0.9999965802425134,1
features_0:309,features_0.npy,309,train,1,12.3203125,0.999995539800046,1
features_0:310,features_0.npy,310,train,0,-16.234375,8.902264253881654e-08,0
features_0:311,features_0.npy,311,train,1,15.1875,0.9999997463981333,1
features_0:312,features_0.npy,312,train,0,-14.1953125,6.83996398973303e-07,0
features_0:314,features_0.npy,314,train,1,11.4765625,0.9999896297856969,1
features_0:316,features_0.npy,316,train,1,15.0078125,0.9999996964783224,1
features_0:318,features_0.npy,318,train,0,-12.9140625,2.463161271834074e-06,0
features_0:319,features_0.npy,319,train,0,-13.75,1.067702870044147e-06,0
features_0:321,features_0.npy,321,train,0,-13.3046875,1.6666596125770648e-06,0
features_0:322,features_0.npy,322,train,1,15.390625,0.9999997930161793,1
features_0:323,features_0.npy,323,train,1,15.71875,0.999999850915138,1
features_0:324,features_0.npy,324,train,1,13.296875,0.999998320268636,1
features_0:325,features_0.npy,325,train,0,-13.2734375,1.719564976847027e-06,0
features_0:326,features_0.npy,326,train,1,12.828125,0.9999973157996194,1
features_0:327,features_0.npy,327,train,1,10.4140625,0.9999699933791927,1
features_0:328,features_0.npy,328,train,1,13.1875,0.9999981261246162,1
features_0:329,features_0.npy,329,train,1,15.1796875,0.9999997444091098,1
features_0:331,features_0.npy,331,train,1,14.328125,0.9999994010726904,1
features_0:332,features_0.npy,332,train,1,14.21875,0.9999993318483499,1
features_0:333,features_0.npy,333,train,1,15.796875,0.9999998621190406,1
features_0:334,features_0.npy,334,train,1,16.03125,0.9999998909271804,1
features_0:336,features_0.npy,336,train,0,-14.5625,4.73790557938118e-07,0
features_0:338,features_0.npy,338,train,0,-13.0859375,2.074190555355221e-06,0
features_0:339,features_0.npy,339,train,1,16.953125,0.999999956613827,1
features_0:341,features_0.npy,341,train,0,-14.8828125,3.439351055812443e-07,0
features_0:342,features_0.npy,342,train,0,-12.921875,2.4439928455892952e-06,0
features_0:344,features_0.npy,344,train,0,-12.296875,4.5659700648367735e-06,0
features_0:346,features_0.npy,346,train,0,-14.484375,5.122897201434914e-07,0
features_0:347,features_0.npy,347,train,1,12.0859375,0.9999943617855995,1
features_0:348,features_0.npy,348,train,1,15.28125,0.9999997690928675,1
features_0:349,features_0.npy,349,train,1,11.796875,0.9999924720103309,1
features_0:350,features_0.npy,350,train,1,11.078125,0.9999845536904376,1
features_0:351,features_0.npy,351,train,1,13.1796875,0.9999981114276573,1
features_0:352,features_0.npy,352,train,0,-14.6171875,4.485758957027526e-07,0
features_0:353,features_0.npy,353,train,1,12.7890625,0.9999972088735305,1
features_0:354,features_0.npy,354,train,1,13.921875,0.9999991009038888,1
features_0:355,features_0.npy,355,train,1,12.640625,0.9999967622380979,1
features_0:357,features_0.npy,357,train,1,15.4140625,0.9999997978109532,1
features_0:358,features_0.npy,358,train,0,-14.3046875,6.1313045284907e-07,0
features_0:359,features_0.npy,359,train,1,14.1640625,0.9999992942912399,1
features_0:360,features_0.npy,360,train,0,-14.375,5.715004470337245e-07,0
features_0:361,features_0.npy,361,train,0,-14.71875,4.052545676292802e-07,0
features_0:362,features_0.npy,362,train,0,-13.546875,1.3081765876704983e-06,0
features_0:363,features_0.npy,363,train,1,12.0625,0.9999942280799697,1
features_0:364,features_0.npy,364,train,0,-14.7421875,3.958668593975586e-07,0
features_0:365,features_0.npy,365,train,1,17.265625,0.9999999682579975,1
features_0:366,features_0.npy,366,train,0,-13.6875,1.136563710667868e-06,0
features_0:367,features_0.npy,367,train,1,14.328125,0.9999994010726904,1
features_0:368,features_0.npy,368,train,1,13.9375,0.9999991148430695,1
features_0:370,features_0.npy,370,train,1,13.640625,0.9999988088915229,1
features_0:371,features_0.npy,371,train,1,16.296875,0.9999999163709662,1
features_0:372,features_0.npy,372,train,1,11.546875,0.999990333890596,1
features_0:373,features_0.npy,373,train,1,11.1171875,0.9999851454204743,1
features_0:374,features_0.npy,374,train,0,-14.2578125,6.425551787411865e-07,0
features_0:375,features_0.npy,375,train,1,14.015625,0.9999991813636089,1
features_0:376,features_0.npy,376,train,1,13.3984375,0.9999984824889274,1
features_0:377,features_0.npy,377,train,0,-10.6640625,2.336933489472016e-05,0
features_0:380,features_0.npy,380,train,0,-14.328125,5.989273097131195e-07,0
features_0:381,features_0.npy,381,train,0,-13.9453125,8.782685905812962e-07,0
features_0:382,features_0.npy,382,train,1,13.109375,0.9999979738579198,1
features_0:383,features_0.npy,383,train,1,15.9453125,0.9999998811391811,1
features_0:386,features_0.npy,386,train,1,11.1015625,0.9999849114984143,1
features_0:388,features_0.npy,388,train,0,-13.65625,1.1726420733772349e-06,0
features_0:389,features_0.npy,389,train,1,16.375,0.999999922655787,1
features_0:390,features_0.npy,390,train,0,-16.015625,1.1079046627436292e-07,0
features_0:393,features_0.npy,393,train,0,-15.6171875,1.6502189662673426e-07,0
features_0:394,features_0.npy,394,train,1,17.109375,0.9999999628898395,1
features_0:395,features_0.npy,395,train,1,14.84375,0.9999996423640822,1
features_0:396,features_0.npy,396,train,1,12.890625,0.9999974784266893,1
features_0:398,features_0.npy,398,train,1,14.4375,0.999999463124996,1
features_0:404,features_0.npy,404,train,1,16.890625,0.9999999538156595,1
features_0:405,features_0.npy,405,train,1,15.546875,0.9999998229573508,1
features_0:408,features_0.npy,408,train,1,16.375,0.999999922655787,1
features_0:409,features_0.npy,409,train,1,11.4375,0.999989216687777,1
features_0:410,features_0.npy,410,train,1,13.8984375,0.9999990795824586,1
features_0:411,features_0.npy,411,train,1,13.3984375,0.9999984824889274,1
features_0:412,features_0.npy,412,train,0,-14.4296875,5.410857645019709e-07,0
features_0:413,features_0.npy,413,train,1,15.0625,0.9999997126314468,1
features_0:414,features_0.npy,414,train,1,17.234375,0.9999999672503983,1
features_0:415,features_0.npy,415,train,0,-6.6953125,0.0012351678202785306,0
features_0:416,features_0.npy,416,train,0,-15.125,2.6995777745908016e-07,0
features_0:417,features_0.npy,417,train,0,-13.921875,8.99096111274288e-07,0
features_0:419,features_0.npy,419,train,0,-12.9375,2.4061023397180246e-06,0
features_0:420,features_0.npy,420,train,1,13.875,0.9999990577554062,1
features_0:421,features_0.npy,421,train,1,12.0625,0.9999942280799697,1
features_0:422,features_0.npy,422,train,0,-14.5546875,4.775065415651166e-07,0
features_0:423,features_0.npy,423,train,1,13.03125,0.9999978092184174,1
features_0:424,features_0.npy,424,train,0,-17.015625,4.0757537674506e-08,0
features_0:425,features_0.npy,425,train,1,11.75,0.9999921107374138,1
features_0:426,features_0.npy,426,train,1,15.234375,0.9999997580114054,1
features_0:427,features_0.npy,427,train,0,-13.1328125,1.9792066424034484e-06,0
features_0:428,features_0.npy,428,train,1,14.0390625,0.9999992003272853,1
features_0:429,features_0.npy,429,train,1,13.828125,0.9999990125361885,1
features_0:430,features_0.npy,430,train,0,-13.640625,1.1911084770297504e-06,0
features_0:432,features_0.npy,432,train,1,10.609375,0.9999753170955924,1
features_0:433,features_0.npy,433,train,0,-12.6484375,3.212565520159016e-06,0
features_0:434,features_0.npy,434,train,1,14.203125,0.9999993213264996,1
features_0:435,features_0.npy,435,train,0,-13.2890625,1.6929056380370071e-06,0
features_0:436,features_0.npy,436,train,0,-13.875,9.422445939071362e-07,0
features_0:438,features_0.npy,438,train,1,13.5703125,0.9999987221272515,1
features_0:439,features_0.npy,439,train,1,17.65625,0.9999999785222864,1
features_0:440,features_0.npy,440,train,1,14.78125,0.999999619298556,1
features_0:442,features_0.npy,442,train,1,12.375,0.9999957771665553,1
features_0:444,features_0.npy,444,train,0,-14.515625,4.965282302696859e-07,0
features_0:445,features_0.npy,445,train,0,-11.3203125,1.2123987569361944e-05,0
features_0:446,features_0.npy,446,train,0,-11.8359375,7.239599001561402e-06,0
features_0:447,features_0.npy,447,train,0,-13.453125,1.4367507224078596e-06,0
features_0:448,features_0.npy,448,train,1,14.0390625,0.9999992003272853,1
features_0:449,features_0.npy,449,train,0,-13.8984375,9.204175414883589e-07,0
features_0:450,features_0.npy,450,train,0,-12.8515625,2.6220211087535014e-06,0
features_0:451,features_0.npy,451,train,0,-14.2734375,6.325932903518992e-07,0
features_0:453,features_0.npy,453,train,1,15.8203125,0.9999998653130492,1
features_0:454,features_0.npy,454,train,0,-12.75,2.902311985211097e-06,0
features_0:456,features_0.npy,456,train,1,15.96875,0.9999998838925889,1
features_0:457,features_0.npy,457,train,1,9.796875,0.9999443779372634,1
features_0:458,features_0.npy,458,train,0,-14.2109375,6.733920248546524e-07,0
features_0:460,features_0.npy,460,train,1,13.4921875,0.9999986182902574,1
features_0:461,features_0.npy,461,train,0,-11.703125,8.267873072601937e-06,0
features_0:462,features_0.npy,462,train,0,-12.9375,2.4061023397180246e-06,0
features_0:464,features_0.npy,464,train,1,14.2109375,0.9999993266079752,1
features_0:465,features_0.npy,465,train,0,-13.9296875,8.92099296068236e-07,0
features_0:467,features_0.npy,467,train,1,14.3984375,0.9999994417383392,1
features_0:468,features_0.npy,468,train,1,15.078125,0.999999717086682,1
features_0:471,features_0.npy,471,train,1,10.9296875,0.9999820820117249,1
features_0:475,features_0.npy,475,train,1,14.1953125,0.9999993160036009,1
features_0:477,features_0.npy,477,train,0,-14.4296875,5.410857645019709e-07,0
features_0:478,features_0.npy,478,train,0,-14.3984375,5.582616608278708e-07,0
features_0:479,features_0.npy,479,train,0,-14.1875,6.8936104552113e-07,0
features_0:480,features_0.npy,480,train,0,-14.40625,5.53917236522822e-07,0
features_0:481,features_0.npy,481,train,0,-15.3671875,2.118922996472643e-07,0
features_0:482,features_0.npy,482,train,0,-13.03125,2.1907815825757865e-06,0
features_0:483,features_0.npy,483,train,1,11.6796875,0.9999915360616273,1
features_0:485,features_0.npy,485,train,1,14.4453125,0.9999994673029882,1
features_0:486,features_0.npy,486,train,0,-14.828125,3.632678618877459e-07,0
features_0:490,features_0.npy,490,train,1,13.4140625,0.9999985060157208,1
features_0:491,features_0.npy,491,train,1,15.5546875,0.9999998243351074,1
features_0:493,features_0.npy,493,train,0,-13.375,1.553497754595012e-06,0
features_0:494,features_0.npy,494,train,1,11.6875,0.9999916019279651,1
features_0:495,features_0.npy,495,train,1,12.828125,0.9999973157996194,1
features_0:497,features_0.npy,497,train,1,15.3828125,0.9999997913927854,1
features_0:498,features_0.npy,498,train,1,16.765625,0.9999999476662863,1
features_0:499,features_0.npy,499,train,1,12.171875,0.9999948260812298,1
features_0:500,features_0.npy,500,train,1,11.015625,0.9999835575054402,1
features_0:501,features_0.npy,501,train,0,-12.171875,5.173918770225734e-06,0
features_0:503,features_0.npy,503,train,1,13.765625,0.9999989488503112,1
features_0:504,features_0.npy,504,train,0,-12.09375,5.594337713435001e-06,0
features_0:505,features_0.npy,505,train,1,12.046875,0.9999941371859881,1
features_0:506,features_0.npy,506,train,0,-13.8984375,9.204175414883589e-07,0
features_0:507,features_0.npy,507,train,1,15.9375,0.9999998802069444,1
features_0:513,features_0.npy,513,train,1,10.5390625,0.9999735191567124,1
features_0:514,features_0.npy,514,train,1,14.3046875,0.9999993868695471,1
features_0:516,features_0.npy,516,train,1,12.96875,0.9999976679254741,1
features_0:518,features_0.npy,518,train,0,-14.25,6.475947982049267e-07,0
features_0:519,features_0.npy,519,train,1,13.7890625,0.9999989732001424,1
features_0:522,features_0.npy,522,train,1,14.7265625,0.9999995978991472,1
features_0:523,features_0.npy,523,train,0,-14.9296875,3.281851755753351e-07,0
features_0:525,features_0.npy,525,train,1,15.2421875,0.9999997598945752,1
features_0:526,features_0.npy,526,train,0,-10.96875,1.723157275214239e-05,0
features_0:527,features_0.npy,527,train,0,-13.6328125,1.2004504453839354e-06,0
features_0:528,features_0.npy,528,train,0,-9.625,6.605214485464791e-05,0
features_0:529,features_0.npy,529,train,1,13.125,0.9999980052702785,1
features_0:530,features_0.npy,530,train,0,-12.65625,3.1875652166284775e-06,0
features_0:531,features_0.npy,531,train,1,14.328125,0.9999994010726904,1
features_0:532,features_0.npy,532,train,1,13.125,0.9999980052702785,1
features_0:533,features_0.npy,533,train,1,16.796875,0.9999999492764252,1
features_0:534,features_0.npy,534,train,1,12.7734375,0.9999971649198088,1
features_0:535,features_0.npy,535,train,1,16.0,0.9999998874648379,1
features_0:536,features_0.npy,536,train,0,-12.8984375,2.501950320696411e-06,0
features_0:538,features_0.npy,538,train,0,7.0625,0.9991440993632549,1
features_0:539,features_0.npy,539,train,1,12.53125,0.9999963880169387,1
features_0:541,features_0.npy,541,train,1,15.296875,0.99999977267275,1
features_0:542,features_0.npy,542,train,1,10.9765625,0.9999829025221182,1
features_0:543,features_0.npy,543,train,1,13.78125,0.9999989651468597,1
features_0:544,features_0.npy,544,train,0,-14.25,6.475947982049267e-07,0
features_0:545,features_0.npy,545,train,1,14.515625,0.9999995034717698,1
features_0:547,features_0.npy,547,train,1,14.8515625,0.9999996451472262,1
features_0:548,features_0.npy,548,train,1,16.046875,0.9999998926181977,1
features_0:549,features_0.npy,549,train,1,15.5234375,0.9999998187589061,1
features_0:551,features_0.npy,551,train,0,-15.875,1.275190428876251e-07,0
features_0:552,features_0.npy,552,train,1,16.1875,0.999999906705072,1
features_0:553,features_0.npy,553,train,1,15.90625,0.9999998764043052,1
features_0:554,features_0.npy,554,train,1,15.6640625,0.9999998425350051,1
features_0:555,features_0.npy,555,train,1,13.546875,0.9999986918234123,1
features_0:557,features_0.npy,557,train,0,-11.7890625,7.587031975839861e-06,0
features_0:558,features_0.npy,558,train,0,-12.5859375,3.4197574865711416e-06,0
features_0:560,features_0.npy,560,train,0,-16.5625,6.412060562167509e-08,0
features_0:561,features_0.npy,561,train,0,-13.1953125,1.859292796836363e-06,0
features_0:566,features_0.npy,566,train,1,12.7109375,0.9999969820733979,1
features_0:567,features_0.npy,567,train,1,14.96875,0.9999996843873972,1
features_0:568,features_0.npy,568,train,1,12.2265625,0.9999951014308153,1
features_0:570,features_0.npy,570,train,0,-11.328125,1.2029639084557003e-05,0
features_0:571,features_0.npy,571,train,1,13.03125,0.9999978092184174,1
features_0:572,features_0.npy,572,train,1,14.4375,0.999999463124996,1
features_0:573,features_0.npy,573,train,0,-13.015625,2.225281295743531e-06,0
features_0:575,features_0.npy,575,train,1,15.34375,0.9999997830828204,1
features_0:576,features_0.npy,576,train,1,14.3125,0.9999993916409633,1
features_0:578,features_0.npy,578,train,0,-14.1875,6.8936104552113e-07,0
features_0:579,features_0.npy,579,train,1,12.046875,0.9999941371859881,1
features_0:581,features_0.npy,581,train,1,14.0859375,0.999999236946937,1
features_0:582,features_0.npy,582,train,1,14.640625,0.9999995618153491,1
features_0:583,features_0.npy,583,train,1,13.0,0.999997739675702,1
features_0:584,features_0.npy,584,train,1,15.4140625,0.9999997978109532,1
features_0:585,features_0.npy,585,train,0,-13.4921875,1.3817097426402072e-06,0
features_0:587,features_0.npy,587,train,0,-11.5390625,9.741920901239024e-06,0
features_0:588,features_0.npy,588,train,1,18.671875,0.9999999922212875,1
features_0:589,features_0.npy,589,train,1,15.2265625,0.9999997561134659,1
features_0:590,features_0.npy,590,train,0,-14.1875,6.8936104552113e-07,0
features_0:591,features_0.npy,591,train,0,-15.15625,2.6165205199192004e-07,0
features_0:593,features_0.npy,593,train,1,13.5703125,0.9999987221272515,1
features_0:594,features_0.npy,594,train,1,11.5,0.9999898700090192,1
features_0:595,features_0.npy,595,train,0,-14.515625,4.965282302696859e-07,0
features_0:596,features_0.npy,596,train,0,-13.7734375,1.0429695854949174e-06,0
features_0:597,features_0.npy,597,train,1,13.6171875,0.999998780645234,1
features_0:598,features_0.npy,598,train,1,11.5,0.9999898700090192,1
features_0:599,features_0.npy,599,train,1,13.109375,0.9999979738579198,1
features_0:601,features_0.npy,601,train,0,-14.953125,3.2058277660857193e-07,0
features_0:602,features_0.npy,602,train,0,-14.015625,8.186363910590443e-07,0
features_0:603,features_0.npy,603,train,0,-15.0078125,3.0352167763190903e-07,0
features_0:604,features_0.npy,604,train,1,11.59375,0.9999907765298898,1
features_0:605,features_0.npy,605,train,0,-14.34375,5.896418079129241e-07,0
features_0:607,features_0.npy,607,train,0,-12.7890625,2.7911264694379987e-06,0
features_0:609,features_0.npy,609,train,1,15.7578125,0.9999998566264884,1
features_0:610,features_0.npy,610,train,1,17.109375,0.9999999628898395,1
features_0:611,features_0.npy,611,train,0,-13.0703125,2.1068542349564543e-06,0
features_0:613,features_0.npy,613,train,0,-13.578125,1.2679282763661404e-06,0
features_0:614,features_0.npy,614,train,1,13.46875,0.9999985855240013,1
features_0:615,features_0.npy,615,train,1,13.109375,0.9999979738579198,1
features_0:616,features_0.npy,616,train,0,-15.0703125,2.8513223405790075e-07,0
features_0:617,features_0.npy,617,train,0,-14.53125,4.888302773361011e-07,0
features_0:618,features_0.npy,618,train,0,-13.296875,1.6797313639715e-06,0
features_0:619,features_0.npy,619,train,1,14.78125,0.999999619298556,1
features_0:620,features_0.npy,620,train,1,16.109375,0.9999998991241315,1
features_0:621,features_0.npy,621,train,1,9.7734375,0.9999430589731653,1
features_0:622,features_0.npy,622,train,1,14.8671875,0.9999996506487064,1
features_0:624,features_0.npy,624,train,0,-13.125,1.994729721527057e-06,0
features_0:626,features_0.npy,626,train,1,15.1171875,0.9999997279249181,1
features_0:628,features_0.npy,628,train,1,13.6171875,0.999998780645234,1
features_0:629,features_0.npy,629,train,1,12.484375,0.9999962146749086,1
features_0:630,features_0.npy,630,train,0,-15.0078125,3.0352167763190903e-07,0
features_0:631,features_0.npy,631,train,1,14.515625,0.9999995034717698,1
features_0:634,features_0.npy,634,train,0,-13.34375,1.6028109878281438e-06,0
features_0:636,features_0.npy,636,train,1,16.859375,0.9999999523496113,1
features_0:637,features_0.npy,637,train,0,-15.3984375,2.053730602866251e-07,0
features_0:638,features_0.npy,638,train,1,11.3203125,0.9999878760124306,1
features_0:643,features_0.npy,643,train,0,-13.9375,8.851569304133282e-07,0
features_0:644,features_0.npy,644,train,1,14.2421875,0.9999993473260561,1
features_0:649,features_0.npy,649,train,0,-11.703125,8.267873072601937e-06,0
features_0:650,features_0.npy,650,train,0,-14.0390625,7.99672714649937e-07,0
features_0:651,features_0.npy,651,train,1,12.34375,0.9999956431200164,1
features_0:652,features_0.npy,652,train,1,16.515625,0.9999999328021826,1
features_0:654,features_0.npy,654,train,1,16.484375,0.9999999306690949,1
features_0:657,features_0.npy,657,train,0,-13.40625,1.5057017254045332e-06,0
features_0:660,features_0.npy,660,train,0,-15.1640625,2.5961586009761277e-07,0
features_0:661,features_0.npy,661,train,0,-12.796875,2.769405811082847e-06,0
features_0:662,features_0.npy,662,train,1,12.0390625,0.9999940912036396,1
features_0:664,features_0.npy,664,train,0,-14.0625,7.811483306372579e-07,0
features_0:665,features_0.npy,665,train,1,13.6015625,0.9999987614432141,1
features_0:666,features_0.npy,666,train,0,-10.3203125,3.295572855043323e-05,0
features_0:667,features_0.npy,667,train,0,-13.25,1.7603432133424856e-06,0
features_0:668,features_0.npy,668,train,0,-12.453125,3.905483739112383e-06,0
features_0:669,features_0.npy,669,train,1,11.828125,0.9999927036205339,1
features_0:670,features_0.npy,670,train,1,13.890625,0.9999990723635409,1
features_0:671,features_0.npy,671,train,1,13.125,0.9999980052702785,1
features_0:672,features_0.npy,672,train,1,10.8046875,0.9999796963077434,1
features_0:673,features_0.npy,673,train,0,-14.2734375,6.325932903518992e-07,0
features_0:674,features_0.npy,674,train,1,13.4140625,0.9999985060157208,1
features_0:675,features_0.npy,675,train,1,15.0703125,0.999999714867766,1
features_0:676,features_0.npy,676,train,1,13.3046875,0.9999983333403875,1
features_0:677,features_0.npy,677,train,1,12.9921875,0.9999977219477992,1
features_0:678,features_0.npy,678,train,1,13.8359375,0.9999990202206853,1
features_0:679,features_0.npy,679,train,1,15.09375,0.9999997214728452,1
features_0:680,features_0.npy,680,train,0,-14.1796875,6.94767767455072e-07,0
features_0:682,features_0.npy,682,train,0,-13.6640625,1.163516510981332e-06,0
features_0:688,features_0.npy,688,train,0,-13.140625,1.9638043643636485e-06,0
features_0:691,features_0.npy,691,train,1,13.703125,0.9999988810570567,1
features_0:692,features_0.npy,692,train,1,13.7421875,0.9999989239230416,1
features_0:693,features_0.npy,693,train,1,15.2578125,0.9999997636170638,1
features_0:694,features_0.npy,694,train,1,14.5390625,0.9999995149738282,1
features_0:695,features_0.npy,695,train,0,-14.625,4.450850519411503e-07,0
features_0:697,features_0.npy,697,train,1,10.421875,0.9999702268856159,1
features_0:700,features_0.npy,700,train,0,-12.875,2.561282210758673e-06,0
features_0:701,features_0.npy,701,train,0,-12.203125,5.014734822853044e-06,0
features_0:704,features_0.npy,704,train,1,16.171875,0.9999999052358909,1
features_0:705,features_0.npy,705,train,0,-11.984375,6.240930669504434e-06,0
features_0:706,features_0.npy,706,train,0,-13.7421875,1.0760769584303332e-06,0
features_0:707,features_0.npy,707,train,0,-14.0625,7.811483306372579e-07,0
features_0:708,features_0.npy,708,train,0,-14.8828125,3.439351055812443e-07,0
features_0:710,features_0.npy,710,train,0,-13.90625,9.132548018955539e-07,0
features_0:711,features_0.npy,711,train,0,-13.8671875,9.496347028314894e-07,0
features_0:712,features_0.npy,712,train,1,12.7734375,0.9999971649198088,1
features_0:713,features_0.npy,713,train,1,14.015625,0.9999991813636089,1
features_0:714,features_0.npy,714,train,1,14.9375,0.9999996743687808,1
features_0:715,features_0.npy,715,train,0,-12.859375,2.601616431687518e-06,0
features_0:716,features_0.npy,716,train,0,-14.8046875,3.7188250777237626e-07,0
features_0:717,features_0.npy,717,train,0,-14.53125,4.888302773361011e-07,0
features_0:718,features_0.npy,718,train,1,12.015625,0.9999939510814195,1
features_0:720,features_0.npy,720,train,1,12.65625,0.9999968124347834,1
features_0:721,features_0.npy,721,train,0,-13.40625,1.5057017254045332e-06,0
features_0:722,features_0.npy,722,train,1,12.140625,0.9999946618442948,1
features_0:723,features_0.npy,723,train,0,-13.609375,1.2289182723265359e-06,0
features_0:724,features_0.npy,724,train,1,10.0234375,0.999955653725157,1
features_0:727,features_0.npy,727,train,0,-14.2890625,6.227858465329135e-07,0
features_0:728,features_0.npy,728,train,1,15.890625,0.9999998744579564,1
features_0:730,features_0.npy,730,train,0,-1.953125,0.1242130083520534,0
features_0:731,features_0.npy,731,train,1,14.8125,0.9999996310115038,1
features_0:732,features_0.npy,732,train,0,-13.171875,1.9033845709532617e-06,0
features_0:733,features_0.npy,733,train,1,11.75,0.9999921107374138,1
features_0:734,features_0.npy,734,train,0,-12.96875,2.332074525844782e-06,0
features_0:735,features_0.npy,735,train,1,14.609375,0.9999995479058815,1
features_0:736,features_0.npy,736,train,0,-12.8359375,2.663311823111949e-06,0
features_0:737,features_0.npy,737,train,1,13.7578125,0.9999989406060509,1
features_0:738,features_0.npy,738,train,0,-12.90625,2.4824800371656583e-06,0
features_0:739,features_0.npy,739,train,1,14.796875,0.9999996252007827,1
features_0:741,features_0.npy,741,train,1,13.390625,0.9999984705869588,1
features_0:743,features_0.npy,743,train,1,11.015625,0.9999835575054402,1
features_0:744,features_0.npy,744,train,1,12.4375,0.999996033014085,1
features_0:745,features_0.npy,745,train,0,-14.609375,4.520941184666502e-07,0
features_0:746,features_0.npy,746,train,1,15.609375,0.9999998336838208,1
features_0:750,features_0.npy,750,train,1,13.9453125,0.9999991217314095,1
features_0:752,features_0.npy,752,train,0,-12.71875,2.9944409813715146e-06,0
features_0:753,features_0.npy,753,train,0,-11.515625,9.972941593827282e-06,0
features_0:754,features_0.npy,754,train,0,-14.4375,5.368750039367665e-07,0
features_0:755,features_0.npy,755,train,0,-13.4453125,1.448019281668024e-06,0
features_0:756,features_0.npy,756,train,0,-13.53125,1.3287773439792037e-06,0
features_0:757,features_0.npy,757,train,0,-14.8671875,3.4935129350451577e-07,0
features_0:759,features_0.npy,759,train,0,-14.78125,3.8070144394318623e-07,0
features_0:760,features_0.npy,760,train,1,13.5234375,0.9999986608009401,1
features_0:762,features_0.npy,762,train,1,12.8203125,0.9999972947472318,1
features_0:764,features_0.npy,764,train,1,16.40625,0.999999925035418,1
features_0:765,features_0.npy,765,train,1,14.8125,0.9999996310115038,1
features_0:767,features_0.npy,767,train,1,13.8359375,0.9999990202206853,1
features_0:770,features_0.npy,770,train,1,13.8046875,0.9999989891191827,1
features_0:771,features_0.npy,771,train,0,-10.2109375,3.6764631874206064e-05,0
features_0:772,features_0.npy,772,train,0,-14.375,5.715004470337245e-07,0
features_0:774,features_0.npy,774,train,1,12.6484375,0.99999678743448,1
features_0:777,features_0.npy,777,train,0,-14.90625,3.359678601183963e-07,0
features_0:778,features_0.npy,778,train,1,15.3203125,0.9999997779387788,1
features_0:780,features_0.npy,780,train,0,-15.2265625,2.4388653412542496e-07,0
features_0:781,features_0.npy,781,train,0,-14.40625,5.53917236522822e-07,0
features_0:782,features_0.npy,782,train,1,14.5625,0.9999995262094421,1
features_0:783,features_0.npy,783,train,0,-13.1484375,1.9485219473335507e-06,0
features_0:785,features_0.npy,785,train,1,15.09375,0.9999997214728452,1
features_0:786,features_0.npy,786,train,0,-12.6640625,3.1627594657680457e-06,0
features_0:787,features_0.npy,787,train,1,14.0546875,0.999999212725052,1
features_0:788,features_0.npy,788,train,1,13.59375,0.999998751729105,1
features_0:792,features_0.npy,792,train,1,14.65625,0.9999995686087695,1
features_0:793,features_0.npy,793,train,1,13.9765625,0.9999991487528702,1
features_0:796,features_0.npy,796,train,1,8.8125,0.999851161517427,1
features_0:798,features_0.npy,798,train,1,16.671875,0.9999999425226602,1
features_0:799,features_0.npy,799,train,1,15.8203125,0.9999998653130492,1
features_0:802,features_0.npy,802,train,0,-13.9921875,8.380497773494325e-07,0
features_0:803,features_0.npy,803,train,0,-14.03125,8.059446204294677e-07,0
features_0:806,features_0.npy,806,train,1,15.4921875,0.9999998130056972,1
features_0:807,features_0.npy,807,train,0,-14.9453125,3.230971376758428e-07,0
features_0:808,features_0.npy,808,train,1,8.2578125,0.9997408417533283,1
features_0:809,features_0.npy,809,train,1,16.6875,0.9999999434137637,1
features_0:810,features_0.npy,810,train,1,15.140625,0.9999997342275289,1
features_0:811,features_0.npy,811,train,1,12.65625,0.9999968124347834,1
features_0:812,features_0.npy,812,train,1,12.265625,0.9999952890911695,1
features_0:813,features_0.npy,813,train,0,-11.390625,1.1300808333434095e-05,0
features_0:814,features_0.npy,814,train,1,16.015625,0.9999998892095338,1
features_0:816,features_0.npy,816,train,0,-12.734375,2.948016613843445e-06,0
features_0:817,features_0.npy,817,train,1,11.5390625,0.9999902580790988,1
features_0:818,features_0.npy,818,train,0,-15.484375,1.884609169933469e-07,0
features_0:819,features_0.npy,819,train,0,-13.7265625,1.0930226862664561e-06,0
features_0:820,features_0.npy,820,train,1,13.3671875,0.9999984343180306,1
features_0:823,features_0.npy,823,train,1,12.609375,0.9999966594608457,1
features_0:824,features_0.npy,824,train,1,14.109375,0.9999992546230292,1
features_0:825,features_0.npy,825,train,1,16.234375,0.9999999109773575,1
features_0:826,features_0.npy,826,train,1,16.265625,0.9999999137162959,1
features_0:828,features_0.npy,828,train,1,12.2109375,0.999995024289959,1
features_0:829,features_0.npy,829,train,1,13.546875,0.9999986918234123,1
features_0:832,features_0.npy,832,train,0,-14.859375,3.520912886939413e-07,0
features_0:834,features_0.npy,834,train,1,13.109375,0.9999979738579198,1
features_0:836,features_0.npy,836,train,0,-14.109375,7.453769708679428e-07,0
features_0:838,features_0.npy,838,train,1,14.0234375,0.9999991877342828,1
features_0:839,features_0.npy,839,train,0,-13.546875,1.3081765876704983e-06,0
features_0:841,features_0.npy,841,train,1,16.828125,0.9999999508370256,1
features_0:842,features_0.npy,842,train,1,14.078125,0.9999992309622424,1
features_0:843,features_0.npy,843,train,1,12.8671875,0.9999974186294557,1
features_0:844,features_0.npy,844,train,1,13.828125,0.9999990125361885,1
features_0:845,features_0.npy,845,train,1,13.7421875,0.9999989239230416,1
features_0:846,features_0.npy,846,train,1,13.09375,0.9999979419508905,1
features_0:847,features_0.npy,847,train,1,16.796875,0.9999999492764252,1
features_0:848,features_0.npy,848,train,0,-13.7734375,1.0429695854949174e-06,0
features_0:849,features_0.npy,849,train,1,12.875,0.9999974387177893,1
features_0:850,features_0.npy,850,train,1,13.9921875,0.9999991619502226,1
features_0:852,features_0.npy,852,train,1,13.0625,0.9999978766215375,1
features_0:855,features_0.npy,855,train,0,-13.7265625,1.0930226862664561e-06,0
features_0:857,features_0.npy,857,train,0,-12.6328125,3.2631559007012773e-06,0
features_0:858,features_0.npy,858,train,1,12.578125,0.9999965534211155,1
features_0:859,features_0.npy,859,train,1,10.671875,0.9999768125224954,1
features_0:861,features_0.npy,861,train,1,13.640625,0.9999988088915229,1
features_0:862,features_0.npy,862,train,1,14.2109375,0.9999993266079752,1
features_0:864,features_0.npy,864,train,1,15.2890625,0.9999997708898006,1
features_0:865,features_0.npy,865,train,1,14.984375,0.9999996892805154,1
features_0:867,features_0.npy,867,train,1,12.7265625,0.9999970288618739,1
features_0:868,features_0.npy,868,train,1,11.0078125,0.9999834285474941,1
features_0:869,features_0.npy,869,train,0,-8.0546875,0.0003175087886569813,0
features_0:872,features_0.npy,872,train,0,-15.734375,1.4677351585138095e-07,0
features_0:873,features_0.npy,873,train,0,-13.9296875,8.92099296068236e-07,0
features_0:874,features_0.npy,874,train,0,-7.00390625,0.0009075025657146727,0
features_0:875,features_0.npy,875,train,1,13.875,0.9999990577554062,1
features_0:879,features_0.npy,879,train,1,4.875,0.9924227587321393,1
features_0:881,features_0.npy,881,train,0,-14.0546875,7.872749481037643e-07,0
features_0:882,features_0.npy,882,train,0,-15.671875,1.5623959286071137e-07,0
features_0:884,features_0.npy,884,train,1,14.7578125,0.9999996102704849,1
features_0:885,features_0.npy,885,train,0,-14.2734375,6.325932903518992e-07,0
features_0:886,features_0.npy,886,train,0,-13.34375,1.6028109878281438e-06,0
features_0:887,features_0.npy,887,train,0,-14.21875,6.681516500435412e-07,0
features_0:888,features_0.npy,888,train,1,12.1875,0.9999949062949967,1
features_0:889,features_0.npy,889,train,1,14.140625,0.9999992775558509,1
features_0:890,features_0.npy,890,train,1,13.234375,0.9999982119354642,1
features_0:892,features_0.npy,892,train,0,-11.4296875,1.0867885869810899e-05,0
features_0:893,features_0.npy,893,train,0,-14.8984375,3.386028878113189e-07,0
features_0:894,features_0.npy,894,train,1,11.234375,0.9999867880417712,1
features_0:898,features_0.npy,898,train,0,-13.671875,1.1544619641107913e-06,0
features_0:899,features_0.npy,899,train,0,-11.6171875,9.009810580191799e-06,0
features_0:900,features_0.npy,900,train,0,-11.8125,7.411279871974134e-06,0
features_0:901,features_0.npy,901,train,0,-13.890625,9.276364590402347e-07,0
features_0:903,features_0.npy,903,train,1,14.3125,0.9999993916409633,1
features_0:904,features_0.npy,904,train,0,-14.40625,5.53917236522822e-07,0
features_0:905,features_0.npy,905,train,1,14.515625,0.9999995034717698,1
features_0:906,features_0.npy,906,train,1,14.109375,0.9999992546230292,1
features_0:907,features_0.npy,907,train,0,-12.0078125,6.096360547613932e-06,0
features_0:908,features_0.npy,908,train,1,13.1484375,0.9999980514780527,1
features_0:909,features_0.npy,909,train,0,-10.609375,2.4682904407607285e-05,0
features_0:910,features_0.npy,910,train,1,14.1015625,0.9999992487769694,1
features_0:912,features_0.npy,912,train,1,11.4453125,0.9999893006032806,1
features_0:914,features_0.npy,914,train,1,13.8125,0.9999989969859118,1
features_0:915,features_0.npy,915,train,0,-15.5234375,1.8124109395097077e-07,0
features_0:916,features_0.npy,916,train,0,-13.875,9.422445939071362e-07,0
features_0:917,features_0.npy,917,train,1,14.015625,0.9999991813636089,1
features_0:918,features_0.npy,918,train,0,-11.1796875,1.3954598608060389e-05,0
features_0:919,features_0.npy,919,train,1,13.5625,0.9999987121047844,1
features_0:921,features_0.npy,921,train,1,15.90625,0.9999998764043052,1
features_0:922,features_0.npy,922,train,1,14.4375,0.999999463124996,1
features_0:923,features_0.npy,923,train,0,-12.796875,2.769405811082847e-06,0
features_0:924,features_0.npy,924,train,0,-13.4296875,1.470822233804496e-06,0
features_0:925,features_0.npy,925,train,1,14.125,0.9999992661790194,1
features_0:926,features_0.npy,926,train,1,17.0625,0.9999999611088859,1
features_0:930,features_0.npy,930,train,1,15.9296875,0.999999879267396,1
features_0:931,features_0.npy,931,train,1,14.8984375,0.9999996613971122,1
features_0:932,features_0.npy,932,train,0,-13.125,1.994729721527057e-06,0
features_0:933,features_0.npy,933,train,0,-14.0859375,7.630530628554053e-07,0
features_0:934,features_0.npy,934,train,1,16.75,0.9999999468421502,1
features_0:936,features_0.npy,936,train,0,-15.15625,2.6165205199192004e-07,0
features_0:937,features_0.npy,937,train,1,14.21875,0.9999993318483499,1
features_0:938,features_0.npy,938,train,0,-14.1796875,6.94767767455072e-07,0
features_0:939,features_0.npy,939,train,0,-9.3671875,8.547616611085637e-05,0
features_0:940,features_0.npy,940,train,0,-12.5859375,3.4197574865711416e-06,0
features_0:941,features_0.npy,941,train,1,16.484375,0.9999999306690949,1
features_0:942,features_0.npy,942,train,0,-15.6640625,1.5746499498205581e-07,0
features_0:943,features_0.npy,943,train,0,-17.3125,3.0288430461900305e-08,0
features_0:944,features_0.npy,944,train,0,-12.1953125,5.054065676751517e-06,0
features_0:945,features_0.npy,945,train,0,-11.703125,8.267873072601937e-06,0
features_0:946,features_0.npy,946,train,0,-10.75,2.144494842091395e-05,0
features_0:947,features_0.npy,947,train,1,14.03125,0.9999991940553795,1
features_0:948,features_0.npy,948,train,0,-13.125,1.994729721527057e-06,0
features_0:949,features_0.npy,949,train,1,11.1484375,0.9999856024412594,1
features_0:950,features_0.npy,950,train,1,15.1796875,0.9999997444091098,1
features_0:952,features_0.npy,952,train,1,12.8203125,0.9999972947472318,1
features_0:953,features_0.npy,953,train,1,12.296875,0.9999954340299353,1
features_0:958,features_0.npy,958,train,0,-13.3828125,1.5414083577909065e-06,0
features_0:962,features_0.npy,962,train,1,12.421875,0.9999959705433985,1
features_0:963,features_0.npy,963,train,0,-12.234375,4.860448402299843e-06,0
features_0:964,features_0.npy,964,train,0,-13.09375,2.0580491096133833e-06,0
features_0:965,features_0.npy,965,train,0,-13.3671875,1.5656819694176641e-06,0
features_0:966,features_0.npy,966,train,1,12.6171875,0.9999966854570413,1
features_0:967,features_0.npy,967,train,1,14.8125,0.9999996310115038,1
features_0:968,features_0.npy,968,train,0,-14.5546875,4.775065415651166e-07,0
features_0:969,features_0.npy,969,train,1,14.2109375,0.9999993266079752,1
features_0:970,features_0.npy,970,train,1,12.40625,0.99999590708895,1
features_0:973,features_0.npy,973,train,0,-14.2734375,6.325932903518992e-07,0
features_0:974,features_0.npy,974,train,1,15.4375,0.9999998024946565,1
features_0:976,features_0.npy,976,train,1,13.578125,0.9999987320717236,1
features_0:977,features_0.npy,977,train,0,-13.6015625,1.2385567858573118e-06,0
features_0:978,features_0.npy,978,train,0,-16.59375,6.21478221058824e-08,0
features_0:979,features_0.npy,979,train,1,13.40625,0.9999984942982746,1
features_0:982,features_0.npy,982,train,0,-13.5703125,1.2778727483806982e-06,0
features_0:983,features_0.npy,983,train,0,-13.796875,1.0188092456838862e-06,0
features_0:984,features_0.npy,984,train,0,-11.6875,8.39807203495153e-06,0
features_0:985,features_0.npy,985,train,1,12.15625,0.999994744604293,1
features_0:986,features_0.npy,986,train,1,15.7109375,0.999999849745851,1
features_0:987,features_0.npy,987,train,1,14.5625,0.9999995262094421,1
features_0:988,features_0.npy,988,train,1,11.6015625,0.9999908483068468,1
features_0:989,features_0.npy,989,train,1,13.8359375,0.9999990202206853,1
features_0:990,features_0.npy,990,train,1,15.4140625,0.9999997978109532,1
features_0:993,features_0.npy,993,train,0,-14.2578125,6.425551787411865e-07,0
features_0:994,features_0.npy,994,train,0,-13.5234375,1.3391990598969875e-06,0
features_0:997,features_0.npy,997,train,0,-10.71875,2.212566909570261e-05,0
features_0:998,features_0.npy,998,train,1,15.0703125,0.999999714867766,1
features_0:999,features_0.npy,999,train,1,15.0625,0.9999997126314468,1
features_0:1000,features_0.npy,1000,train,0,-13.4609375,1.4255698555205716e-06,0
features_0:1001,features_0.npy,1001,train,1,13.3046875,0.9999983333403875,1
features_0:1004,features_0.npy,1004,train,0,-13.4765625,1.4034684744809525e-06,0
features_0:1005,features_0.npy,1005,train,0,-14.5,5.043474082014517e-07,0
features_0:1006,features_0.npy,1006,train,1,12.8984375,0.9999974980496794,1
features_0:1007,features_0.npy,1007,train,1,14.9375,0.9999996743687808,1
features_0:1009,features_0.npy,1009,train,0,-13.890625,9.276364590402347e-07,0
features_0:1010,features_0.npy,1010,train,1,13.515625,0.9999986502974858,1
features_0:1013,features_0.npy,1013,train,1,13.984375,0.9999991553773224,1
features_0:1018,features_0.npy,1018,train,0,-13.265625,1.7330516687400673e-06,0
features_0:1022,features_0.npy,1022,train,0,-13.796875,1.0188092456838862e-06,0
features_0:1023,features_0.npy,1023,train,1,13.7734375,0.9999989570304144,1
features_0:1024,features_0.npy,1024,train,0,-11.9453125,6.489539470933777e-06,0
features_0:1026,features_0.npy,1026,train,1,14.0625,0.9999992188516693,1
features_0:1027,features_0.npy,1027,train,1,10.8515625,0.9999806260634916,1
features_0:1029,features_0.npy,1029,train,0,-14.109375,7.453769708679428e-07,0
features_0:1030,features_0.npy,1030,train,0,-12.5703125,3.4736106438412514e-06,0
features_0:1031,features_0.npy,1031,train,1,13.796875,0.9999989811907543,1
features_0:1032,features_0.npy,1032,train,0,-13.8671875,9.496347028314894e-07,0
features_0:1033,features_0.npy,1033,train,0,-13.875,9.422445939071362e-07,0
features_0:1034,features_0.npy,1034,train,1,15.390625,0.9999997930161793,1
features_0:1035,features_0.npy,1035,train,1,12.6171875,0.9999966854570413,1
features_0:1036,features_0.npy,1036,train,1,12.109375,0.999994492393976,1
features_0:1037,features_0.npy,1037,train,1,13.390625,0.9999984705869588,1
features_0:1040,features_0.npy,1040,train,1,12.5234375,0.9999963596879077,1
features_0:1041,features_0.npy,1041,train,1,15.6328125,0.9999998375365304,1
features_0:1042,features_0.npy,1042,train,1,14.75,0.9999996072137998,1
features_0:1043,features_0.npy,1043,train,1,13.140625,0.9999980361956357,1
features_0:1046,features_0.npy,1046,train,0,-11.3359375,1.1936024807889659e-05,0
features_0:1047,features_0.npy,1047,train,0,-13.6015625,1.2385567858573118e-06,0
features_0:1048,features_0.npy,1048,train,1,4.98828125,0.9932287900693889,1
features_0:1049,features_0.npy,1049,train,1,14.4609375,0.9999994755616856,1
features_0:1050,features_0.npy,1050,train,0,-14.0078125,8.25057030553458e-07,0
features_0:1052,features_0.npy,1052,train,0,-13.453125,1.4367507224078596e-06,0
features_0:1053,features_0.npy,1053,train,1,12.671875,0.9999968618532465,1
features_0:1054,features_0.npy,1054,train,1,15.0703125,0.999999714867766,1
features_0:1055,features_0.npy,1055,train,1,13.15625,0.9999980666415416,1
features_0:1057,features_0.npy,1057,train,0,-13.375,1.553497754595012e-06,0
features_0:1058,features_0.npy,1058,train,1,16.71875,0.9999999451547391,1
features_0:1061,features_0.npy,1061,train,1,13.828125,0.9999990125361885,1
features_0:1063,features_0.npy,1063,train,1,12.640625,0.9999967622380979,1
features_0:1065,features_0.npy,1065,train,0,-11.75,7.889262586245034e-06,0
features_0:1066,features_0.npy,1066,train,1,14.359375,0.9999994194997356,1
features_0:1067,features_0.npy,1067,train,0,-14.3828125,5.670529977925504e-07,0
features_0:1068,features_0.npy,1068,train,0,-14.0078125,8.25057030553458e-07,0
features_0:1073,features_0.npy,1073,train,1,14.640625,0.9999995618153491,1
features_0:1074,features_0.npy,1074,train,1,10.828125,0.9999801666329398,1
features_0:1075,features_0.npy,1075,train,0,-14.4375,5.368750039367665e-07,0
features_0:1078,features_0.npy,1078,train,1,13.75,0.9999989322971299,1
features_0:1079,features_0.npy,1079,train,0,-15.4140625,2.0218904675285214e-07,0
features_0:1080,features_0.npy,1080,train,1,15.0546875,0.999999710377588,1
features_0:1083,features_0.npy,1083,train,1,13.7109375,0.9999988897647301,1
features_0:1084,features_0.npy,1084,train,1,15.4140625,0.9999997978109532,1
features_0:1085,features_0.npy,1085,train,1,15.515625,0.9999998173374148,1
features_0:1087,features_0.npy,1087,train,0,-12.5859375,3.4197574865711416e-06,0
features_0:1088,features_0.npy,1088,train,1,13.203125,0.9999981551763079,1
features_0:1089,features_0.npy,1089,train,1,13.90625,0.999999086745198,1
features_0:1090,features_0.npy,1090,train,0,-11.21875,1.342001350478341e-05,0
features_0:1091,features_0.npy,1091,train,1,14.5390625,0.9999995149738282,1
features_0:1093,features_0.npy,1093,train,1,14.890625,0.9999996587414178,1
features_0:1094,features_0.npy,1094,train,1,15.59375,0.9999998310647226,1
features_0:1096,features_0.npy,1096,train,1,13.6640625,0.9999988364834891,1
features_0:1097,features_0.npy,1097,train,0,-5.22265625,0.0053640566906201104,0
features_0:1098,features_0.npy,1098,train,0,-11.2734375,1.2705822488467692e-05,0
features_0:1100,features_0.npy,1100,train,1,13.0234375,0.9999977920359425,1
features_0:1101,features_0.npy,1101,train,0,-13.3515625,1.5903378336002657e-06,0
features_0:1102,features_0.npy,1102,train,1,14.6328125,0.999999558378626,1
features_0:1103,features_0.npy,1103,train,1,15.8984375,0.9999998754349322,1
features_0:1105,features_0.npy,1105,train,0,-14.3046875,6.1313045284907e-07,0
features_0:1106,features_0.npy,1106,train,1,14.3125,0.9999993916409633,1
features_0:1107,features_0.npy,1107,train,1,12.7265625,0.9999970288618739,1
features_0:1108,features_0.npy,1108,train,1,13.703125,0.9999988810570567,1
features_0:1110,features_0.npy,1110,train,1,16.921875,0.9999999552366021,1
features_0:1111,features_0.npy,1111,train,0,-10.734375,2.1782649863110498e-05,0
features_0:1112,features_0.npy,1112,train,1,14.53125,0.9999995111697226,1
features_0:1113,features_0.npy,1113,train,1,16.09375,0.9999998975355678,1
features_0:1114,features_0.npy,1114,train,0,-13.609375,1.2289182723265359e-06,0
features_0:1116,features_0.npy,1116,train,1,15.734375,0.9999998532264842,1
features_0:1117,features_0.npy,1117,train,1,16.984375,0.9999999579486794,1
features_0:1118,features_0.npy,1118,train,1,15.4453125,0.9999998040316551,1
features_0:1120,features_0.npy,1120,train,1,12.125,0.9999945777810301,1
features_0:1121,features_0.npy,1121,train,0,-15.65625,1.587000080483163e-07,0
features_0:1124,features_0.npy,1124,train,0,-13.390625,1.529413041130223e-06,0
features_0:1125,features_0.npy,1125,train,1,15.140625,0.9999997342275289,1
features_0:1128,features_0.npy,1128,train,0,-13.4375,1.459376221076886e-06,0
features_0:1131,features_0.npy,1131,train,1,13.8203125,0.9999990047914217,1
features_0:1132,features_0.npy,1132,train,1,14.296875,0.9999993820607084,1
features_0:1133,features_0.npy,1133,train,1,11.4609375,0.9999894664803045,1
features_0:1134,features_0.npy,1134,train,1,14.671875,0.9999995752968679,1
features_0:1137,features_0.npy,1137,train,1,11.9140625,0.9999933044618126,1
features_0:1138,features_0.npy,1138,train,0,-12.03125,5.955139348629957e-06,0
features_0:1140,features_0.npy,1140,train,1,11.9296875,0.9999934082658262,1
features_0:1142,features_0.npy,1142,train,1,13.203125,0.9999981551763079,1
features_0:1144,features_0.npy,1144,train,1,11.9921875,0.9999938076363376,1
features_0:1145,features_0.npy,1145,train,1,14.1875,0.9999993106389544,1
features_0:1146,features_0.npy,1146,train,1,14.6015625,0.9999995443600651,1
features_0:1149,features_0.npy,1149,train,0,-13.5703125,1.2778727483806982e-06,0
features_0:1151,features_0.npy,1151,train,1,8.171875,0.9997175919220068,1
features_0:1155,features_0.npy,1155,train,0,-14.8046875,3.7188250777237626e-07,0
features_0:1156,features_0.npy,1156,train,1,14.0234375,0.9999991877342828,1
features_0:1157,features_0.npy,1157,train,1,13.9140625,0.999999093852197,1
features_0:1159,features_0.npy,1159,train,1,12.1953125,0.9999949459343233,1
features_0:1160,features_0.npy,1160,train,0,-14.203125,6.786735003792342e-07,0
features_0:1161,features_0.npy,1161,train,1,14.8359375,0.99999963955911,1
features_0:1163,features_0.npy,1163,train,1,16.046875,0.9999998926181977,1
features_0:1164,features_0.npy,1164,train,1,15.7578125,0.9999998566264884,1
features_0:1165,features_0.npy,1165,train,1,13.390625,0.9999984705869588,1
features_0:1167,features_0.npy,1167,train,0,-14.2578125,6.425551787411865e-07,0
features_0:1168,features_0.npy,1168,train,0,-12.6875,3.089494448007139e-06,0
features_0:1169,features_0.npy,1169,train,0,-14.15625,7.112436985392046e-07,0
features_0:1170,features_0.npy,1170,train,1,14.6796875,0.9999995786019323,1
features_0:1172,features_0.npy,1172,train,0,-15.5078125,1.8409522535701073e-07,0
features_0:1173,features_0.npy,1173,train,1,13.9453125,0.9999991217314095,1
features_0:1174,features_0.npy,1174,train,0,-15.140625,2.6577247116270285e-07,0
features_0:1175,features_0.npy,1175,train,1,15.4609375,0.999999807069862,1
features_0:1176,features_0.npy,1176,train,0,-13.5234375,1.3391990598969875e-06,0
features_0:1177,features_0.npy,1177,train,1,9.6875,0.9999379495039771,1
features_0:1178,features_0.npy,1178,train,1,12.9765625,0.9999976860737801,1
features_0:1179,features_0.npy,1179,train,1,13.0859375,0.9999979258094446,1
features_0:1181,features_0.npy,1181,train,0,-15.2421875,2.401054247879439e-07,0
features_0:1182,features_0.npy,1182,train,1,16.296875,0.9999999163709662,1
features_0:1185,features_0.npy,1185,train,0,-12.0,6.144174602214718e-06,0
features_0:1187,features_0.npy,1187,train,1,15.5390625,0.9999998215687883,1
features_0:1188,features_0.npy,1188,train,0,-14.2109375,6.733920248546524e-07,0
features_0:1189,features_0.npy,1189,train,0,-15.8125,1.3574331344399593e-07,0
features_0:1190,features_0.npy,1190,train,0,-10.3125,3.321419494792514e-05,0
features_0:1191,features_0.npy,1191,train,1,14.34375,0.9999994103581922,1
features_0:1192,features_0.npy,1192,train,0,-14.0703125,7.75069390811935e-07,0
features_0:1193,features_0.npy,1193,train,1,14.2890625,0.9999993772141536,1
features_0:1196,features_0.npy,1196,train,1,16.4375,0.9999999273418356,1
features_0:1197,features_0.npy,1197,train,1,12.234375,0.9999951395515977,1
features_0:1198,features_0.npy,1198,train,0,-12.6328125,3.2631559007012773e-06,0
features_0:1200,features_0.npy,1200,train,0,-16.421875,7.380236396533671e-08,0
features_0:1201,features_0.npy,1201,train,0,-13.5078125,1.3602883477442573e-06,0
features_0:1202,features_0.npy,1202,train,1,11.1015625,0.9999849114984143,1
features_0:1203,features_0.npy,1203,train,1,10.9609375,0.9999826332806948,1
features_0:1204,features_0.npy,1204,train,0,-12.4609375,3.875091141305538e-06,0
features_0:1205,features_0.npy,1205,train,0,-13.9765625,8.512471297900501e-07,0
features_0:1206,features_0.npy,1206,train,1,15.03125,0.9999997035093924,1
features_0:1208,features_0.npy,1208,train,1,13.7578125,0.9999989406060509,1
features_0:1209,features_0.npy,1209,train,0,-15.578125,1.715956205316364e-07,0
features_0:1210,features_0.npy,1210,train,0,-12.4375,3.966985914946731e-06,0
features_0:1211,features_0.npy,1211,train,1,13.8515625,0.999999035410741,1
features_0:1212,features_0.npy,1212,train,1,13.1328125,0.9999980207933576,1
features_0:1214,features_0.npy,1214,train,1,9.671875,0.9999369724124355,1
features_0:1217,features_0.npy,1217,train,0,-14.359375,5.805002643063729e-07,0
features_0:1220,features_0.npy,1220,train,0,-13.2421875,1.7741497317865673e-06,0
features_0:1221,features_0.npy,1221,train,1,12.1171875,0.999994535254272,1
features_0:1222,features_0.npy,1222,train,0,-13.8046875,1.0108808172476437e-06,0
features_0:1223,features_0.npy,1223,train,1,12.5703125,0.9999965263893561,1
features_0:1225,features_0.npy,1225,train,1,16.921875,0.9999999552366021,1
features_0:1226,features_0.npy,1226,train,0,-14.3671875,5.759827780115915e-07,0
features_0:1227,features_0.npy,1227,train,0,-9.3828125,8.415109250079663e-05,0
features_0:1228,features_0.npy,1228,train,0,-15.03125,2.964906076270974e-07,0
features_0:1229,features_0.npy,1229,train,1,17.265625,0.9999999682579975,1
features_0:1230,features_0.npy,1230,train,1,12.78125,0.999997186982516,1
features_0:1231,features_0.npy,1231,train,0,-14.203125,6.786735003792342e-07,0
features_0:1232,features_0.npy,1232,train,1,13.90625,0.999999086745198,1
features_0:1233,features_0.npy,1233,train,0,-14.3125,6.083590367132095e-07,0
features_0:1234,features_0.npy,1234,train,1,15.3046875,0.9999997744418241,1
features_0:1235,features_0.npy,1235,train,1,15.4296875,0.9999998009456034,1
features_0:1236,features_0.npy,1236,train,1,12.5078125,0.9999963023615457,1
features_0:1237,features_0.npy,1237,train,1,15.4296875,0.9999998009456034,1
features_0:1239,features_0.npy,1239,train,1,12.0234375,0.9999939981541949,1
features_0:1240,features_0.npy,1240,train,0,-13.7421875,1.0760769584303332e-06,0
features_0:1242,features_0.npy,1242,train,1,16.140625,0.9999999022277555,1
features_0:1244,features_0.npy,1244,train,1,8.328125,0.9997584337017134,1
features_0:1245,features_0.npy,1245,train,1,15.421875,0.9999997993844006,1
features_0:1246,features_0.npy,1246,train,1,12.171875,0.9999948260812298,1
features_0:1247,features_0.npy,1247,train,0,-12.625,3.288749065460498e-06,0
features_0:1249,features_0.npy,1249,train,1,14.7421875,0.9999996041331407,1
features_0:1251,features_0.npy,1251,train,1,14.96875,0.9999996843873972,1
features_0:1252,features_0.npy,1252,train,1,15.7890625,0.9999998610376271,1
features_0:1253,features_0.npy,1253,train,0,-12.78125,2.8130174840733106e-06,0
features_0:1255,features_0.npy,1255,train,1,13.8515625,0.999999035410741,1
features_0:1258,features_0.npy,1258,train,1,15.4921875,0.9999998130056972,1
features_0:1259,features_0.npy,1259,train,1,13.015625,0.9999977747187042,1
features_0:1260,features_0.npy,1260,train,1,15.3359375,0.9999997813815182,1
features_0:1261,features_0.npy,1261,train,1,14.96875,0.9999996843873972,1
features_0:1262,features_0.npy,1262,train,1,15.1953125,0.999999748371678,1
features_0:1263,features_0.npy,1263,train,0,-12.7890625,2.7911264694379987e-06,0
features_0:1265,features_0.npy,1265,train,0,-13.140625,1.9638043643636485e-06,0
features_0:1268,features_0.npy,1268,train,0,-13.328125,1.6280515470910008e-06,0
features_0:1269,features_0.npy,1269,train,0,-13.7578125,1.059393949192178e-06,0
features_0:1270,features_0.npy,1270,train,1,12.96875,0.9999976679254741,1
features_0:1271,features_0.npy,1271,train,0,-10.53125,2.668852957262856e-05,0
features_0:1272,features_0.npy,1272,train,0,-13.34375,1.6028109878281438e-06,0
features_0:1273,features_0.npy,1273,train,1,16.625,0.9999999397642653,1
features_0:1274,features_0.npy,1274,train,0,-14.40625,5.53917236522822e-07,0
features_0:1276,features_0.npy,1276,train,0,-14.296875,6.179392916194265e-07,0
features_0:1277,features_0.npy,1277,train,1,16.859375,0.9999999523496113,1
features_0:1278,features_0.npy,1278,train,0,-16.046875,1.0738180234227161e-07,0
features_0:1280,features_0.npy,1280,train,0,-14.6796875,4.213980675391102e-07,0
features_0:1281,features_0.npy,1281,train,0,-14.203125,6.786735003792342e-07,0
features_0:1284,features_0.npy,1284,train,1,15.1015625,0.9999997236403602,1
features_0:1285,features_0.npy,1285,train,0,-10.5859375,2.526822782693578e-05,0
features_0:1287,features_0.npy,1287,train,1,14.9296875,0.9999996718148245,1
features_0:1288,features_0.npy,1288,train,0,-13.984375,8.446226776654008e-07,0
features_0:1289,features_0.npy,1289,train,0,-10.859375,1.9223170236538176e-05,0
features_0:1290,features_0.npy,1290,train,1,13.3203125,0.9999983591795074,1
features_0:1292,features_0.npy,1292,train,0,-12.25,4.785094494890119e-06,0
features_0:1293,features_0.npy,1293,train,0,-8.5078125,0.00020184421628825368,0
features_0:1295,features_0.npy,1295,train,1,15.3203125,0.9999997779387788,1
features_0:1296,features_0.npy,1296,train,0,-12.2578125,4.7478567709005345e-06,0
features_0:1298,features_0.npy,1298,train,1,10.0390625,0.9999563412204061,1
features_0:1299,features_0.npy,1299,train,1,13.0703125,0.9999978931457651,1
features_0:1301,features_0.npy,1301,train,1,14.046875,0.999999206550383,1
features_0:1302,features_0.npy,1302,train,0,-14.3359375,5.942664231811158e-07,0
features_0:1304,features_0.npy,1304,train,1,13.515625,0.9999986502974858,1
features_0:1305,features_0.npy,1305,train,1,14.6171875,0.9999995514241042,1
features_0:1307,features_0.npy,1307,train,0,-12.5859375,3.4197574865711416e-06,0
features_0:1308,features_0.npy,1308,train,1,10.640625,0.999976076490557,1
features_0:1309,features_0.npy,1309,train,0,-14.4765625,5.163076561419487e-07,0
features_0:1310,features_0.npy,1310,train,1,7.42578125,0.9994046593337557,1
features_0:1311,features_0.npy,1311,train,1,13.640625,0.9999988088915229,1
features_0:1312,features_0.npy,1312,train,0,-10.609375,2.4682904407607285e-05,0
features_0:1313,features_0.npy,1313,train,0,-14.1796875,6.94767767455072e-07,0
features_0:1314,features_0.npy,1314,train,0,-13.9296875,8.92099296068236e-07,0
features_0:1315,features_0.npy,1315,train,1,16.53125,0.9999999338439879,1
features_0:1316,features_0.npy,1316,train,0,-13.1953125,1.859292796836363e-06,0
features_0:1317,features_0.npy,1317,train,0,-13.8828125,9.3491199515874e-07,0
features_0:1318,features_0.npy,1318,train,1,13.53125,0.9999986712226561,1
features_0:1319,features_0.npy,1319,train,0,-14.8671875,3.4935129350451577e-07,0
features_0:1322,features_0.npy,1322,train,1,16.234375,0.9999999109773575,1
features_0:1323,features_0.npy,1323,train,0,-10.109375,4.069457790466838e-05,0
features_0:1324,features_0.npy,1324,train,1,16.21875,0.999999909575455,1
features_0:1325,features_0.npy,1325,train,1,13.796875,0.9999989811907543,1
features_0:1326,features_0.npy,1326,train,0,-14.6953125,4.148648987636019e-07,0
features_0:1328,features_0.npy,1328,train,1,14.8515625,0.9999996451472262,1
features_0:1329,features_0.npy,1329,train,1,15.9375,0.9999998802069444,1
features_0:1330,features_0.npy,1330,train,1,14.7890625,0.999999622261197,1
features_0:1331,features_0.npy,1331,train,0,-13.703125,1.1189429432988174e-06,0
features_0:1333,features_0.npy,1333,train,1,13.890625,0.9999990723635409,1
features_0:1334,features_0.npy,1334,train,1,13.546875,0.9999986918234123,1
features_0:1335,features_0.npy,1335,train,1,11.3046875,0.9999876850897587,1
features_0:1336,features_0.npy,1336,train,0,-12.8515625,2.6220211087535014e-06,0
features_0:1338,features_0.npy,1338,train,1,15.140625,0.9999997342275289,1
features_0:1339,features_0.npy,1339,train,0,-13.78125,1.0348531401872454e-06,0
features_0:1340,features_0.npy,1340,train,1,15.0703125,0.999999714867766,1
features_0:1341,features_0.npy,1341,train,1,16.03125,0.9999998909271804,1
features_0:1342,features_0.npy,1342,train,0,-14.6015625,4.556399349686312e-07,0
features_0:1343,features_0.npy,1343,train,1,13.21875,0.9999981837775962,1
features_0:1346,features_0.npy,1346,train,0,-10.8515625,1.9373936508326677e-05,0
features_0:1347,features_0.npy,1347,train,0,-13.9765625,8.512471297900501e-07,0
features_0:1348,features_0.npy,1348,train,1,14.625,0.9999995549149481,1
features_0:1350,features_0.npy,1350,train,0,-12.4453125,3.936114707148965e-06,0
features_0:1351,features_0.npy,1351,train,1,10.203125,0.9999629470302284,1
features_0:1352,features_0.npy,1352,train,0,-13.890625,9.276364590402347e-07,0
features_0:1353,features_0.npy,1353,train,1,15.09375,0.9999997214728452,1
features_0:1355,features_0.npy,1355,train,1,13.1953125,0.9999981407072032,1
features_0:1357,features_0.npy,1357,train,1,14.25,0.9999993524052017,1
features_0:1358,features_0.npy,1358,train,0,-12.9296875,2.424973588494704e-06,0
features_0:1359,features_0.npy,1359,train,0,-13.5703125,1.2778727483806982e-06,0
features_0:1360,features_0.npy,1360,train,1,14.4453125,0.9999994673029882,1
features_0:1361,features_0.npy,1361,train,0,-12.4140625,4.061059892849262e-06,0
features_0:1362,features_0.npy,1362,train,1,15.0390625,0.9999997058167001,1
features_0:1364,features_0.npy,1364,train,0,-11.5,1.0129990980873921e-05,0
features_0:1365,features_0.npy,1365,train,1,15.9375,0.9999998802069444,1
features_0:1366,features_0.npy,1366,train,1,12.03125,0.9999940448606512,1
features_0:1368,features_0.npy,1368,train,1,15.203125,0.9999997503298649,1
features_0:1373,features_0.npy,1373,train,0,-13.578125,1.2679282763661404e-06,0
features_0:1374,features_0.npy,1374,train,1,14.234375,0.9999993422070742,1
features_0:1375,features_0.npy,1375,train,1,14.25,0.9999993524052017,1
features_0:1379,features_0.npy,1379,train,1,12.5390625,0.999996416125513,1
features_0:1381,features_0.npy,1381,train,1,13.5859375,0.9999987419388074,1
features_0:1383,features_0.npy,1383,train,0,-14.3125,6.083590367132095e-07,0
features_0:1384,features_0.npy,1384,train,1,13.6796875,0.99999885452212,1
features_0:1385,features_0.npy,1385,train,1,13.5859375,0.9999987419388074,1
features_0:1386,features_0.npy,1386,train,0,-8.4609375,0.0002115288734611408,0
features_0:1387,features_0.npy,1387,train,0,-14.359375,5.805002643063729e-07,0
features_0:1388,features_0.npy,1388,train,0,-11.125,1.4738981974494931e-05,0
features_0:1389,features_0.npy,1389,train,0,-13.5078125,1.3602883477442573e-06,0
features_0:1391,features_0.npy,1391,train,1,15.421875,0.9999997993844006,1
features_0:1392,features_0.npy,1392,train,0,-14.1640625,7.057087600712171e-07,0
features_0:1395,features_0.npy,1395,train,1,14.2890625,0.9999993772141536,1
features_0:1398,features_0.npy,1398,train,1,15.7734375,0.9999998588492883,1
features_0:1399,features_0.npy,1399,train,1,17.15625,0.9999999645892373,1
features_0:1401,features_0.npy,1401,train,0,-12.390625,4.157364752513334e-06,0
features_0:1403,features_0.npy,1403,train,1,11.4375,0.999989216687777,1
features_0:1404,features_0.npy,1404,train,1,14.7734375,0.9999996163126788,1
features_0:1405,features_0.npy,1405,train,1,16.359375,0.9999999214377928,1
features_0:1406,features_0.npy,1406,train,0,-13.796875,1.0188092456838862e-06,0
features_0:1414,features_0.npy,1414,train,1,15.2734375,0.9999997672818408,1
features_0:1415,features_0.npy,1415,train,1,16.21875,0.999999909575455,1
features_0:1418,features_0.npy,1418,train,0,-12.4375,3.966985914946731e-06,0
features_0:1419,features_0.npy,1419,train,1,11.859375,0.9999929281049428,1
features_0:1421,features_0.npy,1421,train,0,-10.2578125,3.508111586796275e-05,0
features_0:1423,features_0.npy,1423,train,1,12.6328125,0.9999967368440993,1
features_0:1424,features_0.npy,1424,train,1,13.0234375,0.9999977920359425,1
features_0:1428,features_0.npy,1428,train,1,12.203125,0.999994985265177,1
features_0:1429,features_0.npy,1429,train,1,14.3125,0.9999993916409633,1
features_0:1431,features_0.npy,1431,train,0,-12.9765625,2.3139262198968824e-06,0
features_0:1432,features_0.npy,1432,train,1,12.3515625,0.9999956770253791,1
features_0:1433,features_0.npy,1433,train,1,14.7578125,0.9999996102704849,1
features_0:1436,features_0.npy,1436,train,0,-14.84375,3.576359177212449e-07,0
features_0:1438,features_0.npy,1438,train,0,-13.328125,1.6280515470910008e-06,0
features_0:1439,features_0.npy,1439,train,1,11.5859375,0.9999907041899896,1
features_0:1440,features_0.npy,1440,train,1,13.5234375,0.9999986608009401,1
features_0:1441,features_0.npy,1441,train,0,-14.9140625,3.333533383599409e-07,0
features_0:1442,features_0.npy,1442,train,0,-10.671875,2.3187477504664322e-05,0
features_0:1443,features_0.npy,1443,train,0,-12.03125,5.955139348629957e-06,0
features_0:1444,features_0.npy,1444,train,0,-11.3515625,1.1750976069904378e-05,0
features_0:1448,features_0.npy,1448,train,1,13.3203125,0.9999983591795074,1
features_0:1449,features_0.npy,1449,train,1,15.453125,0.9999998055566924,1
features_0:1450,features_0.npy,1450,train,1,16.21875,0.999999909575455,1
features_0:1453,features_0.npy,1453,train,0,-13.34375,1.6028109878281438e-06,0
features_0:1454,features_0.npy,1454,train,1,12.5,0.9999962733607158,1
features_0:1455,features_0.npy,1455,train,1,14.609375,0.9999995479058815,1
features_0:1456,features_0.npy,1456,train,0,-12.7109375,3.017926602189289e-06,0
features_0:1457,features_0.npy,1457,train,1,13.4921875,0.9999986182902574,1
features_0:1458,features_0.npy,1458,train,0,-15.7890625,1.3896237290833174e-07,0
features_0:1461,features_0.npy,1461,train,0,-14.0390625,7.99672714649937e-07,0
features_0:1463,features_0.npy,1463,train,0,-12.765625,2.857315937086711e-06,0
features_0:1464,features_0.npy,1464,train,0,-13.890625,9.276364590402347e-07,0
features_0:1466,features_0.npy,1466,train,0,-12.375,4.222833444659923e-06,0
features_0:1467,features_0.npy,1467,train,1,14.375,0.999999428499553,1
features_0:1469,features_0.npy,1469,train,1,14.0546875,0.999999212725052,1
features_0:1470,features_0.npy,1470,train,0,-13.4765625,1.4034684744809525e-06,0
features_0:1471,features_0.npy,1471,train,1,14.2734375,0.9999993674067096,1
features_0:1472,features_0.npy,1472,train,0,-11.828125,7.296379465971514e-06,0
features_0:1473,features_0.npy,1473,train,1,13.9296875,0.9999991079007038,1
features_0:1475,features_0.npy,1475,train,0,-12.9375,2.4061023397180246e-06,0
features_0:1477,features_0.npy,1477,train,0,-12.53125,3.6119830612765793e-06,0
features_0:1479,features_0.npy,1479,train,1,13.796875,0.9999989811907543,1
features_0:1483,features_0.npy,1483,train,1,11.6875,0.9999916019279651,1
features_0:1486,features_0.npy,1486,train,1,13.484375,0.9999986074533888,1
features_0:1487,features_0.npy,1487,train,1,14.1640625,0.9999992942912399,1
features_0:1488,features_0.npy,1488,train,0,-13.90625,9.132548018955539e-07,0
features_0:1489,features_0.npy,1489,train,0,-13.9453125,8.782685905812962e-07,0
features_0:1490,features_0.npy,1490,train,1,12.1796875,0.9999948663447785,1
features_0:1492,features_0.npy,1492,train,1,12.4296875,0.9999960019007533,1
features_0:1493,features_0.npy,1493,train,1,17.015625,0.9999999592424623,1
features_0:1496,features_0.npy,1496,train,1,12.2109375,0.999995024289959,1
features_0:1497,features_0.npy,1497,train,1,13.546875,0.9999986918234123,1
features_0:1498,features_0.npy,1498,train,0,-14.984375,3.107194845544514e-07,0
features_0:1501,features_0.npy,1501,train,0,-12.7890625,2.7911264694379987e-06,0
features_0:1504,features_0.npy,1504,train,0,-12.453125,3.905483739112383e-06,0
features_0:1505,features_0.npy,1505,train,1,12.359375,0.9999957106668901,1
features_0:1506,features_0.npy,1506,train,0,-12.765625,2.857315937086711e-06,0
features_0:1507,features_0.npy,1507,train,0,-14.6796875,4.213980675391102e-07,0
features_0:1510,features_0.npy,1510,train,1,13.15625,0.9999980666415416,1
features_0:1511,features_0.npy,1511,train,1,13.2734375,0.999998280435023,1
features_0:1514,features_0.npy,1514,train,1,12.078125,0.9999943175647871,1
features_0:1517,features_0.npy,1517,train,0,-13.765625,1.0511496887388008e-06,0
features_0:1519,features_0.npy,1519,train,0,-14.328125,5.989273097131195e-07,0
features_0:1520,features_0.npy,1520,train,1,13.390625,0.9999984705869588,1
features_0:1521,features_0.npy,1521,train,1,14.8046875,0.9999996281174923,1
features_0:1524,features_0.npy,1524,train,0,-12.96875,2.332074525844782e-06,0
features_0:1525,features_0.npy,1525,train,1,14.40625,0.9999994460827635,1
features_0:1529,features_0.npy,1529,train,0,-14.4921875,5.08303051939129e-07,0
features_0:1530,features_0.npy,1530,train,1,13.09375,0.9999979419508905,1
features_0:1531,features_0.npy,1531,train,0,-12.9296875,2.424973588494704e-06,0
features_0:1532,features_0.npy,1532,train,0,-14.0546875,7.872749481037643e-07,0
features_0:1533,features_0.npy,1533,train,1,13.8828125,0.999999065088005,1
features_0:1534,features_0.npy,1534,train,1,14.9765625,0.9999996868435131,1
features_0:1535,features_0.npy,1535,train,1,16.0,0.9999998874648379,1
features_0:1536,features_0.npy,1536,train,1,13.8671875,0.9999990503652972,1
features_0:1537,features_0.npy,1537,train,0,-15.703125,1.5143260666958895e-07,0
features_0:1538,features_0.npy,1538,train,1,15.671875,0.9999998437604072,1
features_0:1539,features_0.npy,1539,train,0,-14.734375,3.9897168041788877e-07,0
features_0:1540,features_0.npy,1540,train,1,12.484375,0.9999962146749086,1
features_0:1541,features_0.npy,1541,train,1,12.609375,0.9999966594608457,1
features_0:1542,features_0.npy,1542,train,0,-15.4609375,1.9293013798385022e-07,0
features_0:1543,features_0.npy,1543,train,1,13.8359375,0.9999990202206853,1
features_0:1544,features_0.npy,1544,train,0,-14.171875,7.002168947755554e-07,0
features_0:1545,features_0.npy,1545,train,1,13.671875,0.9999988455380359,1
features_0:1547,features_0.npy,1547,train,1,14.5234375,0.9999995073357812,1
features_0:1549,features_0.npy,1549,train,0,-13.2421875,1.7741497317865673e-06,0
features_0:1554,features_0.npy,1554,train,0,-14.9609375,3.1808798244186575e-07,0
features_0:1555,features_0.npy,1555,train,0,-14.296875,6.179392916194265e-07,0
features_0:1557,features_0.npy,1557,train,1,16.015625,0.9999998892095338,1
features_0:1559,features_0.npy,1559,train,0,-14.28125,6.276704134001712e-07,0
features_0:1560,features_0.npy,1560,train,1,12.515625,0.9999963311366906,1
features_0:1562,features_0.npy,1562,train,0,-12.2734375,4.674248418428913e-06,0
features_0:1563,features_0.npy,1563,train,0,-13.8203125,9.952085784145828e-07,0
features_0:1564,features_0.npy,1564,train,0,-5.5234375,0.0039762279744753005,0
features_0:1565,features_0.npy,1565,train,1,14.0078125,0.9999991749429694,1
features_0:1567,features_0.npy,1567,train,1,13.8046875,0.9999989891191827,1
features_0:1568,features_0.npy,1568,train,1,15.28125,0.9999997690928675,1
features_0:1569,features_0.npy,1569,train,1,12.859375,0.9999973983835683,1
features_0:1572,features_0.npy,1572,train,0,-13.84375,9.721546189381598e-07,0
features_0:1573,features_0.npy,1573,train,1,14.3515625,0.9999994149468184,1
features_0:1574,features_0.npy,1574,train,1,11.9609375,0.9999936110708703,1
features_0:1575,features_0.npy,1575,train,1,11.8984375,0.9999931990231453,1
features_0:1577,features_0.npy,1577,train,1,15.0390625,0.9999997058167001,1
features_0:1578,features_0.npy,1578,train,1,15.2421875,0.9999997598945752,1
features_0:1579,features_0.npy,1579,train,0,-11.96875,6.339210403977635e-06,0
features_0:1580,features_0.npy,1580,train,0,-13.046875,2.1568167355590406e-06,0
features_0:1581,features_0.npy,1581,train,0,-13.21875,1.816222403812674e-06,0
features_0:1583,features_0.npy,1583,train,1,15.6640625,0.9999998425350051,1
features_0:1585,features_0.npy,1585,train,1,9.234375,0.9999023843393975,1
features_0:1587,features_0.npy,1587,train,1,13.828125,0.9999990125361885,1
features_0:1588,features_0.npy,1588,train,1,12.046875,0.9999941371859881,1
features_0:1591,features_0.npy,1591,train,1,13.1484375,0.9999980514780527,1
features_0:1592,features_0.npy,1592,train,1,14.796875,0.9999996252007827,1
features_0:1593,features_0.npy,1593,train,1,14.375,0.999999428499553,1
features_0:1594,features_0.npy,1594,train,1,13.28125,0.9999982938167612,1
features_0:1595,features_0.npy,1595,train,1,15.0703125,0.999999714867766,1
features_0:1597,features_0.npy,1597,train,0,-12.484375,3.785325091495927e-06,0
features_0:1598,features_0.npy,1598,train,0,-16.03125,1.0907281948862678e-07,0
features_0:1599,features_0.npy,1599,train,0,-14.578125,4.664451196031272e-07,0
features_0:1600,features_0.npy,1600,train,0,-13.8828125,9.3491199515874e-07,0
features_0:1601,features_0.npy,1601,train,1,16.15625,0.9999999037435733,1
features_0:1603,features_0.npy,1603,train,1,14.6171875,0.9999995514241042,1
features_0:1604,features_0.npy,1604,train,0,-13.8828125,9.3491199515874e-07,0
features_0:1605,features_0.npy,1605,train,1,14.7734375,0.9999996163126788,1
features_0:1606,features_0.npy,1606,train,0,-11.9765625,6.289878587525663e-06,0
features_0:1609,features_0.npy,1609,train,1,13.8203125,0.9999990047914217,1
features_0:1612,features_0.npy,1612,train,0,-13.265625,1.7330516687400673e-06,0
features_0:1614,features_0.npy,1614,train,0,-13.6875,1.136563710667868e-06,0
features_0:1615,features_0.npy,1615,train,0,-12.765625,2.857315937086711e-06,0
features_0:1616,features_0.npy,1616,train,0,-15.5234375,1.8124109395097077e-07,0
features_0:1617,features_0.npy,1617,train,0,-13.5703125,1.2778727483806982e-06,0
features_0:1618,features_0.npy,1618,train,1,15.40625,0.9999997962251652,1
features_0:1619,features_0.npy,1619,train,1,12.6875,0.999996910505552,1
features_0:1620,features_0.npy,1620,train,0,-12.1328125,5.380023154240719e-06,0
features_0:1622,features_0.npy,1622,train,1,11.6484375,0.9999912673897285,1
features_0:1623,features_0.npy,1623,train,1,13.5625,0.9999987121047844,1
features_0:1626,features_0.npy,1626,train,0,-13.7421875,1.0760769584303332e-06,0
features_0:1629,features_0.npy,1629,train,1,14.53125,0.9999995111697226,1
features_0:1630,features_0.npy,1630,train,1,15.109375,0.9999997257910073,1
features_0:1631,features_0.npy,1631,train,0,-3.833984375,0.021165618205957887,0
features_0:1632,features_0.npy,1632,train,1,15.0546875,0.999999710377588,1
features_0:1633,features_0.npy,1633,train,1,14.5,0.9999994956525918,1
features_0:1634,features_0.npy,1634,train,0,-15.015625,3.0115965390856956e-07,0
features_0:1635,features_0.npy,1635,train,1,14.234375,0.9999993422070742,1
features_0:1636,features_0.npy,1636,train,0,-13.5625,1.2878952156558145e-06,0
features_0:1639,features_0.npy,1639,train,1,17.3125,0.9999999697115696,1
features_0:1640,features_0.npy,1640,train,1,16.609375,0.9999999388156906,1
features_0:1641,features_0.npy,1641,train,1,13.0390625,0.9999978262671778,1
features_0:1642,features_0.npy,1642,train,1,15.140625,0.9999997342275289,1
features_0:1643,features_0.npy,1643,train,1,13.4765625,0.9999985965315255,1
features_0:1644,features_0.npy,1644,train,1,12.65625,0.9999968124347834,1
features_0:1645,features_0.npy,1645,train,0,-9.8203125,5.433364904897485e-05,0
features_0:1647,features_0.npy,1647,train,1,12.75,0.9999970976880148,1
features_0:1648,features_0.npy,1648,train,1,16.65625,0.9999999416175239,1
features_0:1649,features_0.npy,1649,train,0,-13.765625,1.0511496887388008e-06,0
features_0:1652,features_0.npy,1652,train,1,14.84375,0.9999996423640822,1
features_1:0,features_1.npy,0,train,0,-13.203125,1.844823692192094e-06,0
features_1:2,features_1.npy,2,train,1,12.71875,0.9999970055590187,1
features_1:3,features_1.npy,3,train,1,7.9140625,0.9996345671438095,1
features_1:4,features_1.npy,4,train,1,15.7265625,0.9999998520753254,1
features_1:5,features_1.npy,5,train,0,-13.0078125,2.2427343541150767e-06,0
features_1:6,features_1.npy,6,train,0,-13.71875,1.101595360000069e-06,0
features_1:7,features_1.npy,7,train,1,15.90625,0.9999998764043052,1
features_1:8,features_1.npy,8,train,0,-14.0078125,8.25057030553458e-07,0
features_1:10,features_1.npy,10,train,1,16.90625,0.9999999545316812,1
features_1:12,features_1.npy,12,train,1,9.6953125,0.9999384323550382,1
features_1:14,features_1.npy,14,train,0,-13.7265625,1.0930226862664561e-06,0
features_1:15,features_1.npy,15,train,0,-13.0546875,2.1400322904809113e-06,0
features_1:16,features_1.npy,16,train,1,12.3671875,0.9999957440466031,1
features_1:17,features_1.npy,17,train,0,-13.8515625,9.645892589704654e-07,0
features_1:19,features_1.npy,19,train,0,-10.8671875,1.9073577192252488e-05,0
features_1:22,features_1.npy,22,train,1,17.09375,0.9999999623054395,1
features_1:23,features_1.npy,23,train,1,11.3671875,0.9999884312038202,1
features_1:24,features_1.npy,24,train,0,-15.3046875,2.2555817577942478e-07,0
features_1:25,features_1.npy,25,train,0,-11.4140625,1.1039028280175275e-05,0
features_1:26,features_1.npy,26,train,1,14.5703125,0.9999995298965078,1
features_1:29,features_1.npy,29,train,1,15.71875,0.999999850915138,1
features_1:30,features_1.npy,30,train,1,12.546875,0.9999964440153465,1
features_1:31,features_1.npy,31,train,1,13.6171875,0.999998780645234,1
features_1:32,features_1.npy,32,train,0,-13.984375,8.446226776654008e-07,0
features_1:33,features_1.npy,33,train,0,-14.6171875,4.485758957027526e-07,0
features_1:36,features_1.npy,36,train,1,17.265625,0.9999999682579975,1
features_1:37,features_1.npy,37,train,0,-9.5,7.484622751061123e-05,0
features_1:39,features_1.npy,39,train,1,13.8515625,0.999999035410741,1
features_1:40,features_1.npy,40,train,1,16.125,0.9999999006880668,1
features_1:43,features_1.npy,43,train,0,-14.3515625,5.850531816439962e-07,0
features_1:44,features_1.npy,44,train,0,-14.96875,3.156126029050898e-07,0
features_1:45,features_1.npy,45,train,1,12.6640625,0.9999968372405343,1
features_1:46,features_1.npy,46,train,1,17.46875,0.9999999740929324,1
features_1:47,features_1.npy,47,train,1,14.9609375,0.9999996819120175,1
features_1:48,features_1.npy,48,train,1,15.328125,0.9999997796668726,1
features_1:51,features_1.npy,51,train,1,15.65625,0.9999998412999919,1
features_1:52,features_1.npy,52,train,1,15.7109375,0.999999849745851,1
features_1:53,features_1.npy,53,train,0,-7.67578125,0.00046371284289462055,0
features_1:55,features_1.npy,55,train,1,14.890625,0.9999996587414178,1
features_1:56,features_1.npy,56,train,1,15.3671875,0.9999997881077003,1
features_1:58,features_1.npy,58,train,1,17.890625,0.9999999830097303,1
features_1:59,features_1.npy,59,train,1,15.484375,0.9999998115390829,1
features_1:60,features_1.npy,60,train,0,-7.75390625,0.00042887921825186283,0
features_1:61,features_1.npy,61,train,1,16.84375,0.9999999515992267,1
features_1:62,features_1.npy,62,train,1,12.3515625,0.9999956770253791,1
features_1:63,features_1.npy,63,train,1,17.09375,0.9999999623054395,1
features_1:64,features_1.npy,64,train,1,14.5078125,0.9999994995774526,1
features_1:65,features_1.npy,65,train,0,-11.40625,1.112560748878441e-05,0
features_1:67,features_1.npy,67,train,0,-14.125,7.338209805254081e-07,0
features_1:68,features_1.npy,68,train,1,16.046875,0.9999998926181977,1
features_1:69,features_1.npy,69,train,0,-16.4375,7.265816444958577e-08,0
features_1:70,features_1.npy,70,train,1,13.890625,0.9999990723635409,1
features_1:73,features_1.npy,73,train,1,12.9453125,0.9999976126220526,1
features_1:74,features_1.npy,74,train,1,12.8671875,0.9999974186294557,1
features_1:75,features_1.npy,75,train,0,-13.5625,1.2878952156558145e-06,0
features_1:76,features_1.npy,76,train,0,-13.7734375,1.0429695854949174e-06,0
features_1:77,features_1.npy,77,train,1,13.578125,0.9999987320717236,1
features_1:78,features_1.npy,78,train,0,-10.578125,2.5466403947055452e-05,0
features_1:79,features_1.npy,79,train,0,-13.40625,1.5057017254045332e-06,0
features_1:80,features_1.npy,80,train,0,-13.578125,1.2679282763661404e-06,0
features_1:81,features_1.npy,81,train,0,-12.9453125,2.387377947460474e-06,0
features_1:82,features_1.npy,82,train,1,12.59375,0.9999966068551871,1
features_1:84,features_1.npy,84,train,1,11.953125,0.9999935609622008,1
features_1:86,features_1.npy,86,train,0,-13.828125,9.8746381146111e-07,0
features_1:87,features_1.npy,87,train,0,-15.4453125,1.9596834497901648e-07,0
features_1:88,features_1.npy,88,train,0,-14.2421875,6.526739438426098e-07,0
features_1:90,features_1.npy,90,train,1,11.1171875,0.9999851454204743,1
features_1:92,features_1.npy,92,train,0,-13.890625,9.276364590402347e-07,0
features_1:93,features_1.npy,93,train,0,-12.5546875,3.528311859000446e-06,0
features_1:95,features_1.npy,95,train,1,16.28125,0.9999999150540008,1
features_1:96,features_1.npy,96,train,0,-13.0078125,2.2427343541150767e-06,0
features_1:97,features_1.npy,97,train,1,11.84375,0.9999928167396002,1
features_1:98,features_1.npy,98,train,0,-10.6640625,2.336933489472016e-05,0
features_1:99,features_1.npy,99,train,1,15.3515625,0.9999997847708829,1
features_1:100,features_1.npy,100,train,0,-14.2265625,6.629520560984659e-07,0
features_1:102,features_1.npy,102,train,1,10.4453125,0.9999709165590092,1
features_1:103,features_1.npy,103,train,0,-10.234375,3.59130106794994e-05,0
features_1:104,features_1.npy,104,train,1,15.734375,0.9999998532264842,1
features_1:106,features_1.npy,106,train,1,13.6875,0.9999988634362894,1
features_1:107,features_1.npy,107,train,1,11.8984375,0.9999931990231453,1
features_1:108,features_1.npy,108,train,0,-9.40625,8.220189478350844e-05,0
features_1:109,features_1.npy,109,train,1,16.203125,0.9999999081514757,1
features_1:111,features_1.npy,111,train,0,-15.296875,2.2732725007561298e-07,0
features_1:112,features_1.npy,112,train,1,12.9375,0.9999975938976604,1
features_1:114,features_1.npy,114,train,1,13.2265625,0.9999981979115257,1
features_1:117,features_1.npy,117,train,1,11.8828125,0.9999930919240836,1
features_1:118,features_1.npy,118,train,0,-12.8671875,2.581370544255233e-06,0
features_1:119,features_1.npy,119,train,1,14.5625,0.9999995262094421,1
features_1:120,features_1.npy,120,train,0,-14.1484375,7.168220480056344e-07,0
features_1:121,features_1.npy,121,train,1,15.2421875,0.9999997598945752,1
features_1:122,features_1.npy,122,train,1,14.515625,0.9999995034717698,1
features_1:123,features_1.npy,123,train,0,-13.4296875,1.470822233804496e-06,0
features_1:124,features_1.npy,124,train,1,14.984375,0.9999996892805154,1
features_1:126,features_1.npy,126,train,1,12.78125,0.999997186982516,1
features_1:130,features_1.npy,130,train,0,-12.890625,2.521573310786404e-06,0
features_1:131,features_1.npy,131,train,1,12.515625,0.9999963311366906,1
features_1:132,features_1.npy,132,train,0,-11.640625,8.80110037979258e-06,0
features_1:134,features_1.npy,134,train,0,-14.421875,5.453295504357219e-07,0
features_1:135,features_1.npy,135,train,0,-10.7421875,2.1613139600748423e-05,0
features_1:136,features_1.npy,136,train,1,13.75,0.9999989322971299,1
features_1:137,features_1.npy,137,train,1,14.03125,0.9999991940553795,1
features_1:138,features_1.npy,138,train,0,-12.9140625,2.463161271834074e-06,0
features_1:139,features_1.npy,139,train,1,4.68359375,0.9908389730779061,1
features_1:141,features_1.npy,141,train,0,-15.640625,1.6119916912490313e-07,0
features_1:143,features_1.npy,143,train,0,-13.359375,1.5779617459211416e-06,0
features_1:144,features_1.npy,144,train,1,9.5859375,0.9999313168175428,1
features_1:146,features_1.npy,146,train,1,16.328125,0.9999999189439609,1
features_1:147,features_1.npy,147,train,1,14.109375,0.9999992546230292,1
features_1:149,features_1.npy,149,train,0,-12.671875,3.138146753575985e-06,0
features_1:150,features_1.npy,150,train,0,-14.515625,4.965282302696859e-07,0
features_1:152,features_1.npy,152,train,1,14.78125,0.999999619298556,1
features_1:153,features_1.npy,153,train,1,16.484375,0.9999999306690949,1
features_1:154,features_1.npy,154,train,0,-11.1796875,1.3954598608060389e-05,0
features_1:155,features_1.npy,155,train,1,16.203125,0.9999999081514757,1
features_1:156,features_1.npy,156,train,1,6.19140625,0.9979572352193652,1
features_1:157,features_1.npy,157,train,1,12.4296875,0.9999960019007533,1
features_1:160,features_1.npy,160,train,0,-14.40625,5.53917236522822e-07,0
features_1:161,features_1.npy,161,train,0,-13.2578125,1.746644137700545e-06,0
features_1:162,features_1.npy,162,train,1,13.671875,0.9999988455380359,1
features_1:164,features_1.npy,164,train,0,-15.5546875,1.7566489268967335e-07,0
features_1:166,features_1.npy,166,train,1,11.7265625,0.9999919236504541,1
features_1:167,features_1.npy,167,train,1,15.1171875,0.9999997279249181,1
features_1:168,features_1.npy,168,train,0,-13.546875,1.3081765876704983e-06,0
features_1:169,features_1.npy,169,train,0,-15.0703125,2.8513223405790075e-07,0
features_1:170,features_1.npy,170,train,1,13.6796875,0.99999885452212,1
features_1:171,features_1.npy,171,train,1,10.7578125,0.9999787219339408,1
features_1:172,features_1.npy,172,train,1,17.0625,0.9999999611088859,1
features_1:173,features_1.npy,173,train,1,13.6640625,0.9999988364834891,1
features_1:174,features_1.npy,174,train,0,-13.7578125,1.059393949192178e-06,0
features_1:175,features_1.npy,175,train,1,13.015625,0.9999977747187042,1
features_1:176,features_1.npy,176,train,1,14.234375,0.9999993422070742,1
features_1:177,features_1.npy,177,train,0,-14.1328125,7.281103445070069e-07,0
features_1:178,features_1.npy,178,train,0,-12.59375,3.393144812976612e-06,0
features_1:179,features_1.npy,179,train,1,14.890625,0.9999996587414178,1
features_1:180,features_1.npy,180,train,1,14.15625,0.9999992887563014,1
features_1:181,features_1.npy,181,train,1,13.96875,0.999999142076462,1
features_1:182,features_1.npy,182,train,1,10.8359375,0.9999803209743893,1
features_1:183,features_1.npy,183,train,0,-12.0859375,5.638214400539606e-06,0
features_1:184,features_1.npy,184,train,1,15.578125,0.9999998284043795,1
features_1:186,features_1.npy,186,train,1,15.75,0.9999998555019962,1
features_1:187,features_1.npy,187,train,1,11.859375,0.9999929281049428,1
features_1:188,features_1.npy,188,train,0,-14.609375,4.520941184666502e-07,0
features_1:189,features_1.npy,189,train,0,-13.1875,1.8738753836511972e-06,0
features_1:190,features_1.npy,190,train,1,12.515625,0.9999963311366906,1
features_1:191,features_1.npy,191,train,1,12.5703125,0.9999965263893561,1
features_1:192,features_1.npy,192,train,0,-13.1328125,1.9792066424034484e-06,0
features_1:193,features_1.npy,193,train,1,14.1640625,0.9999992942912399,1
features_1:194,features_1.npy,194,train,0,-13.9453125,8.782685905812962e-07,0
features_1:195,features_1.npy,195,train,0,-13.4296875,1.470822233804496e-06,0
features_1:196,features_1.npy,196,train,1,15.7421875,0.9999998543686844,1
features_1:198,features_1.npy,198,train,0,-10.875,1.8925148246037342e-05,0
features_1:199,features_1.npy,199,train,1,12.8828125,0.999997458649795,1
features_1:200,features_1.npy,200,train,1,12.953125,0.9999976312007312,1
features_1:201,features_1.npy,201,train,0,-16.234375,8.902264253881654e-08,0
features_1:202,features_1.npy,202,train,1,16.328125,0.9999999189439609,1
features_1:203,features_1.npy,203,train,1,12.90625,0.9999975175199628,1
features_1:204,features_1.npy,204,train,0,-11.453125,1.0616134237448652e-05,0
features_1:205,features_1.npy,205,train,0,-13.8125,1.0030140882067352e-06,0
features_1:206,features_1.npy,206,train,0,-13.8984375,9.204175414883589e-07,0
features_1:208,features_1.npy,208,train,1,15.046875,0.9999997081060518,1
features_1:209,features_1.npy,209,train,0,-16.03125,1.0907281948862678e-07,0
features_1:210,features_1.npy,210,train,1,15.0078125,0.9999996964783224,1
features_1:211,features_1.npy,211,train,1,15.640625,0.9999998388008309,1
features_1:212,features_1.npy,212,train,1,16.265625,0.9999999137162959,1
features_1:214,features_1.npy,214,train,1,12.578125,0.9999965534211155,1
features_1:215,features_1.npy,215,train,0,-16.453125,7.153170410054786e-08,0
features_1:217,features_1.npy,217,train,0,-13.796875,1.0188092456838862e-06,0
features_1:218,features_1.npy,218,train,0,-15.03125,2.964906076270974e-07,0
features_1:219,features_1.npy,219,train,1,14.8046875,0.9999996281174923,1
features_1:220,features_1.npy,220,train,0,-13.859375,9.570827729879867e-07,0
features_1:221,features_1.npy,221,train,0,-12.21875,4.936988949458183e-06,0
features_1:222,features_1.npy,222,train,0,-13.765625,1.0511496887388008e-06,0
features_1:223,features_1.npy,223,train,1,12.828125,0.9999973157996194,1
features_1:224,features_1.npy,224,train,0,-16.25,8.764247451323235e-08,0
features_1:225,features_1.npy,225,train,0,-16.0,1.12535162055095e-07,0
features_1:226,features_1.npy,226,train,1,15.9296875,0.999999879267396,1
features_1:227,features_1.npy,227,train,0,-14.2578125,6.425551787411865e-07,0
features_1:228,features_1.npy,228,train,0,-10.4453125,2.9083440990898244e-05,0
features_1:229,features_1.npy,229,train,1,14.765625,0.9999996133033829,1
features_1:230,features_1.npy,230,train,1,12.75,0.9999970976880148,1
features_1:231,features_1.npy,231,train,0,-12.8359375,2.663311823111949e-06,0
features_1:232,features_1.npy,232,train,1,16.078125,0.999999895921988,1
features_1:233,features_1.npy,233,train,0,-13.78125,1.0348531401872454e-06,0
features_1:234,features_1.npy,234,train,1,15.125,0.9999997300422225,1
features_1:235,features_1.npy,235,train,0,-10.2265625,3.619466971831003e-05,0
features_1:238,features_1.npy,238,train,1,11.34375,0.9999881568609741,1
features_1:239,features_1.npy,239,train,0,-14.1328125,7.281103445070069e-07,0
features_1:240,features_1.npy,240,train,0,-6.80859375,0.0011030266413981568,0
features_1:242,features_1.npy,242,train,0,-12.7734375,2.835080191094614e-06,0
features_1:244,features_1.npy,244,train,0,-13.546875,1.3081765876704983e-06,0
features_1:245,features_1.npy,245,train,1,13.375,0.9999984465022453,1
features_1:246,features_1.npy,246,train,0,-14.6328125,4.4162137411713636e-07,0
features_1:247,features_1.npy,247,train,1,13.8515625,0.999999035410741,1
features_1:248,features_1.npy,248,train,1,16.125,0.9999999006880668,1
features_1:249,features_1.npy,249,train,1,13.0234375,0.9999977920359425,1
features_1:251,features_1.npy,251,train,1,14.15625,0.9999992887563014,1
features_1:253,features_1.npy,253,train,1,10.890625,0.9999813682535154,1
features_1:254,features_1.npy,254,train,0,-11.3359375,1.1936024807889659e-05,0
features_1:255,features_1.npy,255,train,1,14.125,0.9999992661790194,1
features_1:256,features_1.npy,256,train,0,-16.421875,7.380236396533671e-08,0
features_1:257,features_1.npy,257,train,1,15.8671875,0.999999871480813,1
features_1:258,features_1.npy,258,train,0,-15.5,1.8553910183683314e-07,0
features_1:259,features_1.npy,259,train,1,15.2890625,0.9999997708898006,1
features_1:263,features_1.npy,263,train,1,9.7109375,0.9999393868150438,1
features_1:264,features_1.npy,264,train,1,14.265625,0.999999362445222,1
features_1:266,features_1.npy,266,train,0,-14.1484375,7.168220480056344e-07,0
features_1:267,features_1.npy,267,train,1,16.890625,0.9999999538156595,1
features_1:268,features_1.npy,268,train,1,15.0546875,0.999999710377588,1
features_1:270,features_1.npy,270,train,1,12.75,0.9999970976880148,1
features_1:271,features_1.npy,271,train,1,15.53125,0.9999998201693351,1
features_1:272,features_1.npy,272,train,0,-14.2421875,6.526739438426098e-07,0
features_1:274,features_1.npy,274,train,0,-13.8984375,9.204175414883589e-07,0
features_1:276,features_1.npy,276,train,0,-11.4921875,1.0209440673692151e-05,0
features_1:277,features_1.npy,277,train,0,-13.0859375,2.074190555355221e-06,0
features_1:278,features_1.npy,278,train,0,-13.328125,1.6280515470910008e-06,0
features_1:279,features_1.npy,279,train,1,13.578125,0.9999987320717236,1
features_1:280,features_1.npy,280,train,1,13.1015625,0.999997957966723,1
features_1:282,features_1.npy,282,train,1,15.109375,0.9999997257910073,1
features_1:283,features_1.npy,283,train,1,13.7109375,0.9999988897647301,1
features_1:288,features_1.npy,288,train,1,14.7265625,0.9999995978991472,1
features_1:289,features_1.npy,289,train,1,13.1875,0.9999981261246162,1
features_1:291,features_1.npy,291,train,1,10.9765625,0.9999829025221182,1
features_1:292,features_1.npy,292,train,1,15.25,0.9999997617630899,1
features_1:293,features_1.npy,293,train,0,-11.671875,8.530321297909615e-06,0
features_1:295,features_1.npy,295,train,0,-15.3125,2.238028685224453e-07,0
features_1:296,features_1.npy,296,train,1,12.8671875,0.9999974186294557,1
features_1:298,features_1.npy,298,train,1,12.8515625,0.9999973779788912,1
features_1:299,features_1.npy,299,train,0,-13.015625,2.225281295743531e-06,0
features_1:305,features_1.npy,305,train,1,15.4140625,0.9999997978109532,1
features_1:308,features_1.npy,308,train,1,15.3671875,0.9999997881077003,1
features_1:309,features_1.npy,309,train,0,-15.234375,2.4198859451864557e-07,0
features_1:312,features_1.npy,312,train,1,12.421875,0.9999959705433985,1
features_1:313,features_1.npy,313,train,1,14.671875,0.9999995752968679,1
features_1:314,features_1.npy,314,train,0,-13.515625,1.3497025141259855e-06,0
features_1:315,features_1.npy,315,train,1,13.9609375,0.99999913534769,1
features_1:317,features_1.npy,317,train,0,-13.9921875,8.380497773494325e-07,0
features_1:318,features_1.npy,318,train,0,-13.15625,1.9333584585546463e-06,0
features_1:319,features_1.npy,319,train,1,10.6796875,0.9999769929647252,1
features_1:321,features_1.npy,321,train,0,-12.6015625,3.3667392394510734e-06,0
features_1:322,features_1.npy,322,train,1,12.9375,0.9999975938976604,1
features_1:324,features_1.npy,324,train,0,-12.5859375,3.4197574865711416e-06,0
features_1:325,features_1.npy,325,train,1,12.78125,0.999997186982516,1
features_1:326,features_1.npy,326,train,1,12.5625,0.9999964991455856,1
features_1:327,features_1.npy,327,train,1,14.6875,0.9999995818812769,1
features_1:328,features_1.npy,328,train,1,16.71875,0.9999999451547391,1
features_1:329,features_1.npy,329,train,1,13.015625,0.9999977747187042,1
features_1:330,features_1.npy,330,train,1,13.4765625,0.9999985965315255,1
features_1:331,features_1.npy,331,train,0,-10.140625,3.944258675190877e-05,0
features_1:332,features_1.npy,332,train,1,12.0390625,0.9999940912036396,1
features_1:333,features_1.npy,333,train,1,15.4453125,0.9999998040316551,1
features_1:334,features_1.npy,334,train,1,13.09375,0.9999979419508905,1
features_1:336,features_1.npy,336,train,0,-15.734375,1.4677351585138095e-07,0
features_1:338,features_1.npy,338,train,1,14.515625,0.9999995034717698,1
features_1:339,features_1.npy,339,train,1,14.9765625,0.9999996868435131,1
features_1:343,features_1.npy,343,train,1,14.7265625,0.9999995978991472,1
features_1:345,features_1.npy,345,train,1,14.1328125,0.9999992718896554,1
features_1:346,features_1.npy,346,train,0,-14.7578125,3.897295149973226e-07,0
features_1:350,features_1.npy,350,train,0,-11.1953125,1.3738255581692708e-05,0
features_1:351,features_1.npy,351,train,0,-14.8359375,3.6044088997742283e-07,0
features_1:354,features_1.npy,354,train,0,-7.66796875,0.0004673480880780747,0
features_1:355,features_1.npy,355,train,1,13.7109375,0.9999988897647301,1
features_1:356,features_1.npy,356,train,0,-12.4375,3.966985914946731e-06,0
features_1:357,features_1.npy,357,train,0,-12.2734375,4.674248418428913e-06,0
features_1:358,features_1.npy,358,train,1,13.2109375,0.9999981695328135,1
features_1:359,features_1.npy,359,train,0,-13.53125,1.3287773439792037e-06,0
features_1:361,features_1.npy,361,train,0,-10.5625,2.5867431081354405e-05,0
features_1:362,features_1.npy,362,train,1,15.5078125,0.9999998159047746,1
features_1:364,features_1.npy,364,train,1,11.8984375,0.9999931990231453,1
features_1:365,features_1.npy,365,train,1,13.8984375,0.9999990795824586,1
features_1:366,features_1.npy,366,train,1,13.875,0.9999990577554062,1
features_1:367,features_1.npy,367,train,0,-11.9609375,6.388929129736714e-06,0
features_1:368,features_1.npy,368,train,0,-13.6953125,1.1277189116747425e-06,0
features_1:369,features_1.npy,369,train,1,14.265625,0.999999362445222,1
features_1:370,features_1.npy,370,train,0,-14.5859375,4.6281521656414265e-07,0
features_1:371,features_1.npy,371,train,0,-14.5703125,4.701034922978331e-07,0
features_1:373,features_1.npy,373,train,0,-13.6796875,1.145477880120962e-06,0
features_1:375,features_1.npy,375,train,1,12.875,0.9999974387177893,1
features_1:376,features_1.npy,376,train,1,12.5703125,0.9999965263893561,1
features_1:378,features_1.npy,378,train,1,16.671875,0.9999999425226602,1
features_1:379,features_1.npy,379,train,1,11.2734375,0.9999872941775114,1
features_1:381,features_1.npy,381,train,1,11.0078125,0.9999834285474941,1
features_1:382,features_1.npy,382,train,1,9.09375,0.9998876467193613,1
features_1:383,features_1.npy,383,train,1,15.1953125,0.999999748371678,1
features_1:384,features_1.npy,384,train,1,14.2890625,0.9999993772141536,1
features_1:385,features_1.npy,385,train,1,13.484375,0.9999986074533888,1
features_1:386,features_1.npy,386,train,1,15.3984375,0.9999997946269397,1
features_1:387,features_1.npy,387,train,1,14.7265625,0.9999995978991472,1
features_1:388,features_1.npy,388,train,0,-13.7421875,1.0760769584303332e-06,0
features_1:390,features_1.npy,390,train,0,-7.99609375,0.0003366622118897269,0
features_1:391,features_1.npy,391,train,1,11.921875,0.9999933565665579,1
features_1:392,features_1.npy,392,train,1,15.4296875,0.9999998009456034,1
features_1:393,features_1.npy,393,train,0,-13.09375,2.0580491096133833e-06,0
features_1:395,features_1.npy,395,train,1,13.5546875,0.9999987020037101,1
features_1:396,features_1.npy,396,train,1,12.9296875,0.9999975750264115,1
features_1:397,features_1.npy,397,train,0,-13.90625,9.132548018955539e-07,0
features_1:399,features_1.npy,399,train,0,-13.109375,2.026142080244835e-06,0
features_1:400,features_1.npy,400,train,1,13.4296875,0.9999985291777661,1
features_1:401,features_1.npy,401,train,1,15.3046875,0.9999997744418241,1
features_1:402,features_1.npy,402,train,0,-13.375,1.553497754595012e-06,0
features_1:404,features_1.npy,404,train,1,13.296875,0.999998320268636,1
features_1:407,features_1.npy,407,train,0,-14.1640625,7.057087600712171e-07,0
features_1:408,features_1.npy,408,train,1,14.34375,0.9999994103581922,1
features_1:410,features_1.npy,410,train,1,12.6015625,0.9999966332607606,1
features_1:411,features_1.npy,411,train,1,15.234375,0.9999997580114054,1
features_1:412,features_1.npy,412,train,1,15.2109375,0.9999997522728127,1
features_1:413,features_1.npy,413,train,1,11.796875,0.9999924720103309,1
features_1:414,features_1.npy,414,train,1,15.0703125,0.999999714867766,1
features_1:415,features_1.npy,415,train,1,15.421875,0.9999997993844006,1
features_1:416,features_1.npy,416,train,0,-12.625,3.288749065460498e-06,0
features_1:417,features_1.npy,417,train,0,-12.8671875,2.581370544255233e-06,0
features_1:419,features_1.npy,419,train,0,-12.7734375,2.835080191094614e-06,0
features_1:420,features_1.npy,420,train,1,13.8046875,0.9999989891191827,1
features_1:421,features_1.npy,421,train,1,12.828125,0.9999973157996194,1
features_1:422,features_1.npy,422,train,1,15.6796875,0.999999844976273,1
features_1:423,features_1.npy,423,train,1,13.9140625,0.999999093852197,1
features_1:425,features_1.npy,425,train,1,15.03125,0.9999997035093924,1
features_1:428,features_1.npy,428,train,1,13.8984375,0.9999990795824586,1
features_1:429,features_1.npy,429,train,1,13.2109375,0.9999981695328135,1
features_1:430,features_1.npy,430,train,1,14.4609375,0.9999994755616856,1
features_1:431,features_1.npy,431,train,0,-10.90625,1.8342893327886845e-05,0
features_1:432,features_1.npy,432,train,1,13.3359375,0.99999838461803,1
features_1:433,features_1.npy,433,train,1,12.7890625,0.9999972088735305,1
features_1:434,features_1.npy,434,train,1,15.6796875,0.999999844976273,1
features_1:435,features_1.npy,435,train,1,12.3125,0.9999955048184215,1
features_1:436,features_1.npy,436,train,0,-15.265625,2.345433899179153e-07,0
features_1:437,features_1.npy,437,train,1,15.9296875,0.999999879267396,1
features_1:438,features_1.npy,438,train,1,14.296875,0.9999993820607084,1
features_1:439,features_1.npy,439,train,1,15.8671875,0.999999871480813,1
features_1:441,features_1.npy,441,train,1,14.03125,0.9999991940553795,1
features_1:442,features_1.npy,442,train,1,15.484375,0.9999998115390829,1
features_1:443,features_1.npy,443,train,0,-13.1640625,1.9183129725271e-06,0
features_1:447,features_1.npy,447,train,1,12.734375,0.9999970519833861,1
features_1:449,features_1.npy,449,train,0,-12.1953125,5.054065676751517e-06,0
features_1:450,features_1.npy,450,train,1,16.78125,0.9999999484776454,1
features_1:451,features_1.npy,451,train,0,-14.484375,5.122897201434914e-07,0
features_1:456,features_1.npy,456,train,0,-13.3046875,1.6666596125770648e-06,0
features_1:457,features_1.npy,457,train,1,14.7578125,0.9999996102704849,1
features_1:460,features_1.npy,460,train,0,-13.5703125,1.2778727483806982e-06,0
features_1:461,features_1.npy,461,train,0,-13.4609375,1.4255698555205716e-06,0
features_1:462,features_1.npy,462,train,0,-14.4921875,5.08303051939129e-07,0
features_1:463,features_1.npy,463,train,1,15.53125,0.9999998201693351,1
features_1:464,features_1.npy,464,train,1,11.984375,0.9999937590693306,1
features_1:465,features_1.npy,465,train,1,14.6484375,0.9999995652253278,1
features_1:466,features_1.npy,466,train,1,11.03125,0.9999838124185639,1
features_1:467,features_1.npy,467,train,1,12.578125,0.9999965534211155,1
features_1:468,features_1.npy,468,train,1,15.609375,0.9999998336838208,1
features_1:470,features_1.npy,470,train,0,-11.8828125,6.908075916436231e-06,0
features_1:471,features_1.npy,471,train,1,17.375,0.9999999715466527,1
features_1:472,features_1.npy,472,train,1,13.4140625,0.9999985060157208,1
features_1:474,features_1.npy,474,train,1,14.484375,0.9999994877102798,1
features_1:475,features_1.npy,475,train,0,-14.671875,4.247031321417569e-07,0
features_1:476,features_1.npy,476,train,1,15.25,0.9999997617630899,1
features_1:478,features_1.npy,478,train,1,11.53125,0.9999901816730163,1
features_1:479,features_1.npy,479,train,1,13.140625,0.9999980361956357,1
features_1:483,features_1.npy,483,train,1,17.171875,0.9999999651382304,1
features_1:484,features_1.npy,484,train,1,15.2734375,0.9999997672818408,1
features_1:485,features_1.npy,485,train,1,14.140625,0.9999992775558509,1
features_1:486,features_1.npy,486,train,1,15.953125,0.9999998820641635,1
features_1:487,features_1.npy,487,train,0,-15.1328125,2.6785694993048757e-07,0
features_1:490,features_1.npy,490,train,1,16.453125,0.9999999284682959,1
features_1:491,features_1.npy,491,train,1,14.1328125,0.9999992718896554,1
features_1:492,features_1.npy,492,train,1,14.0234375,0.9999991877342828,1
features_1:494,features_1.npy,494,train,0,-14.4453125,5.326970117352038e-07,0
features_1:495,features_1.npy,495,train,0,-14.6171875,4.485758957027526e-07,0
features_1:496,features_1.npy,496,train,1,13.375,0.9999984465022453,1
features_1:498,features_1.npy,498,train,0,-14.6484375,4.347746723005271e-07,0
features_1:499,features_1.npy,499,train,0,-12.8828125,2.541350205115944e-06,0
features_1:500,features_1.npy,500,train,1,12.9296875,0.9999975750264115,1
features_1:501,features_1.npy,501,train,1,7.765625,0.9995761152580062,1
features_1:502,features_1.npy,502,train,1,12.9921875,0.9999977219477992,1
features_1:504,features_1.npy,504,train,0,-12.6484375,3.212565520159016e-06,0
features_1:505,features_1.npy,505,train,0,-14.7109375,4.084330172983694e-07,0
features_1:506,features_1.npy,506,train,1,14.296875,0.9999993820607084,1
features_1:507,features_1.npy,507,train,1,12.625,0.9999967112509346,1
features_1:509,features_1.npy,509,train,1,14.8984375,0.9999996613971122,1
features_1:510,features_1.npy,510,train,0,-11.9921875,6.192363662467244e-06,0
features_1:511,features_1.npy,511,train,1,15.078125,0.999999717086682,1
features_1:512,features_1.npy,512,train,1,14.6640625,0.9999995719658814,1
features_1:513,features_1.npy,513,train,1,15.90625,0.9999998764043052,1
features_1:517,features_1.npy,517,train,0,-12.046875,5.862814011886352e-06,0
features_1:518,features_1.npy,518,train,0,-14.09375,7.571149413053982e-07,0
features_1:521,features_1.npy,521,train,1,14.546875,0.9999995187483299,1
features_1:522,features_1.npy,522,train,1,16.65625,0.9999999416175239,1
features_1:523,features_1.npy,523,train,1,13.25,0.9999982396567868,1
features_1:524,features_1.npy,524,train,0,-14.90625,3.359678601183963e-07,0
features_1:527,features_1.npy,527,train,0,-13.0234375,2.2079640575476536e-06,0
features_1:528,features_1.npy,528,train,1,9.8515625,0.9999473379335577,1
features_1:531,features_1.npy,531,train,1,12.1328125,0.9999946199768459,1
features_1:532,features_1.npy,532,train,1,8.0234375,0.9996724157021403,1
features_1:533,features_1.npy,533,train,1,12.5390625,0.999996416125513,1
features_1:534,features_1.npy,534,train,0,-11.1484375,1.439755874052611e-05,0
features_1:535,features_1.npy,535,train,1,13.4921875,0.9999986182902574,1
features_1:537,features_1.npy,537,train,0,-15.5078125,1.8409522535701073e-07,0
features_1:538,features_1.npy,538,train,0,-14.03125,8.059446204294677e-07,0
features_1:539,features_1.npy,539,train,0,-13.3515625,1.5903378336002657e-06,0
features_1:540,features_1.npy,540,train,1,12.7421875,0.9999970749249663,1
features_1:541,features_1.npy,541,train,1,15.2109375,0.9999997522728127,1
features_1:543,features_1.npy,543,train,1,15.796875,0.9999998621190406,1
features_1:544,features_1.npy,544,train,1,17.0625,0.9999999611088859,1
features_1:545,features_1.npy,545,train,1,13.59375,0.999998751729105,1
features_1:546,features_1.npy,546,train,0,-11.859375,7.071895057311757e-06,0
features_1:547,features_1.npy,547,train,0,-16.78125,5.1522354704721205e-08,0
features_1:549,features_1.npy,549,train,1,14.234375,0.9999993422070742,1
features_1:550,features_1.npy,550,train,1,18.21875,0.9999999877623676,1
features_1:551,features_1.npy,551,train,1,14.5078125,0.9999994995774526,1
features_1:554,features_1.npy,554,train,1,10.8515625,0.9999806260634916,1
features_1:555,features_1.npy,555,train,1,14.1015625,0.9999992487769694,1
features_1:556,features_1.npy,556,train,1,15.2421875,0.9999997598945752,1
features_1:557,features_1.npy,557,train,1,14.3984375,0.9999994417383392,1
features_1:559,features_1.npy,559,train,1,12.21875,0.9999950630110505,1
features_1:561,features_1.npy,561,train,0,-14.6640625,4.2803411866525106e-07,0
features_1:562,features_1.npy,562,train,0,-14.7890625,3.777388029211108e-07,0
features_1:563,features_1.npy,563,train,0,-14.546875,4.812516699849764e-07,0
features_1:564,features_1.npy,564,train,0,-11.1953125,1.3738255581692708e-05,0
features_1:565,features_1.npy,565,train,1,13.9296875,0.9999991079007038,1
features_1:566,features_1.npy,566,train,0,-9.7734375,5.694102683483241e-05,0
features_1:567,features_1.npy,567,train,1,9.796875,0.9999443779372634,1
features_1:568,features_1.npy,568,train,1,13.140625,0.9999980361956357,1
features_1:570,features_1.npy,570,train,0,-14.4296875,5.410857645019709e-07,0
features_1:571,features_1.npy,571,train,1,18.40625,0.9999999898546464,1
features_1:572,features_1.npy,572,train,1,13.8046875,0.9999989891191827,1
features_1:573,features_1.npy,573,train,1,15.203125,0.9999997503298649,1
features_1:576,features_1.npy,576,train,0,-14.0546875,7.872749481037643e-07,0
features_1:578,features_1.npy,578,train,0,-13.640625,1.1911084770297504e-06,0
features_1:579,features_1.npy,579,train,1,12.921875,0.9999975560071545,1
features_1:581,features_1.npy,581,train,0,-13.5234375,1.3391990598969875e-06,0
features_1:582,features_1.npy,582,train,0,-4.78125,0.008315778477474129,0
features_1:584,features_1.npy,584,train,1,10.4453125,0.9999709165590092,1
features_1:585,features_1.npy,585,train,0,-14.71875,4.052545676292802e-07,0
features_1:586,features_1.npy,586,train,0,-13.1015625,2.042033277083851e-06,0
features_1:592,features_1.npy,592,train,1,14.3515625,0.9999994149468184,1
features_1:594,features_1.npy,594,train,0,-13.2265625,1.802088474403712e-06,0
features_1:595,features_1.npy,595,train,0,-12.8203125,2.7052527681166266e-06,0
features_1:596,features_1.npy,596,train,1,14.734375,0.9999996010283196,1
features_1:597,features_1.npy,597,train,1,10.6328125,0.999975888860671,1
features_1:598,features_1.npy,598,train,0,-13.328125,1.6280515470910008e-06,0
features_1:599,features_1.npy,599,train,0,-13.5,1.3709572068578448e-06,0
features_1:600,features_1.npy,600,train,0,-12.984375,2.2959191445352874e-06,0
features_1:601,features_1.npy,601,train,0,-14.625,4.450850519411503e-07,0
features_1:602,features_1.npy,602,train,1,13.484375,0.9999986074533888,1
features_1:603,features_1.npy,603,train,0,-17.515625,2.472069661042253e-08,0
features_1:604,features_1.npy,604,train,0,-12.4140625,4.061059892849262e-06,0
features_1:605,features_1.npy,605,train,1,13.9609375,0.99999913534769,1
features_1:608,features_1.npy,608,train,1,13.8203125,0.9999990047914217,1
features_1:609,features_1.npy,609,train,1,15.46875,0.999999808571256,1
features_1:610,features_1.npy,610,train,1,16.859375,0.9999999523496113,1
features_1:611,features_1.npy,611,train,1,13.390625,0.9999984705869588,1
features_1:612,features_1.npy,612,train,1,12.0390625,0.9999940912036396,1
features_1:614,features_1.npy,614,train,1,12.8828125,0.999997458649795,1
features_1:615,features_1.npy,615,train,1,15.796875,0.9999998621190406,1
features_1:616,features_1.npy,616,train,1,11.890625,0.9999931456827884,1
features_1:621,features_1.npy,621,train,0,-13.03125,2.1907815825757865e-06,0
features_1:622,features_1.npy,622,train,0,-14.640625,4.3818465082408074e-07,0
features_1:623,features_1.npy,623,train,1,11.765625,0.9999922330481432,1
features_1:624,features_1.npy,624,train,0,-13.0234375,2.2079640575476536e-06,0
features_1:625,features_1.npy,625,train,0,-14.1875,6.8936104552113e-07,0
features_1:627,features_1.npy,627,train,0,-14.46875,5.203571051703427e-07,0
features_1:631,features_1.npy,631,train,1,15.796875,0.9999998621190406,1
features_1:633,features_1.npy,633,train,0,-14.8671875,3.4935129350451577e-07,0
features_1:635,features_1.npy,635,train,0,-14.1953125,6.83996398973303e-07,0
features_1:637,features_1.npy,637,train,1,15.890625,0.9999998744579564,1
features_1:638,features_1.npy,638,train,0,-14.328125,5.989273097131195e-07,0
features_1:639,features_1.npy,639,train,1,13.7421875,0.9999989239230416,1
features_1:640,features_1.npy,640,train,0,-12.6015625,3.3667392394510734e-06,0
features_1:641,features_1.npy,641,train,1,13.7265625,0.9999989069773138,1
features_1:642,features_1.npy,642,train,1,16.203125,0.9999999081514757,1
features_1:644,features_1.npy,644,train,1,13.96875,0.999999142076462,1
features_1:645,features_1.npy,645,train,0,-13.8984375,9.204175414883589e-07,0
features_1:646,features_1.npy,646,train,0,-13.25,1.7603432133424856e-06,0
features_1:648,features_1.npy,648,train,0,-14.59375,4.5921356162867124e-07,0
features_1:650,features_1.npy,650,train,1,16.3125,0.9999999176675142,1
features_1:651,features_1.npy,651,train,0,-13.28125,1.7061832388634165e-06,0
features_1:652,features_1.npy,652,train,1,13.8671875,0.9999990503652972,1
features_1:653,features_1.npy,653,train,0,-12.9765625,2.3139262198968824e-06,0
features_1:654,features_1.npy,654,train,0,-13.7109375,1.110235269898378e-06,0
features_1:655,features_1.npy,655,train,1,10.2734375,0.9999654627476376,1
features_1:657,features_1.npy,657,train,1,14.28125,0.9999993723295867,1
features_1:658,features_1.npy,658,train,0,-10.6796875,2.3007035274670075e-05,0
features_1:659,features_1.npy,659,train,0,-12.1484375,5.2966140681446665e-06,0
features_1:662,features_1.npy,662,train,0,-13.7109375,1.110235269898378e-06,0
features_1:665,features_1.npy,665,train,1,13.1796875,0.9999981114276573,1
features_1:666,features_1.npy,666,train,1,15.9921875,0.999999886582214,1
features_1:667,features_1.npy,667,train,1,13.7265625,0.9999989069773138,1
features_1:668,features_1.npy,668,train,1,12.953125,0.9999976312007312,1
features_1:670,features_1.npy,670,train,1,12.8125,0.9999972735297293,1
features_1:673,features_1.npy,673,train,1,14.46875,0.9999994796428949,1
features_1:674,features_1.npy,674,train,1,16.65625,0.9999999416175239,1
features_1:675,features_1.npy,675,train,0,-13.78125,1.0348531401872454e-06,0
features_1:676,features_1.npy,676,train,0,-9.71875,6.014151777699533e-05,0
features_1:678,features_1.npy,678,train,1,15.125,0.9999997300422225,1
features_1:679,features_1.npy,679,train,0,-16.0625,1.0571700198118314e-07,0
features_1:680,features_1.npy,680,train,1,12.6796875,0.9999968862744222,1
features_1:682,features_1.npy,682,train,1,14.53125,0.9999995111697226,1
features_1:683,features_1.npy,683,train,0,-14.9765625,3.1315648691258604e-07,0
features_1:685,features_1.npy,685,train,1,12.3828125,0.9999958100287683,1
features_1:688,features_1.npy,688,train,1,13.4140625,0.9999985060157208,1
features_1:689,features_1.npy,689,train,0,-14.3203125,6.036247519873017e-07,0
features_1:690,features_1.npy,690,train,0,-13.5625,1.2878952156558145e-06,0
features_1:691,features_1.npy,691,train,1,12.9765625,0.9999976860737801,1
features_1:693,features_1.npy,693,train,1,11.9609375,0.9999936110708703,1
features_1:695,features_1.npy,695,train,1,14.1640625,0.9999992942912399,1
features_1:696,features_1.npy,696,train,1,15.703125,0.9999998485673934,1
features_1:697,features_1.npy,697,train,1,13.9765625,0.9999991487528702,1
features_1:698,features_1.npy,698,train,1,14.9921875,0.999999691698553,1
features_1:700,features_1.npy,700,train,0,-13.5546875,1.2979962899127484e-06,0
features_1:701,features_1.npy,701,train,0,-16.21875,9.042454504436812e-08,0
features_1:702,features_1.npy,702,train,1,13.75,0.9999989322971299,1
features_1:704,features_1.npy,704,train,0,-14.1796875,6.94767767455072e-07,0
features_1:705,features_1.npy,705,train,0,-12.6953125,3.0654518851696577e-06,0
features_1:706,features_1.npy,706,train,0,-11.6171875,9.009810580191799e-06,0
features_1:708,features_1.npy,708,train,0,-12.9609375,2.3503651700538692e-06,0
features_1:709,features_1.npy,709,train,1,13.0625,0.9999978766215375,1
features_1:711,features_1.npy,711,train,1,15.4375,0.9999998024946565,1
features_1:712,features_1.npy,712,train,0,-12.6640625,3.1627594657680457e-06,0
features_1:716,features_1.npy,716,train,1,14.4609375,0.9999994755616856,1
features_1:717,features_1.npy,717,train,0,-14.4375,5.368750039367665e-07,0
features_1:718,features_1.npy,718,train,1,14.6015625,0.9999995443600651,1
features_1:720,features_1.npy,720,train,0,-14.0546875,7.872749481037643e-07,0
features_1:721,features_1.npy,721,train,1,11.6484375,0.9999912673897285,1
features_1:722,features_1.npy,722,train,0,-15.6953125,1.526203071426571e-07,0
features_1:723,features_1.npy,723,train,1,13.09375,0.9999979419508905,1
features_1:724,features_1.npy,724,train,1,14.3828125,0.9999994329470021,1
features_1:727,features_1.npy,727,train,1,13.734375,0.9999989154832745,1
features_1:729,features_1.npy,729,train,1,12.1796875,0.9999948663447785,1
features_1:730,features_1.npy,730,train,1,12.734375,0.9999970519833861,1
features_1:731,features_1.npy,731,train,1,15.390625,0.9999997930161793,1
features_1:732,features_1.npy,732,train,0,-3.79296875,0.022032264112695956,0
features_1:733,features_1.npy,733,train,1,14.0390625,0.9999992003272853,1
features_1:734,features_1.npy,734,train,1,10.6640625,0.9999766306651053,1
features_1:736,features_1.npy,736,train,0,-14.234375,6.577929256610509e-07,0
features_1:738,features_1.npy,738,train,1,14.3203125,0.999999396375248,1
features_1:739,features_1.npy,739,train,1,15.0703125,0.999999714867766,1
features_1:740,features_1.npy,740,train,1,12.9921875,0.9999977219477992,1
features_1:741,features_1.npy,741,train,1,15.7109375,0.999999849745851,1
features_1:742,features_1.npy,742,train,1,12.3203125,0.999995539800046,1
features_1:744,features_1.npy,744,train,1,16.5625,0.9999999358793944,1
features_1:745,features_1.npy,745,train,1,16.65625,0.9999999416175239,1
features_1:746,features_1.npy,746,train,1,14.875,0.999999653367379,1
features_1:747,features_1.npy,747,train,0,-13.671875,1.1544619641107913e-06,0
features_1:751,features_1.npy,751,train,1,11.421875,0.9999890468771786,1
features_1:752,features_1.npy,752,train,1,14.328125,0.9999994010726904,1
features_1:753,features_1.npy,753,train,1,14.8125,0.9999996310115038,1
features_1:755,features_1.npy,755,train,0,-2.4765625,0.07751765647688268,0
features_1:756,features_1.npy,756,train,1,15.640625,0.9999998388008309,1
features_1:757,features_1.npy,757,train,1,15.2578125,0.9999997636170638,1
features_1:758,features_1.npy,758,train,0,-12.5078125,3.6976384544302e-06,0
features_1:759,features_1.npy,759,train,1,14.2109375,0.9999993266079752,1
features_1:761,features_1.npy,761,train,0,-14.65625,4.313912304173898e-07,0
features_1:763,features_1.npy,763,train,0,-15.625,1.63737686249047e-07,0
features_1:764,features_1.npy,764,train,1,11.9453125,0.9999935104605292,1
features_1:765,features_1.npy,765,train,1,12.7421875,0.9999970749249663,1
features_1:766,features_1.npy,766,train,1,15.8046875,0.9999998631920387,1
features_1:767,features_1.npy,767,train,1,14.5546875,0.9999995224934584,1
features_1:768,features_1.npy,768,train,1,15.0,0.999999694097773,1
features_1:770,features_1.npy,770,train,0,-16.828125,4.91629744216681e-08,0
features_1:771,features_1.npy,771,train,0,-11.6484375,8.732610271361886e-06,0
features_1:772,features_1.npy,772,train,1,12.4609375,0.9999961249088587,1
features_1:773,features_1.npy,773,train,1,13.546875,0.9999986918234123,1
features_1:774,features_1.npy,774,train,1,14.3359375,0.9999994057335769,1
features_1:776,features_1.npy,776,train,1,16.21875,0.999999909575455,1
features_1:777,features_1.npy,777,train,1,11.46875,0.9999895484519483,1
features_1:779,features_1.npy,779,train,1,12.734375,0.9999970519833861,1
features_1:780,features_1.npy,780,train,1,11.0234375,0.9999836854598604,1
features_1:781,features_1.npy,781,train,1,17.125,0.9999999634651793,1
features_1:784,features_1.npy,784,train,0,-15.296875,2.2732725007561298e-07,0
features_1:785,features_1.npy,785,train,0,-13.5546875,1.2979962899127484e-06,0
features_1:787,features_1.npy,787,train,0,-13.9765625,8.512471297900501e-07,0
features_1:789,features_1.npy,789,train,1,14.3984375,0.9999994417383392,1
features_1:790,features_1.npy,790,train,1,13.7109375,0.9999988897647301,1
features_1:794,features_1.npy,794,train,1,13.3984375,0.9999984824889274,1
features_1:795,features_1.npy,795,train,0,-12.9453125,2.387377947460474e-06,0
features_1:796,features_1.npy,796,train,1,13.875,0.9999990577554062,1
features_1:797,features_1.npy,797,train,1,11.2578125,0.9999870940925041,1
features_1:798,features_1.npy,798,train,1,12.8984375,0.9999974980496794,1
features_1:800,features_1.npy,800,train,0,-14.890625,3.412585822685282e-07,0
features_1:801,features_1.npy,801,train,1,12.1015625,0.9999944491975263,1
features_1:802,features_1.npy,802,train,1,13.0234375,0.9999977920359425,1
features_1:803,features_1.npy,803,train,0,-13.015625,2.225281295743531e-06,0
features_1:805,features_1.npy,805,train,1,14.78125,0.999999619298556,1
features_1:806,features_1.npy,806,train,1,13.8671875,0.9999990503652972,1
features_1:807,features_1.npy,807,train,1,12.21875,0.9999950630110505,1
features_1:809,features_1.npy,809,train,1,16.90625,0.9999999545316812,1
features_1:810,features_1.npy,810,train,1,14.1953125,0.9999993160036009,1
features_1:811,features_1.npy,811,train,1,16.09375,0.9999998975355678,1
features_1:812,features_1.npy,812,train,0,-13.75,1.067702870044147e-06,0
features_1:814,features_1.npy,814,train,1,15.625,0.9999998362623136,1
features_1:815,features_1.npy,815,train,1,12.0859375,0.9999943617855995,1
features_1:816,features_1.npy,816,train,1,15.2265625,0.9999997561134659,1
features_1:817,features_1.npy,817,train,0,-12.859375,2.601616431687518e-06,0
features_1:818,features_1.npy,818,train,1,13.453125,0.9999985632492775,1
features_1:819,features_1.npy,819,train,1,14.140625,0.9999992775558509,1
features_1:820,features_1.npy,820,train,0,-15.203125,2.4967013516673425e-07,0
features_1:822,features_1.npy,822,train,1,13.765625,0.9999989488503112,1
features_1:823,features_1.npy,823,train,0,-13.921875,8.99096111274288e-07,0
features_1:824,features_1.npy,824,train,1,12.34375,0.9999956431200164,1
features_1:825,features_1.npy,825,train,0,-6.21484375,0.0019955386155334604,0
features_1:826,features_1.npy,826,train,1,15.6328125,0.9999998375365304,1
features_1:828,features_1.npy,828,train,0,-10.3828125,3.095910371044124e-05,0
features_1:829,features_1.npy,829,train,0,-13.6953125,1.1277189116747425e-06,0
features_1:830,features_1.npy,830,train,1,11.890625,0.9999931456827884,1
features_1:831,features_1.npy,831,train,0,-15.2265625,2.4388653412542496e-07,0
features_1:833,features_1.npy,833,train,1,15.078125,0.999999717086682,1
features_1:835,features_1.npy,835,train,0,-13.90625,9.132548018955539e-07,0
features_1:836,features_1.npy,836,train,1,14.90625,0.9999996640321399,1
features_1:838,features_1.npy,838,train,0,-13.3203125,1.6408204926803617e-06,0
features_1:839,features_1.npy,839,train,1,16.5625,0.9999999358793944,1
features_1:840,features_1.npy,840,train,0,-14.171875,7.002168947755554e-07,0
features_1:841,features_1.npy,841,train,0,-14.015625,8.186363910590443e-07,0
features_1:842,features_1.npy,842,train,0,-13.8046875,1.0108808172476437e-06,0
features_1:843,features_1.npy,843,train,0,-11.2421875,1.3109143302070732e-05,0
features_1:844,features_1.npy,844,train,1,14.7578125,0.9999996102704849,1
features_1:846,features_1.npy,846,train,0,-12.8984375,2.501950320696411e-06,0
features_1:847,features_1.npy,847,train,1,14.6875,0.9999995818812769,1
features_1:848,features_1.npy,848,train,1,11.3515625,0.9999882490239302,1
features_1:849,features_1.npy,849,train,1,13.359375,0.9999984220382541,1
features_1:851,features_1.npy,851,train,0,-13.625,1.2098656835274182e-06,0
features_1:852,features_1.npy,852,train,1,13.9609375,0.99999913534769,1
features_1:853,features_1.npy,853,train,1,12.8359375,0.9999973366881769,1
features_1:854,features_1.npy,854,train,0,-12.03125,5.955139348629957e-06,0
features_1:855,features_1.npy,855,train,1,17.03125,0.9999999598743493,1
features_1:857,features_1.npy,857,train,1,15.8203125,0.9999998653130492,1
features_1:859,features_1.npy,859,train,1,14.5625,0.9999995262094421,1
features_1:860,features_1.npy,860,train,1,14.484375,0.9999994877102798,1
features_1:862,features_1.npy,862,train,0,-12.34375,4.3568799834673755e-06,0
features_1:863,features_1.npy,863,train,1,12.7890625,0.9999972088735305,1
features_1:864,features_1.npy,864,train,1,12.5625,0.9999964991455856,1
features_1:865,features_1.npy,865,train,1,13.9609375,0.99999913534769,1
features_1:866,features_1.npy,866,train,1,14.5625,0.9999995262094421,1
features_1:867,features_1.npy,867,train,0,-10.7734375,2.0948187132262702e-05,0
features_1:869,features_1.npy,869,train,0,-12.609375,3.340539154350707e-06,0
features_1:870,features_1.npy,870,train,1,14.3203125,0.999999396375248,1
features_1:871,features_1.npy,871,train,0,-14.3671875,5.759827780115915e-07,0
features_1:872,features_1.npy,872,train,1,12.484375,0.9999962146749086,1
features_1:874,features_1.npy,874,train,1,16.890625,0.9999999538156595,1
features_1:875,features_1.npy,875,train,0,-14.1640625,7.057087600712171e-07,0
features_1:876,features_1.npy,876,train,0,-13.3359375,1.6153819699022721e-06,0
features_1:877,features_1.npy,877,train,1,16.171875,0.9999999052358909,1
features_1:878,features_1.npy,878,train,0,-7.29296875,0.0006798428944286136,0
features_1:879,features_1.npy,879,train,1,11.6328125,0.9999911298723466,1
features_1:880,features_1.npy,880,train,1,11.65625,0.9999913353468521,1
features_1:881,features_1.npy,881,train,1,13.3828125,0.9999984585916423,1
features_1:882,features_1.npy,882,train,0,-14.28125,6.276704134001712e-07,0
features_1:883,features_1.npy,883,train,1,12.78125,0.999997186982516,1
features_1:884,features_1.npy,884,train,1,14.6953125,0.9999995851351011,1
features_1:887,features_1.npy,887,train,0,-14.421875,5.453295504357219e-07,0
features_1:888,features_1.npy,888,train,0,-14.78125,3.8070144394318623e-07,0
features_1:889,features_1.npy,889,train,1,16.3125,0.9999999176675142,1
features_1:892,features_1.npy,892,train,0,-12.8046875,2.7478541832994536e-06,0
features_1:893,features_1.npy,893,train,0,-13.7265625,1.0930226862664561e-06,0
features_1:895,features_1.npy,895,train,0,-13.53125,1.3287773439792037e-06,0
features_1:896,features_1.npy,896,train,1,15.8984375,0.9999998754349322,1
features_1:897,features_1.npy,897,train,0,-11.375,1.1478768127080351e-05,0
features_1:900,features_1.npy,900,train,0,-6.27734375,0.001874861720261248,0
features_1:903,features_1.npy,903,train,1,14.6640625,0.9999995719658814,1
features_1:904,features_1.npy,904,train,1,16.1875,0.999999906705072,1
features_1:905,features_1.npy,905,train,0,-13.671875,1.1544619641107913e-06,0
features_1:907,features_1.npy,907,train,1,10.8359375,0.9999803209743893,1
features_1:909,features_1.npy,909,train,1,15.40625,0.9999997962251652,1
features_1:910,features_1.npy,910,train,1,14.109375,0.9999992546230292,1
features_1:912,features_1.npy,912,train,1,16.25,0.9999999123575255,1
features_1:913,features_1.npy,913,train,0,-14.3359375,5.942664231811158e-07,0
features_1:915,features_1.npy,915,train,1,14.0546875,0.999999212725052,1
features_1:919,features_1.npy,919,train,1,14.46875,0.9999994796428949,1
features_1:921,features_1.npy,921,train,1,13.0078125,0.9999977572656459,1
features_1:922,features_1.npy,922,train,1,12.8984375,0.9999974980496794,1
features_1:923,features_1.npy,923,train,1,15.328125,0.9999997796668726,1
features_1:924,features_1.npy,924,train,1,11.5078125,0.9999899488404421,1
features_1:925,features_1.npy,925,train,1,17.0,0.9999999586006244,1
features_1:926,features_1.npy,926,train,1,12.9765625,0.9999976860737801,1
features_1:927,features_1.npy,927,train,1,11.53125,0.9999901816730163,1
features_1:928,features_1.npy,928,train,1,13.609375,0.9999987710817276,1
features_1:929,features_1.npy,929,train,0,-13.5859375,1.258061192651287e-06,0
features_1:931,features_1.npy,931,train,1,13.34375,0.9999983971890123,1
features_1:932,features_1.npy,932,train,0,-11.5390625,9.741920901239024e-06,0
features_1:934,features_1.npy,934,train,1,15.8046875,0.9999998631920387,1
features_1:936,features_1.npy,936,train,1,12.875,0.9999974387177893,1
features_1:937,features_1.npy,937,train,0,-13.9609375,8.646523099344067e-07,0
features_1:938,features_1.npy,938,train,1,15.2734375,0.9999997672818408,1
features_1:940,features_1.npy,940,train,1,13.859375,0.9999990429172271,1
features_1:941,features_1.npy,941,train,1,10.3359375,0.9999675551860863,1
features_1:942,features_1.npy,942,train,0,-13.2421875,1.7741497317865673e-06,0
features_1:944,features_1.npy,944,train,0,-13.3203125,1.6408204926803617e-06,0
features_1:945,features_1.npy,945,train,0,-14.484375,5.122897201434914e-07,0
features_1:946,features_1.npy,946,train,0,-15.4453125,1.9596834497901648e-07,0
features_1:948,features_1.npy,948,train,1,10.859375,0.9999807768297634,1
features_1:949,features_1.npy,949,train,0,-14.2578125,6.425551787411865e-07,0
features_1:950,features_1.npy,950,train,1,13.4140625,0.9999985060157208,1
features_1:952,features_1.npy,952,train,1,14.1640625,0.9999992942912399,1
features_1:953,features_1.npy,953,train,0,-12.2421875,4.822624275162678e-06,0
features_1:954,features_1.npy,954,train,1,17.515625,0.9999999752793034,1
features_1:957,features_1.npy,957,train,1,14.1015625,0.9999992487769694,1
features_1:960,features_1.npy,960,train,1,14.1171875,0.9999992604235944,1
features_1:962,features_1.npy,962,train,1,13.671875,0.9999988455380359,1
features_1:964,features_1.npy,964,train,1,12.8046875,0.9999972521458168,1
features_1:965,features_1.npy,965,train,1,14.171875,0.9999992997831051,1
features_1:966,features_1.npy,966,train,1,11.71875,0.9999918603073751,1
features_1:967,features_1.npy,967,train,0,-13.3203125,1.6408204926803617e-06,0
features_1:969,features_1.npy,969,train,1,15.1875,0.9999997463981333,1
features_1:971,features_1.npy,971,train,0,-13.828125,9.8746381146111e-07,0
features_1:972,features_1.npy,972,train,1,15.09375,0.9999997214728452,1
features_1:975,features_1.npy,975,train,0,-14.21875,6.681516500435412e-07,0
features_1:976,features_1.npy,976,train,0,-14.1875,6.8936104552113e-07,0
features_1:978,features_1.npy,978,train,0,-10.8671875,1.9073577192252488e-05,0
features_1:980,features_1.npy,980,train,1,11.0703125,0.999984432545416,1
features_1:981,features_1.npy,981,train,1,14.2734375,0.9999993674067096,1
features_1:982,features_1.npy,982,train,1,16.328125,0.9999999189439609,1
features_1:985,features_1.npy,985,train,1,13.3203125,0.9999983591795074,1
features_1:989,features_1.npy,989,train,1,14.1875,0.9999993106389544,1
features_1:990,features_1.npy,990,train,1,14.375,0.999999428499553,1
features_1:991,features_1.npy,991,train,0,-14.953125,3.2058277660857193e-07,0
features_1:994,features_1.npy,994,train,0,-13.21875,1.816222403812674e-06,0
features_1:995,features_1.npy,995,train,1,13.25,0.9999982396567868,1
features_1:996,features_1.npy,996,train,0,-13.7734375,1.0429695854949174e-06,0
features_1:997,features_1.npy,997,train,1,14.4453125,0.9999994673029882,1
features_1:999,features_1.npy,999,train,0,-13.859375,9.570827729879867e-07,0
features_1:1001,features_1.npy,1001,train,0,-17.921875,1.6467534235081573e-08,0
features_1:1002,features_1.npy,1002,train,0,-12.8359375,2.663311823111949e-06,0
features_1:1003,features_1.npy,1003,train,1,15.0,0.999999694097773,1
features_1:1006,features_1.npy,1006,train,1,12.25,0.9999952149055051,1
features_1:1010,features_1.npy,1010,train,1,15.1640625,0.99999974038414,1
features_1:1011,features_1.npy,1011,train,1,16.84375,0.9999999515992267,1
features_1:1015,features_1.npy,1015,train,1,14.5390625,0.9999995149738282,1
features_1:1017,features_1.npy,1017,train,1,13.578125,0.9999987320717236,1
features_1:1018,features_1.npy,1018,train,1,13.46875,0.9999985855240013,1
features_1:1019,features_1.npy,1019,train,1,14.09375,0.9999992428850587,1
features_1:1020,features_1.npy,1020,train,1,13.9765625,0.9999991487528702,1
features_1:1021,features_1.npy,1021,train,1,15.2578125,0.9999997636170638,1
features_1:1022,features_1.npy,1022,train,1,14.078125,0.9999992309622424,1
features_1:1023,features_1.npy,1023,train,1,12.46875,0.9999961550649413,1
features_1:1024,features_1.npy,1024,train,1,13.078125,0.9999979095414004,1
features_1:1025,features_1.npy,1025,train,1,16.828125,0.9999999508370256,1
features_1:1027,features_1.npy,1027,train,0,-14.421875,5.453295504357219e-07,0
features_1:1028,features_1.npy,1028,train,1,15.546875,0.9999998229573508,1
features_1:1029,features_1.npy,1029,train,0,-15.0234375,2.988160115886474e-07,0
features_1:1031,features_1.npy,1031,train,1,12.0625,0.9999942280799697,1
features_1:1032,features_1.npy,1032,train,0,-13.09375,2.0580491096133833e-06,0
features_1:1033,features_1.npy,1033,train,1,13.328125,0.9999983719484529,1
features_1:1034,features_1.npy,1034,train,1,13.5625,0.9999987121047844,1
features_1:1036,features_1.npy,1036,train,1,15.2421875,0.9999997598945752,1
features_1:1037,features_1.npy,1037,train,1,13.890625,0.9999990723635409,1
features_1:1038,features_1.npy,1038,train,0,-13.390625,1.529413041130223e-06,0
features_1:1039,features_1.npy,1039,train,1,12.0390625,0.9999940912036396,1
features_1:1040,features_1.npy,1040,train,1,14.96875,0.9999996843873972,1
features_1:1041,features_1.npy,1041,train,0,-13.375,1.553497754595012e-06,0
features_1:1042,features_1.npy,1042,train,1,13.609375,0.9999987710817276,1
features_1:1044,features_1.npy,1044,train,1,13.4296875,0.9999985291777661,1
features_1:1045,features_1.npy,1045,train,1,15.3125,0.9999997761971314,1
features_1:1046,features_1.npy,1046,train,1,12.921875,0.9999975560071545,1
features_1:1047,features_1.npy,1047,train,0,-13.2578125,1.746644137700545e-06,0
features_1:1051,features_1.npy,1051,train,0,-12.609375,3.340539154350707e-06,0
features_1:1052,features_1.npy,1052,train,1,14.15625,0.9999992887563014,1
features_1:1053,features_1.npy,1053,train,1,12.578125,0.9999965534211155,1
features_1:1054,features_1.npy,1054,train,1,15.875,0.9999998724809571,1
features_1:1055,features_1.npy,1055,train,0,-15.2890625,2.2911019938713855e-07,0
features_1:1056,features_1.npy,1056,train,1,15.5859375,0.9999998297397469,1
features_1:1057,features_1.npy,1057,train,1,11.5546875,0.9999904091121345,1
features_1:1059,features_1.npy,1059,train,1,16.125,0.9999999006880668,1
features_1:1060,features_1.npy,1060,train,0,-12.6015625,3.3667392394510734e-06,0
features_1:1061,features_1.npy,1061,train,1,10.84375,0.9999804741147913,1
features_1:1063,features_1.npy,1063,train,1,14.703125,0.9999995883636041,1
features_1:1064,features_1.npy,1064,train,1,10.0078125,0.9999549554044008,1
features_1:1065,features_1.npy,1065,train,0,-13.8125,1.0030140882067352e-06,0
features_1:1066,features_1.npy,1066,train,0,-13.7890625,1.0267998574278455e-06,0
features_1:1067,features_1.npy,1067,train,1,14.296875,0.9999993820607084,1
features_1:1068,features_1.npy,1068,train,0,-11.65625,8.664653147910923e-06,0
features_1:1069,features_1.npy,1069,train,1,15.1328125,0.99999973214305,1
features_1:1070,features_1.npy,1070,train,0,-14.3359375,5.942664231811158e-07,0
features_1:1071,features_1.npy,1071,train,1,14.6171875,0.9999995514241042,1
features_1:1073,features_1.npy,1073,train,1,13.6640625,0.9999988364834891,1
features_1:1074,features_1.npy,1074,train,0,-15.953125,1.1793583660728999e-07,0
features_1:1075,features_1.npy,1075,train,1,11.6484375,0.9999912673897285,1
features_1:1076,features_1.npy,1076,train,1,10.5,0.9999724643088853,1
features_1:1077,features_1.npy,1077,train,1,12.75,0.9999970976880148,1
features_1:1078,features_1.npy,1078,train,0,-14.2734375,6.325932903518992e-07,0
features_1:1079,features_1.npy,1079,train,1,13.34375,0.9999983971890123,1
features_1:1080,features_1.npy,1080,train,0,-12.3125,4.495181578513688e-06,0
features_1:1081,features_1.npy,1081,train,0,-11.796875,7.527989669055591e-06,0
features_1:1084,features_1.npy,1084,train,1,14.4453125,0.9999994673029882,1
features_1:1085,features_1.npy,1085,train,1,11.359375,0.9999883404696851,1
features_1:1086,features_1.npy,1086,train,1,15.0703125,0.999999714867766,1
features_1:1088,features_1.npy,1088,train,1,12.40625,0.99999590708895,1
features_1:1089,features_1.npy,1089,train,1,8.0390625,0.9996774927880132,1
features_1:1091,features_1.npy,1091,train,0,-14.390625,5.626401588368566e-07,0
features_1:1094,features_1.npy,1094,train,1,12.9921875,0.9999977219477992,1
features_1:1095,features_1.npy,1095,train,1,15.296875,0.99999977267275,1
features_1:1096,features_1.npy,1096,train,0,-13.4296875,1.470822233804496e-06,0
features_1:1097,features_1.npy,1097,train,1,12.703125,0.999996958403578,1
features_1:1099,features_1.npy,1099,train,0,-14.921875,3.307591629577175e-07,0
features_1:1101,features_1.npy,1101,train,1,13.921875,0.9999991009038888,1
features_1:1103,features_1.npy,1103,train,1,12.8671875,0.9999974186294557,1
features_1:1104,features_1.npy,1104,train,1,14.0234375,0.9999991877342828,1
features_1:1105,features_1.npy,1105,train,1,15.921875,0.9999998783204785,1
features_1:1106,features_1.npy,1106,train,1,14.7890625,0.999999622261197,1
features_1:1108,features_1.npy,1108,train,1,13.6640625,0.9999988364834891,1
features_1:1110,features_1.npy,1110,train,1,10.6640625,0.9999766306651053,1
features_1:1113,features_1.npy,1113,train,1,14.6015625,0.9999995443600651,1
features_1:1114,features_1.npy,1114,train,0,-11.265625,1.2805474213228684e-05,0
features_1:1115,features_1.npy,1115,train,0,-11.78125,7.646537350121257e-06,0
features_1:1116,features_1.npy,1116,train,1,15.5,0.9999998144608981,1
features_1:1117,features_1.npy,1117,train,1,15.5625,0.9999998257021421,1
features_1:1118,features_1.npy,1118,train,1,12.28125,0.9999953621267027,1
features_1:1119,features_1.npy,1119,train,0,-6.7265625,0.0011972111981317266,0
features_1:1120,features_1.npy,1120,train,0,-13.9375,8.851569304133282e-07,0
features_1:1121,features_1.npy,1121,train,0,-12.84375,2.642585820842653e-06,0
features_1:1122,features_1.npy,1122,train,1,13.1953125,0.9999981407072032,1
features_1:1123,features_1.npy,1123,train,0,-14.4609375,5.24438314387916e-07,0
features_1:1126,features_1.npy,1126,train,1,15.1640625,0.99999974038414,1
features_1:1128,features_1.npy,1128,train,0,-13.8203125,9.952085784145828e-07,0
features_1:1129,features_1.npy,1129,train,1,12.8359375,0.9999973366881769,1
features_1:1130,features_1.npy,1130,train,1,12.8203125,0.9999972947472318,1
features_1:1132,features_1.npy,1132,train,0,-12.6875,3.089494448007139e-06,0
features_1:1134,features_1.npy,1134,train,0,-12.421875,4.029456601378866e-06,0
features_1:1135,features_1.npy,1135,train,1,13.2109375,0.9999981695328135,1
features_1:1136,features_1.npy,1136,train,1,16.71875,0.9999999451547391,1
features_1:1137,features_1.npy,1137,train,1,13.1015625,0.999997957966723,1
features_1:1138,features_1.npy,1138,train,1,13.96875,0.999999142076462,1
features_1:1139,features_1.npy,1139,train,0,-11.953125,6.439037799292651e-06,0
features_1:1143,features_1.npy,1143,train,1,16.171875,0.9999999052358909,1
features_1:1144,features_1.npy,1144,train,0,-13.4765625,1.4034684744809525e-06,0
features_1:1145,features_1.npy,1145,train,0,-11.234375,1.3211958228877664e-05,0
features_1:1146,features_1.npy,1146,train,0,-12.953125,2.3687992688864682e-06,0
features_1:1148,features_1.npy,1148,train,0,-13.0703125,2.1068542349564543e-06,0
features_1:1149,features_1.npy,1149,train,0,-13.859375,9.570827729879867e-07,0
features_1:1150,features_1.npy,1150,train,1,14.125,0.9999992661790194,1
features_1:1151,features_1.npy,1151,train,0,-12.90625,2.4824800371656583e-06,0
features_1:1152,features_1.npy,1152,train,1,12.984375,0.9999977040808555,1
features_1:1154,features_1.npy,1154,train,1,15.1796875,0.9999997444091098,1
features_1:1155,features_1.npy,1155,train,1,12.328125,0.9999955745094438,1
features_1:1157,features_1.npy,1157,train,1,14.15625,0.9999992887563014,1
features_1:1158,features_1.npy,1158,train,0,-12.03125,5.955139348629957e-06,0
features_1:1159,features_1.npy,1159,train,1,15.8515625,0.9999998694569304,1
features_1:1160,features_1.npy,1160,train,1,13.296875,0.999998320268636,1
features_1:1161,features_1.npy,1161,train,1,14.5390625,0.9999995149738282,1
features_1:1162,features_1.npy,1162,train,0,-13.2734375,1.719564976847027e-06,0
features_1:1163,features_1.npy,1163,train,1,15.359375,0.9999997864458089,1
features_1:1164,features_1.npy,1164,train,1,12.8671875,0.9999974186294557,1
features_1:1165,features_1.npy,1165,train,1,15.2890625,0.9999997708898006,1
features_1:1166,features_1.npy,1166,train,1,15.7109375,0.999999849745851,1
features_1:1168,features_1.npy,1168,train,1,14.4296875,0.9999994589142355,1
features_1:1169,features_1.npy,1169,train,1,12.921875,0.9999975560071545,1
features_1:1170,features_1.npy,1170,train,1,16.890625,0.9999999538156595,1
features_1:1171,features_1.npy,1171,train,1,15.3671875,0.9999997881077003,1
features_1:1172,features_1.npy,1172,train,1,11.546875,0.999990333890596,1
features_1:1173,features_1.npy,1173,train,0,-13.6171875,1.219354766119497e-06,0
features_1:1174,features_1.npy,1174,train,0,-13.828125,9.8746381146111e-07,0
features_1:1175,features_1.npy,1175,train,1,13.203125,0.9999981551763079,1
features_1:1176,features_1.npy,1176,train,0,-13.796875,1.0188092456838862e-06,0
features_1:1178,features_1.npy,1178,train,1,15.875,0.9999998724809571,1
features_1:1180,features_1.npy,1180,train,1,15.8515625,0.9999998694569304,1
features_1:1182,features_1.npy,1182,train,0,-11.96875,6.339210403977635e-06,0
features_1:1185,features_1.npy,1185,train,0,-13.3359375,1.6153819699022721e-06,0
features_1:1186,features_1.npy,1186,train,1,12.3046875,0.9999954695624351,1
features_1:1187,features_1.npy,1187,train,1,13.0390625,0.9999978262671778,1
features_1:1188,features_1.npy,1188,train,0,-13.8125,1.0030140882067352e-06,0
features_1:1189,features_1.npy,1189,train,1,13.9453125,0.9999991217314095,1
features_1:1191,features_1.npy,1191,train,0,-17.140625,3.59684009269841e-08,0
features_1:1192,features_1.npy,1192,train,1,16.15625,0.9999999037435733,1
features_1:1193,features_1.npy,1193,train,0,-12.296875,4.5659700648367735e-06,0
features_1:1194,features_1.npy,1194,train,0,-12.84375,2.642585820842653e-06,0
features_1:1197,features_1.npy,1197,train,0,-14.3359375,5.942664231811158e-07,0
features_1:1199,features_1.npy,1199,train,1,4.40234375,0.9878996141864553,1
features_1:1200,features_1.npy,1200,train,0,-4.60546875,0.00989806371602365,0
features_1:1201,features_1.npy,1201,train,0,-10.859375,1.9223170236538176e-05,0
features_1:1202,features_1.npy,1202,train,0,-13.7578125,1.059393949192178e-06,0
features_1:1204,features_1.npy,1204,train,0,-13.5859375,1.258061192651287e-06,0
features_1:1205,features_1.npy,1205,train,1,12.8515625,0.9999973779788912,1
features_1:1206,features_1.npy,1206,train,1,13.546875,0.9999986918234123,1
features_1:1207,features_1.npy,1207,train,0,-13.4453125,1.448019281668024e-06,0
features_1:1209,features_1.npy,1209,train,0,-15.0625,2.8736855324366057e-07,0
features_1:1210,features_1.npy,1210,train,1,14.171875,0.9999992997831051,1
features_1:1211,features_1.npy,1211,train,0,-14.34375,5.896418079129241e-07,0
features_1:1212,features_1.npy,1212,train,1,15.578125,0.9999998284043795,1
features_1:1213,features_1.npy,1213,train,1,11.953125,0.9999935609622008,1
features_1:1214,features_1.npy,1214,train,1,13.0625,0.9999978766215375,1
features_1:1215,features_1.npy,1215,train,1,16.40625,0.999999925035418,1
features_1:1216,features_1.npy,1216,train,1,16.671875,0.9999999425226602,1
features_1:1217,features_1.npy,1217,train,0,-14.015625,8.186363910590443e-07,0
features_1:1218,features_1.npy,1218,train,1,13.234375,0.9999982119354642,1
features_1:1220,features_1.npy,1220,train,1,15.5,0.9999998144608981,1
features_1:1221,features_1.npy,1221,train,1,12.2265625,0.9999951014308153,1
features_1:1222,features_1.npy,1222,train,1,11.9609375,0.9999936110708703,1
features_1:1223,features_1.npy,1223,train,1,14.8984375,0.9999996613971122,1
features_1:1224,features_1.npy,1224,train,1,15.0859375,0.9999997192883303,1
features_1:1226,features_1.npy,1226,train,0,-13.7734375,1.0429695854949174e-06,0
features_1:1227,features_1.npy,1227,train,0,-13.71875,1.101595360000069e-06,0
features_1:1228,features_1.npy,1228,train,1,13.078125,0.9999979095414004,1
features_1:1231,features_1.npy,1231,train,1,13.828125,0.9999990125361885,1
features_1:1233,features_1.npy,1233,train,1,14.8828125,0.9999996560648944,1
features_1:1234,features_1.npy,1234,train,0,-14.1171875,7.395764055512202e-07,0
features_1:1235,features_1.npy,1235,train,1,13.40625,0.9999984942982746,1
features_1:1236,features_1.npy,1236,train,1,13.59375,0.999998751729105,1
features_1:1237,features_1.npy,1237,train,0,-13.8515625,9.645892589704654e-07,0
features_1:1238,features_1.npy,1238,train,1,14.3046875,0.9999993868695471,1
features_1:1240,features_1.npy,1240,train,0,-11.4453125,1.0699396719361804e-05,0
features_1:1242,features_1.npy,1242,train,1,14.421875,0.9999994546704497,1
features_1:1245,features_1.npy,1245,train,0,-12.5703125,3.4736106438412514e-06,0
features_1:1247,features_1.npy,1247,train,1,11.4765625,0.9999896297856969,1
features_1:1248,features_1.npy,1248,train,0,-12.4296875,3.998099246699583e-06,0
features_1:1251,features_1.npy,1251,train,1,16.78125,0.9999999484776454,1
features_1:1254,features_1.npy,1254,train,1,13.4765625,0.9999985965315255,1
features_1:1255,features_1.npy,1255,train,0,-14.8984375,3.386028878113189e-07,0
features_1:1256,features_1.npy,1256,train,1,13.359375,0.9999984220382541,1
features_1:1257,features_1.npy,1257,train,1,11.3984375,0.9999887871342686,1
features_1:1258,features_1.npy,1258,train,0,-14.3515625,5.850531816439962e-07,0
features_1:1260,features_1.npy,1260,train,0,-5.92578125,0.0026626127171173355,0
features_1:1261,features_1.npy,1261,train,1,14.984375,0.9999996892805154,1
features_1:1263,features_1.npy,1263,train,1,12.65625,0.9999968124347834,1
features_1:1265,features_1.npy,1265,train,0,-10.828125,1.9833367060283615e-05,0
features_1:1267,features_1.npy,1267,train,1,13.5,0.999998629042793,1
features_1:1268,features_1.npy,1268,train,0,-14.0703125,7.75069390811935e-07,0
features_1:1270,features_1.npy,1270,train,0,-14.4453125,5.326970117352038e-07,0
features_1:1272,features_1.npy,1272,train,1,13.921875,0.9999991009038888,1
features_1:1275,features_1.npy,1275,train,0,-13.3359375,1.6153819699022721e-06,0
features_1:1276,features_1.npy,1276,train,1,13.4921875,0.9999986182902574,1
features_1:1278,features_1.npy,1278,train,1,16.15625,0.9999999037435733,1
features_1:1279,features_1.npy,1279,train,1,13.328125,0.9999983719484529,1
features_1:1281,features_1.npy,1281,train,0,-14.21875,6.681516500435412e-07,0
features_1:1283,features_1.npy,1283,train,1,13.8828125,0.999999065088005,1
features_1:1284,features_1.npy,1284,train,1,14.15625,0.9999992887563014,1
features_1:1285,features_1.npy,1285,train,1,10.8203125,0.9999800110810233,1
features_1:1288,features_1.npy,1288,train,0,-14.8984375,3.386028878113189e-07,0
features_1:1289,features_1.npy,1289,train,1,14.140625,0.9999992775558509,1
features_1:1290,features_1.npy,1290,train,1,14.0703125,0.9999992249306092,1
features_1:1292,features_1.npy,1292,train,1,14.828125,0.9999996367321381,1
features_1:1293,features_1.npy,1293,train,0,-13.40625,1.5057017254045332e-06,0
features_1:1295,features_1.npy,1295,train,1,12.265625,0.9999952890911695,1
features_1:1296,features_1.npy,1296,train,1,16.078125,0.999999895921988,1
features_1:1297,features_1.npy,1297,train,0,-15.1171875,2.7207508197326244e-07,0
features_1:1298,features_1.npy,1298,train,1,13.1953125,0.9999981407072032,1
features_1:1299,features_1.npy,1299,train,1,15.4609375,0.999999807069862,1
features_1:1301,features_1.npy,1301,train,1,13.8828125,0.999999065088005,1
features_1:1304,features_1.npy,1304,train,1,11.1953125,0.9999862617444183,1
features_1:1305,features_1.npy,1305,train,1,14.6171875,0.9999995514241042,1
features_1:1306,features_1.npy,1306,train,1,15.1015625,0.9999997236403602,1
features_1:1308,features_1.npy,1308,train,1,12.734375,0.9999970519833861,1
features_1:1309,features_1.npy,1309,train,0,-15.3515625,2.1522911711569165e-07,0
features_1:1311,features_1.npy,1311,train,1,15.953125,0.9999998820641635,1
features_1:1313,features_1.npy,1313,train,1,11.8671875,0.9999929831384805,1
features_1:1314,features_1.npy,1314,train,1,14.9140625,0.9999996666466616,1
features_1:1315,features_1.npy,1315,train,1,13.1640625,0.9999980816870275,1
features_1:1318,features_1.npy,1318,train,1,15.46875,0.999999808571256,1
features_1:1319,features_1.npy,1319,train,1,14.0859375,0.999999236946937,1
features_1:1320,features_1.npy,1320,train,1,12.7890625,0.9999972088735305,1
features_1:1321,features_1.npy,1321,train,1,18.046875,0.999999985467452,1
features_1:1322,features_1.npy,1322,train,0,-14.2578125,6.425551787411865e-07,0
features_1:1325,features_1.npy,1325,train,0,-11.359375,1.1659530314852966e-05,0
features_1:1329,features_1.npy,1329,train,0,-11.0546875,1.5812602445551514e-05,0
features_1:1330,features_1.npy,1330,train,0,-13.359375,1.5779617459211416e-06,0
features_1:1331,features_1.npy,1331,train,1,10.03125,0.9999559988154207,1
features_1:1332,features_1.npy,1332,train,0,-15.03125,2.964906076270974e-07,0
features_1:1334,features_1.npy,1334,train,0,-14.4296875,5.410857645019709e-07,0
features_1:1335,features_1.npy,1335,train,0,-14.1640625,7.057087600712171e-07,0
features_1:1336,features_1.npy,1336,train,0,-13.7890625,1.0267998574278455e-06,0
features_1:1337,features_1.npy,1337,train,1,10.3359375,0.9999675551860863,1
features_1:1338,features_1.npy,1338,train,0,-9.046875,0.0001177445922838707,0
features_1:1340,features_1.npy,1340,train,1,13.5,0.999998629042793,1
features_1:1342,features_1.npy,1342,train,0,-13.796875,1.0188092456838862e-06,0
features_1:1344,features_1.npy,1344,train,0,-13.0546875,2.1400322904809113e-06,0
features_1:1345,features_1.npy,1345,train,1,14.53125,0.9999995111697226,1
features_1:1346,features_1.npy,1346,train,0,-12.53125,3.6119830612765793e-06,0
features_1:1348,features_1.npy,1348,train,0,-14.734375,3.9897168041788877e-07,0
features_1:1350,features_1.npy,1350,train,0,-15.078125,2.8291331803622855e-07,0
features_1:1351,features_1.npy,1351,train,1,12.0390625,0.9999940912036396,1
features_1:1352,features_1.npy,1352,train,1,15.3671875,0.9999997881077003,1
features_1:1353,features_1.npy,1353,train,1,13.484375,0.9999986074533888,1
features_1:1356,features_1.npy,1356,train,0,-13.890625,9.276364590402347e-07,0
features_1:1358,features_1.npy,1358,train,1,12.890625,0.9999974784266893,1
features_1:1360,features_1.npy,1360,train,1,14.046875,0.999999206550383,1
features_1:1361,features_1.npy,1361,train,1,14.5078125,0.9999994995774526,1
features_1:1362,features_1.npy,1362,train,0,-12.296875,4.5659700648367735e-06,0
features_1:1363,features_1.npy,1363,train,0,-13.5625,1.2878952156558145e-06,0
features_1:1365,features_1.npy,1365,train,0,-10.5390625,2.6480843287604657e-05,0
features_1:1366,features_1.npy,1366,train,1,14.0234375,0.9999991877342828,1
features_1:1369,features_1.npy,1369,train,1,13.8984375,0.9999990795824586,1
features_1:1370,features_1.npy,1370,train,1,13.765625,0.9999989488503112,1
features_1:1371,features_1.npy,1371,train,1,7.19921875,0.999253388538729,1
features_1:1372,features_1.npy,1372,train,0,-14.609375,4.520941184666502e-07,0
features_1:1373,features_1.npy,1373,train,1,13.234375,0.9999982119354642,1
features_1:1375,features_1.npy,1375,train,0,-14.125,7.338209805254081e-07,0
features_1:1377,features_1.npy,1377,train,1,16.734375,0.999999946005036,1
features_1:1378,features_1.npy,1378,train,0,-13.3046875,1.6666596125770648e-06,0
features_1:1379,features_1.npy,1379,train,0,-15.4296875,1.9905439675366883e-07,0
features_1:1380,features_1.npy,1380,train,1,12.1875,0.9999949062949967,1
features_1:1382,features_1.npy,1382,train,0,-12.7109375,3.017926602189289e-06,0
features_1:1383,features_1.npy,1383,train,0,-13.921875,8.99096111274288e-07,0
features_1:1384,features_1.npy,1384,train,1,14.1953125,0.9999993160036009,1
features_1:1386,features_1.npy,1386,train,1,15.859375,0.9999998704728247,1
features_1:1391,features_1.npy,1391,train,0,-14.0078125,8.25057030553458e-07,0
features_1:1392,features_1.npy,1392,train,1,15.0078125,0.9999996964783224,1
features_1:1393,features_1.npy,1393,train,1,15.8828125,0.999999873473318,1
features_1:1395,features_1.npy,1395,train,1,16.296875,0.9999999163709662,1
features_1:1396,features_1.npy,1396,train,1,13.21875,0.9999981837775962,1
features_1:1398,features_1.npy,1398,train,1,14.3671875,0.9999994240172219,1
features_1:1400,features_1.npy,1400,train,0,-11.0703125,1.5567454583816087e-05,0
features_1:1401,features_1.npy,1401,train,0,-14.3515625,5.850531816439962e-07,0
features_1:1402,features_1.npy,1402,train,1,14.7734375,0.9999996163126788,1
features_1:1403,features_1.npy,1403,train,1,13.5,0.999998629042793,1
features_1:1404,features_1.npy,1404,train,0,-14.875,3.466326211119807e-07,0
features_1:1405,features_1.npy,1405,train,1,15.65625,0.9999998412999919,1
features_1:1406,features_1.npy,1406,train,0,-12.6640625,3.1627594657680457e-06,0
features_1:1407,features_1.npy,1407,train,1,13.375,0.9999984465022453,1
features_1:1409,features_1.npy,1409,train,1,16.421875,0.9999999261976361,1
features_1:1411,features_1.npy,1411,train,1,15.8359375,0.9999998674011765,1
features_1:1412,features_1.npy,1412,train,1,15.484375,0.9999998115390829,1
features_1:1413,features_1.npy,1413,train,1,14.3671875,0.9999994240172219,1
features_1:1414,features_1.npy,1414,train,1,13.453125,0.9999985632492775,1
features_1:1416,features_1.npy,1416,train,0,-10.796875,2.0462932829931794e-05,0
features_1:1417,features_1.npy,1417,train,0,-14.234375,6.577929256610509e-07,0
features_1:1418,features_1.npy,1418,train,0,-15.4921875,1.8699430277602215e-07,0
features_1:1419,features_1.npy,1419,train,1,12.28125,0.9999953621267027,1
features_1:1420,features_1.npy,1420,train,0,-10.703125,2.2474089854291754e-05,0
features_1:1421,features_1.npy,1421,train,0,-13.765625,1.0511496887388008e-06,0
features_1:1422,features_1.npy,1422,train,0,-13.09375,2.0580491096133833e-06,0
features_1:1424,features_1.npy,1424,train,1,12.0390625,0.9999940912036396,1
features_1:1425,features_1.npy,1425,train,1,11.5390625,0.9999902580790988,1
features_1:1426,features_1.npy,1426,train,0,-11.15625,1.4285517650093407e-05,0
features_1:1427,features_1.npy,1427,train,1,10.6640625,0.9999766306651053,1
features_1:1429,features_1.npy,1429,train,1,15.46875,0.999999808571256,1
features_1:1431,features_1.npy,1431,train,0,-10.2265625,3.619466971831003e-05,0
features_1:1432,features_1.npy,1432,train,0,-14.4140625,5.496066207586304e-07,0
features_1:1433,features_1.npy,1433,train,1,13.046875,0.9999978431832643,1
features_1:1434,features_1.npy,1434,train,0,-14.0078125,8.25057030553458e-07,0
features_1:1435,features_1.npy,1435,train,1,14.53125,0.9999995111697226,1
features_1:1436,features_1.npy,1436,train,1,10.484375,0.9999720306969742,1
features_1:1437,features_1.npy,1437,train,1,14.9609375,0.9999996819120175,1
features_1:1438,features_1.npy,1438,train,0,-9.2421875,9.685608308164991e-05,0
features_1:1444,features_1.npy,1444,train,1,14.828125,0.9999996367321381,1
features_1:1445,features_1.npy,1445,train,1,13.5234375,0.9999986608009401,1
features_1:1446,features_1.npy,1446,train,1,16.09375,0.9999998975355678,1
features_1:1448,features_1.npy,1448,train,0,-14.96875,3.156126029050898e-07,0
features_1:1449,features_1.npy,1449,train,1,13.484375,0.9999986074533888,1
features_1:1450,features_1.npy,1450,train,1,13.96875,0.999999142076462,1
features_1:1451,features_1.npy,1451,train,1,15.4453125,0.9999998040316551,1
features_1:1454,features_1.npy,1454,train,0,-14.1796875,6.94767767455072e-07,0
features_1:1456,features_1.npy,1456,train,0,-13.5859375,1.258061192651287e-06,0
features_1:1457,features_1.npy,1457,train,1,13.6796875,0.99999885452212,1
features_1:1458,features_1.npy,1458,train,0,-12.875,2.561282210758673e-06,0
features_1:1460,features_1.npy,1460,train,0,-12.4453125,3.936114707148965e-06,0
features_1:1461,features_1.npy,1461,train,1,14.8828125,0.9999996560648944,1
features_1:1463,features_1.npy,1463,train,0,-12.8828125,2.541350205115944e-06,0
features_1:1464,features_1.npy,1464,train,0,-13.9375,8.851569304133282e-07,0
features_1:1466,features_1.npy,1466,train,1,15.28125,0.9999997690928675,1
features_1:1467,features_1.npy,1467,train,1,16.59375,0.9999999378521779,1
features_1:1468,features_1.npy,1468,train,0,-11.875,6.9622562501383685e-06,0
features_1:1469,features_1.npy,1469,train,1,15.8125,0.9999998642566865,1
features_1:1470,features_1.npy,1470,train,1,15.2265625,0.9999997561134659,1
features_1:1471,features_1.npy,1471,train,0,-14.4296875,5.410857645019709e-07,0
features_1:1474,features_1.npy,1474,train,0,-14.609375,4.520941184666502e-07,0
features_1:1476,features_1.npy,1476,train,0,-12.34375,4.3568799834673755e-06,0
features_1:1477,features_1.npy,1477,train,1,16.9375,0.9999999559305942,1
features_1:1479,features_1.npy,1479,train,0,-13.2265625,1.802088474403712e-06,0
features_1:1480,features_1.npy,1480,train,1,13.15625,0.9999980666415416,1
features_1:1481,features_1.npy,1481,train,0,-13.90625,9.132548018955539e-07,0
features_1:1483,features_1.npy,1483,train,1,13.25,0.9999982396567868,1
features_1:1484,features_1.npy,1484,train,0,-14.390625,5.626401588368566e-07,0
features_1:1486,features_1.npy,1486,train,1,14.6953125,0.9999995851351011,1
features_1:1487,features_1.npy,1487,train,1,12.859375,0.9999973983835683,1
features_1:1488,features_1.npy,1488,train,0,-12.296875,4.5659700648367735e-06,0
features_1:1490,features_1.npy,1490,train,1,11.9140625,0.9999933044618126,1
features_1:1491,features_1.npy,1491,train,0,-13.4921875,1.3817097426402072e-06,0
features_1:1492,features_1.npy,1492,train,1,15.421875,0.9999997993844006,1
features_1:1493,features_1.npy,1493,train,0,-7.71875,0.00044421835892143437,0
features_1:1495,features_1.npy,1495,train,0,-15.578125,1.715956205316364e-07,0
features_1:1497,features_1.npy,1497,train,1,13.859375,0.9999990429172271,1
features_1:1498,features_1.npy,1498,train,1,13.0546875,0.9999978599677096,1
features_1:1499,features_1.npy,1499,train,1,13.734375,0.9999989154832745,1
features_1:1501,features_1.npy,1501,train,1,13.1171875,0.999997989625451,1
features_1:1502,features_1.npy,1502,train,1,15.0234375,0.9999997011839883,1
features_1:1503,features_1.npy,1503,train,0,-13.078125,2.0904585994978245e-06,0
features_1:1504,features_1.npy,1504,train,1,14.4453125,0.9999994673029882,1
features_1:1505,features_1.npy,1505,train,0,-13.3515625,1.5903378336002657e-06,0
features_1:1506,features_1.npy,1506,train,1,14.84375,0.9999996423640822,1
features_1:1507,features_1.npy,1507,train,1,16.703125,0.9999999442910519,1
features_1:1508,features_1.npy,1508,train,1,16.3125,0.9999999176675142,1
features_1:1509,features_1.npy,1509,train,1,11.6875,0.9999916019279651,1
features_1:1510,features_1.npy,1510,train,0,-14.2421875,6.526739438426098e-07,0
features_1:1511,features_1.npy,1511,train,0,-14.125,7.338209805254081e-07,0
features_1:1512,features_1.npy,1512,train,1,13.4453125,0.9999985519807184,1
features_1:1513,features_1.npy,1513,train,1,16.671875,0.9999999425226602,1
features_1:1514,features_1.npy,1514,train,1,15.5234375,0.9999998187589061,1
features_1:1515,features_1.npy,1515,train,1,14.0859375,0.999999236946937,1
features_1:1516,features_1.npy,1516,train,0,-14.9765625,3.1315648691258604e-07,0
features_1:1517,features_1.npy,1517,train,1,17.4375,0.9999999732705538,1
features_1:1519,features_1.npy,1519,train,1,10.6796875,0.9999769929647252,1
features_1:1520,features_1.npy,1520,train,1,14.2109375,0.9999993266079752,1
features_1:1521,features_1.npy,1521,train,1,13.4921875,0.9999986182902574,1
features_1:1522,features_1.npy,1522,train,0,-12.1953125,5.054065676751517e-06,0
features_1:1524,features_1.npy,1524,train,1,14.359375,0.9999994194997356,1
features_1:1526,features_1.npy,1526,train,1,13.2265625,0.9999981979115257,1
features_1:1527,features_1.npy,1527,train,1,17.09375,0.9999999623054395,1
features_1:1528,features_1.npy,1528,train,0,-13.5546875,1.2979962899127484e-06,0
features_1:1529,features_1.npy,1529,train,1,17.515625,0.9999999752793034,1
features_1:1531,features_1.npy,1531,train,1,14.3515625,0.9999994149468184,1
features_1:1532,features_1.npy,1532,train,1,15.671875,0.9999998437604072,1
features_1:1533,features_1.npy,1533,train,1,12.6953125,0.9999969345481149,1
features_1:1534,features_1.npy,1534,train,0,-14.1171875,7.395764055512202e-07,0
features_1:1536,features_1.npy,1536,train,1,12.7265625,0.9999970288618739,1
features_1:1537,features_1.npy,1537,train,0,-13.5390625,1.3184367302834308e-06,0
features_1:1538,features_1.npy,1538,train,0,-11.25,1.3007128466476033e-05,0
features_1:1539,features_1.npy,1539,train,1,15.5234375,0.9999998187589061,1
features_1:1541,features_1.npy,1541,train,1,12.8515625,0.9999973779788912,1
features_1:1542,features_1.npy,1542,train,0,-12.625,3.288749065460498e-06,0
features_1:1543,features_1.npy,1543,train,1,14.0234375,0.9999991877342828,1
features_1:1544,features_1.npy,1544,train,1,12.4140625,0.9999959389401071,1
features_1:1545,features_1.npy,1545,train,1,14.0078125,0.9999991749429694,1
features_1:1547,features_1.npy,1547,train,1,14.2109375,0.9999993266079752,1
features_1:1548,features_1.npy,1548,train,1,12.3046875,0.9999954695624351,1
features_1:1550,features_1.npy,1550,train,1,13.953125,0.9999991285661438,1
features_1:1551,features_1.npy,1551,train,1,15.8828125,0.999999873473318,1
features_1:1552,features_1.npy,1552,train,0,-13.8515625,9.645892589704654e-07,0
features_1:1553,features_1.npy,1553,train,1,15.734375,0.9999998532264842,1
features_1:1556,features_1.npy,1556,train,1,13.578125,0.9999987320717236,1
features_1:1557,features_1.npy,1557,train,1,12.1328125,0.9999946199768459,1
features_1:1558,features_1.npy,1558,train,1,15.109375,0.9999997257910073,1
features_1:1561,features_1.npy,1561,train,0,-12.3046875,4.530437564868836e-06,0
features_1:1563,features_1.npy,1563,train,1,14.578125,0.9999995335548804,1
features_1:1564,features_1.npy,1564,train,1,14.5390625,0.9999995149738282,1
features_1:1566,features_1.npy,1566,train,1,9.3828125,0.9999158489074993,1
features_1:1568,features_1.npy,1568,train,1,14.0859375,0.999999236946937,1
features_1:1569,features_1.npy,1569,train,1,14.109375,0.9999992546230292,1
features_1:1570,features_1.npy,1570,train,1,15.453125,0.9999998055566924,1
features_1:1572,features_1.npy,1572,train,0,-12.7421875,2.9250750336507273e-06,0
features_1:1574,features_1.npy,1574,train,1,14.6484375,0.9999995652253278,1
features_1:1575,features_1.npy,1575,train,1,12.9296875,0.9999975750264115,1
features_1:1578,features_1.npy,1578,train,1,13.984375,0.9999991553773224,1
features_1:1580,features_1.npy,1580,train,1,14.1640625,0.9999992942912399,1
features_1:1581,features_1.npy,1581,train,0,-13.953125,8.714338561413278e-07,0
features_1:1582,features_1.npy,1582,train,0,-10.9921875,1.68324105182435e-05,0
features_1:1583,features_1.npy,1583,train,0,-11.65625,8.664653147910923e-06,0
features_1:1586,features_1.npy,1586,train,1,13.6171875,0.999998780645234,1
features_1:1588,features_1.npy,1588,train,0,-13.21875,1.816222403812674e-06,0
features_1:1589,features_1.npy,1589,train,1,13.3984375,0.9999984824889274,1
features_1:1590,features_1.npy,1590,train,0,-13.8046875,1.0108808172476437e-06,0
features_1:1591,features_1.npy,1591,train,1,13.1484375,0.9999980514780527,1
features_1:1592,features_1.npy,1592,train,0,-14.3984375,5.582616608278708e-07,0
features_1:1593,features_1.npy,1593,train,1,13.28125,0.9999982938167612,1
features_1:1594,features_1.npy,1594,train,1,12.375,0.9999957771665553,1
features_1:1595,features_1.npy,1595,train,1,16.0,0.9999998874648379,1
features_1:1596,features_1.npy,1596,train,0,-13.109375,2.026142080244835e-06,0
features_1:1597,features_1.npy,1597,train,1,16.28125,0.9999999150540008,1
features_1:1598,features_1.npy,1598,train,1,14.5,0.9999994956525918,1
features_1:1599,features_1.npy,1599,train,1,16.625,0.9999999397642653,1
features_1:1600,features_1.npy,1600,train,1,8.6484375,0.9998246300622622,1
features_1:1602,features_1.npy,1602,train,0,-14.6953125,4.148648987636019e-07,0
features_1:1604,features_1.npy,1604,train,1,13.90625,0.999999086745198,1
features_1:1605,features_1.npy,1605,train,1,12.9453125,0.9999976126220526,1
features_1:1610,features_1.npy,1610,train,0,-11.921875,6.643433442159853e-06,0
features_1:1611,features_1.npy,1611,train,0,-12.4609375,3.875091141305538e-06,0
features_1:1612,features_1.npy,1612,train,0,-11.3671875,1.1568796179783076e-05,0
features_1:1613,features_1.npy,1613,train,0,-15.421875,2.0061559942357704e-07,0
features_1:1614,features_1.npy,1614,train,1,11.890625,0.9999931456827884,1
features_1:1615,features_1.npy,1615,train,0,-13.90625,9.132548018955539e-07,0
features_1:1616,features_1.npy,1616,train,1,11.046875,0.9999840633797528,1
features_1:1617,features_1.npy,1617,train,1,12.59375,0.9999966068551871,1
features_1:1618,features_1.npy,1618,train,0,-15.2734375,2.327181592016867e-07,0
features_1:1619,features_1.npy,1619,train,0,-13.2421875,1.7741497317865673e-06,0
features_1:1621,features_1.npy,1621,train,1,12.6171875,0.9999966854570413,1
features_1:1623,features_1.npy,1623,train,0,-14.1875,6.8936104552113e-07,0
features_1:1625,features_1.npy,1625,train,1,14.2109375,0.9999993266079752,1
features_1:1626,features_1.npy,1626,train,1,10.2734375,0.9999654627476376,1
features_1:1627,features_1.npy,1627,train,1,12.3359375,0.9999956089487334,1
features_1:1629,features_1.npy,1629,train,0,-13.609375,1.2289182723265359e-06,0
features_1:1630,features_1.npy,1630,train,0,-13.6171875,1.219354766119497e-06,0
features_1:1632,features_1.npy,1632,train,1,11.40625,0.9999888743925112,1
features_1:1633,features_1.npy,1633,train,0,-9.3515625,8.682210299865953e-05,0
features_1:1634,features_1.npy,1634,train,1,17.0625,0.9999999611088859,1
features_1:1636,features_1.npy,1636,train,0,-13.9140625,9.061478030830709e-07,0
features_1:1638,features_1.npy,1638,train,1,14.4140625,0.9999994503933792,1
features_1:1639,features_1.npy,1639,train,0,-14.3515625,5.850531816439962e-07,0
features_1:1640,features_1.npy,1640,train,1,11.4921875,0.9999897905593262,1
features_1:1641,features_1.npy,1641,train,0,-13.140625,1.9638043643636485e-06,0
features_1:1642,features_1.npy,1642,train,1,13.9609375,0.99999913534769,1
features_1:1643,features_1.npy,1643,train,0,-10.0078125,4.50445955990996e-05,0
features_1:1644,features_1.npy,1644,train,0,-11.625,8.939696304799167e-06,0
features_1:1645,features_1.npy,1645,train,0,-14.515625,4.965282302696859e-07,0
features_1:1647,features_1.npy,1647,train,1,15.2578125,0.9999997636170638,1
features_1:1648,features_1.npy,1648,train,1,13.7734375,0.9999989570304144,1
features_1:1649,features_1.npy,1649,train,0,-14.8125,3.6898849620481354e-07,0
features_1:1650,features_1.npy,1650,train,0,-14.5390625,4.850261717827009e-07,0
features_1:1651,features_1.npy,1651,train,1,12.265625,0.9999952890911695,1
features_1:1652,features_1.npy,1652,train,1,15.1484375,0.999999736295786,1
features_1:1653,features_1.npy,1653,train,1,15.0234375,0.9999997011839883,1
features_1:1654,features_1.npy,1654,train,0,-15.09375,2.7852715480971087e-07,0
features_1:1657,features_1.npy,1657,train,1,16.640625,0.9999999406981337,1
features_1:1658,features_1.npy,1658,train,0,-14.3671875,5.759827780115915e-07,0
features_1:1659,features_1.npy,1659,train,0,-14.109375,7.453769708679428e-07,0
features_1:1662,features_1.npy,1662,train,0,-9.171875,0.00010391067562761452,0
features_1:1663,features_1.npy,1663,train,1,13.7421875,0.9999989239230416,1
features_1:1664,features_1.npy,1664,train,0,-11.84375,7.1832603998579244e-06,0
features_1:1666,features_1.npy,1666,train,0,-13.4140625,1.493984279121484e-06,0
features_1:1668,features_1.npy,1668,train,0,-14.0078125,8.25057030553458e-07,0
features_1:1669,features_1.npy,1669,train,1,15.21875,0.9999997542006405,1
features_1:1670,features_1.npy,1670,train,0,-11.515625,9.972941593827282e-06,0
features_1:1672,features_1.npy,1672,train,1,13.28125,0.9999982938167612,1
features_1:1673,features_1.npy,1673,train,1,12.46875,0.9999961550649413,1
features_1:1674,features_1.npy,1674,train,0,-13.546875,1.3081765876704983e-06,0
features_1:1675,features_1.npy,1675,train,0,-14.3203125,6.036247519873017e-07,0
features_1:1683,features_1.npy,1683,train,1,17.0625,0.9999999611088859,1
features_1:1684,features_1.npy,1684,train,1,12.3984375,0.9999958749879833,1
features_1:1685,features_1.npy,1685,train,1,13.6953125,0.9999988722810883,1
features_1:1687,features_1.npy,1687,train,1,15.515625,0.9999998173374148,1
features_1:1688,features_1.npy,1688,train,0,-13.296875,1.6797313639715e-06,0
features_1:1690,features_1.npy,1690,train,0,-13.015625,2.225281295743531e-06,0
features_1:1691,features_1.npy,1691,train,0,-12.28125,4.637873297353725e-06,0
features_1:1694,features_1.npy,1694,train,0,-15.0625,2.8736855324366057e-07,0
features_1:1696,features_1.npy,1696,train,0,-12.140625,5.338155705389253e-06,0
features_1:1697,features_1.npy,1697,train,0,-10.6875,2.2827997192887966e-05,0
features_1:1700,features_1.npy,1700,train,0,-11.6796875,8.463938372775066e-06,0
features_1:1702,features_1.npy,1702,train,0,-14.4609375,5.24438314387916e-07,0
features_1:1703,features_1.npy,1703,train,1,15.8671875,0.999999871480813,1
features_1:1704,features_1.npy,1704,train,1,10.640625,0.999976076490557,1
features_1:1707,features_1.npy,1707,train,1,16.875,0.9999999530883621,1
features_1:1711,features_1.npy,1711,train,1,11.921875,0.9999933565665579,1
features_1:1714,features_1.npy,1714,train,1,12.859375,0.9999973983835683,1
features_1:1715,features_1.npy,1715,train,0,-12.8046875,2.7478541832994536e-06,0
features_1:1716,features_1.npy,1716,train,1,12.8984375,0.9999974980496794,1
features_1:1717,features_1.npy,1717,train,0,-9.1953125,0.00010150383174795513,0
features_1:1718,features_1.npy,1718,train,0,-13.3203125,1.6408204926803617e-06,0
features_1:1719,features_1.npy,1719,train,0,-14.4609375,5.24438314387916e-07,0
features_1:1720,features_1.npy,1720,train,0,-10.7890625,2.0623422291335766e-05,0
features_1:1721,features_1.npy,1721,train,1,16.515625,0.9999999328021826,1
features_1:1722,features_1.npy,1722,train,0,-13.0625,2.123378462433771e-06,0
features_1:1723,features_1.npy,1723,train,1,13.9453125,0.9999991217314095,1
features_1:1724,features_1.npy,1724,train,1,2.2890625,0.90796713988899,1
features_1:1726,features_1.npy,1726,train,1,16.203125,0.9999999081514757,1
features_1:1727,features_1.npy,1727,train,0,-12.984375,2.2959191445352874e-06,0
features_1:1728,features_1.npy,1728,train,1,14.453125,0.999999471448467,1
features_1:1729,features_1.npy,1729,train,0,-13.4375,1.459376221076886e-06,0
features_1:1730,features_1.npy,1730,train,0,-13.3828125,1.5414083577909065e-06,0
features_1:1731,features_1.npy,1731,train,1,14.6328125,0.999999558378626,1
features_1:1732,features_1.npy,1732,train,1,15.078125,0.999999717086682,1
features_1:1733,features_1.npy,1733,train,0,-13.6015625,1.2385567858573118e-06,0
features_1:1734,features_1.npy,1734,train,0,-14.734375,3.9897168041788877e-07,0
features_1:1736,features_1.npy,1736,train,1,13.453125,0.9999985632492775,1
features_1:1738,features_1.npy,1738,train,0,-14.2890625,6.227858465329135e-07,0
features_1:1739,features_1.npy,1739,train,1,15.328125,0.9999997796668726,1
features_1:1740,features_1.npy,1740,train,0,-13.90625,9.132548018955539e-07,0
features_1:1741,features_1.npy,1741,train,0,-15.5234375,1.8124109395097077e-07,0
features_1:1743,features_1.npy,1743,train,1,14.4453125,0.9999994673029882,1
features_1:1744,features_1.npy,1744,train,0,-15.421875,2.0061559942357704e-07,0
features_1:1745,features_1.npy,1745,train,1,15.2421875,0.9999997598945752,1
features_1:1747,features_1.npy,1747,train,0,-12.71875,2.9944409813715146e-06,0
features_1:1749,features_1.npy,1749,train,0,-16.046875,1.0738180234227161e-07,0
features_1:1750,features_1.npy,1750,train,0,-10.109375,4.069457790466838e-05,0
features_1:1751,features_1.npy,1751,train,1,16.859375,0.9999999523496113,1
features_1:1752,features_1.npy,1752,train,0,-13.28125,1.7061832388634165e-06,0
features_1:1753,features_1.npy,1753,train,1,13.4921875,0.9999986182902574,1
features_1:1754,features_1.npy,1754,train,1,11.0703125,0.999984432545416,1
features_1:1755,features_1.npy,1755,train,1,13.71875,0.99999889840464,1
features_1:1756,features_1.npy,1756,train,1,12.3359375,0.9999956089487334,1
features_1:1757,features_1.npy,1757,train,0,-14.046875,7.934496171506507e-07,0
features_1:1758,features_1.npy,1758,train,0,-13.9765625,8.512471297900501e-07,0
features_1:1759,features_1.npy,1759,train,0,-13.453125,1.4367507224078596e-06,0
features_1:1760,features_1.npy,1760,train,0,-15.8359375,1.3259882339182558e-07,0
features_1:1761,features_1.npy,1761,train,1,10.984375,0.9999830355734896,1
features_1:1762,features_1.npy,1762,train,1,14.25,0.9999993524052017,1
features_1:1765,features_1.npy,1765,train,0,-11.640625,8.80110037979258e-06,0
features_1:1767,features_1.npy,1767,train,0,-13.5078125,1.3602883477442573e-06,0
features_1:1769,features_1.npy,1769,train,0,-14.4140625,5.496066207586304e-07,0
features_1:1770,features_1.npy,1770,train,1,13.515625,0.9999986502974858,1
features_1:1771,features_1.npy,1771,train,1,13.90625,0.999999086745198,1
features_1:1772,features_1.npy,1772,train,0,-13.03125,2.1907815825757865e-06,0
features_1:1773,features_1.npy,1773,train,1,13.9453125,0.9999991217314095,1
features_1:1774,features_1.npy,1774,train,0,-12.7265625,2.9711381260146323e-06,0
features_1:1775,features_1.npy,1775,train,0,-15.0078125,3.0352167763190903e-07,0
features_1:1778,features_1.npy,1778,train,1,13.5078125,0.9999986397116524,1
features_1:1779,features_1.npy,1779,train,1,14.84375,0.9999996423640822,1
features_1:1780,features_1.npy,1780,train,1,14.3359375,0.9999994057335769,1
features_1:1781,features_1.npy,1781,train,0,-12.5546875,3.528311859000446e-06,0
features_1:1782,features_1.npy,1782,train,0,-12.703125,3.041596421897927e-06,0
features_1:1783,features_1.npy,1783,train,1,15.40625,0.9999997962251652,1
features_1:1784,features_1.npy,1784,train,1,8.7265625,0.9998378071836282,1
features_1:1785,features_1.npy,1785,train,0,-13.6484375,1.1818392082775557e-06,0
features_1:1786,features_1.npy,1786,train,1,13.4921875,0.9999986182902574,1
features_1:1787,features_1.npy,1787,train,0,-16.984375,4.205132074716259e-08,0
features_1:1788,features_1.npy,1788,train,0,-12.5546875,3.528311859000446e-06,0
features_1:1789,features_1.npy,1789,train,1,14.9296875,0.9999996718148245,1
features_1:1790,features_1.npy,1790,train,0,-15.3671875,2.118922996472643e-07,0
features_1:1791,features_1.npy,1791,train,1,14.3515625,0.9999994149468184,1
features_1:1792,features_1.npy,1792,train,0,-14.40625,5.53917236522822e-07,0
features_1:1793,features_1.npy,1793,train,0,-13.75,1.067702870044147e-06,0
features_1:1794,features_1.npy,1794,train,1,12.65625,0.9999968124347834,1
features_1:1795,features_1.npy,1795,train,1,14.7734375,0.9999996163126788,1
features_1:1796,features_1.npy,1796,train,1,14.6328125,0.999999558378626,1
features_1:1800,features_1.npy,1800,train,0,-13.328125,1.6280515470910008e-06,0
features_1:1802,features_1.npy,1802,train,1,16.609375,0.9999999388156906,1
features_1:1803,features_1.npy,1803,train,1,13.9921875,0.9999991619502226,1
features_1:1805,features_1.npy,1805,train,1,12.6328125,0.9999967368440993,1
features_1:1808,features_1.npy,1808,train,1,14.6015625,0.9999995443600651,1
features_1:1810,features_1.npy,1810,train,1,16.03125,0.9999998909271804,1
features_1:1811,features_1.npy,1811,train,1,15.5859375,0.9999998297397469,1
features_1:1812,features_1.npy,1812,train,0,-11.9765625,6.289878587525663e-06,0
features_1:1813,features_1.npy,1813,train,0,-14.75,3.927862002670442e-07,0
features_1:1814,features_1.npy,1814,train,1,14.6796875,0.9999995786019323,1
features_1:1815,features_1.npy,1815,train,0,-12.265625,4.710908830437064e-06,0
features_1:1816,features_1.npy,1816,train,1,11.5078125,0.9999899488404421,1
features_1:1817,features_1.npy,1817,train,1,11.75,0.9999921107374138,1
features_1:1818,features_1.npy,1818,train,1,15.3125,0.9999997761971314,1
features_1:1819,features_1.npy,1819,train,0,-10.1953125,3.734356896287336e-05,0
features_1:1820,features_1.npy,1820,train,1,12.6015625,0.9999966332607606,1
features_1:1821,features_1.npy,1821,train,0,-14.3984375,5.582616608278708e-07,0
features_1:1824,features_1.npy,1824,train,0,-12.3828125,4.1899712317691746e-06,0
features_1:1828,features_1.npy,1828,train,1,13.109375,0.9999979738579198,1
features_1:1830,features_1.npy,1830,train,0,-14.75,3.927862002670442e-07,0
features_1:1831,features_1.npy,1831,train,0,-11.1875,1.3846004563753395e-05,0
features_1:1832,features_1.npy,1832,train,1,10.8828125,0.9999812221256604,1
features_1:1833,features_1.npy,1833,train,0,-12.390625,4.157364752513334e-06,0
features_1:1834,features_1.npy,1834,train,1,13.0859375,0.9999979258094446,1
features_1:1835,features_1.npy,1835,train,1,15.1875,0.9999997463981333,1
features_1:1839,features_1.npy,1839,train,1,15.0390625,0.9999997058167001,1
features_1:1840,features_1.npy,1840,train,1,11.25,0.9999869928715335,1
features_1:1841,features_1.npy,1841,train,1,15.1953125,0.999999748371678,1
features_1:1842,features_1.npy,1842,train,0,-10.515625,2.7108801365572047e-05,0
features_1:1843,features_1.npy,1843,train,1,12.078125,0.9999943175647871,1
features_1:1846,features_1.npy,1846,train,1,12.0703125,0.9999942729971506,1
features_1:1848,features_1.npy,1848,train,0,-13.8828125,9.3491199515874e-07,0
features_1:1849,features_1.npy,1849,train,1,12.390625,0.9999958426352475,1
features_1:1850,features_1.npy,1850,train,1,15.1171875,0.9999997279249181,1
features_1:1853,features_1.npy,1853,train,1,15.25,0.9999997617630899,1
features_1:1854,features_1.npy,1854,train,1,16.953125,0.999999956613827,1
features_1:1856,features_1.npy,1856,train,1,10.3203125,0.9999670442714497,1
features_1:1857,features_1.npy,1857,train,1,17.3125,0.9999999697115696,1
features_1:1859,features_1.npy,1859,train,1,12.7890625,0.9999972088735305,1
features_1:1860,features_1.npy,1860,train,0,-13.59375,1.2482708949986417e-06,0
features_1:1861,features_1.npy,1861,train,1,11.59375,0.9999907765298898,1
features_1:1862,features_1.npy,1862,train,1,16.171875,0.9999999052358909,1
features_1:1864,features_1.npy,1864,train,1,13.1640625,0.9999980816870275,1
features_1:1866,features_1.npy,1866,train,1,14.859375,0.9999996479087113,1
features_1:1867,features_1.npy,1867,train,0,-12.9140625,2.463161271834074e-06,0
features_1:1868,features_1.npy,1868,train,1,12.390625,0.9999958426352475,1
features_1:1869,features_1.npy,1869,train,0,-13.5,1.3709572068578448e-06,0
features_1:1871,features_1.npy,1871,train,0,-13.484375,1.3925466113719648e-06,0
features_1:1872,features_1.npy,1872,train,0,-14.4375,5.368750039367665e-07,0
features_1:1874,features_1.npy,1874,train,0,-14.34375,5.896418079129241e-07,0
features_1:1876,features_1.npy,1876,train,1,13.34375,0.9999983971890123,1
features_1:1877,features_1.npy,1877,train,1,14.5859375,0.9999995371847833,1
features_1:1878,features_1.npy,1878,train,1,14.40625,0.9999994460827635,1
features_1:1879,features_1.npy,1879,train,0,-14.9453125,3.230971376758428e-07,0
features_1:1880,features_1.npy,1880,train,0,-13.75,1.067702870044147e-06,0
features_1:1882,features_1.npy,1882,train,0,-13.609375,1.2289182723265359e-06,0
features_1:1884,features_1.npy,1884,train,1,16.921875,0.9999999552366021,1
features_1:1885,features_1.npy,1885,train,0,-15.703125,1.5143260666958895e-07,0
features_1:1886,features_1.npy,1886,train,0,-13.5859375,1.258061192651287e-06,0
features_1:1888,features_1.npy,1888,train,0,-13.15625,1.9333584585546463e-06,0
features_1:1889,features_1.npy,1889,train,1,15.78125,0.9999998599477319,1
features_1:1891,features_1.npy,1891,train,0,-16.71875,5.4845260911330566e-08,0
features_1:1892,features_1.npy,1892,train,0,-12.796875,2.769405811082847e-06,0
features_1:1893,features_1.npy,1893,train,0,-13.0390625,2.1737328221013914e-06,0
features_1:1894,features_1.npy,1894,train,0,-13.6328125,1.2004504453839354e-06,0
features_1:1896,features_1.npy,1896,train,1,15.2421875,0.9999997598945752,1
features_1:1897,features_1.npy,1897,train,1,12.484375,0.9999962146749086,1
features_1:1898,features_1.npy,1898,train,0,-10.5234375,2.6897844674087318e-05,0
features_1:1899,features_1.npy,1899,train,0,-14.9375,3.256312191085833e-07,0
features_1:1901,features_1.npy,1901,train,1,13.109375,0.9999979738579198,1
features_1:1902,features_1.npy,1902,train,1,14.8984375,0.9999996613971122,1
features_1:1903,features_1.npy,1903,train,0,-13.6015625,1.2385567858573118e-06,0
features_1:1904,features_1.npy,1904,train,1,13.2578125,0.9999982533558623,1
features_1:1905,features_1.npy,1905,train,1,13.7265625,0.9999989069773138,1
features_1:1907,features_1.npy,1907,train,0,-9.625,6.605214485464791e-05,0
features_1:1908,features_1.npy,1908,train,0,-15.09375,2.7852715480971087e-07,0
features_1:1910,features_1.npy,1910,train,1,16.15625,0.9999999037435733,1
features_1:1911,features_1.npy,1911,train,1,15.2421875,0.9999997598945752,1
features_1:1912,features_1.npy,1912,train,0,-14.125,7.338209805254081e-07,0
features_1:1914,features_1.npy,1914,train,0,-12.1484375,5.2966140681446665e-06,0
features_1:1915,features_1.npy,1915,train,0,-14.0,8.315280276641321e-07,0
features_1:1917,features_1.npy,1917,train,1,16.21875,0.999999909575455,1
features_1:1919,features_1.npy,1919,train,1,16.296875,0.9999999163709662,1
features_1:1920,features_1.npy,1920,train,1,14.8828125,0.9999996560648944,1
features_1:1921,features_1.npy,1921,train,0,-13.0078125,2.2427343541150767e-06,0
features_1:1922,features_1.npy,1922,train,1,11.8515625,0.9999928726397775,1
features_1:1923,features_1.npy,1923,train,1,13.59375,0.999998751729105,1
features_1:1929,features_1.npy,1929,train,1,13.828125,0.9999990125361885,1
features_1:1930,features_1.npy,1930,train,1,13.8828125,0.999999065088005,1
features_1:1931,features_1.npy,1931,train,1,13.359375,0.9999984220382541,1
features_1:1932,features_1.npy,1932,train,1,14.4453125,0.9999994673029882,1
features_1:1933,features_1.npy,1933,train,1,12.25,0.9999952149055051,1
features_1:1935,features_1.npy,1935,train,1,14.7734375,0.9999996163126788,1
features_1:1936,features_1.npy,1936,train,0,-14.21875,6.681516500435412e-07,0
features_1:1937,features_1.npy,1937,train,1,13.203125,0.9999981551763079,1
features_1:1938,features_1.npy,1938,train,1,12.5625,0.9999964991455856,1
features_1:1940,features_1.npy,1940,train,1,15.2734375,0.9999997672818408,1
features_1:1942,features_1.npy,1942,train,0,-12.2890625,4.601781247101035e-06,0
features_1:1943,features_1.npy,1943,train,0,-14.9375,3.256312191085833e-07,0
features_1:1944,features_1.npy,1944,train,1,12.296875,0.9999954340299353,1
features_1:1945,features_1.npy,1945,train,1,12.6015625,0.9999966332607606,1
features_1:1946,features_1.npy,1946,train,0,-8.734375,0.0001609308249869283,0
features_1:1948,features_1.npy,1948,train,0,-14.2890625,6.227858465329135e-07,0
features_1:1950,features_1.npy,1950,train,1,16.390625,0.9999999238548978,1
features_1:1952,features_1.npy,1952,train,1,11.0625,0.9999843104502723,1
features_1:1953,features_1.npy,1953,train,1,13.5390625,0.9999986815632697,1
features_1:1955,features_1.npy,1955,train,0,-13.1875,1.8738753836511972e-06,0
features_1:1957,features_1.npy,1957,train,1,12.1796875,0.9999948663447785,1
features_1:1958,features_1.npy,1958,train,1,12.8671875,0.9999974186294557,1
features_1:1959,features_1.npy,1959,train,1,13.015625,0.9999977747187042,1
features_1:1962,features_1.npy,1962,train,1,15.421875,0.9999997993844006,1
features_1:1964,features_1.npy,1964,train,0,-14.46875,5.203571051703427e-07,0
features_1:1966,features_1.npy,1966,train,0,-14.296875,6.179392916194265e-07,0
features_1:1967,features_1.npy,1967,train,0,-14.2265625,6.629520560984659e-07,0
features_1:1970,features_1.npy,1970,train,1,15.4921875,0.9999998130056972,1
features_1:1971,features_1.npy,1971,train,0,-13.734375,1.0845167254638428e-06,0
features_1:1972,features_1.npy,1972,train,0,-9.765625,5.7387595214376774e-05,0
features_1:1973,features_1.npy,1973,train,0,-12.2890625,4.601781247101035e-06,0
features_1:1975,features_1.npy,1975,train,0,-13.4140625,1.493984279121484e-06,0
features_1:1978,features_1.npy,1978,train,1,15.78125,0.9999998599477319,1
features_1:1979,features_1.npy,1979,train,0,-13.4453125,1.448019281668024e-06,0
features_1:1981,features_1.npy,1981,train,1,15.0859375,0.9999997192883303,1
features_1:1983,features_1.npy,1983,train,0,-15.1796875,2.555908902849402e-07,0
features_1:1984,features_1.npy,1984,train,0,-13.359375,1.5779617459211416e-06,0
features_1:1988,features_1.npy,1988,train,0,-15.03125,2.964906076270974e-07,0
features_1:1991,features_1.npy,1991,train,0,-15.140625,2.6577247116270285e-07,0
features_1:1992,features_1.npy,1992,train,1,12.6640625,0.9999968372405343,1
features_1:1996,features_1.npy,1996,train,0,-14.7265625,4.0210085283178276e-07,0
features_1:1997,features_1.npy,1997,train,0,-11.7109375,8.203532501718773e-06,0
features_1:1998,features_1.npy,1998,train,0,-12.0390625,5.908796360382963e-06,0
features_1:2001,features_1.npy,2001,train,1,13.84375,0.9999990278453811,1
features_1:2002,features_1.npy,2002,train,0,-13.90625,9.132548018955539e-07,0
features_1:2004,features_1.npy,2004,train,1,12.4140625,0.9999959389401071,1
features_1:2005,features_1.npy,2005,train,1,16.5,0.999999931743971,1
features_1:2007,features_1.npy,2007,train,1,14.578125,0.9999995335548804,1
features_1:2010,features_1.npy,2010,train,0,-12.5859375,3.4197574865711416e-06,0
features_1:2011,features_1.npy,2011,train,1,18.03125,0.9999999852385977,1
features_1:2012,features_1.npy,2012,train,0,-13.5,1.3709572068578448e-06,0
features_1:2015,features_1.npy,2015,train,1,13.859375,0.9999990429172271,1
features_1:2019,features_1.npy,2019,train,0,-13.34375,1.6028109878281438e-06,0
features_1:2021,features_1.npy,2021,train,1,14.1875,0.9999993106389544,1
features_1:2022,features_1.npy,2022,train,1,13.890625,0.9999990723635409,1
features_1:2023,features_1.npy,2023,train,0,-10.765625,2.1112482331487176e-05,0
features_1:2024,features_1.npy,2024,train,1,14.140625,0.9999992775558509,1
features_1:2027,features_1.npy,2027,train,0,-11.46875,1.0451548051737734e-05,0
features_1:2028,features_1.npy,2028,train,0,-14.46875,5.203571051703427e-07,0
features_1:2029,features_1.npy,2029,train,1,13.4140625,0.9999985060157208,1
features_1:2030,features_1.npy,2030,train,1,16.4375,0.9999999273418356,1
features_1:2031,features_1.npy,2031,train,0,-15.4609375,1.9293013798385022e-07,0
features_1:2034,features_1.npy,2034,train,0,-12.375,4.222833444659923e-06,0
features_1:2036,features_1.npy,2036,train,1,15.921875,0.9999998783204785,1
features_1:2038,features_1.npy,2038,train,0,-14.8671875,3.4935129350451577e-07,0
features_1:2039,features_1.npy,2039,train,1,11.21875,0.9999865799864952,1
features_1:2042,features_1.npy,2042,train,1,15.90625,0.9999998764043052,1
features_1:2044,features_1.npy,2044,train,1,13.8046875,0.9999989891191827,1
features_1:2045,features_1.npy,2045,train,0,-17.25,3.2241866333029355e-08,0
features_1:2047,features_1.npy,2047,train,1,15.1640625,0.99999974038414,1
features_1:2048,features_1.npy,2048,train,1,16.234375,0.9999999109773575,1
features_1:2049,features_1.npy,2049,train,1,11.6484375,0.9999912673897285,1
features_1:2050,features_1.npy,2050,train,0,-14.609375,4.520941184666502e-07,0
features_1:2052,features_1.npy,2052,train,1,14.5390625,0.9999995149738282,1
features_1:2053,features_1.npy,2053,train,0,-14.125,7.338209805254081e-07,0
features_1:2055,features_1.npy,2055,train,1,15.796875,0.9999998621190406,1
features_1:2059,features_1.npy,2059,train,1,11.1796875,0.999986045401392,1
features_1:2060,features_1.npy,2060,train,0,-13.3046875,1.6666596125770648e-06,0
features_1:2062,features_1.npy,2062,train,0,-13.53125,1.3287773439792037e-06,0
features_1:2063,features_1.npy,2063,train,0,-13.3828125,1.5414083577909065e-06,0
features_1:2064,features_1.npy,2064,train,0,-17.484375,2.5505415736574268e-08,0
features_1:2065,features_1.npy,2065,train,0,-14.125,7.338209805254081e-07,0
features_1:2066,features_1.npy,2066,train,0,-15.4921875,1.8699430277602215e-07,0
features_1:2067,features_1.npy,2067,train,1,14.359375,0.9999994194997356,1
features_1:2069,features_1.npy,2069,train,1,17.484375,0.9999999744945842,1
features_1:2072,features_1.npy,2072,train,0,-12.734375,2.948016613843445e-06,0
features_1:2073,features_1.npy,2073,train,0,-11.65625,8.664653147910923e-06,0
features_1:2074,features_1.npy,2074,train,1,14.046875,0.999999206550383,1
features_1:2075,features_1.npy,2075,train,1,13.4453125,0.9999985519807184,1
features_1:2076,features_1.npy,2076,train,0,-14.6328125,4.4162137411713636e-07,0
features_1:2077,features_1.npy,2077,train,1,14.890625,0.9999996587414178,1
features_1:2078,features_1.npy,2078,train,1,13.8984375,0.9999990795824586,1
features_1:2079,features_1.npy,2079,train,1,12.8515625,0.9999973779788912,1
features_1:2080,features_1.npy,2080,train,1,14.9453125,0.9999996769028623,1
features_1:2082,features_1.npy,2082,train,1,14.7265625,0.9999995978991472,1
features_1:2083,features_1.npy,2083,train,1,14.09375,0.9999992428850587,1
features_1:2084,features_1.npy,2084,train,1,14.171875,0.9999992997831051,1
features_1:2085,features_1.npy,2085,train,1,13.3984375,0.9999984824889274,1
features_1:2086,features_1.npy,2086,train,0,-11.0625,1.5689549727726036e-05,0
features_1:2087,features_1.npy,2087,train,1,16.5625,0.9999999358793944,1
features_1:2088,features_1.npy,2088,train,1,12.3046875,0.9999954695624351,1
features_1:2089,features_1.npy,2089,train,1,12.484375,0.9999962146749086,1
features_1:2090,features_1.npy,2090,train,0,-9.1171875,0.00010975090534032795,0
features_1:2091,features_1.npy,2091,train,1,11.28125,0.9999873930537599,1
features_1:2092,features_1.npy,2092,train,0,-14.0234375,8.122657172960954e-07,0
features_1:2093,features_1.npy,2093,train,1,11.8125,0.9999925887201281,1
features_1:2094,features_1.npy,2094,train,1,15.828125,0.9999998663611912,1
features_1:2095,features_1.npy,2095,train,0,-14.8359375,3.6044088997742283e-07,0
features_1:2097,features_1.npy,2097,train,0,-8.84375,0.0001442598644847886,0
features_1:2100,features_1.npy,2100,train,1,11.328125,0.9999879703609155,1
features_1:2101,features_1.npy,2101,train,1,12.8984375,0.9999974980496794,1
features_1:2102,features_1.npy,2102,train,1,14.1953125,0.9999993160036009,1
features_1:2103,features_1.npy,2103,train,0,-11.7734375,7.706509423672081e-06,0
features_1:2104,features_1.npy,2104,train,0,-11.015625,1.644249455985452e-05,0
features_1:2105,features_1.npy,2105,train,1,14.265625,0.999999362445222,1
features_1:2106,features_1.npy,2106,train,0,-13.46875,1.4144759985825913e-06,0
features_1:2107,features_1.npy,2107,train,1,12.1171875,0.999994535254272,1
features_1:2108,features_1.npy,2108,train,1,9.8984375,0.9999497493839742,1
features_1:2109,features_1.npy,2109,train,1,12.0078125,0.9999939036394523,1
features_1:2110,features_1.npy,2110,train,0,-10.9453125,1.7640200515540418e-05,0
features_1:2111,features_1.npy,2111,train,1,13.0625,0.9999978766215375,1
features_1:2112,features_1.npy,2112,train,0,-2.796875,0.05749327880038582,0
features_1:2114,features_1.npy,2114,train,0,-12.9296875,2.424973588494704e-06,0
features_1:2115,features_1.npy,2115,train,1,13.3125,0.9999983463104141,1
features_1:2117,features_1.npy,2117,train,1,16.84375,0.9999999515992267,1
features_1:2121,features_1.npy,2121,train,0,-11.4375,1.0783312222985276e-05,0
features_1:2123,features_1.npy,2123,train,0,-12.9765625,2.3139262198968824e-06,0
features_1:2124,features_1.npy,2124,train,1,13.40625,0.9999984942982746,1
features_1:2125,features_1.npy,2125,train,1,12.1796875,0.9999948663447785,1
features_1:2127,features_1.npy,2127,train,0,-14.9609375,3.1808798244186575e-07,0
features_1:2130,features_1.npy,2130,train,1,14.9765625,0.9999996868435131,1
features_1:2131,features_1.npy,2131,train,0,-13.6953125,1.1277189116747425e-06,0
features_1:2133,features_1.npy,2133,train,0,-12.9609375,2.3503651700538692e-06,0
features_1:2135,features_1.npy,2135,train,0,-13.5703125,1.2778727483806982e-06,0
features_1:2136,features_1.npy,2136,train,1,15.59375,0.9999998310647226,1
features_1:2137,features_1.npy,2137,train,1,16.84375,0.9999999515992267,1
features_1:2138,features_1.npy,2138,train,1,17.515625,0.9999999752793034,1
features_1:2141,features_1.npy,2141,train,0,-13.6796875,1.145477880120962e-06,0
features_1:2142,features_1.npy,2142,train,0,-14.1484375,7.168220480056344e-07,0
features_1:2143,features_1.npy,2143,train,1,15.484375,0.9999998115390829,1
features_1:2144,features_1.npy,2144,train,0,-11.5234375,9.895332314594341e-06,0
features_1:2145,features_1.npy,2145,train,0,-13.2265625,1.802088474403712e-06,0
features_1:2148,features_1.npy,2148,train,1,15.0,0.999999694097773,1
features_1:2149,features_1.npy,2149,train,1,13.7578125,0.9999989406060509,1
features_1:2150,features_1.npy,2150,train,0,-13.6015625,1.2385567858573118e-06,0
features_1:2152,features_1.npy,2152,train,0,-13.8359375,9.797793146436627e-07,0
features_1:2154,features_1.npy,2154,train,1,14.0546875,0.999999212725052,1
features_1:2156,features_1.npy,2156,train,1,17.625,0.9999999778405106,1
features_1:2157,features_1.npy,2157,train,0,-13.6484375,1.1818392082775557e-06,0
features_1:2158,features_1.npy,2158,train,0,-13.5859375,1.258061192651287e-06,0
features_1:2159,features_1.npy,2159,train,1,12.1875,0.9999949062949967,1
features_1:2160,features_1.npy,2160,train,1,13.8515625,0.999999035410741,1
features_1:2161,features_1.npy,2161,train,0,-12.234375,4.860448402299843e-06,0
features_1:2162,features_1.npy,2162,train,0,-13.921875,8.99096111274288e-07,0
features_1:2164,features_1.npy,2164,train,0,-15.7109375,1.5025414895214216e-07,0
features_1:2166,features_1.npy,2166,train,1,16.125,0.9999999006880668,1
features_1:2167,features_1.npy,2167,train,0,-16.328125,8.105603907476482e-08,0
features_1:2168,features_1.npy,2168,train,0,-13.1796875,1.888572342681621e-06,0
features_1:2171,features_1.npy,2171,train,1,18.15625,0.9999999869731082,1
features_1:2172,features_1.npy,2172,train,1,14.4140625,0.9999994503933792,1
features_1:2173,features_1.npy,2173,train,1,13.265625,0.9999982669483313,1
features_1:2176,features_1.npy,2176,train,0,-12.0,6.144174602214718e-06,0
features_1:2177,features_1.npy,2177,train,1,14.7734375,0.9999996163126788,1
features_1:2178,features_1.npy,2178,train,1,11.8828125,0.9999930919240836,1
features_1:2179,features_1.npy,2179,train,1,14.7109375,0.9999995915669827,1
features_1:2180,features_1.npy,2180,train,1,11.0390625,0.9999839383892987,1
features_1:2181,features_1.npy,2181,train,1,14.4765625,0.9999994836923439,1
features_1:2182,features_1.npy,2182,train,0,-15.234375,2.4198859451864557e-07,0
features_1:2183,features_1.npy,2183,train,0,-13.15625,1.9333584585546463e-06,0
features_1:2184,features_1.npy,2184,train,0,-13.078125,2.0904585994978245e-06,0
features_1:2186,features_1.npy,2186,train,1,14.8125,0.9999996310115038,1
features_1:2187,features_1.npy,2187,train,1,16.625,0.9999999397642653,1
features_1:2188,features_1.npy,2188,train,0,-14.5546875,4.775065415651166e-07,0
features_1:2189,features_1.npy,2189,train,0,-13.625,1.2098656835274182e-06,0
features_1:2190,features_1.npy,2190,train,0,-14.1171875,7.395764055512202e-07,0
features_1:2191,features_1.npy,2191,train,1,12.109375,0.999994492393976,1
features_1:2192,features_1.npy,2192,train,1,17.875,0.9999999827421723,1
features_1:2193,features_1.npy,2193,train,1,16.546875,0.9999999348696418,1
features_1:2194,features_1.npy,2194,train,1,13.265625,0.9999982669483313,1
features_1:2195,features_1.npy,2195,train,1,9.8046875,0.9999448107677009,1
features_1:2196,features_1.npy,2196,train,1,14.796875,0.9999996252007827,1
features_1:2198,features_1.npy,2198,train,1,14.078125,0.9999992309622424,1
features_1:2199,features_1.npy,2199,train,1,14.046875,0.999999206550383,1
features_1:2200,features_1.npy,2200,train,0,-15.859375,1.2952717535416477e-07,0
features_1:2201,features_1.npy,2201,train,1,16.234375,0.9999999109773575,1
features_1:2203,features_1.npy,2203,train,1,14.390625,0.9999994373598412,1
features_1:2205,features_1.npy,2205,train,1,12.4296875,0.9999960019007533,1
features_1:2206,features_1.npy,2206,train,1,13.9296875,0.9999991079007038,1
features_1:2207,features_1.npy,2207,train,0,-14.203125,6.786735003792342e-07,0
features_1:2209,features_1.npy,2209,train,0,-10.984375,1.696442651054333e-05,0
features_1:2210,features_1.npy,2210,train,0,-12.359375,4.289333109916098e-06,0
features_1:2211,features_1.npy,2211,train,1,14.765625,0.9999996133033829,1
features_1:2213,features_1.npy,2213,train,1,14.8984375,0.9999996613971122,1
features_1:2215,features_1.npy,2215,train,1,14.9375,0.9999996743687808,1
features_1:2218,features_1.npy,2218,train,0,-15.3046875,2.2555817577942478e-07,0
features_1:2220,features_1.npy,2220,train,1,17.75,0.9999999804443193,1
features_1:2221,features_1.npy,2221,train,1,15.3046875,0.9999997744418241,1
features_1:2222,features_1.npy,2222,train,0,-12.5078125,3.6976384544302e-06,0
features_1:2223,features_1.npy,2223,train,1,14.6484375,0.9999995652253278,1
features_1:2224,features_1.npy,2224,train,1,14.53125,0.9999995111697226,1
features_1:2225,features_1.npy,2225,train,1,13.84375,0.9999990278453811,1
features_1:2226,features_1.npy,2226,train,1,11.8671875,0.9999929831384805,1
features_1:2227,features_1.npy,2227,train,0,-11.8125,7.411279871974134e-06,0
features_1:2228,features_1.npy,2228,train,0,-12.0859375,5.638214400539606e-06,0
features_1:2230,features_1.npy,2230,train,0,-12.6171875,3.3145429585732693e-06,0
features_1:2231,features_1.npy,2231,train,1,14.390625,0.9999994373598412,1
features_1:2233,features_1.npy,2233,train,1,15.9296875,0.999999879267396,1
features_1:2234,features_1.npy,2234,train,0,-11.421875,1.0953122821495382e-05,0
features_1:2236,features_1.npy,2236,train,1,16.640625,0.9999999406981337,1
features_1:2237,features_1.npy,2237,train,0,-13.7890625,1.0267998574278455e-06,0
features_1:2238,features_1.npy,2238,train,0,-13.46875,1.4144759985825913e-06,0
features_1:2239,features_1.npy,2239,train,1,11.90625,0.9999932519484098,1
features_1:2243,features_1.npy,2243,train,1,12.6640625,0.9999968372405343,1
features_1:2244,features_1.npy,2244,train,1,13.5,0.999998629042793,1
features_1:2245,features_1.npy,2245,train,1,16.171875,0.9999999052358909,1
features_1:2249,features_1.npy,2249,train,1,15.1328125,0.99999973214305,1
features_1:2251,features_1.npy,2251,train,1,13.234375,0.9999982119354642,1
features_1:2254,features_1.npy,2254,train,1,14.515625,0.9999995034717698,1
features_1:2256,features_1.npy,2256,train,1,15.8125,0.9999998642566865,1
features_1:2258,features_1.npy,2258,train,0,-15.0234375,2.988160115886474e-07,0
features_1:2259,features_1.npy,2259,train,1,15.1015625,0.9999997236403602,1
features_1:2260,features_1.npy,2260,train,1,16.125,0.9999999006880668,1
features_1:2261,features_1.npy,2261,train,0,-12.6875,3.089494448007139e-06,0
features_1:2267,features_1.npy,2267,train,1,12.9375,0.9999975938976604,1
features_1:2270,features_1.npy,2270,train,0,-13.75,1.067702870044147e-06,0
features_1:2271,features_1.npy,2271,train,1,13.90625,0.999999086745198,1
features_1:2273,features_1.npy,2273,train,0,-13.953125,8.714338561413278e-07,0
features_1:2274,features_1.npy,2274,train,0,-12.953125,2.3687992688864682e-06,0
features_1:2278,features_1.npy,2278,train,0,-12.578125,3.4465788845184153e-06,0
features_1:2279,features_1.npy,2279,train,0,-13.1875,1.8738753836511972e-06,0
features_1:2280,features_1.npy,2280,train,0,-13.625,1.2098656835274182e-06,0
features_1:2281,features_1.npy,2281,train,1,16.421875,0.9999999261976361,1
features_1:2282,features_1.npy,2282,train,0,-11.3828125,1.138944066222051e-05,0
features_1:2283,features_1.npy,2283,train,0,-13.015625,2.225281295743531e-06,0
features_1:2284,features_1.npy,2284,train,1,11.828125,0.9999927036205339,1
features_1:2285,features_1.npy,2285,train,0,-15.0546875,2.896224120880587e-07,0
features_1:2286,features_1.npy,2286,train,0,-14.578125,4.664451196031272e-07,0
features_1:2287,features_1.npy,2287,train,1,13.78125,0.9999989651468597,1
features_1:2288,features_1.npy,2288,train,0,-14.203125,6.786735003792342e-07,0
features_1:2289,features_1.npy,2289,train,0,-14.3359375,5.942664231811158e-07,0
features_1:2291,features_1.npy,2291,train,1,13.6171875,0.999998780645234,1
features_1:2293,features_1.npy,2293,train,0,-16.0625,1.0571700198118314e-07,0
features_1:2295,features_1.npy,2295,train,1,15.5859375,0.9999998297397469,1
features_1:2296,features_1.npy,2296,train,1,10.7109375,0.9999777008010005,1
features_1:2297,features_1.npy,2297,train,1,14.78125,0.999999619298556,1
features_1:2298,features_1.npy,2298,train,0,-13.375,1.553497754595012e-06,0
features_1:2299,features_1.npy,2299,train,0,-12.796875,2.769405811082847e-06,0
features_1:2300,features_1.npy,2300,train,1,11.671875,0.9999914696787021,1
features_1:2303,features_1.npy,2303,train,1,12.09375,0.9999944056622865,1
features_1:2304,features_1.npy,2304,train,0,-13.7109375,1.110235269898378e-06,0
features_1:2305,features_1.npy,2305,train,1,12.828125,0.9999973157996194,1
features_1:2306,features_1.npy,2306,train,1,13.375,0.9999984465022453,1
features_1:2309,features_1.npy,2309,train,0,-14.5234375,4.926642188298564e-07,0
features_1:2312,features_1.npy,2312,train,0,-13.3984375,1.5175110724799553e-06,0
features_1:2315,features_1.npy,2315,train,1,11.75,0.9999921107374138,1
features_1:2316,features_1.npy,2316,train,1,13.5234375,0.9999986608009401,1
features_1:2317,features_1.npy,2317,train,0,-12.921875,2.4439928455892952e-06,0
features_1:2318,features_1.npy,2318,train,0,-15.0546875,2.896224120880587e-07,0
features_1:2320,features_1.npy,2320,train,1,11.859375,0.9999929281049428,1
features_1:2321,features_1.npy,2321,train,1,12.890625,0.9999974784266893,1
features_1:2323,features_1.npy,2323,train,1,12.1796875,0.9999948663447785,1
features_1:2324,features_1.npy,2324,train,1,11.2578125,0.9999870940925041,1
features_1:2325,features_1.npy,2325,train,1,13.0,0.999997739675702,1
features_1:2326,features_1.npy,2326,train,1,9.7109375,0.9999393868150438,1
features_1:2328,features_1.npy,2328,train,1,14.171875,0.9999992997831051,1
features_1:2329,features_1.npy,2329,train,0,-12.9921875,2.2780522007049483e-06,0
features_1:2330,features_1.npy,2330,train,1,14.734375,0.9999996010283196,1
features_1:2331,features_1.npy,2331,train,1,10.828125,0.9999801666329398,1
features_1:2332,features_1.npy,2332,train,1,10.2109375,0.9999632353681258,1
features_1:2334,features_1.npy,2334,train,0,-12.0,6.144174602214718e-06,0
features_1:2336,features_1.npy,2336,train,0,-13.140625,1.9638043643636485e-06,0
features_1:2337,features_1.npy,2337,train,1,16.640625,0.9999999406981337,1
features_1:2338,features_1.npy,2338,train,1,10.265625,0.9999651918780389,1
features_1:2340,features_1.npy,2340,train,0,-15.2578125,2.3638293608933388e-07,0
features_1:2341,features_1.npy,2341,train,0,-14.28125,6.276704134001712e-07,0
features_1:2342,features_1.npy,2342,train,0,-14.453125,5.28551532892397e-07,0
features_1:2343,features_1.npy,2343,train,1,12.703125,0.999996958403578,1
features_1:2344,features_1.npy,2344,train,1,12.671875,0.9999968618532465,1
features_1:2345,features_1.npy,2345,train,1,15.6796875,0.999999844976273,1
features_1:2346,features_1.npy,2346,train,1,13.8046875,0.9999989891191827,1
features_1:2347,features_1.npy,2347,train,0,-11.3359375,1.1936024807889659e-05,0
features_1:2348,features_1.npy,2348,train,1,13.859375,0.9999990429172271,1
features_1:2349,features_1.npy,2349,train,1,8.984375,0.9998746624857435,1
features_1:2354,features_1.npy,2354,train,0,-12.5703125,3.4736106438412514e-06,0
features_1:2355,features_1.npy,2355,train,1,15.7265625,0.9999998520753254,1
features_1:2356,features_1.npy,2356,train,1,12.765625,0.9999971426840629,1
features_1:2359,features_1.npy,2359,train,1,13.7734375,0.9999989570304144,1
features_1:2363,features_1.npy,2363,train,1,16.328125,0.9999999189439609,1
features_1:2366,features_1.npy,2366,train,0,-14.0546875,7.872749481037643e-07,0
features_1:2367,features_1.npy,2367,train,1,14.9609375,0.9999996819120175,1
features_1:2368,features_1.npy,2368,train,1,13.5859375,0.9999987419388074,1
features_1:2371,features_1.npy,2371,train,1,14.6953125,0.9999995851351011,1
features_1:2372,features_1.npy,2372,train,1,15.8046875,0.9999998631920387,1
features_1:2374,features_1.npy,2374,train,0,-13.25,1.7603432133424856e-06,0
features_1:2377,features_1.npy,2377,train,0,-12.578125,3.4465788845184153e-06,0
features_1:2379,features_1.npy,2379,train,0,-13.859375,9.570827729879867e-07,0
features_1:2381,features_1.npy,2381,train,1,13.1484375,0.9999980514780527,1
features_0:13,features_0.npy,13,validation,0,-14.828125,3.632678618877459e-07,0
features_0:14,features_0.npy,14,validation,0,8.03125,0.9996749641547633,1
features_0:16,features_0.npy,16,validation,0,-14.21875,6.681516500435412e-07,0
features_0:17,features_0.npy,17,validation,0,-12.59375,3.393144812976612e-06,0
features_0:20,features_0.npy,20,validation,0,-12.59375,3.393144812976612e-06,0
features_0:37,features_0.npy,37,validation,0,-13.8515625,9.645892589704654e-07,0
features_0:40,features_0.npy,40,validation,0,-13.171875,1.9033845709532617e-06,0
features_0:46,features_0.npy,46,validation,0,-13.1875,1.8738753836511972e-06,0
features_0:50,features_0.npy,50,validation,0,-14.390625,5.626401588368566e-07,0
features_0:53,features_0.npy,53,validation,0,-13.875,9.422445939071362e-07,0
features_0:95,features_0.npy,95,validation,0,-13.859375,9.570827729879867e-07,0
features_0:98,features_0.npy,98,validation,0,-13.7890625,1.0267998574278455e-06,0
features_0:103,features_0.npy,103,validation,0,-13.3125,1.6536895860212646e-06,0
features_0:116,features_0.npy,116,validation,0,-15.0078125,3.0352167763190903e-07,0
features_0:119,features_0.npy,119,validation,0,-13.515625,1.3497025141259855e-06,0
features_0:122,features_0.npy,122,validation,0,-14.078125,7.690377575985982e-07,0
features_0:130,features_0.npy,130,validation,0,-16.234375,8.902264253881654e-08,0
features_0:134,features_0.npy,134,validation,0,-13.625,1.2098656835274182e-06,0
features_0:143,features_0.npy,143,validation,0,-10.921875,1.8058518261159955e-05,0
features_0:146,features_0.npy,146,validation,0,-14.5546875,4.775065415651166e-07,0
features_0:149,features_0.npy,149,validation,0,-14.34375,5.896418079129241e-07,0
features_0:151,features_0.npy,151,validation,0,-14.3828125,5.670529977925504e-07,0
features_0:153,features_0.npy,153,validation,0,-7.7109375,0.00044770084688020684,0
features_0:154,features_0.npy,154,validation,0,-14.796875,3.7479921733703183e-07,0
features_0:157,features_0.npy,157,validation,0,-13.2578125,1.746644137700545e-06,0
features_0:160,features_0.npy,160,validation,0,-14.2265625,6.629520560984659e-07,0
features_0:180,features_0.npy,180,validation,0,-13.828125,9.8746381146111e-07,0
features_0:186,features_0.npy,186,validation,0,-12.859375,2.601616431687518e-06,0
features_0:187,features_0.npy,187,validation,0,-12.703125,3.041596421897927e-06,0
features_0:190,features_0.npy,190,validation,0,-14.171875,7.002168947755554e-07,0
features_0:201,features_0.npy,201,validation,0,-13.515625,1.3497025141259855e-06,0
features_0:206,features_0.npy,206,validation,0,-14.15625,7.112436985392046e-07,0
features_0:207,features_0.npy,207,validation,0,-14.0078125,8.25057030553458e-07,0
features_0:217,features_0.npy,217,validation,0,-14.4375,5.368750039367665e-07,0
features_0:225,features_0.npy,225,validation,0,-15.59375,1.6893527746855403e-07,0
features_0:230,features_0.npy,230,validation,0,-14.5859375,4.6281521656414265e-07,0
features_0:252,features_0.npy,252,validation,0,-15.421875,2.0061559942357704e-07,0
features_0:253,features_0.npy,253,validation,0,-15.609375,1.6631617918790998e-07,0
features_0:257,features_0.npy,257,validation,0,-14.5234375,4.926642188298564e-07,0
features_0:279,features_0.npy,279,validation,0,-12.8671875,2.581370544255233e-06,0
features_0:283,features_0.npy,283,validation,0,-10.5625,2.5867431081354405e-05,0
features_0:293,features_0.npy,293,validation,0,-11.359375,1.1659530314852966e-05,0
features_0:295,features_0.npy,295,validation,0,-12.8203125,2.7052527681166266e-06,0
features_0:301,features_0.npy,301,validation,0,-14.25,6.475947982049267e-07,0
features_0:313,features_0.npy,313,validation,0,-12.046875,5.862814011886352e-06,0
features_0:320,features_0.npy,320,validation,0,-15.1796875,2.555908902849402e-07,0
features_0:335,features_0.npy,335,validation,0,-13.7734375,1.0429695854949174e-06,0
features_0:337,features_0.npy,337,validation,0,-13.1796875,1.888572342681621e-06,0
features_0:340,features_0.npy,340,validation,0,-14.7890625,3.777388029211108e-07,0
features_0:343,features_0.npy,343,validation,0,-15.640625,1.6119916912490313e-07,0
features_0:356,features_0.npy,356,validation,0,-13.5078125,1.3602883477442573e-06,0
features_0:369,features_0.npy,369,validation,0,-12.65625,3.1875652166284775e-06,0
features_0:385,features_0.npy,385,validation,0,-14.84375,3.576359177212449e-07,0
features_0:392,features_0.npy,392,validation,0,-13.734375,1.0845167254638428e-06,0
features_0:397,features_0.npy,397,validation,0,-15.2421875,2.401054247879439e-07,0
features_0:401,features_0.npy,401,validation,0,-12.1640625,5.2144981064769044e-06,0
features_0:402,features_0.npy,402,validation,0,-13.6953125,1.1277189116747425e-06,0
features_0:407,features_0.npy,407,validation,0,-15.15625,2.6165205199192004e-07,0
features_0:431,features_0.npy,431,validation,0,-14.3125,6.083590367132095e-07,0
features_0:443,features_0.npy,443,validation,0,-13.6640625,1.163516510981332e-06,0
features_0:452,features_0.npy,452,validation,0,-10.8046875,2.0303692256510018e-05,0
features_0:455,features_0.npy,455,validation,0,-14.2265625,6.629520560984659e-07,0
features_0:469,features_0.npy,469,validation,0,-14.203125,6.786735003792342e-07,0
features_0:473,features_0.npy,473,validation,0,-13.40625,1.5057017254045332e-06,0
features_0:487,features_0.npy,487,validation,0,-14.296875,6.179392916194265e-07,0
features_0:488,features_0.npy,488,validation,0,-8.59375,0.0001852257432653108,0
features_0:489,features_0.npy,489,validation,0,-12.4375,3.966985914946731e-06,0
features_0:502,features_0.npy,502,validation,0,-13.3515625,1.5903378336002657e-06,0
features_0:510,features_0.npy,510,validation,0,-14.1328125,7.281103445070069e-07,0
features_0:511,features_0.npy,511,validation,0,-14.3125,6.083590367132095e-07,0
features_0:512,features_0.npy,512,validation,0,-12.0234375,6.001845805092573e-06,0
features_0:515,features_0.npy,515,validation,0,-12.375,4.222833444659923e-06,0
features_0:517,features_0.npy,517,validation,0,-14.984375,3.107194845544514e-07,0
features_0:520,features_0.npy,520,validation,0,-13.2265625,1.802088474403712e-06,0
features_0:524,features_0.npy,524,validation,0,-9.34375,8.750299760661308e-05,0
features_0:540,features_0.npy,540,validation,0,-10.515625,2.7108801365572047e-05,0
features_0:550,features_0.npy,550,validation,0,-4.671875,0.009268013380914326,0
features_0:562,features_0.npy,562,validation,0,-14.25,6.475947982049267e-07,0
features_0:564,features_0.npy,564,validation,0,-14.5859375,4.6281521656414265e-07,0
features_0:586,features_0.npy,586,validation,0,-14.28125,6.276704134001712e-07,0
features_0:633,features_0.npy,633,validation,0,-15.625,1.63737686249047e-07,0
features_0:641,features_0.npy,641,validation,0,-14.8046875,3.7188250777237626e-07,0
features_0:653,features_0.npy,653,validation,0,-2.09375,0.10970577387797076,0
features_0:656,features_0.npy,656,validation,0,-13.5,1.3709572068578448e-06,0
features_0:659,features_0.npy,659,validation,0,-3.6953125,0.02423763471263024,0
features_0:663,features_0.npy,663,validation,0,-11.046875,1.5936620247162785e-05,0
features_0:684,features_0.npy,684,validation,0,-6.40625,0.0016484829418512883,0
features_0:685,features_0.npy,685,validation,0,-12.453125,3.905483739112383e-06,0
features_0:686,features_0.npy,686,validation,0,-8.421875,0.0002199533724320648,0
features_0:689,features_0.npy,689,validation,0,-11.078125,1.5446309562386383e-05,0
features_0:690,features_0.npy,690,validation,0,0.83203125,0.6967842555726225,0
features_0:696,features_0.npy,696,validation,0,-14.4140625,5.496066207586304e-07,0
features_0:698,features_0.npy,698,validation,0,-7.140625,0.0007916296072837432,0
features_0:702,features_0.npy,702,validation,0,-4.984375,0.006797531550373377,0
features_0:725,features_0.npy,725,validation,0,-13.90625,9.132548018955539e-07,0
features_0:740,features_0.npy,740,validation,0,-9.875,5.144221374220898e-05,0
features_0:748,features_0.npy,748,validation,0,-13.2265625,1.802088474403712e-06,0
features_0:749,features_0.npy,749,validation,0,-13.7265625,1.0930226862664561e-06,0
features_0:763,features_0.npy,763,validation,0,-11.578125,9.368717268777097e-06,0
features_0:769,features_0.npy,769,validation,0,-12.328125,4.4254905561573985e-06,0
features_0:773,features_0.npy,773,validation,0,-12.9765625,2.3139262198968824e-06,0
features_0:776,features_0.npy,776,validation,0,-13.7421875,1.0760769584303332e-06,0
features_0:779,features_0.npy,779,validation,0,11.5,0.9999898700090192,1
features_0:790,features_0.npy,790,validation,0,-12.9453125,2.387377947460474e-06,0
features_0:795,features_0.npy,795,validation,0,-7.51171875,0.0005463420892147277,0
features_0:801,features_0.npy,801,validation,0,-13.5234375,1.3391990598969875e-06,0
features_0:804,features_0.npy,804,validation,0,-13.28125,1.7061832388634165e-06,0
features_0:805,features_0.npy,805,validation,0,-13.3359375,1.6153819699022721e-06,0
features_0:821,features_0.npy,821,validation,0,-13.4609375,1.4255698555205716e-06,0
features_0:822,features_0.npy,822,validation,0,-15.1015625,2.7635963989379677e-07,0
features_0:827,features_0.npy,827,validation,0,-6.75,0.0011695102650555148,0
features_0:830,features_0.npy,830,validation,0,-9.671875,6.302758756443266e-05,0
features_0:831,features_0.npy,831,validation,0,-13.7734375,1.0429695854949174e-06,0
features_0:835,features_0.npy,835,validation,0,-5.390625,0.0045384317247953825,0
features_0:837,features_0.npy,837,validation,0,-14.2734375,6.325932903518992e-07,0
features_0:853,features_0.npy,853,validation,0,-10.7421875,2.1613139600748423e-05,0
features_0:854,features_0.npy,854,validation,0,-10.6796875,2.3007035274670075e-05,0
features_0:860,features_0.npy,860,validation,0,-11.8125,7.411279871974134e-06,0
features_0:866,features_0.npy,866,validation,0,-11.4296875,1.0867885869810899e-05,0
features_0:871,features_0.npy,871,validation,0,-15.1484375,2.6370421392879534e-07,0
features_0:877,features_0.npy,877,validation,0,-0.492431640625,0.3793209027986547,0
features_0:883,features_0.npy,883,validation,0,-12.765625,2.857315937086711e-06,0
features_0:891,features_0.npy,891,validation,0,-14.2109375,6.733920248546524e-07,0
features_0:896,features_0.npy,896,validation,0,-12.4765625,3.815013650883844e-06,0
features_0:897,features_0.npy,897,validation,0,-8.2109375,0.0002715921327471337,0
features_0:913,features_0.npy,913,validation,0,-14.8203125,3.6611700599738954e-07,0
features_0:927,features_0.npy,927,validation,0,-12.9296875,2.424973588494704e-06,0
features_0:951,features_0.npy,951,validation,0,-13.1171875,2.010374549181558e-06,0
features_0:954,features_0.npy,954,validation,0,-11.4609375,1.0533519695606354e-05,0
features_0:955,features_0.npy,955,validation,0,-16.109375,1.0087586848507645e-07,0
features_0:960,features_0.npy,960,validation,0,7.87109375,0.9996185288352377,1
features_0:961,features_0.npy,961,validation,0,-13.0546875,2.1400322904809113e-06,0
features_0:971,features_0.npy,971,validation,0,-16.828125,4.91629744216681e-08,0
features_0:972,features_0.npy,972,validation,0,6.9609375,0.9990526910317417,1
features_0:975,features_0.npy,975,validation,0,-11.390625,1.1300808333434095e-05,0
features_0:995,features_0.npy,995,validation,0,-14.90625,3.359678601183963e-07,0
features_0:996,features_0.npy,996,validation,0,-12.71875,2.9944409813715146e-06,0
features_0:1002,features_0.npy,1002,validation,0,-1.7109375,0.15304215724489628,0
features_0:1011,features_0.npy,1011,validation,0,-12.9765625,2.3139262198968824e-06,0
features_0:1012,features_0.npy,1012,validation,0,-14.4765625,5.163076561419487e-07,0
features_0:1014,features_0.npy,1014,validation,0,0.64990234375,0.6569884557233275,0
features_0:1016,features_0.npy,1016,validation,0,-5.99609375,0.0024822767076302155,0
features_0:1017,features_0.npy,1017,validation,0,-14.703125,4.1163639583673567e-07,0
features_0:1019,features_0.npy,1019,validation,0,-7.17578125,0.0007643033095615912,0
features_0:1025,features_0.npy,1025,validation,0,-15.96875,1.1610741114742279e-07,0
features_0:1028,features_0.npy,1028,validation,0,-15.5546875,1.7566489268967335e-07,0
features_0:1038,features_0.npy,1038,validation,0,-12.015625,6.048918580418918e-06,0
features_0:1039,features_0.npy,1039,validation,0,-10.484375,2.7969303025826768e-05,0
features_0:1051,features_0.npy,1051,validation,0,4.66015625,0.9906237625491514,1
features_0:1056,features_0.npy,1056,validation,0,-13.984375,8.446226776654008e-07,0
features_0:1059,features_0.npy,1059,validation,0,-10.4609375,2.863255694172923e-05,0
features_0:1062,features_0.npy,1062,validation,0,-11.359375,1.1659530314852966e-05,0
features_0:1069,features_0.npy,1069,validation,0,-11.3046875,1.2314910241288333e-05,0
features_0:1070,features_0.npy,1070,validation,0,-11.8203125,7.353605258559275e-06,0
features_0:1072,features_0.npy,1072,validation,0,-13.1015625,2.042033277083851e-06,0
features_0:1077,features_0.npy,1077,validation,0,-13.296875,1.6797313639715e-06,0
features_0:1081,features_0.npy,1081,validation,0,7.91015625,0.99963313740476,1
features_0:1086,features_0.npy,1086,validation,0,-7.765625,0.0004238847419937498,0
features_0:1095,features_0.npy,1095,validation,0,-13.453125,1.4367507224078596e-06,0
features_0:1099,features_0.npy,1099,validation,0,-13.0546875,2.1400322904809113e-06,0
features_0:1109,features_0.npy,1109,validation,0,-7.859375,0.0003859660905807735,0
features_0:1115,features_0.npy,1115,validation,0,-13.6015625,1.2385567858573118e-06,0
features_0:1119,features_0.npy,1119,validation,0,-13.4609375,1.4255698555205716e-06,0
features_0:1122,features_0.npy,1122,validation,0,-12.390625,4.157364752513334e-06,0
features_0:1123,features_0.npy,1123,validation,0,-11.71875,8.139692624947503e-06,0
features_0:1127,features_0.npy,1127,validation,0,1.2041015625,0.7692536249190332,0
features_0:1129,features_0.npy,1129,validation,0,-16.28125,8.494599927902554e-08,0
features_0:1136,features_0.npy,1136,validation,0,14.4375,0.999999463124996,1
features_0:1141,features_0.npy,1141,validation,0,-13.7578125,1.059393949192178e-06,0
features_0:1143,features_0.npy,1143,validation,0,-14.7109375,4.084330172983694e-07,0
features_0:1152,features_0.npy,1152,validation,0,-12.9921875,2.2780522007049483e-06,0
features_0:1153,features_0.npy,1153,validation,0,-9.90625,4.98595821272702e-05,0
features_0:1166,features_0.npy,1166,validation,0,-13.5859375,1.258061192651287e-06,0
features_0:1183,features_0.npy,1183,validation,0,-6.23828125,0.0019494021275301956,0
features_0:1184,features_0.npy,1184,validation,0,4.046875,0.9828232909876817,1
features_0:1186,features_0.npy,1186,validation,0,-5.37109375,0.004627530047867153,0
features_0:1194,features_0.npy,1194,validation,0,-14.9453125,3.230971376758428e-07,0
features_0:1195,features_0.npy,1195,validation,0,-5.12109375,0.00593406683938367,0
features_0:1207,features_0.npy,1207,validation,0,-15.4765625,1.8993903400418988e-07,0
features_0:1215,features_0.npy,1215,validation,0,-11.25,1.3007128466476033e-05,0
features_0:1216,features_0.npy,1216,validation,0,-14.9140625,3.333533383599409e-07,0
features_0:1218,features_0.npy,1218,validation,0,-10.1953125,3.734356896287336e-05,0
features_0:1219,features_0.npy,1219,validation,0,-5.51953125,0.003991728369413719,0
features_0:1241,features_0.npy,1241,validation,0,-13.046875,2.1568167355590406e-06,0
features_0:1257,features_0.npy,1257,validation,0,-6.16015625,0.002107472437884964,0
features_0:1264,features_0.npy,1264,validation,0,-13.8046875,1.0108808172476437e-06,0
features_0:1266,features_0.npy,1266,validation,0,-14.0859375,7.630530628554053e-07,0
features_0:1279,features_0.npy,1279,validation,0,-15.015625,3.0115965390856956e-07,0
features_0:1283,features_0.npy,1283,validation,0,-14.4296875,5.410857645019709e-07,0
features_0:1291,features_0.npy,1291,validation,0,-8.8046875,0.00015000566214994787,0
features_0:1294,features_0.npy,1294,validation,0,2.88671875,0.947185978662759,1
features_0:1300,features_0.npy,1300,validation,0,-15.8984375,1.2456506780870347e-07,0
features_0:1306,features_0.npy,1306,validation,0,-12.4765625,3.815013650883844e-06,0
features_0:1327,features_0.npy,1327,validation,0,-9.7734375,5.694102683483241e-05,0
features_0:1332,features_0.npy,1332,validation,0,-12.546875,3.555984653480867e-06,0
features_0:1337,features_0.npy,1337,validation,0,-12.984375,2.2959191445352874e-06,0
features_0:1356,features_0.npy,1356,validation,0,-15.2578125,2.3638293608933388e-07,0
features_0:1367,features_0.npy,1367,validation,0,12.6171875,0.9999966854570413,1
features_0:1371,features_0.npy,1371,validation,0,-10.265625,3.4808121961114686e-05,0
features_0:1377,features_0.npy,1377,validation,0,-14.0546875,7.872749481037643e-07,0
features_0:1378,features_0.npy,1378,validation,0,-14.0390625,7.99672714649937e-07,0
features_0:1394,features_0.npy,1394,validation,0,-10.6015625,2.4876490010363496e-05,0
features_0:1402,features_0.npy,1402,validation,0,-12.2265625,4.8985691848478e-06,0
features_0:1408,features_0.npy,1408,validation,0,-13.859375,9.570827729879867e-07,0
features_0:1410,features_0.npy,1410,validation,0,-13.9765625,8.512471297900501e-07,0
features_0:1411,features_0.npy,1411,validation,0,-13.0625,2.123378462433771e-06,0
features_0:1412,features_0.npy,1412,validation,0,-11.609375,9.08047475871381e-06,0
features_0:1413,features_0.npy,1413,validation,0,0.60595703125,0.6470179955594701,0
features_0:1416,features_0.npy,1416,validation,0,-12.1171875,5.464745728073471e-06,0
features_0:1420,features_0.npy,1420,validation,0,-13.375,1.553497754595012e-06,0
features_0:1425,features_0.npy,1425,validation,0,-15.3515625,2.1522911711569165e-07,0
features_0:1426,features_0.npy,1426,validation,0,-12.296875,4.5659700648367735e-06,0
features_0:1427,features_0.npy,1427,validation,0,-11.015625,1.644249455985452e-05,0
features_0:1430,features_0.npy,1430,validation,0,-13.3828125,1.5414083577909065e-06,0
features_0:1434,features_0.npy,1434,validation,0,-14.8125,3.6898849620481354e-07,0
features_0:1437,features_0.npy,1437,validation,0,-11.078125,1.5446309562386383e-05,0
features_0:1445,features_0.npy,1445,validation,0,-11.9453125,6.489539470933777e-06,0
features_0:1447,features_0.npy,1447,validation,0,-10.8984375,1.848675576370609e-05,0
features_0:1460,features_0.npy,1460,validation,0,-11.984375,6.240930669504434e-06,0
features_0:1468,features_0.npy,1468,validation,0,-11.109375,1.4971083692627421e-05,0
features_0:1478,features_0.npy,1478,validation,0,-9.671875,6.302758756443266e-05,0
features_0:1480,features_0.npy,1480,validation,0,-11.4140625,1.1039028280175275e-05,0
features_0:1482,features_0.npy,1482,validation,0,-7.87109375,0.00038147116476235765,0
features_0:1484,features_0.npy,1484,validation,0,-10.3515625,3.1941819764587e-05,0
features_0:1494,features_0.npy,1494,validation,0,-12.5234375,3.640312092407325e-06,0
features_0:1499,features_0.npy,1499,validation,0,-14.6640625,4.2803411866525106e-07,0
features_0:1502,features_0.npy,1502,validation,0,-13.3046875,1.6666596125770648e-06,0
features_0:1503,features_0.npy,1503,validation,0,-11.59375,9.223470110117277e-06,0
features_0:1512,features_0.npy,1512,validation,0,-14.7734375,3.8368732122902404e-07,0
features_0:1515,features_0.npy,1515,validation,0,-8.1171875,0.0002982776415551503,0
features_0:1522,features_0.npy,1522,validation,0,-13.5703125,1.2778727483806982e-06,0
features_0:1523,features_0.npy,1523,validation,0,-13.1484375,1.9485219473335507e-06,0
features_0:1527,features_0.npy,1527,validation,0,-15.53125,1.7983066482170178e-07,0
features_0:1546,features_0.npy,1546,validation,0,9.6875,0.9999379495039771,1
features_0:1548,features_0.npy,1548,validation,0,-14.1015625,7.512230305142099e-07,0
features_0:1550,features_0.npy,1550,validation,0,-14.609375,4.520941184666502e-07,0
features_0:1552,features_0.npy,1552,validation,0,-13.828125,9.8746381146111e-07,0
features_0:1556,features_0.npy,1556,validation,0,-16.765625,5.233371368984959e-08,0
features_0:1561,features_0.npy,1561,validation,0,-14.65625,4.313912304173898e-07,0
features_0:1566,features_0.npy,1566,validation,0,-11.390625,1.1300808333434095e-05,0
features_0:1576,features_0.npy,1576,validation,0,-13.5546875,1.2979962899127484e-06,0
features_0:1589,features_0.npy,1589,validation,0,-10.8359375,1.9679025610662346e-05,0
features_0:1607,features_0.npy,1607,validation,0,-14.125,7.338209805254081e-07,0
features_0:1608,features_0.npy,1608,validation,0,-11.2890625,1.2508839433179866e-05,0
features_0:1610,features_0.npy,1610,validation,0,-13.2578125,1.746644137700545e-06,0
features_0:1613,features_0.npy,1613,validation,0,-9.6015625,6.761842041375471e-05,0
features_0:1627,features_0.npy,1627,validation,0,-11.21875,1.342001350478341e-05,0
features_0:1646,features_0.npy,1646,validation,0,-10.9453125,1.7640200515540418e-05,0
features_1:1,features_1.npy,1,validation,1,13.765625,0.9999989488503112,1
features_1:9,features_1.npy,9,validation,1,10.0078125,0.9999549554044008,1
features_1:20,features_1.npy,20,validation,1,14.8828125,0.9999996560648944,1
features_1:27,features_1.npy,27,validation,1,12.609375,0.9999966594608457,1
features_1:28,features_1.npy,28,validation,1,13.8984375,0.9999990795824586,1
features_1:41,features_1.npy,41,validation,1,13.1640625,0.9999980816870275,1
features_1:50,features_1.npy,50,validation,1,9.875,0.9999485577862579,1
features_1:54,features_1.npy,54,validation,1,12.3984375,0.9999958749879833,1
features_1:57,features_1.npy,57,validation,1,12.015625,0.9999939510814195,1
features_1:66,features_1.npy,66,validation,1,14.0078125,0.9999991749429694,1
features_1:71,features_1.npy,71,validation,1,13.7734375,0.9999989570304144,1
features_1:83,features_1.npy,83,validation,1,12.0703125,0.9999942729971506,1
features_1:85,features_1.npy,85,validation,1,13.171875,0.9999980966154292,1
features_1:89,features_1.npy,89,validation,1,11.6953125,0.9999916672817356,1
features_1:94,features_1.npy,94,validation,1,13.0390625,0.9999978262671778,1
features_1:101,features_1.npy,101,validation,1,13.0859375,0.9999979258094446,1
features_1:105,features_1.npy,105,validation,1,13.1953125,0.9999981407072032,1
features_1:110,features_1.npy,110,validation,1,12.3203125,0.999995539800046,1
features_1:113,features_1.npy,113,validation,1,14.4140625,0.9999994503933792,1
features_1:115,features_1.npy,115,validation,1,12.625,0.9999967112509346,1
features_1:116,features_1.npy,116,validation,1,13.078125,0.9999979095414004,1
features_1:125,features_1.npy,125,validation,1,12.9921875,0.9999977219477992,1
features_1:127,features_1.npy,127,validation,1,10.09375,0.999958664602231,1
features_1:129,features_1.npy,129,validation,1,14.6796875,0.9999995786019323,1
features_1:140,features_1.npy,140,validation,1,14.8984375,0.9999996613971122,1
features_1:145,features_1.npy,145,validation,1,12.6484375,0.99999678743448,1
features_1:163,features_1.npy,163,validation,1,13.40625,0.9999984942982746,1
features_1:197,features_1.npy,197,validation,1,14.0,0.9999991684719722,1
features_1:213,features_1.npy,213,validation,1,13.2578125,0.9999982533558623,1
features_1:236,features_1.npy,236,validation,1,14.828125,0.9999996367321381,1
features_1:241,features_1.npy,241,validation,1,13.2421875,0.9999982258502681,1
features_1:243,features_1.npy,243,validation,1,14.1953125,0.9999993160036009,1
features_1:250,features_1.npy,250,validation,1,13.953125,0.9999991285661438,1
features_1:260,features_1.npy,260,validation,1,16.796875,0.9999999492764252,1
features_1:265,features_1.npy,265,validation,1,13.234375,0.9999982119354642,1
features_1:273,features_1.npy,273,validation,1,14.28125,0.9999993723295867,1
features_1:275,features_1.npy,275,validation,1,12.4609375,0.9999961249088587,1
features_1:286,features_1.npy,286,validation,1,12.5546875,0.999996471688141,1
features_1:290,features_1.npy,290,validation,1,11.8046875,0.9999925305931738,1
features_1:297,features_1.npy,297,validation,1,14.8671875,0.9999996506487064,1
features_1:300,features_1.npy,300,validation,1,13.484375,0.9999986074533888,1
features_1:301,features_1.npy,301,validation,1,16.21875,0.999999909575455,1
features_1:302,features_1.npy,302,validation,1,15.15625,0.9999997383479481,1
features_1:303,features_1.npy,303,validation,1,13.484375,0.9999986074533888,1
features_1:304,features_1.npy,304,validation,1,13.921875,0.9999991009038888,1
features_1:307,features_1.npy,307,validation,1,14.0078125,0.9999991749429694,1
features_1:310,features_1.npy,310,validation,1,15.1171875,0.9999997279249181,1
features_1:323,features_1.npy,323,validation,1,14.8125,0.9999996310115038,1
features_1:335,features_1.npy,335,validation,1,11.65625,0.9999913353468521,1
features_1:337,features_1.npy,337,validation,1,13.3671875,0.9999984343180306,1
features_1:344,features_1.npy,344,validation,1,17.375,0.9999999715466527,1
features_1:347,features_1.npy,347,validation,1,9.5546875,0.9999291367337926,1
features_1:349,features_1.npy,349,validation,1,13.4765625,0.9999985965315255,1
features_1:353,features_1.npy,353,validation,1,13.1953125,0.9999981407072032,1
features_1:363,features_1.npy,363,validation,1,13.8125,0.9999989969859118,1
features_1:374,features_1.npy,374,validation,1,13.7734375,0.9999989570304144,1
features_1:377,features_1.npy,377,validation,1,13.546875,0.9999986918234123,1
features_1:403,features_1.npy,403,validation,1,12.0859375,0.9999943617855995,1
features_1:405,features_1.npy,405,validation,1,14.0546875,0.999999212725052,1
features_1:426,features_1.npy,426,validation,1,13.796875,0.9999989811907543,1
features_1:427,features_1.npy,427,validation,1,14.1015625,0.9999992487769694,1
features_1:440,features_1.npy,440,validation,1,13.546875,0.9999986918234123,1
features_1:448,features_1.npy,448,validation,1,13.171875,0.9999980966154292,1
features_1:453,features_1.npy,453,validation,1,15.953125,0.9999998820641635,1
features_1:455,features_1.npy,455,validation,1,15.0546875,0.999999710377588,1
features_1:458,features_1.npy,458,validation,1,11.484375,0.9999897104865146,1
features_1:473,features_1.npy,473,validation,1,13.7578125,0.9999989406060509,1
features_1:477,features_1.npy,477,validation,1,14.6875,0.9999995818812769,1
features_1:481,features_1.npy,481,validation,1,12.765625,0.9999971426840629,1
features_1:488,features_1.npy,488,validation,1,9.234375,0.9999023843393975,1
features_1:493,features_1.npy,493,validation,1,16.09375,0.9999998975355678,1
features_1:497,features_1.npy,497,validation,1,15.765625,0.9999998577422298,1
features_1:508,features_1.npy,508,validation,1,13.7109375,0.9999988897647301,1
features_1:514,features_1.npy,514,validation,1,9.96875,0.9999531611157506,1
features_1:516,features_1.npy,516,validation,1,13.625,0.9999987901343165,1
features_1:519,features_1.npy,519,validation,1,10.8046875,0.9999796963077434,1
features_1:526,features_1.npy,526,validation,1,14.890625,0.9999996587414178,1
features_1:529,features_1.npy,529,validation,1,14.0078125,0.9999991749429694,1
features_1:548,features_1.npy,548,validation,1,12.1484375,0.9999947033859318,1
features_1:552,features_1.npy,552,validation,1,13.09375,0.9999979419508905,1
features_1:558,features_1.npy,558,validation,1,13.1953125,0.9999981407072032,1
features_1:569,features_1.npy,569,validation,1,12.4140625,0.9999959389401071,1
features_1:574,features_1.npy,574,validation,1,13.078125,0.9999979095414004,1
features_1:575,features_1.npy,575,validation,1,13.1328125,0.9999980207933576,1
features_1:580,features_1.npy,580,validation,1,13.21875,0.9999981837775962,1
features_1:583,features_1.npy,583,validation,1,13.40625,0.9999984942982746,1
features_1:589,features_1.npy,589,validation,1,14.140625,0.9999992775558509,1
features_1:606,features_1.npy,606,validation,1,13.875,0.9999990577554062,1
features_1:607,features_1.npy,607,validation,1,14.21875,0.9999993318483499,1
features_1:619,features_1.npy,619,validation,1,13.2734375,0.999998280435023,1
features_1:628,features_1.npy,628,validation,1,11.53125,0.9999901816730163,1
features_1:632,features_1.npy,632,validation,1,14.9140625,0.9999996666466616,1
features_1:636,features_1.npy,636,validation,1,5.578125,0.9962345862153261,1
features_1:647,features_1.npy,647,validation,1,12.7265625,0.9999970288618739,1
features_1:656,features_1.npy,656,validation,1,13.8046875,0.9999989891191827,1
features_1:661,features_1.npy,661,validation,1,13.828125,0.9999990125361885,1
features_1:663,features_1.npy,663,validation,1,13.8515625,0.999999035410741,1
features_1:664,features_1.npy,664,validation,1,16.234375,0.9999999109773575,1
features_1:669,features_1.npy,669,validation,1,11.796875,0.9999924720103309,1
features_1:677,features_1.npy,677,validation,1,15.0625,0.9999997126314468,1
features_1:681,features_1.npy,681,validation,1,13.984375,0.9999991553773224,1
features_1:684,features_1.npy,684,validation,1,13.2578125,0.9999982533558623,1
features_1:687,features_1.npy,687,validation,1,12.9765625,0.9999976860737801,1
features_1:694,features_1.npy,694,validation,1,15.0625,0.9999997126314468,1
features_1:703,features_1.npy,703,validation,1,13.3203125,0.9999983591795074,1
features_1:713,features_1.npy,713,validation,1,16.984375,0.9999999579486794,1
features_1:719,features_1.npy,719,validation,1,13.7890625,0.9999989732001424,1
features_1:725,features_1.npy,725,validation,1,12.2890625,0.9999953982187529,1
features_1:726,features_1.npy,726,validation,1,11.578125,0.9999906312827312,1
features_1:735,features_1.npy,735,validation,1,14.765625,0.9999996133033829,1
features_1:737,features_1.npy,737,validation,1,8.46875,0.9997901169117969,1
features_1:748,features_1.npy,748,validation,1,14.2421875,0.9999993473260561,1
features_1:750,features_1.npy,750,validation,1,-1.6142578125,0.16599831119805178,0
features_1:754,features_1.npy,754,validation,1,11.6640625,0.9999914027751382,1
features_1:760,features_1.npy,760,validation,1,13.3828125,0.9999984585916423,1
features_1:769,features_1.npy,769,validation,1,9.4609375,0.9999221724697843,1
features_1:775,features_1.npy,775,validation,1,15.46875,0.999999808571256,1
features_1:778,features_1.npy,778,validation,1,8.9453125,0.9998696702575076,1
features_1:782,features_1.npy,782,validation,1,13.34375,0.9999983971890123,1
features_1:783,features_1.npy,783,validation,1,14.1015625,0.9999992487769694,1
features_1:786,features_1.npy,786,validation,1,12.40625,0.99999590708895,1
features_1:788,features_1.npy,788,validation,1,13.953125,0.9999991285661438,1
features_1:791,features_1.npy,791,validation,1,13.8515625,0.999999035410741,1
features_1:792,features_1.npy,792,validation,1,15.3515625,0.9999997847708829,1
features_1:793,features_1.npy,793,validation,1,13.859375,0.9999990429172271,1
features_1:804,features_1.npy,804,validation,1,14.7421875,0.9999996041331407,1
features_1:808,features_1.npy,808,validation,1,13.6484375,0.9999988181607918,1
features_1:813,features_1.npy,813,validation,1,13.375,0.9999984465022453,1
features_1:821,features_1.npy,821,validation,1,14.3671875,0.9999994240172219,1
features_1:834,features_1.npy,834,validation,1,14.765625,0.9999996133033829,1
features_1:837,features_1.npy,837,validation,1,13.0,0.999997739675702,1
features_1:845,features_1.npy,845,validation,1,16.484375,0.9999999306690949,1
features_1:861,features_1.npy,861,validation,1,12.015625,0.9999939510814195,1
features_1:868,features_1.npy,868,validation,1,13.1796875,0.9999981114276573,1
features_1:886,features_1.npy,886,validation,1,10.96875,0.999982768427248,1
features_1:891,features_1.npy,891,validation,1,15.921875,0.9999998783204785,1
features_1:898,features_1.npy,898,validation,1,13.609375,0.9999987710817276,1
features_1:901,features_1.npy,901,validation,1,17.421875,0.9999999728496264,1
features_1:902,features_1.npy,902,validation,1,15.046875,0.9999997081060518,1
features_1:906,features_1.npy,906,validation,1,14.96875,0.9999996843873972,1
features_1:908,features_1.npy,908,validation,1,16.140625,0.9999999022277555,1
features_1:911,features_1.npy,911,validation,1,11.59375,0.9999907765298898,1
features_1:920,features_1.npy,920,validation,1,13.5234375,0.9999986608009401,1
features_1:939,features_1.npy,939,validation,1,17.53125,0.9999999756625623,1
features_1:947,features_1.npy,947,validation,1,15.9765625,0.9999998847961438,1
features_1:955,features_1.npy,955,validation,1,-8.0390625,0.0003225072119868323,0
features_1:959,features_1.npy,959,validation,1,17.359375,0.9999999710985779,1
features_1:961,features_1.npy,961,validation,1,1.587890625,0.8303191217824987,1
features_1:963,features_1.npy,963,validation,1,13.5859375,0.9999987419388074,1
features_1:970,features_1.npy,970,validation,1,13.0234375,0.9999977920359425,1
features_1:973,features_1.npy,973,validation,1,16.859375,0.9999999523496113,1
features_1:979,features_1.npy,979,validation,1,14.4765625,0.9999994836923439,1
features_1:984,features_1.npy,984,validation,1,13.9453125,0.9999991217314095,1
features_1:986,features_1.npy,986,validation,1,12.9765625,0.9999976860737801,1
features_1:992,features_1.npy,992,validation,1,17.421875,0.9999999728496264,1
features_1:1007,features_1.npy,1007,validation,1,12.515625,0.9999963311366906,1
features_1:1008,features_1.npy,1008,validation,1,12.9375,0.9999975938976604,1
features_1:1012,features_1.npy,1012,validation,1,13.359375,0.9999984220382541,1
features_1:1026,features_1.npy,1026,validation,1,12.65625,0.9999968124347834,1
features_1:1030,features_1.npy,1030,validation,1,10.7265625,0.9999780465104471,1
features_1:1035,features_1.npy,1035,validation,1,14.9296875,0.9999996718148245,1
features_1:1043,features_1.npy,1043,validation,1,15.6953125,0.9999998473796929,1
features_1:1048,features_1.npy,1048,validation,1,11.0625,0.9999843104502723,1
features_1:1049,features_1.npy,1049,validation,1,14.59375,0.9999995407864383,1
features_1:1058,features_1.npy,1058,validation,1,12.21875,0.9999950630110505,1
features_1:1090,features_1.npy,1090,validation,1,14.7109375,0.9999995915669827,1
features_1:1092,features_1.npy,1092,validation,1,16.265625,0.9999999137162959,1
features_1:1100,features_1.npy,1100,validation,1,12.1171875,0.999994535254272,1
features_1:1102,features_1.npy,1102,validation,1,13.21875,0.9999981837775962,1
features_1:1112,features_1.npy,1112,validation,1,12.28125,0.9999953621267027,1
features_1:1124,features_1.npy,1124,validation,1,13.421875,0.9999985176419814,1
features_1:1125,features_1.npy,1125,validation,1,4.46875,0.9886682464686385,1
features_1:1131,features_1.npy,1131,validation,1,17.640625,0.9999999781840616,1
features_1:1153,features_1.npy,1153,validation,1,12.9140625,0.9999975368387282,1
features_1:1156,features_1.npy,1156,validation,1,15.0625,0.9999997126314468,1
features_1:1167,features_1.npy,1167,validation,1,16.515625,0.9999999328021826,1
features_1:1179,features_1.npy,1179,validation,1,14.3828125,0.9999994329470021,1
features_1:1181,features_1.npy,1181,validation,1,10.8828125,0.9999812221256604,1
features_1:1183,features_1.npy,1183,validation,1,12.125,0.9999945777810301,1
features_1:1196,features_1.npy,1196,validation,1,14.2421875,0.9999993473260561,1
features_1:1203,features_1.npy,1203,validation,1,13.75,0.9999989322971299,1
features_1:1208,features_1.npy,1208,validation,1,16.578125,0.9999999368734922,1
features_1:1229,features_1.npy,1229,validation,1,14.28125,0.9999993723295867,1
features_1:1230,features_1.npy,1230,validation,1,14.5,0.9999994956525918,1
features_1:1239,features_1.npy,1239,validation,1,11.6953125,0.9999916672817356,1
features_1:1252,features_1.npy,1252,validation,1,12.0078125,0.9999939036394523,1
features_1:1262,features_1.npy,1262,validation,1,14.1171875,0.9999992604235944,1
features_1:1264,features_1.npy,1264,validation,1,15.5546875,0.9999998243351074,1
features_1:1266,features_1.npy,1266,validation,1,17.234375,0.9999999672503983,1
features_1:1271,features_1.npy,1271,validation,1,11.1328125,0.9999853757160159,1
features_1:1274,features_1.npy,1274,validation,1,14.7109375,0.9999995915669827,1
features_1:1280,features_1.npy,1280,validation,1,14.34375,0.9999994103581922,1
features_1:1282,features_1.npy,1282,validation,1,9.234375,0.9999023843393975,1
features_1:1300,features_1.npy,1300,validation,1,13.21875,0.9999981837775962,1
features_1:1307,features_1.npy,1307,validation,1,-7.734375,0.00043733440351828275,0
features_1:1310,features_1.npy,1310,validation,1,14.953125,0.9999996794172235,1
features_1:1324,features_1.npy,1324,validation,1,6.65625,0.9987156918798661,1
features_1:1326,features_1.npy,1326,validation,1,13.4140625,0.9999985060157208,1
features_1:1327,features_1.npy,1327,validation,1,12.0625,0.9999942280799697,1
features_1:1328,features_1.npy,1328,validation,1,15.625,0.9999998362623136,1
features_1:1339,features_1.npy,1339,validation,1,15.984375,0.9999998856926673,1
features_1:1343,features_1.npy,1343,validation,1,14.609375,0.9999995479058815,1
features_1:1349,features_1.npy,1349,validation,1,16.4375,0.9999999273418356,1
features_1:1357,features_1.npy,1357,validation,1,14.515625,0.9999995034717698,1
features_1:1359,features_1.npy,1359,validation,1,13.6484375,0.9999988181607918,1
features_1:1374,features_1.npy,1374,validation,1,12.171875,0.9999948260812298,1
features_1:1381,features_1.npy,1381,validation,1,-7.71875,0.00044421835892143437,0
features_1:1387,features_1.npy,1387,validation,1,15.6484375,0.9999998400552925,1
features_1:1389,features_1.npy,1389,validation,1,14.5859375,0.9999995371847833,1
features_1:1397,features_1.npy,1397,validation,1,14.109375,0.9999992546230292,1
features_1:1399,features_1.npy,1399,validation,1,12.859375,0.9999973983835683,1
features_1:1410,features_1.npy,1410,validation,1,16.0625,0.9999998942829981,1
features_1:1428,features_1.npy,1428,validation,1,15.5234375,0.9999998187589061,1
features_1:1430,features_1.npy,1430,validation,1,11.09375,0.9999847931596293,1
features_1:1441,features_1.npy,1441,validation,1,8.5859375,0.9998133217844207,1
features_1:1442,features_1.npy,1442,validation,1,12.0703125,0.9999942729971506,1
features_1:1455,features_1.npy,1455,validation,1,14.15625,0.9999992887563014,1
features_1:1462,features_1.npy,1462,validation,1,10.5625,0.9999741325689185,1
features_1:1475,features_1.npy,1475,validation,1,14.9609375,0.9999996819120175,1
features_1:1496,features_1.npy,1496,validation,1,12.8671875,0.9999974186294557,1
features_1:1518,features_1.npy,1518,validation,1,13.7578125,0.9999989406060509,1
features_1:1535,features_1.npy,1535,validation,1,4.171875,0.984810951192016,1
features_1:1554,features_1.npy,1554,validation,1,16.0,0.9999998874648379,1
features_1:1560,features_1.npy,1560,validation,1,12.640625,0.9999967622380979,1
features_1:1562,features_1.npy,1562,validation,1,12.0,0.9999938558253978,1
features_1:1565,features_1.npy,1565,validation,1,13.3359375,0.99999838461803,1
features_1:1573,features_1.npy,1573,validation,1,11.890625,0.9999931456827884,1
features_1:1576,features_1.npy,1576,validation,1,11.0078125,0.9999834285474941,1
features_1:1577,features_1.npy,1577,validation,1,13.421875,0.9999985176419814,1
features_1:1585,features_1.npy,1585,validation,1,13.9296875,0.9999991079007038,1
features_1:1603,features_1.npy,1603,validation,1,16.984375,0.9999999579486794,1
features_1:1607,features_1.npy,1607,validation,1,16.171875,0.9999999052358909,1
features_1:1609,features_1.npy,1609,validation,1,12.4140625,0.9999959389401071,1
features_1:1620,features_1.npy,1620,validation,1,14.5703125,0.9999995298965078,1
features_1:1622,features_1.npy,1622,validation,1,8.0,0.9996646498695336,1
features_1:1624,features_1.npy,1624,validation,1,16.359375,0.9999999214377928,1
features_1:1628,features_1.npy,1628,validation,1,10.90625,0.9999816571066721,1
features_1:1635,features_1.npy,1635,validation,1,13.203125,0.9999981551763079,1
features_1:1637,features_1.npy,1637,validation,1,11.140625,0.9999854895214452,1
features_1:1646,features_1.npy,1646,validation,1,14.0078125,0.9999991749429694,1
features_1:1655,features_1.npy,1655,validation,1,10.4765625,0.9999718113371955,1
features_1:1656,features_1.npy,1656,validation,1,10.6640625,0.9999766306651053,1
features_1:1665,features_1.npy,1665,validation,1,11.265625,0.9999871945257869,1
features_1:1667,features_1.npy,1667,validation,1,13.5625,0.9999987121047844,1
features_1:1671,features_1.npy,1671,validation,1,15.3125,0.9999997761971314,1
features_1:1676,features_1.npy,1676,validation,1,11.1953125,0.9999862617444183,1
features_1:1677,features_1.npy,1677,validation,1,11.6171875,0.9999909901894198,1
features_1:1681,features_1.npy,1681,validation,1,12.0234375,0.9999939981541949,1
features_1:1689,features_1.npy,1689,validation,1,14.625,0.9999995549149481,1
features_1:1701,features_1.npy,1701,validation,1,15.84375,0.9999998684330687,1
features_1:1705,features_1.npy,1705,validation,1,14.609375,0.9999995479058815,1
features_1:1706,features_1.npy,1706,validation,1,14.703125,0.9999995883636041,1
features_1:1713,features_1.npy,1713,validation,1,13.0390625,0.9999978262671778,1
features_1:1725,features_1.npy,1725,validation,1,15.3359375,0.9999997813815182,1
features_1:1737,features_1.npy,1737,validation,1,16.984375,0.9999999579486794,1
features_1:1742,features_1.npy,1742,validation,1,15.4453125,0.9999998040316551,1
features_1:1746,features_1.npy,1746,validation,1,10.3984375,0.999969520858075,1
features_1:1763,features_1.npy,1763,validation,1,13.203125,0.9999981551763079,1
features_1:1766,features_1.npy,1766,validation,1,7.51953125,0.9994579072738564,1
features_1:1777,features_1.npy,1777,validation,1,17.765625,0.9999999807475021,1
features_1:1797,features_1.npy,1797,validation,1,16.015625,0.9999998892095338,1
features_1:1798,features_1.npy,1798,validation,1,15.953125,0.9999998820641635,1
features_1:1801,features_1.npy,1801,validation,1,16.5625,0.9999999358793944,1
features_1:1804,features_1.npy,1804,validation,1,12.8828125,0.999997458649795,1
features_1:1806,features_1.npy,1806,validation,1,13.0234375,0.9999977920359425,1
features_1:1807,features_1.npy,1807,validation,1,14.7734375,0.9999996163126788,1
features_1:1809,features_1.npy,1809,validation,1,12.96875,0.9999976679254741,1
features_1:1825,features_1.npy,1825,validation,1,13.9375,0.9999991148430695,1
features_1:1837,features_1.npy,1837,validation,1,14.7734375,0.9999996163126788,1
features_1:1838,features_1.npy,1838,validation,1,12.34375,0.9999956431200164,1
features_1:1844,features_1.npy,1844,validation,1,15.9296875,0.999999879267396,1
features_1:1847,features_1.npy,1847,validation,1,17.828125,0.9999999819139519,1
features_1:1851,features_1.npy,1851,validation,1,16.484375,0.9999999306690949,1
features_1:1881,features_1.npy,1881,validation,1,15.5390625,0.9999998215687883,1
features_1:1883,features_1.npy,1883,validation,1,15.953125,0.9999998820641635,1
features_1:1887,features_1.npy,1887,validation,1,15.796875,0.9999998621190406,1
features_1:1890,features_1.npy,1890,validation,1,12.84375,0.9999973574141792,1
features_1:1895,features_1.npy,1895,validation,1,16.1875,0.999999906705072,1
features_1:1900,features_1.npy,1900,validation,1,12.2578125,0.999995252143229,1
features_1:1916,features_1.npy,1916,validation,1,12.125,0.9999945777810301,1
features_1:1918,features_1.npy,1918,validation,1,2.826171875,0.9440738263146949,1
features_1:1924,features_1.npy,1924,validation,1,15.6875,0.9999998461826772,1
features_1:1926,features_1.npy,1926,validation,1,14.4375,0.999999463124996,1
features_1:1927,features_1.npy,1927,validation,1,15.5625,0.9999998257021421,1
features_1:1939,features_1.npy,1939,validation,1,12.75,0.9999970976880148,1
features_1:1941,features_1.npy,1941,validation,1,14.140625,0.9999992775558509,1
features_1:1947,features_1.npy,1947,validation,1,15.25,0.9999997617630899,1
features_1:1949,features_1.npy,1949,validation,1,13.921875,0.9999991009038888,1
features_1:1951,features_1.npy,1951,validation,1,12.765625,0.9999971426840629,1
features_1:1954,features_1.npy,1954,validation,1,13.703125,0.9999988810570567,1
features_1:1960,features_1.npy,1960,validation,1,12.265625,0.9999952890911695,1
features_1:1963,features_1.npy,1963,validation,1,13.4296875,0.9999985291777661,1
features_1:1980,features_1.npy,1980,validation,1,15.078125,0.999999717086682,1
features_1:1987,features_1.npy,1987,validation,1,15.0078125,0.9999996964783224,1
features_1:1993,features_1.npy,1993,validation,1,6.33203125,0.998224739467894,1
features_1:1994,features_1.npy,1994,validation,1,13.7890625,0.9999989732001424,1
features_1:1995,features_1.npy,1995,validation,1,13.25,0.9999982396567868,1
features_1:2003,features_1.npy,2003,validation,1,8.421875,0.9997800466275678,1
features_1:2008,features_1.npy,2008,validation,1,14.3046875,0.9999993868695471,1
features_1:2020,features_1.npy,2020,validation,1,15.09375,0.9999997214728452,1
features_1:2025,features_1.npy,2025,validation,1,7.5234375,0.9994600195519033,1
features_1:2026,features_1.npy,2026,validation,1,11.765625,0.9999922330481432,1
features_1:2037,features_1.npy,2037,validation,1,16.125,0.9999999006880668,1
features_1:2041,features_1.npy,2041,validation,1,15.640625,0.9999998388008309,1
features_1:2046,features_1.npy,2046,validation,1,7.41796875,0.9993999928206616,1
features_1:2056,features_1.npy,2056,validation,1,15.0,0.999999694097773,1
features_1:2058,features_1.npy,2058,validation,1,14.828125,0.9999996367321381,1
features_1:2071,features_1.npy,2071,validation,1,14.09375,0.9999992428850587,1
features_1:2081,features_1.npy,2081,validation,1,14.7265625,0.9999995978991472,1
features_1:2098,features_1.npy,2098,validation,1,15.8828125,0.999999873473318,1
features_1:2116,features_1.npy,2116,validation,1,13.484375,0.9999986074533888,1
features_1:2118,features_1.npy,2118,validation,1,8.796875,0.9998488180067273,1
features_1:2119,features_1.npy,2119,validation,1,15.5625,0.9999998257021421,1
features_1:2120,features_1.npy,2120,validation,1,15.34375,0.9999997830828204,1
features_1:2129,features_1.npy,2129,validation,1,14.859375,0.9999996479087113,1
features_1:2151,features_1.npy,2151,validation,1,14.890625,0.9999996587414178,1
features_1:2153,features_1.npy,2153,validation,1,1.701171875,0.8456877265587688,1
features_1:2155,features_1.npy,2155,validation,1,14.3828125,0.9999994329470021,1
features_1:2165,features_1.npy,2165,validation,1,14.546875,0.9999995187483299,1
features_1:2169,features_1.npy,2169,validation,1,14.953125,0.9999996794172235,1
features_1:2170,features_1.npy,2170,validation,1,14.1796875,0.9999993052322325,1
features_1:2175,features_1.npy,2175,validation,1,14.1171875,0.9999992604235944,1
features_1:2185,features_1.npy,2185,validation,1,9.0234375,0.9998794635117424,1
features_1:2197,features_1.npy,2197,validation,1,15.9140625,0.9999998773661344,1
features_1:2202,features_1.npy,2202,validation,1,14.34375,0.9999994103581922,1
features_1:2208,features_1.npy,2208,validation,1,16.90625,0.9999999545316812,1
features_1:2212,features_1.npy,2212,validation,1,12.5,0.9999962733607158,1
features_1:2216,features_1.npy,2216,validation,1,13.71875,0.99999889840464,1
features_1:2229,features_1.npy,2229,validation,1,15.1796875,0.9999997444091098,1
features_1:2232,features_1.npy,2232,validation,1,16.125,0.9999999006880668,1
features_1:2235,features_1.npy,2235,validation,1,15.1796875,0.9999997444091098,1
features_1:2248,features_1.npy,2248,validation,1,10.5390625,0.9999735191567124,1
features_1:2250,features_1.npy,2250,validation,1,13.390625,0.9999984705869588,1
features_1:2263,features_1.npy,2263,validation,1,8.6015625,0.9998162154299904,1
features_1:2268,features_1.npy,2268,validation,1,16.015625,0.9999998892095338,1
features_1:2275,features_1.npy,2275,validation,1,14.90625,0.9999996640321399,1
features_1:2276,features_1.npy,2276,validation,1,-1.5322265625,0.1776681466569392,0
features_1:2277,features_1.npy,2277,validation,1,6.875,0.9989677689632452,1
features_1:2290,features_1.npy,2290,validation,1,9.609375,0.999932907755004,1
features_1:2292,features_1.npy,2292,validation,1,13.203125,0.9999981551763079,1
features_1:2294,features_1.npy,2294,validation,1,10.1328125,0.9999602480735034,1
features_1:2308,features_1.npy,2308,validation,1,12.5859375,0.9999965802425134,1
features_1:2311,features_1.npy,2311,validation,1,12.78125,0.999997186982516,1
features_1:2313,features_1.npy,2313,validation,1,12.3359375,0.9999956089487334,1
features_1:2322,features_1.npy,2322,validation,1,13.921875,0.9999991009038888,1
features_1:2327,features_1.npy,2327,validation,1,10.53125,0.9999733114704275,1
features_1:2333,features_1.npy,2333,validation,1,15.75,0.9999998555019962,1
features_1:2352,features_1.npy,2352,validation,1,14.4453125,0.9999994673029882,1
features_1:2353,features_1.npy,2353,validation,1,12.984375,0.9999977040808555,1
features_1:2360,features_1.npy,2360,validation,1,15.421875,0.9999997993844006,1
features_1:2361,features_1.npy,2361,validation,1,16.046875,0.9999998926181977,1
features_1:2362,features_1.npy,2362,validation,1,13.6953125,0.9999988722810883,1
features_1:2364,features_1.npy,2364,validation,1,10.7578125,0.9999787219339408,1
features_1:2365,features_1.npy,2365,validation,1,14.421875,0.9999994546704497,1
features_1:2370,features_1.npy,2370,validation,1,16.03125,0.9999998909271804,1
features_1:2375,features_1.npy,2375,validation,1,14.8671875,0.9999996506487064,1
features_1:2378,features_1.npy,2378,validation,1,11.140625,0.9999854895214452,1
features_1:2382,features_1.npy,2382,validation,1,16.9375,0.9999999559305942,1
features_0:1,features_0.npy,1,test,0,-13.8125,1.0030140882067352e-06,0
features_0:4,features_0.npy,4,test,0,-12.4765625,3.815013650883844e-06,0
features_0:8,features_0.npy,8,test,0,-15.125,2.6995777745908016e-07,0
features_0:19,features_0.npy,19,test,0,-12.6328125,3.2631559007012773e-06,0
features_0:21,features_0.npy,21,test,0,-14.7265625,4.0210085283178276e-07,0
features_0:22,features_0.npy,22,test,0,-13.90625,9.132548018955539e-07,0
features_0:26,features_0.npy,26,test,0,-13.6953125,1.1277189116747425e-06,0
features_0:34,features_0.npy,34,test,0,-15.1640625,2.5961586009761277e-07,0
features_0:35,features_0.npy,35,test,0,-7.5859375,0.000507281282699237,0
features_0:64,features_0.npy,64,test,0,-13.609375,1.2289182723265359e-06,0
features_0:87,features_0.npy,87,test,0,-14.4375,5.368750039367665e-07,0
features_0:91,features_0.npy,91,test,0,-13.515625,1.3497025141259855e-06,0
features_0:93,features_0.npy,93,test,0,-13.8671875,9.496347028314894e-07,0
features_0:112,features_0.npy,112,test,0,-14.1640625,7.057087600712171e-07,0
features_0:121,features_0.npy,121,test,0,-13.8359375,9.797793146436627e-07,0
features_0:127,features_0.npy,127,test,0,-14.3671875,5.759827780115915e-07,0
features_0:150,features_0.npy,150,test,0,-13.5234375,1.3391990598969875e-06,0
features_0:152,features_0.npy,152,test,0,-13.28125,1.7061832388634165e-06,0
features_0:159,features_0.npy,159,test,0,-13.4140625,1.493984279121484e-06,0
features_0:161,features_0.npy,161,test,0,-14.140625,7.224441489462108e-07,0
features_0:166,features_0.npy,166,test,0,-13.5859375,1.258061192651287e-06,0
features_0:189,features_0.npy,189,test,0,-12.6796875,3.1137255778323165e-06,0
features_0:197,features_0.npy,197,test,0,-13.8125,1.0030140882067352e-06,0
features_0:200,features_0.npy,200,test,0,-14.4921875,5.08303051939129e-07,0
features_0:202,features_0.npy,202,test,0,-14.6015625,4.556399349686312e-07,0
features_0:205,features_0.npy,205,test,0,-10.5546875,2.6070306568642525e-05,0
features_0:216,features_0.npy,216,test,0,-14.109375,7.453769708679428e-07,0
features_0:219,features_0.npy,219,test,0,-15.4140625,2.0218904675285214e-07,0
features_0:229,features_0.npy,229,test,0,-14.7421875,3.958668593975586e-07,0
features_0:241,features_0.npy,241,test,0,-14.0390625,7.99672714649937e-07,0
features_0:245,features_0.npy,245,test,0,-8.828125,0.00014653129390717958,0
features_0:246,features_0.npy,246,test,0,-13.5390625,1.3184367302834308e-06,0
features_0:262,features_0.npy,262,test,0,-13.9765625,8.512471297900501e-07,0
features_0:263,features_0.npy,263,test,0,-14.03125,8.059446204294677e-07,0
features_0:268,features_0.npy,268,test,0,-12.171875,5.173918770225734e-06,0
features_0:269,features_0.npy,269,test,0,-12.78125,2.8130174840733106e-06,0
features_0:276,features_0.npy,276,test,0,-14.453125,5.28551532892397e-07,0
features_0:288,features_0.npy,288,test,0,-13.78125,1.0348531401872454e-06,0
features_0:304,features_0.npy,304,test,0,-13.6953125,1.1277189116747425e-06,0
features_0:315,features_0.npy,315,test,0,-12.25,4.785094494890119e-06,0
features_0:317,features_0.npy,317,test,0,-9.3671875,8.547616611085637e-05,0
features_0:330,features_0.npy,330,test,0,-12.875,2.561282210758673e-06,0
features_0:345,features_0.npy,345,test,0,-13.3671875,1.5656819694176641e-06,0
features_0:378,features_0.npy,378,test,0,-12.7109375,3.017926602189289e-06,0
features_0:379,features_0.npy,379,test,0,-13.9921875,8.380497773494325e-07,0
features_0:384,features_0.npy,384,test,0,-13.484375,1.3925466113719648e-06,0
features_0:387,features_0.npy,387,test,0,-13.640625,1.1911084770297504e-06,0
features_0:391,features_0.npy,391,test,0,-11.390625,1.1300808333434095e-05,0
features_0:399,features_0.npy,399,test,0,-12.96875,2.332074525844782e-06,0
features_0:400,features_0.npy,400,test,0,-12.5078125,3.6976384544302e-06,0
features_0:403,features_0.npy,403,test,0,-10.625,2.43002407432796e-05,0
features_0:406,features_0.npy,406,test,0,-14.734375,3.9897168041788877e-07,0
features_0:418,features_0.npy,418,test,0,-13.7734375,1.0429695854949174e-06,0
features_0:437,features_0.npy,437,test,0,-15.4140625,2.0218904675285214e-07,0
features_0:441,features_0.npy,441,test,0,-15.8671875,1.2851918700812824e-07,0
features_0:459,features_0.npy,459,test,0,-14.0390625,7.99672714649937e-07,0
features_0:463,features_0.npy,463,test,0,-14.8828125,3.439351055812443e-07,0
features_0:466,features_0.npy,466,test,0,-14.25,6.475947982049267e-07,0
features_0:470,features_0.npy,470,test,0,-14.1484375,7.168220480056344e-07,0
features_0:472,features_0.npy,472,test,0,-13.4296875,1.470822233804496e-06,0
features_0:474,features_0.npy,474,test,0,-14.03125,8.059446204294677e-07,0
features_0:476,features_0.npy,476,test,0,-14.203125,6.786735003792342e-07,0
features_0:484,features_0.npy,484,test,0,-12.59375,3.393144812976612e-06,0
features_0:492,features_0.npy,492,test,0,-15.1171875,2.7207508197326244e-07,0
features_0:496,features_0.npy,496,test,0,-12.8125,2.72647027069593e-06,0
features_0:508,features_0.npy,508,test,0,-15.5546875,1.7566489268967335e-07,0
features_0:509,features_0.npy,509,test,0,-15.9609375,1.1701805275287953e-07,0
features_0:521,features_0.npy,521,test,0,-13.96875,8.579235380478508e-07,0
features_0:537,features_0.npy,537,test,0,-13.359375,1.5779617459211416e-06,0
features_0:546,features_0.npy,546,test,0,-17.078125,3.8288163394091126e-08,0
features_0:556,features_0.npy,556,test,0,-15.5703125,1.7294146143091509e-07,0
features_0:559,features_0.npy,559,test,0,-14.0078125,8.25057030553458e-07,0
features_0:563,features_0.npy,563,test,0,-12.96875,2.332074525844782e-06,0
features_0:565,features_0.npy,565,test,0,-14.2734375,6.325932903518992e-07,0
features_0:569,features_0.npy,569,test,0,-15.7578125,1.4337351150616267e-07,0
features_0:574,features_0.npy,574,test,0,-14.078125,7.690377575985982e-07,0
features_0:577,features_0.npy,577,test,0,-14.3984375,5.582616608278708e-07,0
features_0:580,features_0.npy,580,test,0,-13.3046875,1.6666596125770648e-06,0
features_0:592,features_0.npy,592,test,0,-13.578125,1.2679282763661404e-06,0
features_0:600,features_0.npy,600,test,0,-14.046875,7.934496171506507e-07,0
features_0:606,features_0.npy,606,test,0,-14.0234375,8.122657172960954e-07,0
features_0:608,features_0.npy,608,test,0,-14.109375,7.453769708679428e-07,0
features_0:612,features_0.npy,612,test,0,-11.5703125,9.44219633520552e-06,0
features_0:623,features_0.npy,623,test,0,-13.765625,1.0511496887388008e-06,0
features_0:625,features_0.npy,625,test,0,-14.40625,5.53917236522822e-07,0
features_0:627,features_0.npy,627,test,0,-13.609375,1.2289182723265359e-06,0
features_0:632,features_0.npy,632,test,0,-14.2734375,6.325932903518992e-07,0
features_0:635,features_0.npy,635,test,0,-14.9296875,3.281851755753351e-07,0
features_0:639,features_0.npy,639,test,0,-13.234375,1.7880645357111512e-06,0
features_0:640,features_0.npy,640,test,0,-11.9609375,6.388929129736714e-06,0
features_0:642,features_0.npy,642,test,0,-13.7109375,1.110235269898378e-06,0
features_0:645,features_0.npy,645,test,0,-1.7138671875,0.15266279628647764,0
features_0:646,features_0.npy,646,test,0,-13.8203125,9.952085784145828e-07,0
features_0:647,features_0.npy,647,test,0,-14.5546875,4.775065415651166e-07,0
features_0:648,features_0.npy,648,test,0,-12.609375,3.340539154350707e-06,0
features_0:655,features_0.npy,655,test,0,-15.3359375,2.1861848179042132e-07,0
features_0:658,features_0.npy,658,test,0,-13.578125,1.2679282763661404e-06,0
features_0:681,features_0.npy,681,test,0,-15.3828125,2.0860721471690658e-07,0
features_0:683,features_0.npy,683,test,0,-12.71875,2.9944409813715146e-06,0
features_0:687,features_0.npy,687,test,0,-11.515625,9.972941593827282e-06,0
features_0:699,features_0.npy,699,test,0,-11.8984375,6.800976854677535e-06,0
features_0:703,features_0.npy,703,test,0,-9.2890625,9.242113003743326e-05,0
features_0:709,features_0.npy,709,test,0,-13.3984375,1.5175110724799553e-06,0
features_0:719,features_0.npy,719,test,0,-12.109375,5.507606023968348e-06,0
features_0:726,features_0.npy,726,test,0,-12.5,3.726639284186561e-06,0
features_0:729,features_0.npy,729,test,0,-14.609375,4.520941184666502e-07,0
features_0:742,features_0.npy,742,test,0,-9.734375,5.920916517463733e-05,0
features_0:747,features_0.npy,747,test,0,-12.5,3.726639284186561e-06,0
features_0:751,features_0.npy,751,test,0,-11.6953125,8.33271826445971e-06,0
features_0:758,features_0.npy,758,test,0,-13.8515625,9.645892589704654e-07,0
features_0:761,features_0.npy,761,test,0,-8.9765625,0.00012632042438707805,0
features_0:766,features_0.npy,766,test,0,-13.8515625,9.645892589704654e-07,0
features_0:768,features_0.npy,768,test,0,-12.0703125,5.727002849373947e-06,0
features_0:775,features_0.npy,775,test,0,-13.1171875,2.010374549181558e-06,0
features_0:784,features_0.npy,784,test,0,-14.828125,3.632678618877459e-07,0
features_0:789,features_0.npy,789,test,0,-8.9765625,0.00012632042438707805,0
features_0:791,features_0.npy,791,test,0,-15.5546875,1.7566489268967335e-07,0
features_0:794,features_0.npy,794,test,0,-13.875,9.422445939071362e-07,0
features_0:797,features_0.npy,797,test,0,-12.734375,2.948016613843445e-06,0
features_0:800,features_0.npy,800,test,0,-12.015625,6.048918580418918e-06,0
features_0:815,features_0.npy,815,test,0,-14.796875,3.7479921733703183e-07,0
features_0:833,features_0.npy,833,test,0,-8.796875,0.0001511819932727333,0
features_0:840,features_0.npy,840,test,0,-7.49609375,0.0005549409507143756,0
features_0:851,features_0.npy,851,test,0,-7.796875,0.0004108485376346404,0
features_0:856,features_0.npy,856,test,0,-14.0390625,7.99672714649937e-07,0
features_0:863,features_0.npy,863,test,0,-13.953125,8.714338561413278e-07,0
features_0:870,features_0.npy,870,test,0,-11.9609375,6.388929129736714e-06,0
features_0:876,features_0.npy,876,test,0,-13.1796875,1.888572342681621e-06,0
features_0:878,features_0.npy,878,test,0,-13.8359375,9.797793146436627e-07,0
features_0:880,features_0.npy,880,test,0,-13.4140625,1.493984279121484e-06,0
features_0:895,features_0.npy,895,test,0,-9.3515625,8.682210299865953e-05,0
features_0:902,features_0.npy,902,test,0,-11.46875,1.0451548051737734e-05,0
features_0:911,features_0.npy,911,test,0,-8.078125,0.00031015598671268335,0
features_0:920,features_0.npy,920,test,0,-15.6328125,1.624634696725457e-07,0
features_0:928,features_0.npy,928,test,0,-14.8671875,3.4935129350451577e-07,0
features_0:929,features_0.npy,929,test,0,2.158203125,0.8964328436644923,1
features_0:935,features_0.npy,935,test,0,-15.9140625,1.2263386566983646e-07,0
features_0:956,features_0.npy,956,test,0,-13.953125,8.714338561413278e-07,0
features_0:957,features_0.npy,957,test,0,-13.359375,1.5779617459211416e-06,0
features_0:959,features_0.npy,959,test,0,-13.6328125,1.2004504453839354e-06,0
features_0:980,features_0.npy,980,test,0,8.1796875,0.9997197890232813,1
features_0:981,features_0.npy,981,test,0,-12.8984375,2.501950320696411e-06,0
features_0:991,features_0.npy,991,test,0,-12.125,5.422218970016178e-06,0
features_0:992,features_0.npy,992,test,0,-8.3359375,0.0002396868650226788,0
features_0:1003,features_0.npy,1003,test,0,-13.515625,1.3497025141259855e-06,0
features_0:1008,features_0.npy,1008,test,0,-13.4375,1.459376221076886e-06,0
features_0:1015,features_0.npy,1015,test,0,-12.890625,2.521573310786404e-06,0
features_0:1020,features_0.npy,1020,test,0,-1.9140625,0.1285251389364931,0
features_0:1021,features_0.npy,1021,test,0,-13.4921875,1.3817097426402072e-06,0
features_0:1044,features_0.npy,1044,test,0,-1.2431640625,0.2238857150970475,0
features_0:1045,features_0.npy,1045,test,0,-14.53125,4.888302773361011e-07,0
features_0:1060,features_0.npy,1060,test,0,-13.75,1.067702870044147e-06,0
features_0:1064,features_0.npy,1064,test,0,-11.3359375,1.1936024807889659e-05,0
features_0:1071,features_0.npy,1071,test,0,-13.5546875,1.2979962899127484e-06,0
features_0:1076,features_0.npy,1076,test,0,-12.5859375,3.4197574865711416e-06,0
features_0:1082,features_0.npy,1082,test,0,-13.6796875,1.145477880120962e-06,0
features_0:1092,features_0.npy,1092,test,0,-15.1796875,2.555908902849402e-07,0
features_0:1104,features_0.npy,1104,test,0,-13.96875,8.579235380478508e-07,0
features_0:1126,features_0.npy,1126,test,0,-14.078125,7.690377575985982e-07,0
features_0:1130,features_0.npy,1130,test,0,-13.28125,1.7061832388634165e-06,0
features_0:1135,features_0.npy,1135,test,0,-14.765625,3.8669661702261996e-07,0
features_0:1139,features_0.npy,1139,test,0,-13.7421875,1.0760769584303332e-06,0
features_0:1147,features_0.npy,1147,test,0,6.34765625,0.9982522142273162,1
features_0:1148,features_0.npy,1148,test,0,-12.5546875,3.528311859000446e-06,0
features_0:1150,features_0.npy,1150,test,0,-12.0,6.144174602214718e-06,0
features_0:1154,features_0.npy,1154,test,0,-12.21875,4.936988949458183e-06,0
features_0:1158,features_0.npy,1158,test,0,-10.265625,3.4808121961114686e-05,0
features_0:1162,features_0.npy,1162,test,0,-4.09375,0.016403032516163058,0
features_0:1171,features_0.npy,1171,test,0,-11.40625,1.112560748878441e-05,0
features_0:1180,features_0.npy,1180,test,0,-14.0390625,7.99672714649937e-07,0
features_0:1199,features_0.npy,1199,test,0,-12.734375,2.948016613843445e-06,0
features_0:1213,features_0.npy,1213,test,0,1.908203125,0.8708171436889917,1
features_0:1224,features_0.npy,1224,test,0,-14.234375,6.577929256610509e-07,0
features_0:1238,features_0.npy,1238,test,0,-9.3671875,8.547616611085637e-05,0
features_0:1243,features_0.npy,1243,test,0,-15.0390625,2.94183300092057e-07,0
features_0:1248,features_0.npy,1248,test,0,-12.28125,4.637873297353725e-06,0
features_0:1250,features_0.npy,1250,test,0,-12.828125,2.6842003805624745e-06,0
features_0:1254,features_0.npy,1254,test,0,-5.671875,0.0034296039240944865,0
features_0:1256,features_0.npy,1256,test,0,-13.609375,1.2289182723265359e-06,0
features_0:1267,features_0.npy,1267,test,0,-7.30078125,0.0006745558838422836,0
features_0:1275,features_0.npy,1275,test,0,-14.703125,4.1163639583673567e-07,0
features_0:1282,features_0.npy,1282,test,0,-9.96875,4.6838884249524555e-05,0
features_0:1286,features_0.npy,1286,test,0,-14.203125,6.786735003792342e-07,0
features_0:1297,features_0.npy,1297,test,0,-8.984375,0.000125337514256461,0
features_0:1303,features_0.npy,1303,test,0,-9.640625,6.502816785764437e-05,0
features_0:1320,features_0.npy,1320,test,0,-14.1328125,7.281103445070069e-07,0
features_0:1321,features_0.npy,1321,test,0,1.431640625,0.8071568154401839,0
features_0:1344,features_0.npy,1344,test,0,-11.6796875,8.463938372775066e-06,0
features_0:1345,features_0.npy,1345,test,0,-15.375,2.1024334103591293e-07,0
features_0:1349,features_0.npy,1349,test,0,-12.6796875,3.1137255778323165e-06,0
features_0:1354,features_0.npy,1354,test,0,-16.5,6.825602910446286e-08,0
features_0:1363,features_0.npy,1363,test,0,-13.5859375,1.258061192651287e-06,0
features_0:1369,features_0.npy,1369,test,0,-10.9609375,1.7366719305164412e-05,0
features_0:1370,features_0.npy,1370,test,0,-14.0390625,7.99672714649937e-07,0
features_0:1372,features_0.npy,1372,test,0,-13.9140625,9.061478030830709e-07,0
features_0:1376,features_0.npy,1376,test,0,-14.015625,8.186363910590443e-07,0
features_0:1380,features_0.npy,1380,test,0,-1.232421875,0.2257578220834596,0
features_0:1382,features_0.npy,1382,test,0,-15.84375,1.3156693129733423e-07,0
features_0:1390,features_0.npy,1390,test,0,-8.1796875,0.00028021097671886315,0
features_0:1393,features_0.npy,1393,test,0,-15.234375,2.4198859451864557e-07,0
features_0:1396,features_0.npy,1396,test,0,-13.4765625,1.4034684744809525e-06,0
features_0:1397,features_0.npy,1397,test,0,-13.0859375,2.074190555355221e-06,0
features_0:1400,features_0.npy,1400,test,0,-12.171875,5.173918770225734e-06,0
features_0:1407,features_0.npy,1407,test,0,-12.5625,3.5008544144014418e-06,0
features_0:1409,features_0.npy,1409,test,0,-14.2890625,6.227858465329135e-07,0
features_0:1417,features_0.npy,1417,test,0,-14.6640625,4.2803411866525106e-07,0
features_0:1422,features_0.npy,1422,test,0,-13.9140625,9.061478030830709e-07,0
features_0:1435,features_0.npy,1435,test,0,-15.28125,2.3090713253699577e-07,0
features_0:1446,features_0.npy,1446,test,0,-14.046875,7.934496171506507e-07,0
features_0:1451,features_0.npy,1451,test,0,-14.359375,5.805002643063729e-07,0
features_0:1452,features_0.npy,1452,test,0,-14.4765625,5.163076561419487e-07,0
features_0:1459,features_0.npy,1459,test,0,-15.8125,1.3574331344399593e-07,0
features_0:1462,features_0.npy,1462,test,0,-12.671875,3.138146753575985e-06,0
features_0:1465,features_0.npy,1465,test,0,-14.90625,3.359678601183963e-07,0
features_0:1474,features_0.npy,1474,test,0,-11.1875,1.3846004563753395e-05,0
features_0:1476,features_0.npy,1476,test,0,-13.609375,1.2289182723265359e-06,0
features_0:1481,features_0.npy,1481,test,0,-9.7265625,5.9673520701231884e-05,0
features_0:1485,features_0.npy,1485,test,0,-12.84375,2.642585820842653e-06,0
features_0:1491,features_0.npy,1491,test,0,-9.453125,7.843789122138342e-05,0
features_0:1495,features_0.npy,1495,test,0,4.4453125,0.9884026381763671,1
features_0:1500,features_0.npy,1500,test,0,-13.8046875,1.0108808172476437e-06,0
features_0:1508,features_0.npy,1508,test,0,-10.7421875,2.1613139600748423e-05,0
features_0:1509,features_0.npy,1509,test,0,-10.6875,2.2827997192887966e-05,0
features_0:1513,features_0.npy,1513,test,0,-11.4765625,1.037021430298023e-05,0
features_0:1516,features_0.npy,1516,test,0,-13.71875,1.101595360000069e-06,0
features_0:1518,features_0.npy,1518,test,0,-12.40625,4.0929110499856e-06,0
features_0:1526,features_0.npy,1526,test,0,-14.2265625,6.629520560984659e-07,0
features_0:1528,features_0.npy,1528,test,0,-10.96875,1.723157275214239e-05,0
features_0:1551,features_0.npy,1551,test,0,-10.4921875,2.77516502232539e-05,0
features_0:1553,features_0.npy,1553,test,0,-10.84375,1.952588520864222e-05,0
features_0:1558,features_0.npy,1558,test,0,-12.8671875,2.581370544255233e-06,0
features_0:1570,features_0.npy,1570,test,0,-13.1796875,1.888572342681621e-06,0
features_0:1571,features_0.npy,1571,test,0,-14.09375,7.571149413053982e-07,0
features_0:1582,features_0.npy,1582,test,0,-8.78125,0.0001535623976496012,0
features_0:1584,features_0.npy,1584,test,0,-13.875,9.422445939071362e-07,0
features_0:1586,features_0.npy,1586,test,0,-10.359375,3.169325442919291e-05,0
features_0:1590,features_0.npy,1590,test,0,-12.5625,3.5008544144014418e-06,0
features_0:1596,features_0.npy,1596,test,0,-9.53125,7.254361823018916e-05,0
features_0:1602,features_0.npy,1602,test,0,-12.6171875,3.3145429585732693e-06,0
features_0:1611,features_0.npy,1611,test,0,-13.34375,1.6028109878281438e-06,0
features_0:1621,features_0.npy,1621,test,0,-13.546875,1.3081765876704983e-06,0
features_0:1624,features_0.npy,1624,test,0,-13.4140625,1.493984279121484e-06,0
features_0:1625,features_0.npy,1625,test,0,-11.984375,6.240930669504434e-06,0
features_0:1628,features_0.npy,1628,test,0,-14.46875,5.203571051703427e-07,0
features_0:1637,features_0.npy,1637,test,0,-12.7421875,2.9250750336507273e-06,0
features_0:1638,features_0.npy,1638,test,0,12.1875,0.9999949062949967,1
features_0:1650,features_0.npy,1650,test,0,-11.7578125,7.827868338307574e-06,0
features_0:1651,features_0.npy,1651,test,0,8.7890625,0.9998476324523258,1
features_0:1653,features_0.npy,1653,test,0,-9.7265625,5.9673520701231884e-05,0
features_1:11,features_1.npy,11,test,1,15.9140625,0.9999998773661344,1
features_1:13,features_1.npy,13,test,1,13.546875,0.9999986918234123,1
features_1:18,features_1.npy,18,test,1,12.78125,0.999997186982516,1
features_1:21,features_1.npy,21,test,1,13.6171875,0.999998780645234,1
features_1:34,features_1.npy,34,test,1,13.875,0.9999990577554062,1
features_1:35,features_1.npy,35,test,1,12.8671875,0.9999974186294557,1
features_1:38,features_1.npy,38,test,1,13.8046875,0.9999989891191827,1
features_1:42,features_1.npy,42,test,1,8.390625,0.999773066142504,1
features_1:49,features_1.npy,49,test,1,13.671875,0.9999988455380359,1
features_1:72,features_1.npy,72,test,1,12.75,0.9999970976880148,1
features_1:91,features_1.npy,91,test,1,10.734375,0.999978217350137,1
features_1:128,features_1.npy,128,test,1,14.3828125,0.9999994329470021,1
features_1:133,features_1.npy,133,test,1,15.6484375,0.9999998400552925,1
features_1:142,features_1.npy,142,test,1,12.3828125,0.9999958100287683,1
features_1:148,features_1.npy,148,test,1,14.6171875,0.9999995514241042,1
features_1:151,features_1.npy,151,test,1,5.91015625,0.9972955706305906,1
features_1:158,features_1.npy,158,test,1,13.1953125,0.9999981407072032,1
features_1:159,features_1.npy,159,test,1,13.4765625,0.9999985965315255,1
features_1:165,features_1.npy,165,test,1,13.8984375,0.9999990795824586,1
features_1:185,features_1.npy,185,test,1,14.4296875,0.9999994589142355,1
features_1:207,features_1.npy,207,test,1,11.2734375,0.9999872941775114,1
features_1:216,features_1.npy,216,test,1,14.796875,0.9999996252007827,1
features_1:237,features_1.npy,237,test,1,14.3984375,0.9999994417383392,1
features_1:252,features_1.npy,252,test,1,13.828125,0.9999990125361885,1
features_1:261,features_1.npy,261,test,1,14.2734375,0.9999993674067096,1
features_1:262,features_1.npy,262,test,1,16.40625,0.999999925035418,1
features_1:269,features_1.npy,269,test,1,15.3125,0.9999997761971314,1
features_1:281,features_1.npy,281,test,1,14.5859375,0.9999995371847833,1
features_1:284,features_1.npy,284,test,1,13.4453125,0.9999985519807184,1
features_1:285,features_1.npy,285,test,1,13.7265625,0.9999989069773138,1
features_1:287,features_1.npy,287,test,1,14.6484375,0.9999995652253278,1
features_1:294,features_1.npy,294,test,1,13.3125,0.9999983463104141,1
features_1:306,features_1.npy,306,test,1,14.265625,0.999999362445222,1
features_1:311,features_1.npy,311,test,1,13.515625,0.9999986502974858,1
features_1:316,features_1.npy,316,test,1,11.9765625,0.9999937101214125,1
features_1:320,features_1.npy,320,test,1,10.828125,0.9999801666329398,1
features_1:340,features_1.npy,340,test,1,13.8984375,0.9999990795824586,1
features_1:341,features_1.npy,341,test,1,13.8125,0.9999989969859118,1
features_1:342,features_1.npy,342,test,1,12.84375,0.9999973574141792,1
features_1:348,features_1.npy,348,test,1,14.0625,0.9999992188516693,1
features_1:352,features_1.npy,352,test,1,9.03125,0.9998804014219498,1
features_1:360,features_1.npy,360,test,1,14.28125,0.9999993723295867,1
features_1:372,features_1.npy,372,test,1,15.0,0.999999694097773,1
features_1:380,features_1.npy,380,test,1,13.015625,0.9999977747187042,1
features_1:389,features_1.npy,389,test,1,13.8125,0.9999989969859118,1
features_1:394,features_1.npy,394,test,1,12.515625,0.9999963311366906,1
features_1:398,features_1.npy,398,test,1,10.546875,0.9999737252268551,1
features_1:406,features_1.npy,406,test,1,12.78125,0.999997186982516,1
features_1:409,features_1.npy,409,test,1,12.1875,0.9999949062949967,1
features_1:418,features_1.npy,418,test,1,11.703125,0.9999917321269275,1
features_1:424,features_1.npy,424,test,1,11.3203125,0.9999878760124306,1
features_1:444,features_1.npy,444,test,1,14.0390625,0.9999992003272853,1
features_1:445,features_1.npy,445,test,1,14.6875,0.9999995818812769,1
features_1:446,features_1.npy,446,test,1,12.2734375,0.9999953257515817,1
features_1:452,features_1.npy,452,test,1,14.203125,0.9999993213264996,1
features_1:454,features_1.npy,454,test,1,10.0625,0.9999573525318144,1
features_1:459,features_1.npy,459,test,1,15.0703125,0.999999714867766,1
features_1:469,features_1.npy,469,test,1,13.015625,0.9999977747187042,1
features_1:480,features_1.npy,480,test,1,12.5234375,0.9999963596879077,1
features_1:482,features_1.npy,482,test,1,13.7734375,0.9999989570304144,1
features_1:489,features_1.npy,489,test,1,12.765625,0.9999971426840629,1
features_1:503,features_1.npy,503,test,1,14.8671875,0.9999996506487064,1
features_1:515,features_1.npy,515,test,1,14.9609375,0.9999996819120175,1
features_1:520,features_1.npy,520,test,1,14.75,0.9999996072137998,1
features_1:525,features_1.npy,525,test,1,14.234375,0.9999993422070742,1
features_1:530,features_1.npy,530,test,1,13.140625,0.9999980361956357,1
features_1:536,features_1.npy,536,test,1,12.2109375,0.999995024289959,1
features_1:542,features_1.npy,542,test,1,9.1953125,0.999898496168252,1
features_1:553,features_1.npy,553,test,1,13.6640625,0.9999988364834891,1
features_1:560,features_1.npy,560,test,1,15.4140625,0.9999997978109532,1
features_1:577,features_1.npy,577,test,1,13.2734375,0.999998280435023,1
features_1:587,features_1.npy,587,test,1,13.2421875,0.9999982258502681,1
features_1:588,features_1.npy,588,test,1,8.9375,0.9998686482029348,1
features_1:590,features_1.npy,590,test,1,12.4140625,0.9999959389401071,1
features_1:591,features_1.npy,591,test,1,15.390625,0.9999997930161793,1
features_1:593,features_1.npy,593,test,1,15.6953125,0.9999998473796929,1
features_1:613,features_1.npy,613,test,1,15.2734375,0.9999997672818408,1
features_1:617,features_1.npy,617,test,1,14.375,0.999999428499553,1
features_1:618,features_1.npy,618,test,1,14.1484375,0.9999992831779521,1
features_1:620,features_1.npy,620,test,1,12.5078125,0.9999963023615457,1
features_1:626,features_1.npy,626,test,1,12.828125,0.9999973157996194,1
features_1:629,features_1.npy,629,test,1,13.359375,0.9999984220382541,1
features_1:630,features_1.npy,630,test,1,12.25,0.9999952149055051,1
features_1:634,features_1.npy,634,test,1,12.2421875,0.999995177375725,1
features_1:643,features_1.npy,643,test,1,13.828125,0.9999990125361885,1
features_1:649,features_1.npy,649,test,1,11.3125,0.9999877809239794,1
features_1:660,features_1.npy,660,test,1,-0.482177734375,0.38173801700295107,0
features_1:671,features_1.npy,671,test,1,6.0,0.9975273768433653,1
features_1:672,features_1.npy,672,test,1,13.953125,0.9999991285661438,1
features_1:686,features_1.npy,686,test,1,13.5234375,0.9999986608009401,1
features_1:692,features_1.npy,692,test,1,10.2890625,0.9999659981798991,1
features_1:699,features_1.npy,699,test,1,12.09375,0.9999944056622865,1
features_1:707,features_1.npy,707,test,1,13.21875,0.9999981837775962,1
features_1:710,features_1.npy,710,test,1,14.1640625,0.9999992942912399,1
features_1:714,features_1.npy,714,test,1,13.234375,0.9999982119354642,1
features_1:715,features_1.npy,715,test,1,13.9375,0.9999991148430695,1
features_1:728,features_1.npy,728,test,1,12.8828125,0.999997458649795,1
features_1:743,features_1.npy,743,test,1,15.6875,0.9999998461826772,1
features_1:749,features_1.npy,749,test,1,11.203125,0.9999863686549141,1
features_1:762,features_1.npy,762,test,1,12.2890625,0.9999953982187529,1
features_1:799,features_1.npy,799,test,1,5.14453125,0.9942025987455659,1
features_1:827,features_1.npy,827,test,1,11.9140625,0.9999933044618126,1
features_1:832,features_1.npy,832,test,1,14.640625,0.9999995618153491,1
features_1:850,features_1.npy,850,test,1,17.203125,0.9999999662108141,1
features_1:856,features_1.npy,856,test,1,14.65625,0.9999995686087695,1
features_1:858,features_1.npy,858,test,1,15.4921875,0.9999998130056972,1
features_1:873,features_1.npy,873,test,1,9.59375,0.9999318512778838,1
features_1:885,features_1.npy,885,test,1,14.53125,0.9999995111697226,1
features_1:890,features_1.npy,890,test,1,14.890625,0.9999996587414178,1
features_1:894,features_1.npy,894,test,1,14.6171875,0.9999995514241042,1
features_1:899,features_1.npy,899,test,1,14.5625,0.9999995262094421,1
features_1:914,features_1.npy,914,test,1,9.6640625,0.9999364781123405,1
features_1:916,features_1.npy,916,test,1,15.0390625,0.9999997058167001,1
features_1:917,features_1.npy,917,test,1,13.9765625,0.9999991487528702,1
features_1:918,features_1.npy,918,test,1,16.828125,0.9999999508370256,1
features_1:930,features_1.npy,930,test,1,13.5,0.999998629042793,1
features_1:933,features_1.npy,933,test,1,15.9453125,0.9999998811391811,1
features_1:935,features_1.npy,935,test,1,16.59375,0.9999999378521779,1
features_1:943,features_1.npy,943,test,1,13.7421875,0.9999989239230416,1
features_1:951,features_1.npy,951,test,1,16.953125,0.999999956613827,1
features_1:956,features_1.npy,956,test,1,12.6640625,0.9999968372405343,1
features_1:958,features_1.npy,958,test,1,12.5234375,0.9999963596879077,1
features_1:968,features_1.npy,968,test,1,13.6015625,0.9999987614432141,1
features_1:974,features_1.npy,974,test,1,11.03125,0.9999838124185639,1
features_1:977,features_1.npy,977,test,1,14.640625,0.9999995618153491,1
features_1:983,features_1.npy,983,test,1,13.171875,0.9999980966154292,1
features_1:987,features_1.npy,987,test,1,14.03125,0.9999991940553795,1
features_1:988,features_1.npy,988,test,1,8.625,0.9998204720306533,1
features_1:993,features_1.npy,993,test,1,17.890625,0.9999999830097303,1
features_1:998,features_1.npy,998,test,1,13.7890625,0.9999989732001424,1
features_1:1000,features_1.npy,1000,test,1,15.9921875,0.999999886582214,1
features_1:1004,features_1.npy,1004,test,1,-1.275390625,0.2183358626245593,0
features_1:1005,features_1.npy,1005,test,1,13.7265625,0.9999989069773138,1
features_1:1009,features_1.npy,1009,test,1,14.2890625,0.9999993772141536,1
features_1:1013,features_1.npy,1013,test,1,17.921875,0.9999999835324658,1
features_1:1014,features_1.npy,1014,test,1,14.3046875,0.9999993868695471,1
features_1:1016,features_1.npy,1016,test,1,3.7421875,0.9768465889071616,1
features_1:1050,features_1.npy,1050,test,1,12.09375,0.9999944056622865,1
features_1:1062,features_1.npy,1062,test,1,16.09375,0.9999998975355678,1
features_1:1072,features_1.npy,1072,test,1,7.015625,0.9991030606763281,1
features_1:1082,features_1.npy,1082,test,1,15.921875,0.9999998783204785,1
features_1:1083,features_1.npy,1083,test,1,10.734375,0.999978217350137,1
features_1:1087,features_1.npy,1087,test,1,15.5,0.9999998144608981,1
features_1:1093,features_1.npy,1093,test,1,13.1484375,0.9999980514780527,1
features_1:1098,features_1.npy,1098,test,1,13.9375,0.9999991148430695,1
features_1:1107,features_1.npy,1107,test,1,11.9296875,0.9999934082658262,1
features_1:1109,features_1.npy,1109,test,1,10.46875,0.999971590257054,1
features_1:1111,features_1.npy,1111,test,1,12.6796875,0.9999968862744222,1
features_1:1127,features_1.npy,1127,test,1,15.765625,0.9999998577422298,1
features_1:1133,features_1.npy,1133,test,1,15.0234375,0.9999997011839883,1
features_1:1140,features_1.npy,1140,test,1,14.2109375,0.9999993266079752,1
features_1:1141,features_1.npy,1141,test,1,-0.50341796875,0.3767377702982982,0
features_1:1142,features_1.npy,1142,test,1,14.7421875,0.9999996041331407,1
features_1:1147,features_1.npy,1147,test,1,17.140625,0.9999999640315991,1
features_1:1177,features_1.npy,1177,test,1,12.25,0.9999952149055051,1
features_1:1184,features_1.npy,1184,test,1,10.921875,0.9999819414817388,1
features_1:1190,features_1.npy,1190,test,1,10.078125,0.9999580136917633,1
features_1:1195,features_1.npy,1195,test,1,13.65625,0.9999988273579266,1
features_1:1198,features_1.npy,1198,test,1,10.0703125,0.999957684403001,1
features_1:1219,features_1.npy,1219,test,1,6.58984375,0.9986276313099476,1
features_1:1225,features_1.npy,1225,test,1,14.5,0.9999994956525918,1
features_1:1232,features_1.npy,1232,test,1,16.09375,0.9999998975355678,1
features_1:1241,features_1.npy,1241,test,1,3.771484375,0.9775000306229962,1
features_1:1243,features_1.npy,1243,test,1,15.3046875,0.9999997744418241,1
features_1:1244,features_1.npy,1244,test,1,16.734375,0.999999946005036,1
features_1:1246,features_1.npy,1246,test,1,10.8984375,0.9999815132442363,1
features_1:1249,features_1.npy,1249,test,1,14.34375,0.9999994103581922,1
features_1:1250,features_1.npy,1250,test,1,15.2265625,0.9999997561134659,1
features_1:1253,features_1.npy,1253,test,1,12.3671875,0.9999957440466031,1
features_1:1259,features_1.npy,1259,test,1,15.2421875,0.9999997598945752,1
features_1:1269,features_1.npy,1269,test,1,15.0,0.999999694097773,1
features_1:1273,features_1.npy,1273,test,1,15.4765625,0.999999810060966,1
features_1:1277,features_1.npy,1277,test,1,12.2734375,0.9999953257515817,1
features_1:1286,features_1.npy,1286,test,1,9.8125,0.9999452402301955,1
features_1:1287,features_1.npy,1287,test,1,15.4375,0.9999998024946565,1
features_1:1291,features_1.npy,1291,test,1,12.96875,0.9999976679254741,1
features_1:1294,features_1.npy,1294,test,1,11.5703125,0.9999905578036649,1
features_1:1302,features_1.npy,1302,test,1,-8.40625,0.0002234163601827719,0
features_1:1303,features_1.npy,1303,test,1,12.5703125,0.9999965263893561,1
features_1:1312,features_1.npy,1312,test,1,14.6171875,0.9999995514241042,1
features_1:1316,features_1.npy,1316,test,1,13.4765625,0.9999985965315255,1
features_1:1317,features_1.npy,1317,test,1,9.4921875,0.9999245667905327,1
features_1:1323,features_1.npy,1323,test,1,13.6484375,0.9999988181607918,1
features_1:1333,features_1.npy,1333,test,1,-0.6484375,0.3433417294618181,0
features_1:1341,features_1.npy,1341,test,1,10.3046875,0.9999665253116128,1
features_1:1347,features_1.npy,1347,test,1,14.140625,0.9999992775558509,1
features_1:1354,features_1.npy,1354,test,1,15.40625,0.9999997962251652,1
features_1:1355,features_1.npy,1355,test,1,13.75,0.9999989322971299,1
features_1:1364,features_1.npy,1364,test,1,14.3359375,0.9999994057335769,1
features_1:1367,features_1.npy,1367,test,1,4.07421875,0.9832788562945579,1
features_1:1368,features_1.npy,1368,test,1,14.484375,0.9999994877102798,1
features_1:1376,features_1.npy,1376,test,1,11.9296875,0.9999934082658262,1
features_1:1385,features_1.npy,1385,test,1,15.171875,0.999999742404486,1
features_1:1388,features_1.npy,1388,test,1,12.4921875,0.9999962441324314,1
features_1:1390,features_1.npy,1390,test,1,12.3046875,0.9999954695624351,1
features_1:1394,features_1.npy,1394,test,1,8.6875,0.9998313472460109,1
features_1:1408,features_1.npy,1408,test,1,14.6796875,0.9999995786019323,1
features_1:1415,features_1.npy,1415,test,1,15.7109375,0.999999849745851,1
features_1:1423,features_1.npy,1423,test,1,14.96875,0.9999996843873972,1
features_1:1439,features_1.npy,1439,test,1,14.734375,0.9999996010283196,1
features_1:1440,features_1.npy,1440,test,1,15.796875,0.9999998621190406,1
features_1:1443,features_1.npy,1443,test,1,16.9375,0.9999999559305942,1
features_1:1447,features_1.npy,1447,test,1,17.53125,0.9999999756625623,1
features_1:1452,features_1.npy,1452,test,1,11.84375,0.9999928167396002,1
features_1:1453,features_1.npy,1453,test,1,12.640625,0.9999967622380979,1
features_1:1459,features_1.npy,1459,test,1,10.7265625,0.9999780465104471,1
features_1:1465,features_1.npy,1465,test,1,13.09375,0.9999979419508905,1
features_1:1472,features_1.npy,1472,test,1,14.3125,0.9999993916409633,1
features_1:1473,features_1.npy,1473,test,1,5.5546875,0.9961456361730884,1
features_1:1478,features_1.npy,1478,test,1,12.3125,0.9999955048184215,1
features_1:1482,features_1.npy,1482,test,1,0.66796875,0.6610481792447818,0
features_1:1485,features_1.npy,1485,test,1,14.8046875,0.9999996281174923,1
features_1:1489,features_1.npy,1489,test,1,9.1015625,0.9998885209620572,1
features_1:1494,features_1.npy,1494,test,1,14.7734375,0.9999996163126788,1
features_1:1500,features_1.npy,1500,test,1,16.34375,0.9999999202006181,1
features_1:1523,features_1.npy,1523,test,1,15.328125,0.9999997796668726,1
features_1:1525,features_1.npy,1525,test,1,16.3125,0.9999999176675142,1
features_1:1530,features_1.npy,1530,test,1,15.609375,0.9999998336838208,1
features_1:1540,features_1.npy,1540,test,1,12.609375,0.9999966594608457,1
features_1:1546,features_1.npy,1546,test,1,13.9375,0.9999991148430695,1
features_1:1549,features_1.npy,1549,test,1,17.984375,0.9999999845301832,1
features_1:1555,features_1.npy,1555,test,1,14.65625,0.9999995686087695,1
features_1:1559,features_1.npy,1559,test,1,13.9921875,0.9999991619502226,1
features_1:1567,features_1.npy,1567,test,1,10.890625,0.9999813682535154,1
features_1:1571,features_1.npy,1571,test,1,13.671875,0.9999988455380359,1
features_1:1579,features_1.npy,1579,test,1,15.4765625,0.999999810060966,1
features_1:1584,features_1.npy,1584,test,1,15.9765625,0.9999998847961438,1
features_1:1587,features_1.npy,1587,test,1,15.0859375,0.9999997192883303,1
features_1:1601,features_1.npy,1601,test,1,16.203125,0.9999999081514757,1
features_1:1606,features_1.npy,1606,test,1,15.6015625,0.9999998323793872,1
features_1:1608,features_1.npy,1608,test,1,13.2734375,0.999998280435023,1
features_1:1631,features_1.npy,1631,test,1,16.484375,0.9999999306690949,1
features_1:1660,features_1.npy,1660,test,1,13.953125,0.9999991285661438,1
features_1:1661,features_1.npy,1661,test,1,10.8515625,0.9999806260634916,1
features_1:1678,features_1.npy,1678,test,1,-2.76953125,0.05899302973563795,0
features_1:1679,features_1.npy,1679,test,1,15.1640625,0.99999974038414,1
features_1:1680,features_1.npy,1680,test,1,7.28125,0.9993121488449448,1
features_1:1682,features_1.npy,1682,test,1,16.234375,0.9999999109773575,1
features_1:1686,features_1.npy,1686,test,1,13.578125,0.9999987320717236,1
features_1:1692,features_1.npy,1692,test,1,11.546875,0.999990333890596,1
features_1:1693,features_1.npy,1693,test,1,13.78125,0.9999989651468597,1
features_1:1695,features_1.npy,1695,test,1,13.8046875,0.9999989891191827,1
features_1:1698,features_1.npy,1698,test,1,16.578125,0.9999999368734922,1
features_1:1699,features_1.npy,1699,test,1,14.53125,0.9999995111697226,1
features_1:1708,features_1.npy,1708,test,1,16.78125,0.9999999484776454,1
features_1:1709,features_1.npy,1709,test,1,16.078125,0.999999895921988,1
features_1:1710,features_1.npy,1710,test,1,5.62890625,0.9964203573960624,1
features_1:1712,features_1.npy,1712,test,1,13.40625,0.9999984942982746,1
features_1:1735,features_1.npy,1735,test,1,10.2421875,0.9999643664566282,1
features_1:1748,features_1.npy,1748,test,1,12.9296875,0.9999975750264115,1
features_1:1764,features_1.npy,1764,test,1,-8.828125,0.00014653129390717958,0
features_1:1768,features_1.npy,1768,test,1,10.15625,0.9999611688901312,1
features_1:1776,features_1.npy,1776,test,1,13.640625,0.9999988088915229,1
features_1:1799,features_1.npy,1799,test,1,14.2265625,0.999999337047944,1
features_1:1822,features_1.npy,1822,test,1,13.4609375,0.9999985744301444,1
features_1:1823,features_1.npy,1823,test,1,13.9140625,0.999999093852197,1
features_1:1826,features_1.npy,1826,test,1,13.90625,0.999999086745198,1
features_1:1827,features_1.npy,1827,test,1,14.4921875,0.999999491696948,1
features_1:1829,features_1.npy,1829,test,1,13.1875,0.9999981261246162,1
features_1:1836,features_1.npy,1836,test,1,13.6640625,0.9999988364834891,1
features_1:1845,features_1.npy,1845,test,1,15.125,0.9999997300422225,1
features_1:1852,features_1.npy,1852,test,1,15.3046875,0.9999997744418241,1
features_1:1855,features_1.npy,1855,test,1,12.78125,0.999997186982516,1
features_1:1858,features_1.npy,1858,test,1,16.4375,0.9999999273418356,1
features_1:1863,features_1.npy,1863,test,1,9.5078125,0.9999257361871973,1
features_1:1865,features_1.npy,1865,test,1,15.625,0.9999998362623136,1
features_1:1870,features_1.npy,1870,test,1,8.1328125,0.999706345366684,1
features_1:1873,features_1.npy,1873,test,1,8.234375,0.9997346976231016,1
features_1:1875,features_1.npy,1875,test,1,14.359375,0.9999994194997356,1
features_1:1906,features_1.npy,1906,test,1,13.203125,0.9999981551763079,1
features_1:1909,features_1.npy,1909,test,1,11.0390625,0.9999839383892987,1
features_1:1913,features_1.npy,1913,test,1,11.1328125,0.9999853757160159,1
features_1:1925,features_1.npy,1925,test,1,0.281005859375,0.5697928064956514,0
features_1:1928,features_1.npy,1928,test,1,16.734375,0.999999946005036,1
features_1:1934,features_1.npy,1934,test,1,12.3125,0.9999955048184215,1
features_1:1956,features_1.npy,1956,test,1,14.96875,0.9999996843873972,1
features_1:1961,features_1.npy,1961,test,1,11.828125,0.9999927036205339,1
features_1:1965,features_1.npy,1965,test,1,11.890625,0.9999931456827884,1
features_1:1968,features_1.npy,1968,test,1,15.03125,0.9999997035093924,1
features_1:1969,features_1.npy,1969,test,1,9.8046875,0.9999448107677009,1
features_1:1974,features_1.npy,1974,test,1,14.6953125,0.9999995851351011,1
features_1:1976,features_1.npy,1976,test,1,14.0625,0.9999992188516693,1
features_1:1977,features_1.npy,1977,test,1,13.609375,0.9999987710817276,1
features_1:1982,features_1.npy,1982,test,1,12.8046875,0.9999972521458168,1
features_1:1985,features_1.npy,1985,test,1,11.7890625,0.9999924129680242,1
features_1:1986,features_1.npy,1986,test,1,13.6796875,0.99999885452212,1
features_1:1989,features_1.npy,1989,test,1,13.5703125,0.9999987221272515,1
features_1:1990,features_1.npy,1990,test,1,11.9609375,0.9999936110708703,1
features_1:1999,features_1.npy,1999,test,1,11.8046875,0.9999925305931738,1
features_1:2000,features_1.npy,2000,test,1,15.2109375,0.9999997522728127,1
features_1:2006,features_1.npy,2006,test,1,15.0625,0.9999997126314468,1
features_1:2009,features_1.npy,2009,test,1,12.9375,0.9999975938976604,1
features_1:2013,features_1.npy,2013,test,1,11.46875,0.9999895484519483,1
features_1:2014,features_1.npy,2014,test,1,13.921875,0.9999991009038888,1
features_1:2016,features_1.npy,2016,test,1,11.046875,0.9999840633797528,1
features_1:2017,features_1.npy,2017,test,1,13.8515625,0.999999035410741,1
features_1:2018,features_1.npy,2018,test,1,14.8046875,0.9999996281174923,1
features_1:2032,features_1.npy,2032,test,1,14.3359375,0.9999994057335769,1
features_1:2033,features_1.npy,2033,test,1,-0.8984375,0.2893716974101632,0
features_1:2035,features_1.npy,2035,test,1,13.6640625,0.9999988364834891,1
features_1:2040,features_1.npy,2040,test,1,15.234375,0.9999997580114054,1
features_1:2043,features_1.npy,2043,test,1,16.3125,0.9999999176675142,1
features_1:2051,features_1.npy,2051,test,1,7.4921875,0.9994428882818492,1
features_1:2054,features_1.npy,2054,test,1,13.1796875,0.9999981114276573,1
features_1:2057,features_1.npy,2057,test,1,14.5859375,0.9999995371847833,1
features_1:2061,features_1.npy,2061,test,1,13.1953125,0.9999981407072032,1
features_1:2068,features_1.npy,2068,test,1,14.109375,0.9999992546230292,1
features_1:2070,features_1.npy,2070,test,1,15.1328125,0.99999973214305,1
features_1:2096,features_1.npy,2096,test,1,-7.12109375,0.0008072304985619872,0
features_1:2099,features_1.npy,2099,test,1,14.71875,0.9999995947454324,1
features_1:2113,features_1.npy,2113,test,1,15.28125,0.9999997690928675,1
features_1:2122,features_1.npy,2122,test,1,4.125,0.9840936082881853,1
features_1:2126,features_1.npy,2126,test,1,16.15625,0.9999999037435733,1
features_1:2128,features_1.npy,2128,test,1,14.1953125,0.9999993160036009,1
features_1:2132,features_1.npy,2132,test,1,13.2109375,0.9999981695328135,1
features_1:2134,features_1.npy,2134,test,1,14.2890625,0.9999993772141536,1
features_1:2139,features_1.npy,2139,test,1,10.953125,0.9999824970742113,1
features_1:2140,features_1.npy,2140,test,1,14.0859375,0.999999236946937,1
features_1:2146,features_1.npy,2146,test,1,13.1640625,0.9999980816870275,1
features_1:2147,features_1.npy,2147,test,1,11.984375,0.9999937590693306,1
features_1:2163,features_1.npy,2163,test,1,15.3203125,0.9999997779387788,1
features_1:2174,features_1.npy,2174,test,1,14.5234375,0.9999995073357812,1
features_1:2204,features_1.npy,2204,test,1,11.453125,0.9999893838657626,1
features_1:2214,features_1.npy,2214,test,1,11.0078125,0.9999834285474941,1
features_1:2217,features_1.npy,2217,test,1,12.3515625,0.9999956770253791,1
features_1:2219,features_1.npy,2219,test,1,14.984375,0.9999996892805154,1
features_1:2240,features_1.npy,2240,test,1,9.8984375,0.9999497493839742,1
features_1:2241,features_1.npy,2241,test,1,12.484375,0.9999962146749086,1
features_1:2242,features_1.npy,2242,test,1,13.109375,0.9999979738579198,1
features_1:2246,features_1.npy,2246,test,1,15.171875,0.999999742404486,1
features_1:2247,features_1.npy,2247,test,1,12.375,0.9999957771665553,1
features_1:2252,features_1.npy,2252,test,1,14.6484375,0.9999995652253278,1
features_1:2253,features_1.npy,2253,test,1,-1.9248046875,0.12732673857393992,0
features_1:2255,features_1.npy,2255,test,1,13.4609375,0.9999985744301444,1
features_1:2257,features_1.npy,2257,test,1,15.046875,0.9999997081060518,1
features_1:2262,features_1.npy,2262,test,1,16.046875,0.9999998926181977,1
features_1:2264,features_1.npy,2264,test,1,12.3671875,0.9999957440466031,1
features_1:2265,features_1.npy,2265,test,1,12.8203125,0.9999972947472318,1
features_1:2266,features_1.npy,2266,test,1,13.5703125,0.9999987221272515,1
features_1:2269,features_1.npy,2269,test,1,12.9609375,0.99999764963483,1
features_1:2272,features_1.npy,2272,test,1,11.84375,0.9999928167396002,1
features_1:2301,features_1.npy,2301,test,1,13.7109375,0.9999988897647301,1
features_1:2302,features_1.npy,2302,test,1,13.8359375,0.9999990202206853,1
features_1:2307,features_1.npy,2307,test,1,15.9375,0.9999998802069444,1
features_1:2310,features_1.npy,2310,test,1,12.1328125,0.9999946199768459,1
features_1:2314,features_1.npy,2314,test,1,11.6484375,0.9999912673897285,1
features_1:2319,features_1.npy,2319,test,1,11.9453125,0.9999935104605292,1
features_1:2335,features_1.npy,2335,test,1,15.2265625,0.9999997561134659,1
features_1:2339,features_1.npy,2339,test,1,12.90625,0.9999975175199628,1
features_1:2350,features_1.npy,2350,test,1,17.546875,0.9999999760398793,1
features_1:2351,features_1.npy,2351,test,1,13.0546875,0.9999978599677096,1
features_1:2357,features_1.npy,2357,test,1,15.0,0.999999694097773,1
features_1:2358,features_1.npy,2358,test,1,12.53125,0.9999963880169387,1
features_1:2369,features_1.npy,2369,test,1,13.3125,0.9999983463104141,1
features_1:2373,features_1.npy,2373,test,1,14.75,0.9999996072137998,1
features_1:2376,features_1.npy,2376,test,1,13.2265625,0.9999981979115257,1
features_1:2380,features_1.npy,2380,test,1,16.28125,0.9999999150540008,1
