channel,train_mean_real,train_mean_fake,effect_size_fake_minus_real,absolute_effect_size,overall_train_variance,rank_by_absolute_effect
123,0.4653595,0.078717835,-1.2464721077508165,1.2464721077508165,0.13104081,1
133,-0.43780667,0.42424545,1.245928230996766,1.245928230996766,0.64392835,2
895,-0.23309216,0.123498544,1.238005577549263,1.238005577549263,0.109212406,3
345,-0.12770282,0.27035818,1.1840445952697727,1.1840445952697727,0.14506505,4
1173,-0.16326775,0.17168371,1.1611658323722123,1.1611658323722123,0.10759969,5
766,0.35806686,0.037058372,-1.1442740186306726,1.1442740186306726,0.10300751,6
81,0.43540254,-1.4252732,-1.1263284487291711,1.1263284487291711,3.5132065,7
972,2.3550713,0.6009187,-1.109692315786767,1.109692315786767,3.0332687,8
865,-0.16186903,0.2140282,1.1074090572622033,1.1074090572622033,0.14665747,9
598,-0.846633,0.19538604,1.0929799146311987,1.0929799146311987,1.1176252,10
591,-0.26763308,0.5335077,1.0644122701724272,1.0644122701724272,0.71816516,11
764,0.3443469,0.031728853,-1.0203347870571207,1.0203347870571207,0.11626936,12
189,0.06423355,-0.7842345,-1.0165561007531578,1.0165561007531578,0.85862535,13
724,-0.51297456,0.3740553,1.0158316069285613,1.0158316069285613,0.89422625,14
558,-0.0759061,0.23082031,1.0142618725153383,1.0142618725153383,0.11112379,15
1011,-0.11512151,0.22501211,0.9912411637949929,0.9912411637949929,0.14219932,16
1228,-0.3633292,0.11506579,0.9864999811455972,0.9864999811455972,0.28318903,17
336,-1.1804723,-0.4983179,0.9840463931383604,0.9840463931383604,0.58703023,18
551,-0.27869603,0.1444842,0.9414687778340155,0.9414687778340155,0.23627599,19
261,0.6609191,0.12064699,-0.9406539906727657,0.9406539906727657,0.40411842,20
35,0.95032835,-0.19408222,-0.9347277425098399,0.9347277425098399,1.7884628,21
1070,-0.855591,-0.33200794,0.9210163838457746,0.9210163838457746,0.3842583,22
1140,0.6318356,-0.9962489,-0.9159087223185101,0.9159087223185101,3.6367471,23
444,-0.11483779,0.26736003,0.9136770849122147,0.9136770849122147,0.20409867,24
332,1.2822232,0.5040318,-0.911069754740738,0.911069754740738,0.85046285,25
805,-0.23215468,0.07383949,0.9109008535190981,0.9109008535190981,0.13082445,26
277,-0.61487675,0.33490792,0.9106324864897676,0.9106324864897676,1.2621152,27
135,0.5107759,0.13130473,-0.9095667716772228,0.9095667716772228,0.20750137,28
138,0.48659602,0.24053928,-0.9071928757848626,0.9071928757848626,0.08741441,29
308,0.5969355,0.117825426,-0.9048538985872996,0.9048538985872996,0.33002314,30
22,-0.16101554,0.16888778,0.8982447031805562,0.8982447031805562,0.15632093,31
141,-0.8615955,-0.39259243,0.8903711291864185,0.8903711291864185,0.30991474,32
822,-0.14028928,0.19624996,0.8865652489363257,0.8865652489363257,0.16827984,33
906,-0.11535899,0.3060344,0.881277162868845,0.881277162868845,0.26507002,34
1151,0.50266796,0.20586681,-0.8810548166217316,0.8810548166217316,0.1273591,35
256,-1.6584479,-1.0436996,0.8806262108993899,0.8806262108993899,0.57708716,36
460,0.5708069,0.15062678,-0.8784954916016618,0.8784954916016618,0.26457375,37
247,-0.59600425,0.0039866115,0.8765402100230023,0.8765402100230023,0.5348643,38
315,0.38958585,0.12780531,-0.8728273481495901,0.8728273481495901,0.104736164,39
993,-0.35593486,0.14534083,0.8721302693085158,0.8721302693085158,0.38965648,40
1188,-0.046661507,1.1218917,0.8716182502825381,0.8716182502825381,2.0730546,41
223,0.04343394,0.2005906,0.8715849249067316,0.8715849249067316,0.037425857,42
280,0.43371487,0.14889644,-0.8638403381621278,0.8638403381621278,0.12424333,43
542,-0.130575,0.13503505,0.8588547264595637,0.8588547264595637,0.111810334,44
157,0.6826628,0.04394711,-0.8546430526613761,0.8546430526613761,0.6361403,45
1023,-0.081265144,0.1773725,0.8528933117925376,0.8528933117925376,0.104325265,46
1158,0.03718302,0.23892024,0.8488278038668893,0.8488278038668893,0.0659935,47
778,0.63661677,-0.05864743,-0.8473563308573893,0.8473563308573893,0.76901835,48
298,-0.2249155,0.13103949,0.8460140051934444,0.8460140051934444,0.2034853,49
372,-0.049941964,0.5543938,0.8395020941238404,0.8395020941238404,0.6040864,50
454,-0.011073906,0.26870412,0.8364409611387319,0.8364409611387319,0.1270093,51
269,0.103711076,-0.10419914,-0.8362209495868893,0.8362209495868893,0.07208781,52
60,-0.8672562,-0.17787878,0.8349644282070071,0.8349644282070071,0.7653968,53
370,0.5824024,0.16725983,-0.8268961242502579,0.8268961242502579,0.28492287,54
1079,-0.11104836,0.3122162,0.8258770248666026,0.8258770248666026,0.29268023,55
1113,-0.17639624,0.14585191,0.8248424147199493,0.8248424147199493,0.17139155,56
1047,-0.11786207,0.22650309,0.8234699178088404,0.8234699178088404,0.19676909,57
832,0.025627568,0.24906634,0.816655942729157,0.816655942729157,0.088091336,58
162,0.6452413,0.02943338,-0.8141162090050302,0.8141162090050302,0.6406934,59
731,-0.17082092,0.08573051,0.8114507401967226,0.8114507401967226,0.11163789,60
425,0.439148,0.1072643,-0.8094056660053127,0.8094056660053127,0.1919997,61
293,-0.27876532,0.21810892,0.8076064555159398,0.8076064555159398,0.43428928,62
1213,-0.6126687,0.50634265,0.8041996351525879,0.8041996351525879,2.1190226,63
861,-0.115052216,0.14931178,0.8011889984607606,0.8011889984607606,0.12129155,64
537,-1.1052737,-0.5126752,0.7980854416832874,0.7980854416832874,0.63688135,65
1039,0.2232467,0.062108323,-0.7919078304955105,0.7919078304955105,0.046311997,66
734,-0.86609656,-0.3483345,0.7769236030825605,0.7769236030825605,0.48196113,67
207,0.67300713,0.29177302,-0.7744451638461576,0.7744451638461576,0.26697034,68
41,0.46079242,0.08454413,-0.7715986398073248,0.7715986398073248,0.263683,69
1040,-0.10709121,0.18661429,0.7690997345732886,0.7690997345732886,0.16189542,70
1029,-0.30503315,0.3104667,0.7682781911799237,0.7682781911799237,0.7356422,71
976,0.9926056,-0.42033076,-0.767030308663206,0.767030308663206,3.79012,72
733,-0.051266626,0.16325232,0.7648373556082838,0.7648373556082838,0.08847401,73
1128,-0.16015413,0.116465345,0.7615994915989897,0.7615994915989897,0.14491595,74
526,5.789574,0.29978323,-0.7594434255822843,0.7594434255822843,55.356503,75
534,-0.12154362,0.15051764,0.7580820588448296,0.7580820588448296,0.14500546,76
1034,-0.27562594,0.12322765,0.7569370466600125,0.7569370466600125,0.3053107,77
442,0.006202238,0.2477141,0.7521710002876645,0.7521710002876645,0.11699321,78
371,0.42067897,0.006550071,-0.7513997733148243,0.7513997733148243,0.33894682,79
1175,0.6195301,0.17854531,-0.7501245738564876,0.7501245738564876,0.38091767,80
988,0.10904288,0.3282037,0.7496558399197164,0.7496558399197164,0.09775995,81
485,-0.032666218,0.21165226,0.7490179389688971,0.7490179389688971,0.11701075,82
1269,0.19108118,-0.24115857,-0.7489658584638448,0.7489658584638448,0.36700663,83
1263,-0.28849077,-0.023865864,0.748285156041807,0.748285156041807,0.13789232,84
1067,-0.1551879,0.17032926,0.7480109153232877,0.7480109153232877,0.20623986,85
418,-0.19658923,-0.8776281,-0.7414419335563717,0.7414419335563717,0.96852314,86
173,0.089860335,-0.78389263,-0.7397141262417672,0.7397141262417672,1.5399299,87
983,-0.029977633,0.16449478,0.7395524189480106,0.7395524189480106,0.07731172,88
213,0.4026725,0.09223569,-0.7394372137341891,0.7394372137341891,0.19008297,89
97,-0.27287516,0.13544138,0.7390697648167891,0.7390697648167891,0.32919034,90
44,-0.0006250958,0.2865178,0.7340124233972865,0.7340124233972865,0.1676295,91
557,0.0026076494,0.27579904,0.7332027054703658,0.7332027054703658,0.14818093,92
510,-0.2617863,0.21874769,0.7300122761178225,0.7300122761178225,0.48140007,93
556,-0.18444201,0.23570164,0.7270141809084708,0.7270141809084708,0.3662048,94
1261,-0.6532715,0.14790797,0.7224579126719686,0.7224579126719686,1.3517197,95
1090,0.20492864,0.04446341,-0.7210948687614894,0.7210948687614894,0.054374713,96
191,0.21756688,0.48010352,0.7193659292363921,0.7193659292363921,0.14573888,97
346,-1.6220396,-1.1330888,0.7123024204657966,0.7123024204657966,0.53432053,98
219,0.4635209,0.24275666,-0.708621386652886,0.708621386652886,0.105806485,99
1162,0.035847306,0.22174029,0.7075539348541674,0.7075539348541674,0.076133646,100
614,-1.2201053,-0.28517732,0.7060932094650507,0.7060932094650507,1.9599378,101
18,0.27742797,0.10935729,-0.7054111245055272,0.7054111245055272,0.061868053,102
300,0.16874617,-0.03646264,-0.7041242735583569,0.7041242735583569,0.09588311,103
673,-0.22172791,-1.3487799,-0.7037932606109597,0.7037932606109597,2.8162212,104
448,-1.4136899,-0.6894975,0.7023142763605766,0.7023142763605766,1.2095352,105
152,0.13026935,0.30364868,0.7009640199714617,0.7009640199714617,0.06688535,106
635,-0.45741034,-0.027347775,0.6989995987569808,0.6989995987569808,0.4143516,107
530,-0.23080671,0.11729325,0.6969874108801727,0.6969874108801727,0.28076327,108
351,0.28757343,0.035025146,-0.6959665791325415,0.6959665791325415,0.14642563,109
398,0.27692005,0.14491805,-0.6899310044128378,0.6899310044128378,0.040497184,110
282,-2.705191,-2.3097851,0.6891510263103743,0.6891510263103743,0.36475742,111
470,-0.34051278,-0.8620507,-0.6885908456233969,0.6885908456233969,0.63089246,112
937,0.24845748,-0.5323807,-0.687145946591769,0.687145946591769,1.3791419,113
366,-0.35315806,-0.7853339,-0.6857833296702315,0.6857833296702315,0.42781124,114
202,-0.4509348,-0.055713736,0.6849193418175958,0.6849193418175958,0.36603355,115
880,0.059459247,0.35291326,0.6841392977181131,0.6841392977181131,0.19372496,116
341,0.051839516,0.21822782,0.684105214658582,0.684105214658582,0.063180014,117
456,0.43035316,0.11904503,-0.6838182855608619,0.6838182855608619,0.22344773,118
531,0.20643312,1.350214,0.67982386481824,0.67982386481824,3.234723,119
69,-0.033884846,0.107594214,0.6797616866447992,0.6797616866447992,0.04811612,120
294,-0.50640833,-1.0665494,-0.6779435289151474,0.6779435289151474,0.74147415,121
730,-2.0632699,-0.77947515,0.6769162557048779,0.6769162557048779,4.272879,122
1112,-1.128179,-0.6552127,0.6767369670750273,0.6767369670750273,0.5485176,123
327,0.10561785,0.29412535,0.67646081232901,0.67646081232901,0.08486472,124
718,0.4609568,0.18729265,-0.6718621250217066,0.6718621250217066,0.17840232,125
1236,-0.4313126,-2.0578754,-0.6693057620628058,0.6693057620628058,6.7284417,126
488,-0.47659504,0.01245215,0.6691973756140733,0.6691973756140733,0.57682407,127
714,0.42478874,0.16084749,-0.668078070072812,0.668078070072812,0.16793393,128
364,-1.1095126,-0.60711575,0.6674097923863729,0.6674097923863729,0.6142672,129
905,-4.181701,-3.595343,0.6614153228119908,0.6614153228119908,0.8787491,130
1217,-0.35597232,0.1999311,0.6600831371047575,0.6600831371047575,0.7737032,131
984,-0.10459758,0.17620374,0.6598023772705733,0.6598023772705733,0.19520713,132
1244,-0.021153223,0.16821238,0.6597769000805397,0.6597769000805397,0.0913315,133
700,0.47700727,-0.12932573,-0.6551067914857812,0.6551067914857812,0.93956894,134
140,0.023805067,0.18813233,0.651127144146156,0.651127144146156,0.069036126,135
1148,0.44910976,0.07866135,-0.6497716796029425,0.6497716796029425,0.34076884,136
484,0.093326166,0.3375042,0.649557366673788,0.649557366673788,0.15050192,137
1277,0.0018160924,0.1648331,0.6487613169159782,0.6487613169159782,0.06961845,138
1199,-0.6225571,-0.3618253,0.6472966212231442,0.6472966212231442,0.16944821,139
590,-0.24129811,0.1213647,0.6464009947461279,0.6464009947461279,0.34021717,140
358,0.35384983,0.19207901,-0.6440674037063241,0.6440674037063241,0.0688151,141
195,-0.32145613,0.8100056,0.6433007082558697,0.6433007082558697,3.469678,142
114,-0.11711381,0.15558839,0.6416173374347521,0.6416173374347521,0.19719008,143
283,0.09969576,0.3867278,0.6399890558026078,0.6399890558026078,0.2062633,144
249,0.50775194,0.16118272,-0.6398067606554898,0.6398067606554898,0.30432504,145
773,-0.12739956,-0.7486064,-0.6384488627931874,0.6384488627931874,0.99395657,146
908,-0.7868264,-0.16287118,0.6383624296751993,0.6383624296751993,1.0574785,147
828,-0.66602045,-0.20983645,0.6382379656254286,0.6382379656254286,0.56038207,148
620,-0.99236107,-0.42175746,0.6365656399900644,0.6365656399900644,0.8812895,149
316,0.39246258,-0.21378416,-0.6348032887918081,0.6348032887918081,0.96542233,150
459,-0.15149826,0.13836971,0.6323138188729004,0.6323138188729004,0.22054738,151
612,0.3561578,0.06400891,-0.6317374160835999,0.6317374160835999,0.23682836,152
1118,-0.5132579,0.07917657,0.6294196425422863,0.6294196425422863,0.943432,153
1031,0.27379048,0.10474367,-0.629264919865466,0.629264919865466,0.0746769,154
1161,0.12926354,0.32599518,0.6287400108542783,0.6287400108542783,0.10537393,155
393,-0.1300234,0.56809074,0.6269701321917458,0.6269701321917458,1.371513,156
794,0.8510281,-1.1775447,-0.626791068466535,0.626791068466535,13.006362,157
1074,0.05103053,0.25626072,0.6264345110274805,0.6264345110274805,0.11638455,158
89,-0.005876333,0.33083978,0.6261236789854955,0.6261236789854955,0.30063733,159
747,0.5727445,0.32108513,-0.6231295649845531,0.6231295649845531,0.17539145,160
119,-0.66306186,-0.19688442,0.6217970793876546,0.6217970793876546,0.5585216,161
891,-0.022676291,0.5034969,0.6215604588162018,0.6215604588162018,0.77256584,162
568,-0.16246715,0.34902778,0.6175346366726542,0.6175346366726542,0.74062425,163
599,-0.27034336,-0.008058201,0.6161191915574615,0.6161191915574615,0.19866487,164
959,0.79347944,0.13170132,-0.6144278197844659,0.6144278197844659,1.2964567,165
301,-0.008653658,0.43515974,0.613005592446859,0.613005592446859,0.55349475,166
431,-0.90614134,-0.49764997,0.6125166640204619,0.6125166640204619,0.46960008,167
296,0.20630877,0.026109293,-0.6091074189766631,0.6091074189766631,0.09259074,168
423,-0.021168565,0.1530465,0.607693441165661,0.607693441165661,0.088945754,169
600,0.06064617,0.2731097,0.6065075356197894,0.6065075356197894,0.12738453,170
232,0.2544973,0.08248778,-0.6062292612967198,0.6062292612967198,0.086408705,171
870,0.08880854,0.2642357,0.6054748920070153,0.6054748920070153,0.091623835,172
49,0.047264345,0.2608811,0.6028441528537827,0.6028441528537827,0.13258158,173
445,0.42024663,-0.1491974,-0.6011657159206503,0.6011657159206503,0.9544124,174
1200,-0.26607215,-0.69739187,-0.6003167978516338,0.6003167978516338,0.5471372,175
776,-0.2737982,-0.64118004,-0.5995328869506501,0.5995328869506501,0.4040901,176
1051,0.053851325,0.3464233,0.5954792758421589,0.5954792758421589,0.2518007,177
674,-0.084233955,-0.49496266,-0.5935943394167128,0.5935943394167128,0.5054887,178
436,-1.8636471,-1.0174412,0.5932226483346631,0.5932226483346631,2.1736815,179
694,-0.16747741,0.058199428,0.5913665225389806,0.5913665225389806,0.15318152,180
541,-0.11856214,0.120175116,0.5911546652825952,0.5911546652825952,0.17228934,181
407,-0.20476699,0.12417821,0.5900515915399238,0.5900515915399238,0.33735204,182
309,-1.2325987,-0.57203084,0.5882258306115178,0.5882258306115178,1.347602,183
1111,-0.12723167,0.1095667,0.5873434894690432,0.5873434894690432,0.17126523,184
675,-0.5497796,-1.8507136,-0.5821866410428341,0.5821866410428341,5.402333,185
560,-0.1086896,0.12288508,0.5800915503842714,0.5800915503842714,0.17107497,186
1242,0.31801248,0.1476172,-0.5789255459617146,0.5789255459617146,0.08695935,187
953,-0.9787436,-0.38877752,0.5774974870024989,0.5774974870024989,1.1273657,188
625,-0.07138751,0.14000978,0.5745744515088136,0.5745744515088136,0.14067169,189
1255,-0.4416762,0.044318374,0.5740364465378487,0.5740364465378487,0.8103984,190
518,-0.22836109,0.11415827,0.5739562255203211,0.5739562255203211,0.38366422,191
334,0.14285162,0.28957075,0.5713638209850391,0.5713638209850391,0.06963903,192
629,-0.22451028,0.12655014,0.5709169776608825,0.5709169776608825,0.40203226,193
883,-0.3812817,0.17013013,0.5686790297936631,0.5686790297936631,1.0165788,194
853,0.13750564,0.27997226,0.568300986274943,0.568300986274943,0.06700532,195
1123,0.6012946,0.33139402,-0.5681796549601021,0.5681796549601021,0.23851517,196
496,-0.07726004,0.109782435,0.5680751702114017,0.5680751702114017,0.11585902,197
827,0.06625865,0.22476727,0.5677145250837089,0.5677145250837089,0.08308762,198
1062,-0.10044453,0.17359987,0.5654687093453326,0.5654687093453326,0.24753164,199
311,-0.063355915,0.11488671,0.5638078782716592,0.5638078782716592,0.1047732,200
787,-1.376511,-0.95492446,0.563683967942784,0.563683967942784,0.5887422,201
74,-0.06606252,0.16688953,0.5628569285057601,0.5628569285057601,0.1796105,202
317,0.20138103,0.06101124,-0.5601946896881741,0.5601946896881741,0.06651726,203
690,-0.79594654,-1.1841059,-0.5586121669212042,0.5586121669212042,0.49671006,204
397,0.38751546,0.24398488,-0.5585322571555502,0.5585322571555502,0.06973585,205
1073,-0.06997467,0.21421777,0.5585087207214948,0.5585087207214948,0.26953027,206
630,0.16152942,0.3248572,0.5580007209017234,0.5580007209017234,0.09132123,207
985,-0.16146797,0.040263563,0.5578430611239564,0.5578430611239564,0.13879888,208
936,-0.017265933,0.17780925,0.55656906609343,0.55656906609343,0.12903546,209
715,0.21198313,-0.22968644,-0.555687053460697,0.555687053460697,0.6660276,210
500,0.4617609,0.23864603,-0.555487369821194,0.555487369821194,0.17608209,211
529,0.03874857,0.23373759,0.554108757406188,0.554108757406188,0.12746891,212
934,0.07064164,0.22071506,0.553658128961655,0.553658128961655,0.07790739,213
187,-1.3521343,-1.0397651,0.5534214998170923,0.5534214998170923,0.34571677,214
1168,0.40994528,0.22193316,-0.5529581531378054,0.5529581531378054,0.120951824,215
1183,-0.14591308,0.14325605,0.5510614262687338,0.5510614262687338,0.28352985,216
729,-0.35987535,0.08642557,0.5494840653662757,0.5494840653662757,0.6731696,217
399,-0.56813055,-0.22851086,0.5494193511583867,0.5494193511583867,0.39860013,218
749,0.33861423,0.17295411,-0.5492497838998884,0.5492497838998884,0.0934404,219
555,0.09660468,0.27452388,0.5479061840802398,0.5479061840802398,0.11331595,220
264,0.033587158,0.40136427,0.5472750982195147,0.5472750982195147,0.47867042,221
1165,-0.019789137,0.15951988,0.5457613905245938,0.5457613905245938,0.11115486,222
288,0.4252375,0.2321864,-0.5453143137826544,0.5453143137826544,0.13119702,223
237,0.68822443,0.33561692,-0.5451213877438712,0.5451213877438712,0.4434272,224
709,0.038635667,0.21167327,0.5432469876688764,0.5432469876688764,0.11003273,225
151,-0.090774275,0.15254836,0.5427299795302591,0.5427299795302591,0.21359818,226
651,-0.103512354,0.030615706,0.5423505975750982,0.5423505975750982,0.06381441,227
784,0.4509026,0.11479656,-0.5421312756936802,0.5421312756936802,0.4012792,228
791,0.31339845,0.15199105,-0.5407623536902332,0.5407623536902332,0.09238547,229
1096,-0.107187845,0.079810895,0.5397190264930438,0.5397190264930438,0.12587428,230
478,0.3176118,0.15861797,-0.5382535242182995,0.5382535242182995,0.08991767,231
79,0.27268684,-0.18843547,-0.5371134361532959,0.5371134361532959,0.761357,232
1009,0.022354648,0.17600267,0.5328611202272173,0.5328611202272173,0.08477452,233
146,-0.115675956,-0.6940776,-0.5320322837196274,0.5320322837196274,1.2378526,234
66,-0.3677539,-0.8419458,-0.5307481171873468,0.5307481171873468,0.8626989,235
896,-0.5854438,-0.27335024,0.5283105437321921,0.5283105437321921,0.36293453,236
1196,-1.1897944,-0.8523142,0.5274553843861197,0.5274553843861197,0.43841282,237
1033,0.0548748,0.19133006,0.5257272496396029,0.5257272496396029,0.07195095,238
101,-1.2796965,-0.7536164,0.5255872301304965,0.5255872301304965,1.0293133,239
867,-0.05832291,0.06012649,0.5247226459357444,0.5247226459357444,0.053435862,240
736,0.49000093,0.015537145,-0.5246339066453004,0.5246339066453004,0.8324486,241
226,0.4714589,0.2354043,-0.5211959744411152,0.5211959744411152,0.21041436,242
878,0.059217725,0.20466082,0.5204342680493603,0.5204342680493603,0.08172663,243
33,0.3018253,0.16175334,-0.5200275606712313,0.5200275606712313,0.07479688,244
923,0.113811605,0.22527193,0.5195404776193692,0.5195404776193692,0.048458856,245
86,0.26429036,0.11378096,-0.5154889301240233,0.5154889301240233,0.09126542,246
350,-0.5960199,-0.9490623,-0.5154735400122283,0.5154735400122283,0.48618388,247
1222,-1.0858054,-0.7312154,0.5153604171007277,0.5153604171007277,0.50711,248
1163,0.4450598,0.26918083,-0.5137380685718628,0.5137380685718628,0.12137865,249
1245,0.24045105,-0.10000502,-0.5113663458110062,0.5113663458110062,0.47372955,250
104,-0.89633244,-0.60949737,0.5112477041295207,0.5112477041295207,0.33212125,251
1265,0.14869553,0.283176,0.5110529967863601,0.5110529967863601,0.071631774,252
221,0.30971307,0.18099508,-0.509437020450495,0.509437020450495,0.066571444,253
409,-0.96184695,-0.5758168,0.5057012889390817,0.5057012889390817,0.6313205,254
1164,-0.6023775,-0.2116353,0.505127617094516,0.505127617094516,0.6233948,255
303,-0.6559916,-0.030453328,0.5033860083730372,0.5033860083730372,1.6255109,256
703,-0.5667966,-0.8940853,-0.5017842241652805,0.5017842241652805,0.45647836,257
3,-0.026842708,0.113630675,0.5016571790692919,0.5016571790692919,0.08077623,258
670,0.088992774,0.22069383,0.5015012341449764,0.5015012341449764,0.07155502,259
1046,-0.50070876,-0.79257953,-0.5008212496834064,0.5008212496834064,0.3603303,260
1166,0.061218597,0.21422265,0.4992778294226227,0.4992778294226227,0.09467343,261
659,0.21982437,0.05821609,-0.49769891953307477,0.49769891953307477,0.10848216,262
435,0.290071,0.15566425,-0.4949762604709005,0.4949762604709005,0.073364094,263
800,0.35971227,0.21943079,-0.49429934723870855,0.49429934723870855,0.08412411,264
992,-0.03684093,0.15597688,0.4926439295324682,0.4926439295324682,0.1528798,265
708,-0.8591331,-0.23987612,0.4921039815002531,0.4921039815002531,1.6976299,266
930,0.04902021,0.24027511,0.49201774944549387,0.49201774944549387,0.16002251,267
1015,-2.3017747,-1.5391896,0.4918586909594305,0.4918586909594305,2.5040367,268
1104,0.027946789,-0.4849454,-0.4918364647237361,0.4918364647237361,1.1037819,269
1006,-0.67782956,-0.41569597,0.4915995607186378,0.4915995607186378,0.29777434,270
107,-0.076640345,0.058441557,0.48982742750385855,0.48982742750385855,0.07748903,271
563,0.5692894,0.19448039,-0.4890343813298813,0.4890343813298813,0.59038,272
1082,0.36748216,0.21397145,-0.488424256460857,0.488424256460857,0.10419609,273
257,-0.37522337,-0.6901368,-0.4880582752873101,0.4880582752873101,0.42466187,274
25,-1.1995249,-1.6111184,-0.48617686246982195,0.48617686246982195,0.7331078,275
17,0.31697026,0.1669557,-0.48528232497548324,0.48528232497548324,0.09770528,276
910,-0.05064448,0.11585166,0.4850712040289999,0.4850712040289999,0.12058963,277
143,0.12453523,-0.13230504,-0.48505641928150517,0.48505641928150517,0.29374427,278
839,0.02742364,0.19557741,0.4844634614434486,0.4844634614434486,0.12736686,279
182,-0.09714671,-0.46763003,-0.4834058227664715,0.4834058227664715,0.6020977,280
20,0.05860792,0.17558327,0.4833023139294999,0.4833023139294999,0.06216814,281
1257,-0.13072,0.02790296,0.482826886586376,0.482826886586376,0.112125665,282
1138,-0.34776044,-0.04124493,0.48083902425839264,0.48083902425839264,0.42998463,283
412,0.40014088,0.21071215,-0.4804045116887799,0.4804045116887799,0.1592393,284
846,0.05859661,0.2029098,0.4771195996375062,0.4771195996375062,0.09222157,285
877,-0.5718106,-0.31410173,0.4765528071701979,0.4765528071701979,0.2953812,286
756,-0.09426122,0.08462068,0.47504231372203565,0.47504231372203565,0.14363758,287
1024,-0.040995713,-0.4258162,-0.47457856893656764,0.47457856893656764,0.67360145,288
604,0.09840126,-0.27328905,-0.4733500426012944,0.4733500426012944,0.6435717,289
578,-0.046198096,0.16432725,0.470391350343116,0.470391350343116,0.20947242,290
645,-0.61092806,-0.07177049,0.46963414227807976,0.46963414227807976,1.4656881,291
106,0.0016232689,0.12187038,0.4654404368572272,0.4654404368572272,0.06775623,292
375,0.110370435,0.25440794,0.4649529209826922,0.4649529209826922,0.09405822,293
517,0.112684995,0.27132857,0.4635089885063239,0.4635089885063239,0.12136269,294
275,0.04224677,0.25908834,0.46219872959670266,0.46219872959670266,0.23014066,295
546,0.18918052,0.0097010415,-0.46129925096428603,0.46129925096428603,0.15886362,296
163,-0.08309452,0.11445354,0.4598992880493918,0.4598992880493918,0.19178037,297
660,0.7074904,0.11787777,-0.4592734339011089,0.4592734339011089,1.6270285,298
134,-0.123892635,0.15815616,0.45872117757964237,0.45872117757964237,0.3976916,299
977,-0.57875395,-0.22055756,0.4571287141247803,0.4571287141247803,0.6344535,300
917,0.045759864,0.16136114,0.4552451037029915,0.4552451037029915,0.06642223,301
833,-0.96157897,-0.6701907,0.45106366478967186,0.45106366478967186,0.4328704,302
1197,-0.12890442,-0.410389,-0.4509864325296753,0.4509864325296753,0.4095866,303
577,0.21037625,0.47390768,0.4505760216536845,0.4505760216536845,0.35269326,304
970,-0.5186867,-0.06584951,0.4495185912719143,0.4495185912719143,1.0601268,305
835,-1.119927,-1.6405351,-0.44887554348576925,0.44887554348576925,1.3992589,306
1201,0.11981561,0.3265728,0.44886004122761514,0.44886004122761514,0.21388869,307
825,-0.08599559,-0.4412232,-0.44878074642106947,0.44878074642106947,0.627028,308
982,-0.79611045,-1.3460726,-0.4475461984416669,0.4475461984416669,1.5056903,309
88,0.9251016,1.7828155,0.446816554188077,0.446816554188077,3.8326206,310
830,-0.29957137,0.01989365,0.4464533111742158,0.4464533111742158,0.52308977,311
525,-1.2810016,-1.0116811,0.44617839991535096,0.44617839991535096,0.3717284,312
545,0.35478032,0.2151086,-0.44578427263459597,0.44578427263459597,0.10222822,313
1258,-0.19694868,-0.4107621,-0.44433918127860494,0.44433918127860494,0.22950757,314
1249,0.3488511,0.1385197,-0.4440677128616889,0.4440677128616889,0.23050222,315
1126,-0.50410455,-0.23320569,0.44397602725156327,0.44397602725156327,0.39538288,316
1209,-0.7151806,-0.33289933,0.44388138417185274,0.44388138417185274,0.78530204,317
335,0.40616798,0.21506114,-0.4437746458550601,0.4437746458550601,0.18561162,318
1017,-0.5349159,-0.8485141,-0.44356187822571386,0.44356187822571386,0.49899617,319
582,-0.04908996,0.06422863,0.4434960370462368,0.4434960370462368,0.06729873,320
363,-0.55520064,-0.9809307,-0.4427622189282365,0.4427622189282365,0.91951984,321
410,-1.4641715,-1.2507846,0.44210360665399734,0.44210360665399734,0.23915039,322
713,-0.123362035,0.060088344,0.4419864812548889,0.4419864812548889,0.17996147,323
852,-2.333937,-1.7296599,0.4395883045208869,0.4395883045208869,1.8865948,324
871,-1.0771847,-0.8315571,0.43850719968152,0.43850719968152,0.3185839,325
966,0.12518913,0.24033707,0.43807221309297933,0.43807221309297933,0.070608094,326
1089,-0.26137894,-0.90435725,-0.43712886378168014,0.43712886378168014,2.4150884,327
565,0.047322456,0.17624739,0.4370121284614757,0.4370121284614757,0.08898645,328
279,-0.112444855,0.027789539,0.436992209783196,0.436992209783196,0.104429826,329
627,-1.1564748,-0.958281,0.4369367707900809,0.4369367707900809,0.21179175,330
432,-0.40072867,-0.7000306,-0.43690550698368774,0.43690550698368774,0.4785722,331
662,0.3202787,0.1623659,-0.43677031345875095,0.43677031345875095,0.12918717,332
751,0.008692762,-0.2781243,-0.43520043030826844,0.43520043030826844,0.42994785,333
494,-0.40229875,-0.14789942,0.4349456849781494,0.4349456849781494,0.3491183,334
1189,-0.4746635,0.05121958,0.4339205786470508,0.4339205786470508,1.533751,335
1224,0.1440519,0.23783904,0.43368762788943827,0.43368762788943827,0.04858838,336
1247,-0.38453043,-0.1317206,0.4328332475427406,0.4328332475427406,0.34063148,337
314,1.6325127,0.8874756,-0.4324910247448115,0.4324910247448115,3.0979366,338
759,0.38944748,0.23289351,-0.431710671130112,0.431710671130112,0.13235973,339
461,-0.48921075,-0.8139527,-0.4302643754015162,0.4302643754015162,0.56763935,340
295,-0.82608134,-0.45235354,0.4279084340354212,0.4279084340354212,0.7815448,341
856,-0.1358581,0.04140501,0.4277046666425893,0.4277046666425893,0.17304929,342
304,-0.35765523,-0.12701398,0.4274273703866483,0.4274273703866483,0.3065168,343
809,-0.3940796,0.051967315,0.4257781102920226,0.4257781102920226,1.1159105,344
873,0.046148594,0.18199478,0.42488705515427544,0.42488705515427544,0.104381986,345
497,-0.4159195,-0.68717104,-0.4233110937212886,0.4233110937212886,0.4425843,346
536,-1.0878987,-1.3903816,-0.4229470593429625,0.4229470593429625,0.5241805,347
1170,-0.6073146,-0.28850397,0.42224725085570436,0.42224725085570436,0.58908457,348
113,0.40504068,0.19785659,-0.4216224938241557,0.4216224938241557,0.24613905,349
782,0.014266818,0.1725642,0.4213581273189908,0.4213581273189908,0.14135323,350
812,-0.95791674,-1.244046,-0.4213576832095778,0.4213576832095778,0.4704068,351
1172,-1.1991646,-0.5703796,0.4211873964793252,0.4211873964793252,2.212226,352
11,0.05915408,0.21067576,0.42113240530383245,0.42113240530383245,0.13572222,353
676,0.5637125,0.34216642,-0.4210886089109526,0.4210886089109526,0.28385425,354
1210,-0.5041559,-0.80536264,-0.42106941885926147,0.42106941885926147,0.51747453,355
333,-0.79750365,-0.5607302,0.4187186131993343,0.4187186131993343,0.33184874,356
872,0.011268212,0.12111034,0.418478656047556,0.418478656047556,0.06992,357
476,-1.4524993,-1.1395104,0.41767638834410475,0.41767638834410475,0.57123953,358
1091,0.09891517,0.19439343,0.4162054946556621,0.4162054946556621,0.054194164,359
324,0.27126458,0.19356829,-0.41594983777588346,0.41594983777588346,0.03669105,360
943,0.044057462,0.17547578,0.41581506448045674,0.41581506448045674,0.10336587,361
1077,-0.87022096,-0.2643385,0.4143119587884413,0.4143119587884413,2.2016342,362
685,0.14878368,0.007568085,-0.41420907246811206,0.41420907246811206,0.117989585,363
607,-0.08195757,-0.4124367,-0.41349654279560605,0.41349654279560605,0.65527683,364
587,0.13218613,-0.1604557,-0.4124167322932639,0.4124167322932639,0.5128574,365
23,-0.516568,-0.2531228,0.4118234791284363,0.4118234791284363,0.4240153,366
741,-0.16675614,-0.38791475,-0.41144785007907353,0.41144785007907353,0.2953847,367
740,0.9822786,0.3088638,-0.4113770402798136,0.4113770402798136,2.6302469,368
45,0.0771534,0.20775795,0.41126495760887716,0.41126495760887716,0.10093943,369
581,-0.16436134,-0.46644968,-0.4110238802563791,0.4110238802563791,0.5507183,370
806,-0.23393106,-0.55702883,-0.41059479270166993,0.41059479270166993,0.63669425,371
1054,-0.63341844,-0.31349015,0.40965724999783165,0.40965724999783165,0.638532,372
198,0.110591985,-0.2745237,-0.4094441671094681,0.4094441671094681,0.8731936,373
228,0.5739504,0.15892895,-0.40931730100214037,0.40931730100214037,1.0133302,374
538,-0.65360206,-0.41159198,0.4084136201858,0.4084136201858,0.36299112,375
179,0.514274,0.33176833,-0.4082839517771061,0.4082839517771061,0.20664255,376
995,0.14336368,-0.23568599,-0.40788036772981257,0.40788036772981257,0.8950637,377
400,-0.62377864,-0.357119,0.4071892575938312,0.4071892575938312,0.44153622,378
184,-0.62397283,-0.8605858,-0.4069341419217194,0.4069341419217194,0.3485642,379
467,0.34404182,0.2349652,-0.40446822173228514,0.40446822173228514,0.074323416,380
156,0.18608378,-0.121647894,-0.4044637228239793,0.4044637228239793,0.58954394,381
1167,0.39221147,0.21097404,-0.4042892187671835,0.4042892187671835,0.19866407,382
973,0.3034114,0.15756828,-0.40281642344100455,0.40281642344100455,0.12991567,383
1122,0.17407732,0.2658795,0.40276217300514744,0.40276217300514744,0.05304051,384
452,0.15557589,0.28834158,0.40094864995066015,0.40094864995066015,0.11062178,385
63,0.09002514,0.1763524,0.3997674063167769,0.3997674063167769,0.04770717,386
446,0.26324096,0.430218,0.39953683362283504,0.39953683362283504,0.1758982,387
746,0.22314964,0.11983221,-0.39929209558385187,0.39929209558385187,0.06977431,388
225,-0.90483063,-0.71778786,0.3986339409157448,0.3986339409157448,0.22483496,389
1155,0.14816566,0.28385243,0.3983619935860124,0.3983619935860124,0.12106259,390
110,0.17184119,0.020489063,-0.3980637662452455,0.3980637662452455,0.15071562,391
1084,-0.20240055,-0.73787963,-0.3976325594185722,0.3976325594185722,1.7566292,392
914,0.0070325783,0.7373551,0.39676379688237706,0.39676379688237706,3.281019,393
1012,0.2882692,0.18276322,-0.39619412954165495,0.39619412954165495,0.07231794,394
369,0.48931357,0.30244988,-0.3955664333033759,0.3955664333033759,0.22789702,395
463,0.32954216,0.14529908,-0.39530715451823245,0.39530715451823245,0.21540853,396
678,-0.21772623,-0.5697975,-0.39495006628695195,0.39495006628695195,0.82956463,397
649,0.36457947,0.17571276,-0.3949272260810206,0.3949272260810206,0.23605043,398
795,-0.27305973,-0.10346258,0.39357868482316904,0.39357868482316904,0.1882171,399
306,-0.99553406,-0.6728788,0.3933681959643952,0.3933681959643952,0.7037928,400
981,-0.8214674,-0.9863201,-0.3927948321707318,0.3927948321707318,0.18210728,401
353,0.8111825,0.21224937,-0.3923676867106442,0.3923676867106442,2.370445,402
28,-0.010121016,0.20853898,0.39161710880052847,0.39161710880052847,0.3124859,403
967,0.12881693,0.24552213,0.39057037909065706,0.39057037909065706,0.08980012,404
669,-0.0023593234,0.13552931,0.3885233602563869,0.3885233602563869,0.12904035,405
511,0.45948198,0.17515165,-0.388086792864736,0.388086792864736,0.5629659,406
626,-0.52695405,-1.0174799,-0.38766475243839343,0.38766475243839343,1.6701216,407
102,-0.33547387,-0.5297345,-0.3869763669675304,0.3869763669675304,0.2594214,408
699,-0.29394916,-0.6701495,-0.38623950960845277,0.38623950960845277,0.9646836,409
932,-0.40877077,-0.14168958,0.3861961909369015,0.3861961909369015,0.47870946,410
735,0.15173405,0.050672088,-0.3861384327365261,0.3861384327365261,0.0690565,411
693,0.1149323,0.2307176,0.3856314126694101,0.3856314126694101,0.09309048,412
691,0.31553763,0.21459432,-0.385255413685376,0.385255413685376,0.069548264,413
338,0.43196702,0.27733985,-0.38517822568686383,0.38517822568686383,0.15836746,414
1075,0.059462164,0.16645217,0.3844106110949478,0.3844106110949478,0.07800115,415
357,-0.94711214,-1.2309026,-0.3837986540445971,0.3837986540445971,0.54925627,416
796,-0.5067317,-0.21313049,0.38280237826382446,0.38280237826382446,0.5962592,417
990,-0.066369005,-0.3865691,-0.3827605878694359,0.3827605878694359,0.70334285,418
58,-1.3830429,-1.2344767,0.381251077028031,0.381251077028031,0.15284793,419
1086,0.20144774,0.41872513,0.3810072407635716,0.3810072407635716,0.31698474,420
797,-0.57324797,-0.94670475,-0.380432888894034,0.380432888894034,0.9693969,421
767,0.027947385,0.14377499,0.3803158309922695,0.3803158309922695,0.09493987,422
728,0.5248007,0.11226883,-0.37932032156715006,0.37932032156715006,1.2078665,423
1132,-0.31404927,-0.6583686,-0.37838303552590175,0.37838303552590175,0.82249445,424
1081,0.11402254,0.22393455,0.37823150521973586,0.37823150521973586,0.08636275,425
823,0.0725953,0.24308802,0.3774579249997194,0.3774579249997194,0.20885673,426
644,0.22717823,0.09785008,-0.3767417698044647,0.3767417698044647,0.12182454,427
323,-0.90784156,-0.6899986,0.37644110939198067,0.37644110939198067,0.34611621,428
768,-0.00024260407,0.27867398,0.3747495974254448,0.3747495974254448,0.57258075,429
244,-1.4142869,-1.148453,0.37432553513592826,0.37432553513592826,0.522606,430
433,0.3698043,0.23056053,-0.37384369158058,0.37384369158058,0.14242572,431
208,0.07905576,0.30542454,0.37361165763075727,0.37361165763075727,0.3765193,432
4,-0.4160817,-0.6366856,-0.3728696443062565,0.3728696443062565,0.3605164,433
65,-0.017734762,0.09325995,0.37237857548905706,0.37237857548905706,0.09140666,434
1267,0.07188659,0.14789104,0.37157704015461435,0.37157704015461435,0.042540375,435
328,0.15238574,0.050017625,-0.3713722988563091,0.3713722988563091,0.07895419,436
962,-0.00469687,0.104011096,0.37074370717484795,0.37074370717484795,0.08670702,437
1005,-0.31492287,-0.11627695,0.37053920870769314,0.37053920870769314,0.29745102,438
667,0.73245835,0.48779216,-0.3698194799057483,0.3698194799057483,0.44911826,439
395,0.17498657,0.2988817,0.36871234436770256,0.36871234436770256,0.11262876,440
807,-0.1483264,-0.41513523,-0.36724394455092735,0.36724394455092735,0.5298991,441
595,0.13918942,0.049346216,-0.3672092849542828,0.3672092849542828,0.062630646,442
1110,-0.08784457,-0.36711586,-0.3667599147819838,0.3667599147819838,0.5886345,443
661,0.33537826,0.19081855,-0.3663465621039809,0.3663465621039809,0.15266252,444
501,-2.4621503,-2.2489386,0.36602935860346314,0.36602935860346314,0.34697968,445
427,-1.6218523,-2.2232726,-0.36577007874957906,0.36577007874957906,2.854684,446
253,0.097793326,0.19320904,0.36544428569703663,0.36544428569703663,0.0682411,447
876,-0.35716793,0.10942348,0.36528860943950925,0.36528860943950925,1.6347867,448
535,-0.65418226,-0.3447367,0.36506104598293526,0.36506104598293526,0.7104829,449
205,-0.16532606,0.09150378,0.3636517872235918,0.3636517872235918,0.5035117,450
860,0.9354645,0.39917585,-0.36364597057052245,0.36364597057052245,2.217742,451
1020,-0.11084046,-0.35113016,-0.36329567698410004,0.36329567698410004,0.42348805,452
926,0.19862661,0.34861702,0.3630603944504207,0.3630603944504207,0.17196691,453
1275,-0.48909938,-0.26540795,0.36295719032908164,0.36295719032908164,0.38428828,454
70,-2.0195541,-2.4024575,-0.3628090156180139,0.3628090156180139,1.1769735,455
178,-1.6259696,-0.711243,0.3626537975892675,0.3626537975892675,6.6103735,456
489,-1.4609413,-1.8732529,-0.36115197662245957,0.36115197662245957,1.3370725,457
717,-0.5973573,-0.8476464,-0.36095901836435884,0.36095901836435884,0.47261488,458
75,0.32318145,0.22072192,-0.35970846514148075,0.35970846514148075,0.0806549,459
935,-0.84999293,-0.62580734,0.3591486925116283,0.3591486925116283,0.37520805,460
46,-0.6410531,-0.9639406,-0.35815977469062726,0.35815977469062726,0.80544025,461
1121,-0.89438194,-0.70375615,0.35815780852247475,0.35815780852247475,0.28723556,462
180,0.13463761,0.253111,0.35809819168984286,0.35809819168984286,0.11207646,463
761,-0.5734737,-0.8788196,-0.35691483846696875,0.35691483846696875,0.75355506,464
222,-0.97003937,-1.1941986,-0.3558144192682029,0.3558144192682029,0.39926767,465
362,0.18485278,0.3296874,0.35412156097768205,0.35412156097768205,0.17293778,466
521,-0.43319207,-0.021333246,0.35395306456527453,0.35395306456527453,1.434304,467
829,-1.097195,-0.8872941,0.3536605361201127,0.3536605361201127,0.3459044,468
567,0.11091533,-0.15091053,-0.3532671290288561,0.3532671290288561,0.56177396,469
415,0.04140806,0.15924361,0.35162663734133426,0.35162663734133426,0.11073638,470
1192,0.14548065,-0.3521071,-0.34961153385742205,0.34961153385742205,2.0383017,471
951,-1.0083174,-0.7492987,0.3493854941931158,0.3493854941931158,0.56130266,472
111,0.0045405924,0.084571004,0.34931482095006855,0.34931482095006855,0.054373335,473
771,0.2893475,0.20317626,-0.34920472551984455,0.34920472551984455,0.062433638,474
1135,-0.3637972,-0.0805003,0.34876920698665004,0.34876920698665004,0.69171506,475
212,0.06139004,0.13233171,0.3484251775241479,0.3484251775241479,0.04400658,476
62,0.5799007,0.39651406,-0.3483152276633608,0.3483152276633608,0.2806632,477
302,-0.5235607,-0.31795973,0.34828627601002576,0.34828627601002576,0.35276747,478
10,-0.3842658,-0.61413246,-0.3462625362959601,0.3462625362959601,0.44858173,479
340,-1.1519876,-1.5506119,-0.3458540993901237,0.3458540993901237,1.3617315,480
819,-0.045967545,0.10883648,0.345500856694851,0.345500856694851,0.19982609,481
272,0.060442775,0.2894385,0.3442828468631803,0.3442828468631803,0.44835544,482
1230,-0.2925765,-0.051515978,0.34400894880516303,0.34400894880516303,0.5056726,483
890,-0.19358395,-0.45533818,-0.3439727211578038,0.3439727211578038,0.5654548,484
230,0.05865721,0.14939,0.3424410717529678,0.3424410717529678,0.06906084,485
821,-1.565347,-1.1624339,0.3423546100829954,0.3423546100829954,1.345373,486
165,0.37493965,0.24808633,-0.3415741941488876,0.3415741941488876,0.1384484,487
566,0.038098007,0.1278939,0.3411736118121348,0.3411736118121348,0.07086422,488
185,-0.81234634,-0.9777009,-0.34111929661932705,0.34111929661932705,0.23842598,489
1053,-0.18805926,-0.6634879,-0.34108920166121054,0.34108920166121054,1.9815886,490
824,0.36178237,0.21153645,-0.3406907100581819,0.3406907100581819,0.19732122,491
692,-0.47354662,-0.22150771,0.3406344475189792,0.3406344475189792,0.56587785,492
999,-0.3447541,-0.7750688,-0.34010691402809473,0.34010691402809473,1.5566214,493
1019,-1.0702708,-0.74178857,0.3400304543519343,0.3400304543519343,0.926156,494
403,-0.35778493,-0.061913155,0.3396798820354535,0.3396798820354535,0.8096291,495
611,-1.1387036,-0.58562887,0.33925484836558895,0.33925484836558895,2.7889566,496
596,0.32236922,0.14248283,-0.3377532624764081,0.3377532624764081,0.2693763,497
1195,-0.0346995,0.16492526,0.33743132777697493,0.33743132777697493,0.34336904,498
858,-0.20708741,-0.6881274,-0.3368651861197646,0.3368651861197646,2.0625124,499
1114,0.25184563,-0.24525757,-0.33543787144350695,0.33543787144350695,2.1733396,500
368,0.10249115,0.18248276,0.3344932667407792,0.3344932667407792,0.056877848,501
1139,0.37933064,0.19464053,-0.3342010852292231,0.3342010852292231,0.3060917,502
732,-0.90754676,-0.69303995,0.33360030808816826,0.33360030808816826,0.42221117,503
866,0.33537385,0.2241043,-0.3335584713909735,0.3335584713909735,0.10783543,504
37,0.042179648,-0.20367989,-0.3333550719618904,0.3333550719618904,0.5526354,505
265,0.05121589,0.14710623,0.3331936400627028,0.3331936400627028,0.08395869,506
1268,-2.0197825,-1.8590128,0.3328151815716899,0.3328151815716899,0.23817052,507
248,-0.3784827,-0.11741049,0.3314617889580658,0.3314617889580658,0.60925543,508
939,-0.0036210483,0.114577495,0.33068634140298936,0.33068634140298936,0.13246915,509
1136,0.41315883,0.30097428,-0.3306215071568465,0.3306215071568465,0.11550423,510
841,0.25084955,0.13104759,-0.33018781004563025,0.33018781004563025,0.134854,511
1115,-0.3709955,-0.6882497,-0.32989664162340215,0.32989664162340215,0.9148156,512
1124,-0.38212752,-0.19860433,0.32935101139040457,0.32935101139040457,0.31456155,513
38,0.18449368,0.2589606,0.32917180555683656,0.32917180555683656,0.052480392,514
434,-1.2887096,-1.0054815,0.328706783086711,0.328706783086711,0.7445025,515
491,0.047568563,0.21721357,0.3286496477515156,0.3286496477515156,0.25785387,516
826,0.11860417,0.2008638,0.3283368250749264,0.3283368250749264,0.066036105,517
1250,0.64266866,-0.055852886,-0.3283112146874353,0.3283112146874353,4.464285,518
757,0.27218747,0.1766944,-0.32715986513592643,0.32715986513592643,0.08585267,519
388,0.021085784,0.20537417,0.32714251228479074,0.32714251228479074,0.3248337,520
925,0.22956292,0.09991886,-0.32644927476756813,0.32644927476756813,0.15834902,521
618,-0.032662157,0.088089794,0.32548793291068767,0.32548793291068767,0.13754977,522
1190,0.27674782,0.18488234,-0.3254380273441324,0.3254380273441324,0.0797626,523
682,-0.75478077,-1.0640076,-0.3254283585143496,0.3254283585143496,0.9017546,524
1025,0.023936141,0.10524094,0.3252405666414718,0.3252405666414718,0.061856948,525
356,0.059191342,0.13303915,0.3248118987940142,0.3248118987940142,0.052216224,526
1221,-0.41959673,-0.2417633,0.3236799421473017,0.3236799421473017,0.30618253,527
348,-0.5066634,-0.337973,0.32266911383455305,0.32266911383455305,0.2766765,528
963,-0.32528958,-0.48021626,-0.321431772917786,0.321431772917786,0.23004203,529
781,0.061581988,0.17589514,0.32007282897061257,0.32007282897061257,0.12752709,530
1144,0.6323114,0.4305614,-0.31950215173353624,0.31950215173353624,0.40473118,531
71,-0.026471585,0.07604958,0.3189059722757749,0.3189059722757749,0.10182792,532
347,0.066468425,0.1659152,0.31859909777643014,0.31859909777643014,0.09534231,533
570,-0.062683016,0.117532775,0.3183971169797535,0.3183971169797535,0.3300563,534
1208,-1.3450142,-1.5150267,-0.31826354663207596,0.31826354663207596,0.29771617,535
847,0.14219691,0.2544607,0.3178570260692792,0.3178570260692792,0.124524705,536
160,0.12687288,0.1949025,0.3171411292488196,0.3171411292488196,0.045986723,537
654,0.27079117,0.16701037,-0.31687160443102963,0.31687160443102963,0.104528956,538
319,-1.803466,-1.6174691,0.3167548572639563,0.3167548572639563,0.35364854,539
1036,-1.7339275,-1.9590635,-0.31611447965735107,0.31611447965735107,0.52037716,540
168,-0.675919,-0.9211369,-0.3135697438968771,0.3135697438968771,0.63128096,541
639,-1.1621748,-0.85113716,0.3131989048633575,0.3131989048633575,0.9572068,542
524,0.045547225,-0.14500397,-0.31256161032044394,0.31256161032044394,0.37786782,543
239,0.11187587,0.206466,0.3116874612469646,0.3116874612469646,0.0923413,544
1097,-0.07183096,0.009625162,0.31075763447610566,0.31075763447610566,0.069155715,545
1152,-0.16796613,0.17453647,0.3103521435577337,0.3103521435577337,1.2878456,546
540,0.18714583,0.3489524,0.3101053388581217,0.3101053388581217,0.2770969,547
125,0.21670705,0.07383784,-0.30989985783460755,0.30989985783460755,0.2073893,548
121,0.15528004,-0.101365745,-0.3097411874883349,0.3097411874883349,0.676874,549
790,0.312042,0.21951535,-0.309453381129544,0.309453381129544,0.08776902,550
978,0.19604129,0.112286985,-0.3088500804557896,0.3088500804557896,0.07331433,551
318,0.09874625,-0.1564216,-0.30864800737831893,0.30864800737831893,0.65658253,552
391,0.15375517,-0.29847264,-0.30830493165786166,0.30830493165786166,2.143423,553
396,-0.47606134,-0.30400968,0.30807273000688934,0.30807273000688934,0.31496832,554
605,0.36282796,0.2510309,-0.30775518856982503,0.30775518856982503,0.1289219,555
87,0.16947883,0.29412168,0.30759485271553233,0.30759485271553233,0.1651765,556
31,0.13864502,0.31754267,0.3072563259563678,0.3072563259563678,0.35531336,557
109,-0.0036518378,0.07621627,0.306720536470723,0.306720536470723,0.068369515,558
1182,-0.13232395,-0.34175077,-0.30661762405433585,0.30661762405433585,0.46434906,559
1279,-0.011828031,0.098924294,0.30647079968147056,0.30647079968147056,0.13046071,560
507,0.26028436,-0.16143051,-0.3061236748771326,0.3061236748771326,1.9821194,561
1022,-0.021034732,0.17826003,0.3049154794294602,0.3049154794294602,0.4330895,562
487,-1.2780808,-1.6312807,-0.3048473714398984,0.3048473714398984,1.3313184,563
687,-1.1048454,-0.94013053,0.3041796616743928,0.3041796616743928,0.28657714,564
899,0.12756106,0.26179487,0.3033272787879281,0.3033272787879281,0.19354804,565
532,-0.9369024,-1.230585,-0.3010714732370243,0.3010714732370243,0.9727387,566
381,0.40402523,0.2795251,-0.3005423490390132,0.3005423490390132,0.17520581,567
32,-0.08656941,-0.37021434,-0.30006159517725645,0.30006159517725645,0.92101717,568
987,0.27913675,0.024718488,-0.29957848702082646,0.29957848702082646,0.74163544,569
505,0.05208191,-0.03979647,-0.2985680566838847,0.2985680566838847,0.097386606,570
668,0.38465995,0.3011372,-0.2985135717045853,0.2985135717045853,0.077784404,571
246,0.1085636,0.18282263,0.29843431279803834,0.29843431279803834,0.06318649,572
907,-0.3255207,-0.21982816,0.29804274828788796,0.29804274828788796,0.1290797,573
91,0.21062577,0.54517764,0.297872912788797,0.297872912788797,1.2855608,574
622,0.9583254,0.44543174,-0.2976074932895488,0.2976074932895488,2.9833605,575
80,-1.3941284,-1.1578423,0.2972664305279059,0.2972664305279059,0.6294823,576
430,-0.8334382,-1.0839105,-0.2963819152106123,0.2963819152106123,0.7079518,577
424,0.2268815,0.13002576,-0.2953503219726158,0.2953503219726158,0.109568484,578
738,0.2323181,0.3311006,0.29468244972681845,0.29468244972681845,0.11272578,579
631,-0.95411783,-1.1437775,-0.29421673669009757,0.29421673669009757,0.41000307,580
552,0.27101338,0.19860247,-0.2935265632784981,0.2935265632784981,0.0611642,581
1071,0.3035231,0.19703177,-0.29351580129224336,0.29351580129224336,0.13633157,582
1212,0.20190021,0.07523164,-0.2931236076387766,0.2931236076387766,0.18593098,583
83,-0.550933,-0.34032235,0.2922317258219461,0.2922317258219461,0.5391895,584
1042,-0.06933414,0.020840041,0.2920484185244174,0.2920484185244174,0.09584124,585
643,-0.188505,-0.42801,-0.2916511272215317,0.2916511272215317,0.6709257,586
1180,2.420194,3.2423768,0.2915651445266528,0.2915651445266528,8.093359,587
57,-3.125056,-2.8958762,0.29080191071038336,0.29080191071038336,0.6542372,588
1266,-0.12869777,0.038174372,0.2898867454511135,0.2898867454511135,0.33908215,589
887,-0.50191385,-0.3098047,0.28956959391626186,0.28956959391626186,0.47026145,590
181,0.1418245,-0.12697102,-0.28954022074918206,0.28954022074918206,0.8244965,591
898,0.07613905,0.1541663,0.289412203176022,0.289412203176022,0.07202726,592
349,0.28303537,0.21976112,-0.28916547752944577,0.28916547752944577,0.0489212,593
210,0.38588434,0.2926948,-0.2890667282068831,0.2890667282068831,0.10159852,594
262,0.11337429,0.0015991338,-0.28729275310293795,0.28729275310293795,0.15097035,595
710,0.33648005,0.25742763,-0.28720907373212273,0.28720907373212273,0.0745192,596
769,-0.35656875,-0.5158498,-0.28640927344655037,0.28640927344655037,0.31450614,597
915,0.43566748,0.33391964,-0.28584584393448254,0.28584584393448254,0.12842149,598
702,0.04229064,0.13241266,0.28583810662285375,0.28583810662285375,0.095926546,599
801,-0.14606552,-0.24970502,-0.28535049596091305,0.28535049596091305,0.13191289,600
1048,0.22564407,0.1460601,-0.2852036915891028,0.2852036915891028,0.07913314,601
793,0.14908248,0.050616693,-0.2849112427067403,0.2849112427067403,0.11749231,602
1018,0.48861492,0.19309121,-0.28490669336852725,0.28490669336852725,1.1059362,603
882,0.1371319,0.21509124,0.28425517481642315,0.28425517481642315,0.07538715,604
838,0.15893424,0.09015326,-0.2840082179778496,0.2840082179778496,0.05866725,605
495,-0.5435418,-0.31729218,0.2839615356002498,0.2839615356002498,0.646946,606
268,0.31681502,0.18587661,-0.28392204995845505,0.28392204995845505,0.21763328,607
1215,0.100035995,0.19003347,0.28353439132768704,0.28353439132768704,0.0993393,608
96,0.36487135,0.232781,-0.28206645472870756,0.28206645472870756,0.22098354,609
386,-0.1138667,0.06674195,0.281870707029103,0.281870707029103,0.42248863,610
594,-0.5558748,-0.2592957,0.2812407230040401,0.2812407230040401,1.136781,611
834,-0.18094468,0.026832888,0.28122996893683533,0.28122996893683533,0.5662965,612
653,-0.96436435,-0.60548776,0.2811890656197238,0.2811890656197238,1.6208087,613
390,-0.27867094,-0.57477105,-0.2801726322366633,0.2801726322366633,1.1526245,614
842,-0.26152676,-0.60124725,-0.2796363706661398,0.2796363706661398,1.4296547,615
954,0.0539033,0.11891118,0.2795765948769869,0.2795765948769869,0.05332546,616
1251,0.24862513,0.10674861,-0.27898041836050935,0.27898041836050935,0.25221953,617
1050,0.056392066,0.15781124,0.27838982628976305,0.27838982628976305,0.1322175,618
204,0.0868799,0.20093839,0.27818626738026236,0.27818626738026236,0.16751888,619
897,0.45337796,0.35237432,-0.27805402485798086,0.27805402485798086,0.13816445,620
92,0.11509752,0.046914395,-0.2779701747654517,0.2779701747654517,0.06074823,621
343,-0.75913334,-0.5939873,0.2773125238468656,0.2773125238468656,0.35029835,622
1087,-0.88249946,-0.73095715,0.27685313241853693,0.27685313241853693,0.30072093,623
164,-0.36817554,-0.62221295,-0.27582580084825387,0.27582580084825387,0.8266836,624
1174,0.07370883,0.1540235,0.2754937890534702,0.2754937890534702,0.08582229,625
918,-0.73076254,-0.92060834,-0.2743015998332606,0.2743015998332606,0.4862556,626
443,0.24800184,0.17451699,-0.27429509382263195,0.27429509382263195,0.07069453,627
169,-1.3151742,-1.6802884,-0.2726354058748688,0.2726354058748688,1.7843131,628
1076,0.24726503,0.18201248,-0.2723539037157149,0.2723539037157149,0.058131665,629
48,-0.5443897,-0.38996357,0.2711173839698757,0.2711173839698757,0.32246575,630
360,-0.64372206,-0.8433841,-0.26936499437942135,0.26936499437942135,0.55841166,631
961,0.21953142,0.14011012,-0.2690780493250761,0.2690780493250761,0.08785231,632
754,0.22485873,0.15348263,-0.26864339411066146,0.26864339411066146,0.069778465,633
1134,-0.24529496,0.030981284,0.2679102936138612,0.2679102936138612,1.0482891,634
1120,0.4526933,0.36263368,-0.26786509902182215,0.26786509902182215,0.11277491,635
745,-0.61948746,-1.2570909,-0.2677439747461844,0.2677439747461844,5.481521,636
378,-0.73361987,-0.5711555,0.26752971802911074,0.26752971802911074,0.364214,637
571,-0.65082234,-0.36705938,0.26723675918310885,0.26723675918310885,1.1562612,638
199,-0.5892222,-0.47752738,0.26628913474049676,0.26628913474049676,0.17825261,639
1083,0.7239755,0.28944695,-0.26627388150780185,0.26627388150780185,2.63632,640
837,0.12547925,0.006753657,-0.2660096909487967,0.2660096909487967,0.20034803,641
804,-0.42656854,-0.6191701,-0.26558938358797635,0.26558938358797635,0.5460392,642
509,0.09200513,0.21117708,0.2653945356909001,0.2653945356909001,0.20187977,643
772,0.5432416,0.40184227,-0.2649011918680257,0.2649011918680257,0.2894466,644
601,0.42842063,0.32578334,-0.26423328934682244,0.26423328934682244,0.1510674,645
1125,0.13607761,0.2096129,0.2640737940967119,0.2640737940967119,0.0770398,646
779,0.28428602,0.40314487,0.2636873715601531,0.2636873715601531,0.20446661,647
260,0.30111456,0.19773392,-0.2623571541778295,0.2623571541778295,0.14957239,648
84,-0.47980914,-0.68553555,-0.2617879215741829,0.2617879215741829,0.61929333,649
100,0.24800222,-0.10131526,-0.2617832506164137,0.2617832506164137,1.756597,650
579,4.262826,3.6709404,-0.2617235196938226,0.2617235196938226,5.332555,651
475,0.065669805,0.138068,0.26083384702319523,0.26083384702319523,0.07646848,652
1204,0.1481236,0.076375596,-0.2585604395202793,0.2585604395202793,0.07714619,653
969,-0.88699716,-0.70774436,0.2572993881529501,0.2572993881529501,0.4754339,654
1178,0.16238059,0.06765247,-0.2568033152879006,0.2568033152879006,0.13828193,655
1260,0.27316463,0.8081748,0.2566601386278586,0.2566601386278586,4.4223247,656
636,0.07911961,0.14806642,0.256563326733931,0.256563326733931,0.07268196,657
721,0.25402504,0.37776247,0.25576315945797834,0.25576315945797834,0.23883314,658
55,-0.6306777,-0.3661986,0.25505323955996534,0.25505323955996534,1.1267444,659
637,-0.5949466,-0.7974153,-0.2547324930233173,0.2547324930233173,0.6333862,660
680,0.18592997,0.10604916,-0.25366021442845305,0.25366021442845305,0.09994164,661
944,0.51706344,0.4079349,-0.25335808638273016,0.25335808638273016,0.18709052,662
112,0.06893788,0.16294016,0.25330883978472957,0.25330883978472957,0.13523932,663
1157,-0.55300736,-0.70410264,-0.25300016396702013,0.25300016396702013,0.3589973,664
933,-0.20090185,-0.40877873,-0.25149608167357795,0.25149608167357795,0.6828799,665
131,-0.06242722,0.04162911,0.2514210744121733,0.2514210744121733,0.16703403,666
572,-0.67432386,-0.53146076,0.2504346994040701,0.2504346994040701,0.32205358,667
589,-0.7352803,-0.5527435,0.24923722783527455,0.24923722783527455,0.5669541,668
108,-0.30601865,-0.027370853,0.24912614410335593,0.24912614410335593,1.2619871,669
1004,-0.20617048,-0.025112733,0.24899678453127008,0.24899678453127008,0.5382074,670
862,-0.6727236,-0.8520286,-0.2476243777568076,0.2476243777568076,0.5177027,671
712,0.16587308,0.24814156,0.24754011541320178,0.24754011541320178,0.10954593,672
449,0.19319756,0.13426565,-0.24735181358181607,0.24735181358181607,0.05730804,673
664,-0.54118854,-0.6481261,-0.24715585430413745,0.24715585430413745,0.19042931,674
573,0.1103558,0.20228772,0.24662748435377763,0.24662748435377763,0.13327292,675
593,-0.2304418,-0.41946623,-0.24637041026399734,0.24637041026399734,0.6095969,676
920,-0.688653,-0.46334857,0.24575917553722051,0.24575917553722051,0.8378887,677
342,0.092797056,0.15479583,0.2435750725285042,0.2435750725285042,0.064187646,678
1211,0.30462793,0.24112387,-0.24248692344206568,0.24248692344206568,0.06786692,679
118,-0.069478005,-0.0056289565,0.2415679042667602,0.2415679042667602,0.0702653,680
656,0.16131048,0.22660488,0.24142287581450023,0.24142287581450023,0.0734485,681
1119,-0.25391996,-0.09184527,0.24104438916552806,0.24104438916552806,0.46373358,682
603,-0.8244135,-0.67517036,0.24050339250884073,0.24050339250884073,0.38390914,683
245,0.08312267,0.013613549,-0.24037454102459704,0.24037454102459704,0.08483922,684
401,0.2470714,0.31798935,0.24016854938898768,0.24016854938898768,0.087664835,685
310,-0.60710275,-0.43160254,0.24011413493061198,0.24011413493061198,0.5432983,686
840,-0.8649291,-1.2144376,-0.23985908705110454,0.23985908705110454,2.1257312,687
504,0.027818207,0.10541848,0.2385029777353658,0.2385029777353658,0.1081231,688
481,-0.13476545,-0.03926164,0.2381238670553693,0.2381238670553693,0.1604341,689
1030,0.06413383,0.12717569,0.2376487447703214,0.2376487447703214,0.07002002,690
286,-0.057395145,0.056217015,0.23763685769063964,0.23763685769063964,0.23286606,691
471,0.116245836,0.18821904,0.23739610894960547,0.23739610894960547,0.09273526,692
752,0.33195037,0.060683236,-0.23611818023650724,0.23611818023650724,1.3384928,693
73,0.05971574,0.27324015,0.2357707777109778,0.2357707777109778,0.8561666,694
523,-0.799651,-0.5105093,0.23468308857987238,0.23468308857987238,1.5190687,695
321,0.312063,0.21549158,-0.23430275574822007,0.23430275574822007,0.16939516,696
663,0.24535051,0.17717235,-0.23380839452470478,0.23380839452470478,0.08462295,697
575,0.24081513,0.16180475,-0.23307627911812287,0.23307627911812287,0.11483916,698
904,-0.3649511,-0.22641729,0.23198883895572736,0.23198883895572736,0.35951886,699
553,0.034047727,0.1164989,0.23175293440772435,0.23175293440772435,0.13172317,700
1259,0.22144225,0.14486527,-0.2311257405872288,0.2311257405872288,0.10714835,701
783,0.09038474,0.15573958,0.23035371595902474,0.23035371595902474,0.0815885,702
633,-0.27921185,0.03477753,0.23035315766690384,0.23035315766690384,1.7394515,703
689,-0.19748512,-0.37358075,-0.230143881621489,0.230143881621489,0.5926043,704
270,-0.27686676,-0.46727622,-0.22990026860640467,0.22990026860640467,0.694496,705
849,0.12339515,0.18035962,0.22915648799601449,0.22915648799601449,0.06224425,706
201,-0.41529226,-0.66297156,-0.22887238893797335,0.22887238893797335,1.213332,707
158,-3.032372,-2.8525746,0.22871159254895163,0.22871159254895163,0.61505663,708
139,-0.36355257,-0.5186489,-0.22825157288076497,0.22825157288076497,0.4739926,709
802,0.3004175,0.19626066,-0.22820429896355005,0.22820429896355005,0.20201264,710
688,-1.195815,-1.299078,-0.22788057311896096,0.22788057311896096,0.20894806,711
1270,0.30590683,0.24475066,-0.22773908853615724,0.22773908853615724,0.07242628,712
544,-0.7560882,-0.92242134,-0.2276282628679857,0.2276282628679857,0.5349689,713
753,0.34807816,0.21054862,-0.2274576501191711,0.2274576501191711,0.36072347,714
127,-0.38367626,-0.22745101,0.22737082617817428,0.22737082617817428,0.48854178,715
1220,-0.1209501,-0.2863423,-0.2272213034702416,0.2272213034702416,0.5224918,716
477,0.3406028,0.42445308,0.22651727247313955,0.22651727247313955,0.1374419,717
616,-0.2683753,-0.38585097,-0.22605938666256692,0.22605938666256692,0.27830327,718
1141,0.020626836,0.079025626,0.22570821225558135,0.22570821225558135,0.067177005,719
241,-0.46226683,-0.8412102,-0.22555209244655625,0.22555209244655625,2.65791,720
851,-0.036326416,0.1778474,0.22498077956250648,0.22498077956250648,0.93046635,721
902,-0.7566246,-0.6372532,0.22487371480545632,0.22487371480545632,0.27849606,722
1153,0.104294926,0.03567601,-0.22404080011681354,0.22404080011681354,0.09495658,723
955,0.42163792,0.52536935,0.22306320655405948,0.22306320655405948,0.21826445,724
584,-0.096248224,0.03374798,0.2228350977666119,0.2228350977666119,0.33832604,725
818,0.08662571,0.23898056,0.222632197472031,0.222632197472031,0.4882469,726
129,0.08070824,0.010930074,-0.22219039723832196,0.22219039723832196,0.09894312,727
913,-0.43928027,-0.2786632,0.22188469558934673,0.22188469558934673,0.53937805,728
968,-0.4789385,-0.6144178,-0.2215219383408478,0.2215219383408478,0.36821765,729
406,0.08774886,0.1518,0.22090115286159687,0.22090115286159687,0.08495651,730
938,-0.15897626,-0.3427995,-0.22084330036042704,0.22084330036042704,0.6551685,731
777,-1.0360048,-1.22035,-0.2202006216575215,0.2202006216575215,0.67137957,732
274,1.1002936,1.5577157,0.2196836109929072,0.2196836109929072,4.442917,733
1098,-0.19697015,-0.31558448,-0.2196691432336867,0.2196691432336867,0.28026298,734
416,-0.4124741,-0.279407,0.21897938721114976,0.21897938721114976,0.36788037,735
665,-0.15145454,0.24534203,0.21838699211761955,0.21838699211761955,3.2938645,736
1045,0.31556153,0.22516891,-0.2182652206919138,0.2182652206919138,0.16985433,737
137,0.11518157,0.18347834,0.21782544598814615,0.21782544598814615,0.09615268,738
387,0.19852486,0.10306713,-0.2174161606200373,0.2174161606200373,0.18883105,739
483,-0.6604686,-0.50228083,0.2168622382390758,0.2168622382390758,0.5153206,740
457,0.105285585,0.18380736,0.21644799946369392,0.21644799946369392,0.1272727,741
1176,0.27036744,0.21493268,-0.21612131338391088,0.21612131338391088,0.0662099,742
597,-0.93984663,-1.206988,-0.21524705255480306,0.21524705255480306,1.512675,743
513,-0.10694136,-0.016872503,0.2149125613672357,0.2149125613672357,0.17437173,744
1198,0.14139831,0.05379822,-0.2147696420223556,0.2147696420223556,0.16602796,745
231,-2.7479186,-2.9366434,-0.21476177546943365,0.21476177546943365,0.73227894,746
798,-0.585495,-0.6960753,-0.21395176174984526,0.21395176174984526,0.2586284,747
780,-1.2042406,-1.4159563,-0.21348745542440659,0.21348745542440659,0.9645902,748
440,0.35241055,0.44036222,0.213411043516833,0.213411043516833,0.16487736,749
831,0.2570145,0.18708143,-0.21287597085527993,0.21287597085527993,0.105560206,750
234,-0.5735534,-0.719386,-0.21265931625625661,0.21265931625625661,0.46934086,751
1105,-0.8185893,-0.63537055,0.21197814068556844,0.21197814068556844,0.75226456,752
843,0.12080464,0.20461924,0.21183985739197259,0.21183985739197259,0.15651053,753
455,0.016994484,-0.22394852,-0.21149475821834446,0.21149475821834446,1.2958764,754
1227,-0.54220545,-0.6852826,-0.21129315133334506,0.21129315133334506,0.4776697,755
56,0.160274,0.22367683,0.21105844005572058,0.21105844005572058,0.09076554,756
845,0.14809294,0.1996648,0.21078134694338388,0.21078134694338388,0.058240324,757
29,0.20841055,0.15361398,-0.21048740072151814,0.21048740072151814,0.06699994,758
1026,0.16975863,0.10490558,-0.21037515700149548,0.21037515700149548,0.09313878,759
609,0.46404904,0.30866504,-0.20915351092123655,0.20915351092123655,0.54434776,760
697,0.2506548,0.19616652,-0.20885267270838023,0.20885267270838023,0.067618296,761
916,0.0129180895,0.07726696,0.20829863155561043,0.20829863155561043,0.09601324,762
124,0.17012194,0.23760504,0.20795866192272963,0.20795866192272963,0.10435324,763
291,-0.27101278,-0.15036106,0.2075846836538776,0.2075846836538776,0.33146793,764
16,0.058033217,0.118316785,0.207276435868767,0.207276435868767,0.08239773,765
755,0.031088615,0.09140805,0.2061335811874714,0.2061335811874714,0.08182787,766
85,0.17767926,0.2337841,0.2054793559400601,0.2054793559400601,0.07422131,767
854,0.22245379,0.27337638,0.20547091419733068,0.20547091419733068,0.062137187,768
480,-0.5166351,-0.31780607,0.20505110789110084,0.20505110789110084,0.9424024,769
508,0.04737449,0.18222587,0.2049649317265798,0.2049649317265798,0.44943687,770
438,-0.57909787,-0.68390995,-0.20367894774877376,0.20367894774877376,0.26741177,771
238,0.55825466,0.6850372,0.2034894743260688,0.2034894743260688,0.38062438,772
5,0.086103596,0.014863874,-0.20346590245523122,0.20346590245523122,0.12423862,773
533,-0.11092972,-0.25754333,-0.20320259800325213,0.20320259800325213,0.5088118,774
7,-0.59142536,-0.8071042,-0.20236192148317875,0.20236192148317875,1.1551149,775
130,-0.34529263,-0.6494077,-0.20141209665970936,0.20141209665970936,2.1493108,776
855,0.04224917,0.16972832,0.20104877215286,0.20104877215286,0.40377688,777
894,0.17715001,0.12513387,-0.20090479558480537,0.20090479558480537,0.06570135,778
613,0.07243006,0.15928403,0.2003767211056405,0.2003767211056405,0.17964365,779
947,-0.5259818,-0.7444272,-0.20033869685241337,0.20033869685241337,1.1484083,780
964,0.21794924,0.15619384,-0.19949096212932557,0.19949096212932557,0.09572872,781
166,0.091661,0.16377412,0.1989455719579835,0.1989455719579835,0.1283371,782
1264,0.084471345,0.20590052,0.1981966070246482,0.1981966070246482,0.37362304,783
655,-0.65505654,-0.8106545,-0.1979251029265368,0.1979251029265368,0.63835937,784
1214,0.31733888,0.27083558,-0.19581815019341098,0.19581815019341098,0.05729887,785
1038,-0.4430659,-0.569567,-0.19449481727278736,0.19449481727278736,0.42402485,786
886,0.35576808,0.50211006,0.19396222734769758,0.19396222734769758,0.5706995,787
67,-0.14336056,-0.27837738,-0.19394475653782062,0.19394475653782062,0.48083335,788
892,0.08105271,0.21964857,0.19381429696751665,0.19381429696751665,0.5069953,789
1191,-0.861363,-1.0231432,-0.19324780895377025,0.19324780895377025,0.67312133,790
948,0.16411637,0.24053186,0.1932427774617867,0.1932427774617867,0.15400735,791
1093,-0.2717978,-0.3914379,-0.19247451497259369,0.19247451497259369,0.39580074,792
255,0.12297723,0.062207714,-0.19140576485953129,0.19140576485953129,0.10202183,793
1059,0.11276332,0.16853921,0.1907590285941463,0.1907590285941463,0.08511803,794
750,0.39869,0.2959511,-0.19044940369778598,0.19044940369778598,0.29325116,795
197,0.13939793,0.0006760401,-0.19041821946829185,0.19041821946829185,0.5264211,796
808,0.05289546,0.10580815,0.19011794804830304,0.19011794804830304,0.07685635,797
706,0.2899381,0.43905863,0.19011221972078055,0.19011221972078055,0.6216182,798
1130,-0.65,-0.560522,0.18901124293570312,0.18901124293570312,0.22051528,799
354,-0.2776321,-0.50241643,-0.18863717451376563,0.18863717451376563,1.509151,800
305,-1.6174064,-1.8263314,-0.1881794913395943,0.1881794913395943,1.2028232,801
458,0.13161412,0.06430411,-0.187352905730883,0.187352905730883,0.12612581,802
628,-1.2392119,-0.9683389,0.1866188737899944,0.1866188737899944,2.1167693,803
789,0.12759888,0.1916557,0.18496425568715508,0.18496425568715508,0.11924562,804
869,-0.22563924,-0.37115964,-0.18445118957747245,0.18445118957747245,0.6208733,805
217,0.17948245,0.008507396,-0.18362735195634247,0.18362735195634247,0.87228686,806
989,0.13836275,0.071746185,-0.18205297942363471,0.18205297942363471,0.13279271,807
413,0.22216976,0.16790982,-0.18202624022584615,0.18202624022584615,0.08851629,808
209,0.24907891,0.2065093,-0.18194823130115417,0.18194823130115417,0.0547632,809
414,-0.57125396,-0.8197702,-0.1816095784071404,0.1816095784071404,1.9320725,810
411,-0.06619535,0.166088,0.1810633495206846,0.1810633495206846,1.7270885,811
1271,0.18180874,0.22200745,0.1799327805203471,0.1799327805203471,0.049811132,812
1207,0.16374771,0.12377749,-0.17796214885296918,0.17796214885296918,0.049722046,813
479,0.33051696,0.2507752,-0.1773586589376664,0.1773586589376664,0.19525664,814
775,-0.47902125,-0.6024095,-0.1765330731371346,0.1765330731371346,0.49663332,815
1274,-0.44076,-0.66477555,-0.176125635301725,0.176125635301725,1.5814865,816
975,0.1786492,0.13322689,-0.17543759930164202,0.17543759930164202,0.06673984,817
1142,0.35528186,0.23632903,-0.1743875061936092,0.1743875061936092,0.44532672,818
116,-0.81166404,-0.9395247,-0.17404681440859782,0.17404681440859782,0.52232957,819
1049,-0.3362155,-0.23626354,0.17398146698218905,0.17398146698218905,0.3266647,820
1066,-1.9416139,-1.8420552,0.17363730644105502,0.17363730644105502,0.32108083,821
27,-0.16513741,-0.2882819,-0.17332779085658903,0.17332779085658903,0.50386417,822
468,-1.0170016,-0.81967413,0.17287350837365556,0.17287350837365556,1.2918451,823
132,-1.3274128,-1.1719426,0.17285626131743972,0.17285626131743972,0.8020455,824
1127,-0.5231215,-0.66569763,-0.1724572466567487,0.1724572466567487,0.67609996,825
469,0.035580378,-0.04655499,-0.1707178781867957,0.1707178781867957,0.22086994,826
90,-0.3072816,-0.41663188,-0.1706266978973193,0.1706266978973193,0.41343927,827
103,-0.0324938,0.12676793,0.17037328229994586,0.17037328229994586,0.8503627,828
30,0.29888383,0.40737483,0.17032729850805942,0.17032729850805942,0.3911518,829
359,-1.1855838,-1.504217,-0.16996845037679384,0.16996845037679384,3.4370496,830
711,-0.015920848,0.07596587,0.1699570326039201,0.1699570326039201,0.2904972,831
1248,-0.53061324,-0.66283494,-0.1698859997252208,0.1698859997252208,0.6277966,832
26,-0.6318899,-0.51697063,0.1697651744963484,0.1697651744963484,0.4563402,833
1106,0.21522738,0.16557711,-0.1697422172939793,0.1697422172939793,0.085018724,834
619,-0.020597998,0.12407787,0.1695588669122251,0.1695588669122251,0.73036903,835
250,-0.35538468,-0.22667189,0.1695295319604646,0.1695295319604646,0.5762331,836
1232,0.08872138,0.13951938,0.16930398426568705,0.16930398426568705,0.08751116,837
355,0.3113343,0.26179862,-0.1690333896204165,0.1690333896204165,0.08379685,838
499,-1.2321198,-1.060578,0.16878913839096457,0.16878913839096457,1.0470575,839
971,-1.191898,-1.354723,-0.16862304715745008,0.16862304715745008,0.92227185,840
254,0.39150202,0.52044344,0.16848185521861794,0.16848185521861794,0.5790952,841
394,0.32704392,0.26702046,-0.1679560072204935,0.1679560072204935,0.12334621,842
214,0.6020592,0.50681454,-0.16740489996510016,0.16740489996510016,0.3210387,843
574,-0.040534474,-0.15198717,-0.16625376327204433,0.16625376327204433,0.45363942,844
816,-0.19421737,-0.2709128,-0.166145040684875,0.166145040684875,0.21401218,845
679,0.10122967,0.15331233,0.16588940015522027,0.16588940015522027,0.09925318,846
21,-0.61804605,-0.75221556,-0.16553830201185304,0.16553830201185304,0.623487,847
648,0.17196417,0.2231855,0.16492058225378503,0.16492058225378503,0.09615426,848
723,-1.3762407,-1.2146171,0.164578761555531,0.164578761555531,0.96300703,849
1065,-0.6765522,-0.51905555,0.1644692751613836,0.1644692751613836,0.9167002,850
1035,0.7349324,0.6479657,-0.1644115105651558,0.1644115105651558,0.2740027,851
330,-0.16884996,-0.041340623,0.16355493079684638,0.16355493079684638,0.60463536,852
744,0.19421186,0.13402465,-0.163465393075679,0.163465393075679,0.1345503,853
161,0.05849361,0.119848125,0.16313723947664116,0.16313723947664116,0.14304301,854
206,0.027969267,0.073638186,0.16295940870279702,0.16295940870279702,0.0766412,855
879,-0.36324763,-0.15228757,0.16290806670655397,0.16290806670655397,1.630945,856
519,-0.5067255,-0.5845747,-0.16242486058170094,0.16242486058170094,0.22891161,857
1185,-0.46670768,-0.39508262,0.16230326735399275,0.16230326735399275,0.18965305,858
586,0.13958852,0.20143282,0.16150733612175647,0.16150733612175647,0.14806595,859
159,-0.58325046,-0.50995094,0.16094003589219188,0.16094003589219188,0.20416398,860
94,-1.1424063,-1.0340844,0.16067189015594752,0.16067189015594752,0.45405325,861
1179,-0.24539942,-0.35643068,-0.16034045415620488,0.16034045415620488,0.4827908,862
1229,0.17463446,0.13667531,-0.1586408361201639,0.1586408361201639,0.057158798,863
803,0.23650517,0.17211773,-0.1584426260819837,0.1584426260819837,0.16685061,864
290,-0.62358356,-0.51458246,0.15843927318019724,0.15843927318019724,0.46623912,865
512,0.123288445,0.1757139,0.158169547160975,0.158169547160975,0.108749874,866
1092,0.15940195,0.20289968,0.15785445810379226,0.15785445810379226,0.07710559,867
528,0.28104413,0.37645888,0.15768173511077443,0.15768173511077443,0.3778427,868
170,0.6246395,0.5328485,-0.15764940747785416,0.15764940747785416,0.33272138,869
482,-0.35242513,-0.15959103,0.15744721916472168,0.15744721916472168,1.5410094,870
190,0.46896353,0.4068584,-0.15721940791816538,0.15721940791816538,0.14967728,871
1169,0.11448709,0.16581161,0.15714254726422436,0.15714254726422436,0.10489004,872
1129,0.11671941,0.02472148,-0.1568227497990905,0.1568227497990905,0.3438781,873
224,-0.78773373,-0.6746171,0.15665771648155552,0.15665771648155552,0.51204395,874
739,0.09430618,0.027510215,-0.15659987806420506,0.15659987806420506,0.1819385,875
1150,-0.26169136,-0.15351231,0.15630265311572558,0.15630265311572558,0.48468193,876
1103,-0.38953143,-0.5975415,-0.15606991218878283,0.15606991218878283,1.7770468,877
543,-0.28566307,-0.13103242,0.15552024641894982,0.15552024641894982,0.9638197,878
329,0.18645054,0.15665941,-0.1551369365635592,0.1551369365635592,0.036696795,879
696,0.28707898,0.23236443,-0.15511480484721005,0.15511480484721005,0.11867249,880
957,0.09008929,0.13539857,0.15476555026684954,0.15476555026684954,0.086099446,881
9,-0.5539998,-0.96614057,-0.15402631387683471,0.15402631387683471,6.6215644,882
945,-0.24159355,-0.41090456,-0.15380043216952213,0.15380043216952213,1.1703281,883
464,-0.31722772,-0.21554396,0.15368855528412925,0.15368855528412925,0.4429204,884
144,0.18548292,0.1432089,-0.15359068333470793,0.15359068333470793,0.0727083,885
606,-0.012198614,0.035715673,0.1534011825275213,0.1534011825275213,0.09600318,886
820,0.12545724,0.0935494,-0.15319198955111377,0.15319198955111377,0.043487154,887
15,0.38134414,0.33891687,-0.15263749197534132,0.15263749197534132,0.07754309,888
592,0.095457636,0.13783361,0.1523629826378747,0.1523629826378747,0.07690547,889
188,0.354057,0.30597475,-0.1522938667832977,0.1522938667832977,0.09545308,890
641,-0.08377217,-0.04118046,0.15166559504990776,0.15166559504990776,0.07527599,891
788,0.18098164,0.016965432,-0.15109272031727933,0.15109272031727933,1.1685773,892
68,-0.05908668,-0.19538383,-0.1504333600686123,0.1504333600686123,0.78877956,893
707,0.3565154,0.26279566,-0.14990226030012616,0.14990226030012616,0.38924122,894
698,0.14318693,0.10583198,-0.1498824715919194,0.1498824715919194,0.060896903,895
1205,-0.9575272,-0.7778268,0.1490251476143659,0.1490251476143659,1.4005585,896
1101,-0.40046352,-0.27072322,0.1488067676813306,0.1488067676813306,0.75423837,897
857,-0.33979154,-0.2424643,0.14880371874863355,0.14880371874863355,0.4177861,898
1219,1.2236692,0.7326635,-0.14702814505657352,0.14702814505657352,11.332482,899
1100,0.10939825,0.15437815,0.14693729769126865,0.14693729769126865,0.0935206,900
743,-2.1677186,-2.444626,-0.14683015707675942,0.14683015707675942,3.4911764,901
658,-1.0104427,-0.9016749,0.14638973158731394,0.14638973158731394,0.5441754,902
40,-0.39761767,-0.31677195,0.14576440562315962,0.14576440562315962,0.30779603,903
994,0.1901199,0.15186062,-0.14565237438782025,0.14565237438782025,0.06691114,904
285,0.29871014,0.2450266,-0.1450646393346345,0.1450646393346345,0.13331528,905
720,-0.20353681,-0.12700771,0.14493642757638536,0.14493642757638536,0.26643652,906
2,-0.78048915,-0.8634063,-0.14461364504728974,0.14461364504728974,0.33093053,907
516,-0.080300726,-0.17876676,-0.14383565698277348,0.14383565698277348,0.46568573,908
640,-0.7640403,-0.8666209,-0.1438307754829874,0.1438307754829874,0.50157994,909
98,0.41121632,0.29038742,-0.1436281659595659,0.1436281659595659,0.7062929,910
122,-0.47752103,-0.5771086,-0.14217132102016364,0.14217132102016364,0.47614577,911
928,0.3530607,0.49387276,0.14161194958571827,0.14161194958571827,0.9953965,912
1181,0.28877512,0.37284866,0.14130431104612523,0.14130431104612523,0.35255834,913
78,0.20361686,0.16088861,-0.14060983987535355,0.14060983987535355,0.09194289,914
814,-0.12310766,-0.28124514,-0.14008442689920977,0.14008442689920977,1.2599845,915
473,-0.94389606,-1.1248945,-0.1392516617086901,0.1392516617086901,1.6185092,916
632,0.110621184,0.04427938,-0.13905695875029558,0.13905695875029558,0.22029787,917
863,-0.1527028,-0.4128431,-0.13904915132456303,0.13904915132456303,3.3472753,918
1058,0.088846706,0.14009213,0.13899174511556558,0.13899174511556558,0.133615,919
550,-0.008500329,0.048043024,0.13868262355360117,0.13868262355360117,0.1670898,920
615,0.10618565,0.025475092,-0.13864652035405392,0.13864652035405392,0.3391217,921
420,0.2691743,0.2279267,-0.13839915780094084,0.13839915780094084,0.0880912,922
150,0.13139564,0.17231388,0.13829803418209435,0.13829803418209435,0.08737663,923
322,0.25598392,0.3392297,0.1382254154361912,0.1382254154361912,0.35725802,924
211,-0.5038622,-0.6215456,-0.13819723574202075,0.13819723574202075,0.71396446,925
462,-0.4100784,-0.49939868,-0.1380567707910758,0.1380567707910758,0.4244207,926
677,0.26663986,0.028185153,-0.13805668148447714,0.13805668148447714,3.0607119,927
136,0.028130284,-0.050770152,-0.13776226740722017,0.13776226740722017,0.3164301,928
1133,0.19434139,0.105342515,-0.1377572500877779,0.1377572500877779,0.41632226,929
51,0.11277987,0.15143247,0.13735859071276432,0.13735859071276432,0.07579244,930
564,0.0625516,-0.04023195,-0.1370236696381079,0.1370236696381079,0.565539,931
1272,-0.57882977,-0.673662,-0.13638530815232286,0.13638530815232286,0.4818869,932
167,0.122982346,0.07810694,-0.13629607956833734,0.13629607956833734,0.1040374,933
792,0.345126,0.3092248,-0.13625182188507537,0.13625182188507537,0.069698565,934
486,-0.01029385,0.04292167,0.13612010257726714,0.13612010257726714,0.14623377,935
958,0.06870394,0.10953706,0.13589095973578652,0.13589095973578652,0.0907957,936
61,0.06075845,0.029042484,-0.1353030787118782,0.1353030787118782,0.055842824,937
352,-0.098150894,0.0028611307,0.1351994248857535,0.1351994248857535,0.5544459,938
466,0.500445,0.73330104,0.13497851124631124,0.13497851124631124,3.0452592,939
203,0.20333861,0.15673505,-0.13403513267628195,0.13403513267628195,0.121349275,940
527,0.1493275,0.111097105,-0.13395025686041415,0.13395025686041415,0.08069271,941
868,2.0757186,1.7804542,-0.13331237726329528,0.13331237726329528,4.7874103,942
1216,-0.12525979,-0.24098445,-0.13167570912201412,0.13167570912201412,0.7848429,943
652,0.12345571,0.072207466,-0.13145335854978335,0.13145335854978335,0.15245563,944
385,0.043836594,-0.009430402,-0.1314249568677456,0.1314249568677456,0.16118485,945
267,-0.4371199,-0.4835109,-0.13104280208794078,0.13104280208794078,0.12603931,946
154,0.2155901,0.24733324,0.1307360581108122,0.1307360581108122,0.059343506,947
492,-0.9478249,-0.64100194,0.1304463313538749,0.1304463313538749,5.1737885,948
218,-0.57769406,-0.5002109,0.12947424315163253,0.12947424315163253,0.3595228,949
617,-0.79885215,-0.9406608,-0.12901336285143505,0.12901336285143505,1.1833495,950
320,0.25177765,0.21607997,-0.1283809478744021,0.1283809478744021,0.07658248,951
216,0.33502862,0.29391384,-0.12698524461099875,0.12698524461099875,0.10182876,952
1027,-0.7407091,-0.8259557,-0.12687446249308118,0.12687446249308118,0.44183534,953
1102,0.30533057,0.35431218,0.12674454819246114,0.12674454819246114,0.14654459,954
921,-0.85751504,-0.7850097,0.12655193201094678,0.12655193201094678,0.3261931,955
647,0.10989116,0.1473252,0.12643031815340397,0.12643031815340397,0.08597023,956
580,0.12777911,0.19937886,0.1263832881120933,0.1263832881120933,0.3188474,957
725,1.1273501,0.8841433,-0.12631055082415021,0.12631055082415021,3.8274229,958
786,0.15252326,0.2053057,0.1262433710543377,0.1262433710543377,0.17187294,959
588,0.19209203,0.24948972,0.12548322299066067,0.12548322299066067,0.20261914,960
924,0.1524514,0.07871351,-0.1254004380695017,0.1254004380695017,0.3484553,961
956,0.13214828,0.17218001,0.12514474788882957,0.12514474788882957,0.1038244,962
1057,-0.92101663,-1.0424453,-0.1251214177490015,0.1251214177490015,0.9157084,963
1252,0.11873403,0.14639409,0.12450684565236309,0.12450684565236309,0.0481289,964
404,0.013813671,0.0580821,0.12446427712939527,0.12446427712939527,0.12531458,965
193,0.28628704,0.21937564,-0.12443820500156626,0.12443820500156626,0.2894675,966
996,0.24847971,0.21283145,-0.12435887058751278,0.12435887058751278,0.079501614,967
289,1.0545722,0.8380516,-0.12410081721132893,0.12410081721132893,3.0584838,968
1235,-0.49338716,-0.64491475,-0.12388523466228281,0.12388523466228281,1.4595045,969
785,-0.21319161,-0.27444482,-0.12355505869558218,0.12355505869558218,0.24244133,970
672,-0.0333636,-0.112000756,-0.12327213741918458,0.12327213741918458,0.40605578,971
1068,-0.28764558,-0.37422055,-0.12270106675813658,0.12270106675813658,0.49622378,972
1052,-0.37160918,-0.23878689,0.12225239006934117,0.12225239006934117,1.1558068,973
155,0.24300179,0.21489283,-0.12151125782199594,0.12151125782199594,0.052538216,974
215,0.119869106,0.14722349,0.11980738645159962,0.11980738645159962,0.05156424,975
520,-0.54020953,-0.65444016,-0.11973940770276918,0.11973940770276918,0.9000616,976
39,0.47505778,0.40516657,-0.11947444575119147,0.11947444575119147,0.34392667,977
1177,-0.8700738,-0.77305824,0.11895072454517215,0.11895072454517215,0.6568555,978
716,-0.52851206,-0.43450475,0.11863195516981802,0.11863195516981802,0.6379743,979
893,0.11443854,0.14356807,0.11850947507461944,0.11850947507461944,0.058910742,980
1094,0.06368065,0.11999484,0.11839685356816489,0.11839685356816489,0.22053535,981
287,-1.0435984,-1.3885319,-0.11834388329612526,0.11834388329612526,8.26882,982
147,-0.9086106,-1.0071939,-0.11807905256558514,0.11807905256558514,0.6895472,983
374,0.23596188,0.19624047,-0.11735503736891856,0.11735503736891856,0.1147367,984
1218,-0.081304245,-0.01227703,0.1173018272681979,0.1173018272681979,0.34343737,985
1225,0.11457914,0.038858548,-0.11696006152293995,0.11696006152293995,0.42117292,986
549,-0.73430437,-0.8499616,-0.11630332753688909,0.11630332753688909,1.0118864,987
361,0.16815501,0.09136787,-0.11626568873136846,0.11626568873136846,0.4395608,988
949,0.10647669,0.13298817,0.11602804083128042,0.11602804083128042,0.051514678,989
174,0.25864118,0.2932674,0.11598621029602507,0.11598621029602507,0.08997215,990
77,-0.3280417,-0.44401234,-0.11593869556590511,0.11593869556590511,0.99987817,991
384,0.6657388,0.47391534,-0.11535826428643883,0.11535826428643883,2.9863598,992
53,-2.1309595,-1.9098358,0.11383338908220339,0.11383338908220339,3.5249045,993
14,0.17854927,0.2490062,0.11376878557635779,0.11376878557635779,0.38342792,994
19,0.075778894,0.109257676,0.11319876978858148,0.11319876978858148,0.08582045,995
235,-0.54496056,-0.621203,-0.11292767523172492,0.11292767523172492,0.45041814,996
271,0.092796795,0.1578722,0.11143553881934558,0.11143553881934558,0.33528462,997
472,0.2090006,0.23615423,0.11125145107823299,0.11125145107823299,0.058730956,998
176,-0.37616175,-0.44700435,-0.11097296275913703,0.11097296275913703,0.39414257,999
373,-0.36315778,-0.30350515,0.110587202729124,0.110587202729124,0.29649633,1000
683,-0.05162078,0.058598742,0.11035619973785045,0.11035619973785045,0.9813819,1001
1078,-0.032846183,0.069554165,0.1093873960726991,0.1093873960726991,0.8499684,1002
1223,-1.7322071,-1.8777753,-0.10904398023341848,0.10904398023341848,1.7853322,1003
554,0.04100337,0.18957189,0.10785029360246977,0.10785029360246977,1.8784561,1004
909,-0.41019818,-0.48198777,-0.10771173734544448,0.10771173734544448,0.4514558,1005
1028,0.14891373,0.3217457,0.10769877938195183,0.10769877938195183,2.5695844,1006
1116,0.48362502,0.3848001,-0.10765830579973246,0.10765830579973246,0.8029363,1007
148,0.18896028,0.16177663,-0.10713989551148023,0.10713989551148023,0.06389419,1008
402,0.2221207,0.25905925,0.10652958461638662,0.10652958461638662,0.11882843,1009
1276,0.22200114,0.24245171,0.10651644684351584,0.10651644684351584,0.035743,1010
175,-0.49464926,-0.40892193,0.10629446111714615,0.10629446111714615,0.6652583,1011
422,-1.0687398,-1.1559492,-0.10607440265095087,0.10607440265095087,0.6533188,1012
941,-1.8409612,-1.7703527,0.1060529418808345,0.1060529418808345,0.43440965,1013
344,-1.2454385,-1.3968408,-0.10571567964724916,0.10571567964724916,1.9878551,1014
998,-0.5591251,-0.4939994,0.10540359641806467,0.10540359641806467,0.3666706,1015
1239,-0.618508,-0.5068105,0.10497820687438514,0.10497820687438514,1.1103566,1016
623,0.2989283,0.4757767,0.10400014833375902,0.10400014833375902,3.1041126,1017
650,-0.05566594,0.008845867,0.1039030116487502,0.1039030116487502,0.3826019,1018
684,0.24128205,0.2148269,-0.10389724714530466,0.10389724714530466,0.062174946,1019
236,-0.22203635,-0.31959265,-0.10366202697793504,0.10366202697793504,0.868181,1020
1060,0.23892206,0.18973027,-0.10360152950772734,0.10360152950772734,0.21708764,1021
919,0.22131693,0.19000266,-0.10202566191420802,0.10202566191420802,0.0944968,1022
1002,-0.039343618,-0.08289334,-0.1018626518678954,0.1018626518678954,0.17223985,1023
200,-0.4442259,-0.4984372,-0.1018056439137081,0.1018056439137081,0.27813315,1024
493,-0.48637965,-0.40633094,0.10135948735666588,0.10135948735666588,0.61775464,1025
417,-0.5755997,-0.6169911,-0.10116702030733381,0.10116702030733381,0.16591795,1026
506,-0.38071632,-0.2911778,0.10050158093444922,0.10050158093444922,0.79403985,1027
671,0.18287022,0.055972606,-0.0996665209312287,0.0996665209312287,1.5792321,1028
1233,-0.5033787,-0.38739446,0.09905148027087958,0.09905148027087958,1.2971954,1029
24,-0.06113642,0.093736835,0.09857268365605616,0.09857268365605616,2.482253,1030
704,-0.042789012,-0.09583242,-0.09845026762902069,0.09845026762902069,0.2928128,1031
1064,-0.54596657,-0.5927836,-0.09832778981246276,0.09832778981246276,0.23094732,1032
1246,0.4028576,0.35771617,-0.09825061316770325,0.09825061316770325,0.20458013,1033
183,0.13114533,0.15655805,0.09765724661076197,0.09765724661076197,0.06734339,1034
376,-0.7171551,-0.79578674,-0.09688370037934654,0.09688370037934654,0.6331794,1035
380,-0.2520477,-0.17808837,0.09597921322036233,0.09597921322036233,0.5733892,1036
940,-0.072878495,-0.017280368,0.09564451550817295,0.09564451550817295,0.33356616,1037
1088,0.9831433,0.8297321,-0.09522106038342518,0.09522106038342518,2.566294,1038
171,0.14638357,0.11197661,-0.09501403736261324,0.09501403736261324,0.12927623,1039
453,0.19890873,0.2373646,0.09452133771463431,0.09452133771463431,0.16349043,1040
447,0.20043878,0.15845561,-0.09443580351385518,0.09443580351385518,0.1909668,1041
991,0.19847396,0.22834553,0.09430046266052085,0.09430046266052085,0.09837529,1042
576,-0.3939774,-0.4647334,-0.0937393177948159,0.0937393177948159,0.5593226,1043
490,0.16467127,0.30096644,0.09316366634281256,0.09316366634281256,2.1048474,1044
419,0.39043495,0.48226258,0.09265554734798342,0.09265554734798342,0.94995236,1045
726,0.014653849,-0.024942983,-0.09254611847324007,0.09254611847324007,0.17847499,1046
885,-2.285394,-2.1556568,0.09196592199943503,0.09196592199943503,1.9172093,1047
47,0.53637004,0.45684773,-0.09189870919075466,0.09189870919075466,0.7227453,1048
1109,-0.29173663,-0.39145586,-0.09116470638297335,0.09116470638297335,1.1640303,1049
52,-0.28043613,-0.202501,0.09094639140003759,0.09094639140003759,0.7395636,1050
922,0.15656509,0.177802,0.09094238338120901,0.09094238338120901,0.05478868,1051
1187,0.39573863,0.3571089,-0.09069699401206369,0.09069699401206369,0.17346963,1052
848,0.2871918,0.23561966,-0.09038410058322716,0.09038410058322716,0.3161799,1053
642,-0.30040863,-0.20297082,0.0900869171585933,0.0900869171585933,1.1865696,1054
634,-1.7516602,-1.8671407,-0.08975313036386333,0.08975313036386333,1.6729717,1055
762,-0.102759056,-0.16390763,-0.08864065814561775,0.08864065814561775,0.47489575,1056
1149,0.260282,0.30134618,0.08862992787581991,0.08862992787581991,0.21546578,1057
758,-0.64919573,-0.7119529,-0.08855702232702578,0.08855702232702578,0.50935346,1058
1131,-0.39251345,-0.31435725,0.08808282629328222,0.08808282629328222,0.80443984,1059
1044,-0.58996105,-0.5294179,0.0878958460602087,0.0878958460602087,0.48485994,1060
1041,-1.0819739,-0.9926728,0.08729581687957691,0.08729581687957691,1.0138326,1061
836,-0.4765445,-0.55857587,-0.08706363228117091,0.08706363228117091,0.88138837,1062
95,0.32284108,0.35548788,0.08536014643514533,0.08536014643514533,0.15206578,1063
192,-1.6556538,-1.5920289,0.08466505456579854,0.08466505456579854,0.54478234,1064
737,-0.8922651,-0.9473776,-0.08411304000887716,0.08411304000887716,0.42219654,1065
325,0.35182178,0.32711822,-0.083846083474845,0.083846083474845,0.0826361,1066
1156,-0.5935351,-0.5160885,0.08378211924232803,0.08378211924232803,0.8251771,1067
774,-0.35433257,-0.43687707,-0.08375308298280289,0.08375308298280289,0.98958105,1068
64,-0.49524602,-0.5912726,-0.08361213362944013,0.08361213362944013,1.2549435,1069
339,-0.6399731,-0.70662105,-0.08353470417225138,0.08353470417225138,0.6381923,1070
1108,-0.2507069,-0.38545823,-0.0830782565328646,0.0830782565328646,2.483544,1071
901,0.21822906,0.17218405,-0.08262958577360267,0.08262958577360267,0.3034728,1072
1061,-0.0023946564,0.053676087,0.0822476718025817,0.0822476718025817,0.46492916,1073
950,-1.8549805,-2.1468637,-0.0817494270544186,0.0817494270544186,11.199101,1074
1147,-0.62568325,-0.55570173,0.08150056633665761,0.08150056633665761,0.7171211,1075
760,0.22470391,0.19555569,-0.0809502943934552,0.0809502943934552,0.12344137,1076
1137,0.25326034,0.29499286,0.08010590819353722,0.08010590819353722,0.26389468,1077
1008,-0.19938233,-0.25199467,-0.08009318973533508,0.08009318973533508,0.42245933,1078
284,-0.44629407,-0.3420402,0.07996142215137728,0.07996142215137728,1.7661539,1079
297,0.29976365,0.32287073,0.07917499078864208,0.07917499078864208,0.08485864,1080
8,-0.5194199,-0.5974298,-0.07887214054128099,0.07887214054128099,0.97966224,1081
115,0.12465229,0.17520374,0.07856879180377546,0.07856879180377546,0.41734526,1082
952,-0.8656819,-0.784855,0.07846002698967351,0.07846002698967351,1.0366555,1083
299,-0.6847421,-0.80945784,-0.07844180346678613,0.07844180346678613,2.384237,1084
610,-0.3941074,-0.30226701,0.07690895156923913,0.07690895156923913,1.3867779,1085
638,-0.1810991,-0.12919241,0.07526503464654373,0.07526503464654373,0.46525,1086
498,0.13226497,0.15413366,0.07445326378026508,0.07445326378026508,0.08539777,1087
337,0.29018074,0.26529717,-0.07415490171235681,0.07415490171235681,0.107141316,1088
36,0.07838349,0.10878206,0.07392377754690513,0.07392377754690513,0.16250654,1089
1186,-0.38891408,-0.34173393,0.07348066075212706,0.07348066075212706,0.402866,1090
1273,-0.1540402,-0.08377964,0.07294852022007813,0.07294852022007813,0.89245,1091
242,0.107017934,0.12979028,0.07227454373198779,0.07227454373198779,0.098829366,1092
701,0.314599,0.28814483,-0.0719843639145562,0.0719843639145562,0.13114122,1093
377,0.23028694,0.21523894,-0.07179910005832148,0.07179910005832148,0.043491695,1094
429,0.20605557,0.2670703,0.07116575290060707,0.07116575290060707,0.72982144,1095
811,-0.6889256,-0.63929486,0.07055821210662279,0.07055821210662279,0.4722618,1096
799,0.39612654,0.37102032,-0.07006728138459142,0.07006728138459142,0.12706462,1097
1206,0.27622956,0.32385176,0.0699101715277511,0.0699101715277511,0.46418545,1098
624,0.22270183,0.19578911,-0.06950366226438502,0.06950366226438502,0.14425835,1099
763,-0.11124534,-0.19291094,-0.06937401924871968,0.06937401924871968,1.4123116,1100
942,0.19530518,0.17941485,-0.06891320650711254,0.06891320650711254,0.052563775,1101
997,0.2459092,0.26765728,0.06857442397348772,0.06857442397348772,0.09614195,1102
428,-0.6147926,-0.69144547,-0.06843193454452369,0.06843193454452369,1.2216604,1103
276,0.22112195,0.1875105,-0.06821207002126893,0.06821207002126893,0.23907202,1104
273,0.22582005,0.19902606,-0.06751703849562869,0.06751703849562869,0.15504418,1105
1043,0.06897546,0.2037081,0.0671510334660169,0.0671510334660169,3.8321729,1106
1016,0.24904019,0.22977576,-0.06711942752669944,0.06711942752669944,0.08144345,1107
875,0.2712946,0.2488526,-0.06671242779026457,0.06671242779026457,0.10665677,1108
0,0.22733226,0.21164718,-0.06644518375750898,0.06644518375750898,0.054525044,1109
365,-1.3149949,-1.2869085,0.0651114750592357,0.0651114750592357,0.1817135,1110
559,-0.95366865,-0.91528195,0.06510867181229797,0.06510867181229797,0.3420272,1111
765,0.44401482,0.4718921,0.06450583128018121,0.06450583128018121,0.18722422,1112
243,-1.0582303,-1.0931745,-0.06442220264482097,0.06442220264482097,0.2840374,1113
874,0.08029057,0.10552088,0.06420650860829205,0.06420650860829205,0.15115982,1114
1107,0.21042334,0.19157696,-0.06346654239395454,0.06346654239395454,0.089235,1115
281,-0.03660615,0.008141425,0.06343779227561158,0.06343779227561158,0.4958616,1116
965,-0.6446985,-0.61834484,0.06314595837443174,0.06314595837443174,0.17561615,1117
76,0.11532751,0.13409393,0.06265751734607018,0.06265751734607018,0.08685318,1118
105,-0.334311,-0.37514538,-0.06259345374424534,0.06259345374424534,0.41742572,1119
93,0.1339634,0.15618417,0.062160057693527185,0.062160057693527185,0.12053034,1120
367,-0.5147796,-0.47218174,0.06207458402528088,0.06207458402528088,0.47113198,1121
128,-0.7074633,-0.65877885,0.061934171013018485,0.061934171013018485,0.6055158,1122
686,-0.82253015,-0.7711245,0.06117778274357101,0.06117778274357101,0.6948545,1123
583,-0.01417917,0.059735227,0.061066107846907317,0.061066107846907317,1.3843235,1124
82,-0.37137938,-0.3265561,0.06053106906716355,0.06053106906716355,0.5372043,1125
177,0.2280733,0.2473713,0.06010126168408613,0.06010126168408613,0.101309665,1126
722,0.29637167,0.27693874,-0.05851110986898723,0.05851110986898723,0.10757335,1127
1000,0.2123997,0.19401678,-0.05833280535824178,0.05833280535824178,0.09679911,1128
522,-0.59772617,-0.55579066,0.05812681600718959,0.05812681600718959,0.5001291,1129
900,0.11992204,0.13846803,0.05800331591620788,0.05800331591620788,0.10095681,1130
142,0.1592529,0.17561263,0.05795646908523444,0.05795646908523444,0.07837408,1131
331,-0.5930256,-0.6670796,-0.05789188186113223,0.05789188186113223,1.5529304,1132
514,-0.16372976,-0.12115235,0.05763323759153227,0.05763323759153227,0.5443518,1133
1021,-0.23623449,-0.19449422,0.0575651877432782,0.0575651877432782,0.52587783,1134
1240,0.09306523,0.10727628,0.05742834757666007,0.05742834757666007,0.059010133,1135
1238,0.06980515,0.08970201,0.05722251008948818,0.05722251008948818,0.11530249,1136
911,-0.13659208,-0.093226455,0.05685406225998395,0.05685406225998395,0.56809145,1137
1171,-0.6765772,-0.7089167,-0.05673652443756706,0.05673652443756706,0.32751256,1138
405,-0.18891306,-0.15713589,0.05649030818837364,0.05649030818837364,0.31762138,1139
240,-0.67594695,-0.7091726,-0.056434297282270195,0.056434297282270195,0.34933794,1140
562,0.05688306,0.030296927,-0.056086012172586776,0.056086012172586776,0.2172873,1141
810,-0.40288496,-0.35335562,0.05582556850186386,0.05582556850186386,0.7695009,1142
1237,-0.49293998,-0.43976992,0.055697862818796746,0.055697862818796746,0.89264,1143
515,-0.56831044,-0.60223025,-0.05553293580315761,0.05553293580315761,0.36066696,1144
927,0.14221954,0.15718989,0.055523201493276886,0.055523201493276886,0.072363585,1145
426,-1.4223118,-1.4662784,-0.05544905757172294,0.05544905757172294,0.6015461,1146
980,0.14659227,0.13404885,-0.055260263817635255,0.055260263817635255,0.05179142,1147
1262,0.21064965,0.1828869,-0.05469946984798624,0.05469946984798624,0.25397038,1148
474,0.12524596,0.1432173,0.054685622895285946,0.054685622895285946,0.10206516,1149
1080,0.0880657,0.07284489,-0.05429028350572452,0.05429028350572452,0.077886686,1150
263,0.2587151,0.23027956,-0.05345167473310887,0.05345167473310887,0.2818407,1151
817,-0.8252375,-0.8987577,-0.0533002329908057,0.0533002329908057,1.8330643,1152
1234,-0.53146166,-0.4916769,0.0520033931261341,0.0520033931261341,0.55942446,1153
864,0.1452023,0.12550041,-0.05151550820045991,0.05151550820045991,0.14331421,1154
6,0.19002856,0.17463164,-0.050965267541329226,0.050965267541329226,0.09005568,1155
1099,-0.7908193,-0.73399377,0.050646351244143725,0.050646351244143725,1.2411087,1156
1037,-0.8811538,-0.82425755,0.05041108590685288,0.05041108590685288,1.258688,1157
465,0.24834654,0.2640105,0.05033677677400004,0.05033677677400004,0.09467475,1158
946,-0.46920055,-0.42567158,0.04936511785489139,0.04936511785489139,0.76163405,1159
326,0.20097752,0.22309957,0.049289224975450865,0.049289224975450865,0.1892493,1160
1001,-0.5493859,-0.5153072,0.04906927758125737,0.04906927758125737,0.4665365,1161
99,-0.41150898,-0.44336826,-0.04870682748542861,0.04870682748542861,0.4237332,1162
742,-0.4511238,-0.42051855,0.04858685896481844,0.04858685896481844,0.393816,1163
695,0.7799145,0.7134261,-0.04828717519583756,0.04828717519583756,1.9330966,1164
450,-0.7664064,-0.7323664,0.04809931524033914,0.04809931524033914,0.49489358,1165
705,-0.76487565,-0.8091459,-0.047634805870931635,0.047634805870931635,0.8326643,1166
439,0.28463233,0.29469448,0.04703033644316211,0.04703033644316211,0.044709712,1167
1159,-0.76820153,-0.74354476,0.04697069785684226,0.04697069785684226,0.281317,1168
1014,0.24043785,0.25286382,0.04675229241968506,0.04675229241968506,0.069521144,1169
585,0.23565914,0.2503349,0.045885640970932,0.045885640970932,0.10228563,1170
646,-0.67167294,-0.7059683,-0.0450814224885546,0.0450814224885546,0.5674388,1171
196,-0.06705373,-0.100525826,-0.045047869147400624,0.045047869147400624,0.53855175,1172
884,-0.7193614,-0.759219,-0.04484025084762469,0.04484025084762469,0.7842489,1173
1003,-0.9133109,-0.85889095,0.044652905145588215,0.044652905145588215,1.3984998,1174
382,0.21912716,0.20719147,-0.04465245101032087,0.04465245101032087,0.07030554,1175
13,-1.0716412,-1.0172217,0.044313917227170076,0.044313917227170076,1.4253645,1176
278,-0.0016679562,0.013986091,0.043589791372110304,0.043589791372110304,0.1268964,1177
602,-0.48278746,-0.52619046,-0.043283983183517,0.043283983183517,0.93168944,1178
1072,-0.5350317,-0.50797725,0.042744424364728376,0.042744424364728376,0.39525244,1179
451,-0.56400555,-0.53896487,0.0426231983633843,0.0426231983633843,0.34061205,1180
569,-0.35168448,-0.30020028,0.04242824907559796,0.04242824907559796,1.4132627,1181
986,-0.6197396,-0.6392675,-0.04212086314521057,0.04212086314521057,0.20893285,1182
441,0.14880748,0.15856427,0.04207646912398622,0.04207646912398622,0.052555103,1183
220,-0.41512844,-0.43717653,-0.04127815649655036,0.04127815649655036,0.28111273,1184
903,-0.019070081,-0.048400275,-0.04058626228751706,0.04058626228751706,0.5234867,1185
929,0.115010954,0.12698308,0.0404037106735324,0.0404037106735324,0.08431271,1186
1202,0.33734074,0.32592016,-0.04000440912000578,0.04000440912000578,0.07872407,1187
59,-0.80870134,-0.86347234,-0.03941550935967964,0.03941550935967964,1.848921,1188
1117,-1.091744,-1.0642406,0.03896314701364469,0.03896314701364469,0.5032969,1189
1254,0.23443227,0.25883037,0.038571804618061235,0.038571804618061235,0.40553603,1190
657,0.032653973,0.01257794,-0.03814526131516685,0.03814526131516685,0.27325994,1191
547,0.12823905,0.13943341,0.03810494821503445,0.03810494821503445,0.08264983,1192
227,0.16041413,0.15124884,-0.03787581984761513,0.03787581984761513,0.058494896,1193
251,0.20179398,0.19017725,-0.03764394054882158,0.03764394054882158,0.09366097,1194
844,0.16654192,0.18007298,0.03698863528101221,0.03698863528101221,0.13414106,1195
145,-0.3799263,-0.36505526,0.03628690047810821,0.03628690047810821,0.16746812,1196
266,-0.08755677,-0.13196315,-0.03606351856068567,0.03606351856068567,1.5604609,1197
392,0.18607183,0.17823495,-0.035696773067830104,0.035696773067830104,0.048136692,1198
1278,0.19132173,0.17815709,-0.03561388504168205,0.03561388504168205,0.13220634,1199
1256,-1.5425894,-1.5792851,-0.035285276584829446,0.035285276584829446,1.1082367,1200
1203,0.048776884,0.02703507,-0.034939917239901204,0.034939917239901204,0.3723746,1201
117,-0.8793036,-0.84720546,0.03468051206568667,0.03468051206568667,0.83108175,1202
233,0.4930356,0.5202765,0.03464289714215724,0.03464289714215724,0.6289093,1203
1063,0.31992945,0.2816186,-0.033989019548876696,0.033989019548876696,1.2390325,1204
539,-0.32733873,-0.30731416,0.031059359479440933,0.031059359479440933,0.40502384,1205
252,0.15573782,0.145984,-0.0309418462467853,0.0309418462467853,0.09809096,1206
1194,0.43765587,0.42918673,-0.030912606939157716,0.030912606939157716,0.07449962,1207
437,-0.63203686,-0.585224,0.030644495092765806,0.030644495092765806,2.209491,1208
258,-0.25079334,-0.2712681,-0.030513212610414592,0.030513212610414592,0.45182332,1209
313,0.13140783,0.12299902,-0.030076149432624044,0.030076149432624044,0.07313309,1210
621,-1.3477303,-1.3797995,-0.029842247491694444,0.029842247491694444,1.1369784,1211
1160,-0.35442483,-0.3205529,0.029540698456607443,0.029540698456607443,1.291352,1212
1226,-0.3788715,-0.39868292,-0.029162704970130005,0.029162704970130005,0.44559917,1213
172,-0.7332662,-0.7136755,0.02734647497016178,0.02734647497016178,0.4986144,1214
503,0.090741254,0.0831084,-0.026740310665797348,0.026740310665797348,0.08115645,1215
888,-0.9319773,-0.9729775,-0.026680561403882617,0.026680561403882617,2.2150915,1216
153,-2.901784,-2.9251783,-0.026203065861294814,0.026203065861294814,0.80191916,1217
1231,0.1828711,0.19137783,0.025093450047703577,0.025093450047703577,0.10882131,1218
813,-0.3954233,-0.4106393,-0.02476788812691914,0.02476788812691914,0.3729305,1219
931,-0.9763189,-0.95184237,0.024610088093884045,0.024610088093884045,0.98765427,1220
979,-1.3361633,-1.3627812,-0.024399687330789115,0.024399687330789115,1.2186817,1221
608,-0.05754484,-0.040453915,0.023768971560806203,0.023768971560806203,0.5074253,1222
889,0.17365731,0.16561231,-0.02355982943615708,0.02355982943615708,0.11536968,1223
1193,-1.1944405,-1.1742005,0.023362953620249306,0.023362953620249306,0.7397492,1224
1241,0.26729134,0.28582123,0.023323628683444814,0.023323628683444814,0.6232065,1225
974,0.36447072,0.37259105,0.02281588826425879,0.02281588826425879,0.11972169,1226
34,0.26121685,0.24354416,-0.022763031947936038,0.022763031947936038,0.5987932,1227
259,-0.70742494,-0.6887004,0.02220439124338104,0.02220439124338104,0.7229404,1228
421,-0.7249241,-0.7365617,-0.020902018791993462,0.020902018791993462,0.30465344,1229
72,0.18585348,0.18007576,-0.02056554334330647,0.02056554334330647,0.07633769,1230
186,0.20611416,0.210897,0.01906742362768741,0.01906742362768741,0.061553393,1231
1055,-0.6996357,-0.6585038,0.01904410041493921,0.01904410041493921,4.8493595,1232
748,-0.8167755,-0.80412275,0.01880598760632476,0.01880598760632476,0.4371601,1233
307,-0.0070269178,0.015379882,0.018691719499631426,0.018691719499631426,1.4357748,1234
1095,0.09810718,0.13114803,0.01853221218674645,0.01853221218674645,3.2715166,1235
561,0.09840625,0.10447961,0.018192447145564734,0.018192447145564734,0.10833641,1236
54,0.12635347,0.13093641,0.01780945376391575,0.01780945376391575,0.06435267,1237
1243,0.24790628,0.24210456,-0.01778302023668648,0.01778302023668648,0.10521212,1238
727,0.022713045,0.013505299,-0.016781347527473296,0.016781347527473296,0.2924282,1239
1007,0.34073505,0.34662092,0.016149496496569025,0.016149496496569025,0.13053529,1240
881,-1.3934826,-1.4066585,-0.016094666295324443,0.016094666295324443,0.6704853,1241
1253,-0.3520054,-0.34269637,0.014759789804402401,0.014759789804402401,0.38255104,1242
42,-0.79162896,-0.7841508,0.014744825418068598,0.014744825418068598,0.2588404,1243
229,0.0784341,0.08310845,0.014367256955919892,0.014367256955919892,0.10243705,1244
50,-0.3035607,-0.29109684,0.014049951290446928,0.014049951290446928,0.80773365,1245
194,0.29246825,0.2873498,-0.013733383147148833,0.013733383147148833,0.13563389,1246
1154,0.3608496,0.36598483,0.013398089077062596,0.013398089077062596,0.145343,1247
292,0.07804742,0.08091879,0.013368307025613665,0.013368307025613665,0.04384332,1248
1146,-0.86280066,-0.87000304,-0.012258728116084368,0.012258728116084368,0.33955663,1249
1,-0.35762903,-0.34512073,0.01197125597443266,0.01197125597443266,1.0421848,1250
912,0.13021661,0.12649694,-0.011038162847946856,0.011038162847946856,0.11232852,1251
548,0.11444328,0.11766826,0.010963315312122251,0.010963315312122251,0.085709654,1252
850,-0.4118135,-0.42237175,-0.00982924258806084,0.00982924258806084,1.1610776,1253
408,-0.5775778,-0.58923316,-0.00822653023165565,0.00822653023165565,1.9079627,1254
681,0.10254918,0.107469894,0.007815766710919029,0.007815766710919029,0.39588958,1255
1069,0.23419,0.23171255,-0.007708845077697499,0.007708845077697499,0.10236503,1256
120,0.30085462,0.29854137,-0.007511451624031901,0.007511451624031901,0.09660436,1257
1056,-1.0719512,-1.0759536,-0.007224502591309179,0.007224502591309179,0.29790992,1258
43,-0.843731,-0.85283935,-0.007176266787830026,0.007176266787830026,1.568906,1259
1184,-0.34464136,-0.35154146,-0.007017253654813401,0.007017253654813401,0.9183005,1260
1085,-0.71365756,-0.70790786,0.006318712800593602,0.006318712800593602,0.86566573,1261
383,0.30461997,0.30264857,-0.006215504865458312,0.006215504865458312,0.09869981,1262
1010,0.14115636,0.14265624,0.005397350599528797,0.005397350599528797,0.07637345,1263
1032,0.07311853,0.07147933,-0.005068594543054313,0.005068594543054313,0.097281784,1264
666,0.36415157,0.36042944,-0.004856470036029053,0.004856470036029053,0.5545844,1265
1013,-0.69230443,-0.68908876,0.004611774067772009,0.004611774067772009,0.47903034,1266
379,-0.5032586,-0.50579697,-0.0044449733078367375,0.0044449733078367375,0.31929347,1267
12,0.06243816,0.065603785,0.00412800965914519,0.00412800965914519,0.57936895,1268
389,-0.0863181,-0.08403558,0.003904530851855017,0.003904530851855017,0.33459574,1269
502,-0.012466474,-0.010062795,0.0038628000686258203,0.0038628000686258203,0.3647796,1270
1143,-0.45782074,-0.45547053,0.0037646530064158524,0.0037646530064158524,0.3992013,1271
126,-0.690941,-0.68773264,0.003598479764015353,0.003598479764015353,0.80057585,1272
960,0.13286984,0.1336711,0.002954465886223422,0.002954465886223422,0.070255935,1273
859,0.19223255,0.19341917,0.002785050155864088,0.002785050155864088,0.17975625,1274
312,0.055778753,0.055048596,-0.0022968299916866827,0.0022968299916866827,0.09931018,1275
149,0.28995612,0.2915314,0.0021844578688014374,0.0021844578688014374,0.5100486,1276
770,0.23420498,0.23361734,-0.002147833804521132,0.002147833804521132,0.074348405,1277
815,0.02594083,0.025414519,-0.0018378739901084734,0.0018378739901084734,0.077885896,1278
1145,0.21212693,0.21271908,0.0017121978214860384,0.0017121978214860384,0.11654229,1279
719,0.09600078,0.09556002,-0.001550789687620023,0.001550789687620023,0.07827344,1280
