sample_id,source_file,source_index,split,y_true,raw_score,probability,y_pred
features_0:0,features_0.npy,0,train,0,-1.8417832979856268,0.00010296829327324497,0
features_0:2,features_0.npy,2,train,0,-1.9841022320606032,3.8498026837757687e-05,0
features_0:3,features_0.npy,3,train,0,-1.894869873185857,8.388206863309311e-05,0
features_0:5,features_0.npy,5,train,0,-1.0003557287590759,0.02310772255431412,0
features_0:6,features_0.npy,6,train,0,-1.0397392116009099,0.0046942841951566954,0
features_0:7,features_0.npy,7,train,0,-2.39783585687708,6.222755801688959e-06,0
features_0:9,features_0.npy,9,train,0,-2.103674907478402,4.254038415873379e-05,0
features_0:10,features_0.npy,10,train,0,-1.0302725106968913,0.005710392198538835,0
features_0:11,features_0.npy,11,train,0,-1.752553112528717,0.00010985301172245425,0
features_0:12,features_0.npy,12,train,0,-0.999884738894667,0.016363877784825884,0
features_0:15,features_0.npy,15,train,0,-1.131417531374043,0.003038294046745817,0
features_0:18,features_0.npy,18,train,0,-1.5485229745284232,0.0004256004034118863,0
features_0:23,features_0.npy,23,train,0,-1.7211521763164417,0.0001875328685662192,0
features_0:24,features_0.npy,24,train,0,-0.9997919956560755,0.004713539148266723,0
features_0:25,features_0.npy,25,train,0,-1.0000233049054807,0.010121929544311582,0
features_0:27,features_0.npy,27,train,0,-1.313119696459907,0.001553754348751476,0
features_0:28,features_0.npy,28,train,0,-1.353331822740289,0.0011290595659963858,0
features_0:29,features_0.npy,29,train,0,-1.6879019712575014,0.00019195847359485842,0
features_0:30,features_0.npy,30,train,0,-2.5894714953646027,2.3233342169514525e-06,0
features_0:31,features_0.npy,31,train,0,-1.705774985327862,0.0003180227676615021,0
features_0:32,features_0.npy,32,train,0,-1.6764929348984403,0.00023628027091892023,0
features_0:33,features_0.npy,33,train,0,-1.7214198251871298,0.00023392985158814228,0
features_0:36,features_0.npy,36,train,0,-1.0000355668588672,0.040961827406180526,0
features_0:38,features_0.npy,38,train,0,-2.1911951164182177,2.1511865571614036e-05,0
features_0:39,features_0.npy,39,train,0,-1.3666138258443052,0.0010881892774710351,0
features_0:41,features_0.npy,41,train,0,-1.2481669890656941,0.001436284315286945,0
features_0:42,features_0.npy,42,train,0,-1.490578603896106,0.0005913314833295175,0
features_0:43,features_0.npy,43,train,0,-0.9998909400294702,0.008421739290250464,0
features_0:44,features_0.npy,44,train,0,-1.6420218562285598,0.00025675592387186866,0
features_0:45,features_0.npy,45,train,0,-2.0819062877219077,2.824595341173902e-05,0
features_0:47,features_0.npy,47,train,0,-1.8760803205947876,6.760285680950058e-05,0
features_0:48,features_0.npy,48,train,0,-1.3186155040067609,0.0017271578164325101,0
features_0:49,features_0.npy,49,train,0,-1.2712406446689224,0.0018656351548553528,0
features_0:51,features_0.npy,51,train,0,-1.0630819153497442,0.0038694525295409022,0
features_0:52,features_0.npy,52,train,0,-1.874385231971204,0.00010711893716538802,0
features_0:54,features_0.npy,54,train,0,-1.0000619684038274,0.013636044379031414,0
features_0:55,features_0.npy,55,train,0,-1.336849596324762,0.0017134350903178983,0
features_0:56,features_0.npy,56,train,0,-1.8341001233793242,0.000149322339848978,0
features_0:57,features_0.npy,57,train,0,-0.9998681765984869,0.005018509520367115,0
features_0:58,features_0.npy,58,train,0,-1.1143010682937946,0.0036912128338904004,0
features_0:59,features_0.npy,59,train,0,-1.0628081391299562,0.0038937002726209154,0
features_0:60,features_0.npy,60,train,0,-1.109502297932422,0.0038690577524406688,0
features_0:61,features_0.npy,61,train,0,-1.5559422421726397,0.0003885288494632043,0
features_0:62,features_0.npy,62,train,0,-1.946121320693601,3.8653845977483504e-05,0
features_0:63,features_0.npy,63,train,0,-1.2342427130744749,0.0023077851387017867,0
features_0:65,features_0.npy,65,train,0,-2.050296306685857,2.8084960862961216e-05,0
features_0:66,features_0.npy,66,train,0,-1.8392531752319823,7.410416334979283e-05,0
features_0:67,features_0.npy,67,train,0,-1.7111704369358005,0.0001574425334905023,0
features_0:68,features_0.npy,68,train,0,-1.0001924617208096,0.011292637381921999,0
features_0:69,features_0.npy,69,train,0,-1.4218679970642791,0.0006551772966857853,0
features_0:70,features_0.npy,70,train,0,-1.2110513157587848,0.002043914383871065,0
features_0:71,features_0.npy,71,train,0,-1.3831588386864175,0.0008051741743531045,0
features_0:72,features_0.npy,72,train,0,-1.0000100130313554,0.018981931501482193,0
features_0:73,features_0.npy,73,train,0,-1.3864605851270946,0.0011217567855953293,0
features_0:74,features_0.npy,74,train,0,-1.4976710739225976,0.0006453188384626498,0
features_0:75,features_0.npy,75,train,0,-2.0361990684182305,3.635435465482356e-05,0
features_0:76,features_0.npy,76,train,0,-1.0534616418670348,0.0045186557631882885,0
features_0:77,features_0.npy,77,train,0,-1.3839722020412897,0.0009750884079554646,0
features_0:78,features_0.npy,78,train,0,-1.5516214461898346,0.0004689550168525225,0
features_0:79,features_0.npy,79,train,0,-0.9999067218040485,0.006748881995064111,0
features_0:80,features_0.npy,80,train,0,-1.8505313257197566,7.963773347335989e-05,0
features_0:81,features_0.npy,81,train,0,-1.8252662213453752,9.006252344898524e-05,0
features_0:82,features_0.npy,82,train,0,-1.0001031834346001,0.058524234960404306,0
features_0:83,features_0.npy,83,train,0,-1.4072562760272818,0.0006778969771167061,0
features_0:84,features_0.npy,84,train,0,-1.0001897991836286,0.011517802056452043,0
features_0:85,features_0.npy,85,train,0,-1.5163236927590509,0.00045473549909425486,0
features_0:86,features_0.npy,86,train,0,-1.6843521279002012,0.00024981760819991697,0
features_0:88,features_0.npy,88,train,0,-1.7361078695570589,0.0001723878365819682,0
features_0:89,features_0.npy,89,train,0,-1.4816884749115404,0.0005783078044197476,0
features_0:90,features_0.npy,90,train,0,-1.1392438939717051,0.003121590985098738,0
features_0:92,features_0.npy,92,train,0,-1.3008768851368533,0.0015338934007225634,0
features_0:94,features_0.npy,94,train,0,-1.009978410971737,0.004798644797561609,0
features_0:96,features_0.npy,96,train,0,-1.6057128279419104,0.0003571244405656134,0
features_0:97,features_0.npy,97,train,0,-1.3180171903537596,0.0012241082315151883,0
features_0:99,features_0.npy,99,train,0,-0.9998055941278028,0.004710043869110065,0
features_0:100,features_0.npy,100,train,0,-1.5132802885463823,0.0004587966528840469,0
features_0:101,features_0.npy,101,train,0,-1.0000321174139346,0.005184406457814293,0
features_0:102,features_0.npy,102,train,0,-1.1764452340898792,0.002751564326547949,0
features_0:104,features_0.npy,104,train,0,-1.02105928822115,0.0041145683263521865,0
features_0:105,features_0.npy,105,train,0,-1.360919858971166,0.001124974873965379,0
features_0:106,features_0.npy,106,train,0,-1.5272367460759941,0.0005639401785097837,0
features_0:107,features_0.npy,107,train,0,-2.275286555723303,1.357321087102849e-05,0
features_0:108,features_0.npy,108,train,0,-0.9998004626430157,0.005044784372053803,0
features_0:109,features_0.npy,109,train,0,-1.1370607251315052,0.002887756582227572,0
features_0:110,features_0.npy,110,train,0,-1.725190570862659,0.00015567009204418792,0
features_0:111,features_0.npy,111,train,0,-1.6179464726647297,0.0003165395653434542,0
features_0:113,features_0.npy,113,train,0,-1.7098393524398423,0.00019484683194894247,0
features_0:114,features_0.npy,114,train,0,-1.9435417203292897,6.740625087540855e-05,0
features_0:115,features_0.npy,115,train,0,-0.999769728185846,0.017694063001974663,0
features_0:117,features_0.npy,117,train,0,-1.8451577338596978,0.00011413076131110847,0
features_0:118,features_0.npy,118,train,0,-1.427878134399241,0.0007369071430717998,0
features_0:120,features_0.npy,120,train,0,-1.2289582245712591,0.002426465207575026,0
features_0:123,features_0.npy,123,train,0,-1.1499534144086294,0.002737273005833046,0
features_0:124,features_0.npy,124,train,0,-1.4189444254618708,0.0010445408737052666,0
features_0:125,features_0.npy,125,train,0,-1.140355578741136,0.003313382621227382,0
features_0:126,features_0.npy,126,train,0,-0.9997846818984932,0.008183034644904595,0
features_0:128,features_0.npy,128,train,0,-1.2243881572247288,0.0021010540683212998,0
features_0:129,features_0.npy,129,train,0,-0.9996466976201059,0.020562533760527673,0
features_0:131,features_0.npy,131,train,0,-2.1020798265139367,3.3656709028015395e-05,0
features_0:132,features_0.npy,132,train,0,-1.6838739826932743,0.00023823324389552654,0
features_0:133,features_0.npy,133,train,0,-1.0002415694811932,0.007733699250902858,0
features_0:135,features_0.npy,135,train,0,-1.3141432152992003,0.0015678805400690828,0
features_0:136,features_0.npy,136,train,0,-1.7553450495397684,0.00013264894066708022,0
features_0:137,features_0.npy,137,train,0,-1.4397883112454617,0.0009522180394523951,0
features_0:138,features_0.npy,138,train,0,-1.0372065518868319,0.004130084780311753,0
features_0:139,features_0.npy,139,train,0,-1.4308644028272792,0.0011201053463609045,0
features_0:140,features_0.npy,140,train,0,-1.3365515232170808,0.0012671727756513253,0
features_0:141,features_0.npy,141,train,0,-1.0001412995968189,0.010740985821440608,0
features_0:142,features_0.npy,142,train,0,-1.1805941607500632,0.0029003441040867063,0
features_0:144,features_0.npy,144,train,0,-2.1435137531262787,1.8691508544525593e-05,0
features_0:145,features_0.npy,145,train,0,-1.0000696820569774,0.05395062791531274,0
features_0:147,features_0.npy,147,train,0,-1.7724966411182272,0.00017930038075194069,0
features_0:148,features_0.npy,148,train,0,-1.5750346900359733,0.0003163524743821434,0
features_0:155,features_0.npy,155,train,0,-1.6731303353294944,0.00016766785525777907,0
features_0:156,features_0.npy,156,train,0,-1.2915376021177722,0.0015724380416382365,0
features_0:158,features_0.npy,158,train,0,-1.3422883979068068,0.0009793950838437033,0
features_0:162,features_0.npy,162,train,0,-2.054425113776962,4.6252967088912393e-05,0
features_0:163,features_0.npy,163,train,0,-1.3595744867533488,0.001154826395666918,0
features_0:164,features_0.npy,164,train,0,-1.4935373272770842,0.00044704958903941906,0
features_0:165,features_0.npy,165,train,0,-1.7571073996079274,0.00017054769929918348,0
features_0:167,features_0.npy,167,train,0,-2.0898786656599664,2.7047332127798774e-05,0
features_0:168,features_0.npy,168,train,0,-1.0655197773932488,0.0038786610521262823,0
features_0:169,features_0.npy,169,train,0,-0.9996640519590052,0.011780175737045831,0
features_0:170,features_0.npy,170,train,0,-1.224286939558494,0.0025630735237319275,0
features_0:171,features_0.npy,171,train,0,-1.84604833998511,6.924408400092917e-05,0
features_0:172,features_0.npy,172,train,0,-0.9996369962146512,0.005497367601582451,0
features_0:173,features_0.npy,173,train,0,-1.152856566555796,0.002608328963775305,0
features_0:174,features_0.npy,174,train,0,-1.0002211033215025,0.01679732535738703,0
features_0:175,features_0.npy,175,train,0,-1.0459026602709849,0.0037378330395389714,0
features_0:176,features_0.npy,176,train,0,-0.9997821247895555,0.006258596668776609,0
features_0:177,features_0.npy,177,train,0,-1.629435897048665,0.0002856533233840694,0
features_0:178,features_0.npy,178,train,0,-1.680036082336175,0.00017191860814082686,0
features_0:179,features_0.npy,179,train,0,-1.000096665714137,0.005268376172727472,0
features_0:181,features_0.npy,181,train,0,-1.5623737638352269,0.0003582648618067746,0
features_0:182,features_0.npy,182,train,0,-1.1064120765732912,0.003952433545944547,0
features_0:183,features_0.npy,183,train,0,-1.400820613397413,0.0007390973819134827,0
features_0:184,features_0.npy,184,train,0,-1.1523297630458802,0.0028232734457848577,0
features_0:185,features_0.npy,185,train,0,-1.0001057095252053,0.014627959553772506,0
features_0:188,features_0.npy,188,train,0,-1.0004196509374688,0.007683697596472705,0
features_0:191,features_0.npy,191,train,0,-2.3927103390285502,4.9471736895584814e-06,0
features_0:192,features_0.npy,192,train,0,-1.8689251086979188,9.875148991044226e-05,0
features_0:193,features_0.npy,193,train,0,-0.999971522232344,0.006651186687421856,0
features_0:194,features_0.npy,194,train,0,-2.4265961241750564,5.1463785234993815e-06,0
features_0:195,features_0.npy,195,train,0,-1.0634613675261,0.003821344511600328,0
features_0:196,features_0.npy,196,train,0,-1.7212682552755691,0.00015944962299961567,0
features_0:198,features_0.npy,198,train,0,-1.9430455418815886,6.227840118477147e-05,0
features_0:199,features_0.npy,199,train,0,-1.6265799613022045,0.00030567136197989954,0
features_0:203,features_0.npy,203,train,0,-1.9952165799607071,3.842565337304749e-05,0
features_0:204,features_0.npy,204,train,0,-0.9998669212213327,0.18711909992048886,0
features_0:208,features_0.npy,208,train,0,-1.7673582697386159,0.00016883742895391804,0
features_0:209,features_0.npy,209,train,0,-1.5051174021305767,0.0004274118520848742,0
features_0:210,features_0.npy,210,train,0,-2.5271332954482406,2.4638928637877583e-06,0
features_0:211,features_0.npy,211,train,0,-1.0001826385769037,0.014389764004086827,0
features_0:212,features_0.npy,212,train,0,-2.63424063211254,1.6109073949010159e-06,0
features_0:213,features_0.npy,213,train,0,-0.9997833663601012,0.00527490167315773,0
features_0:214,features_0.npy,214,train,0,-0.9998355573299635,0.03984287815670341,0
features_0:215,features_0.npy,215,train,0,-2.3096971365457,9.333559297874773e-06,0
features_0:218,features_0.npy,218,train,0,-1.944253763481908,6.57174069388816e-05,0
features_0:220,features_0.npy,220,train,0,-1.7435722870312826,0.0001191041496158999,0
features_0:221,features_0.npy,221,train,0,-1.0003896369131473,0.012245103697695409,0
features_0:222,features_0.npy,222,train,0,-1.8060147585378965,0.00015100747485628056,0
features_0:223,features_0.npy,223,train,0,-1.077644077524666,0.004339920868729214,0
features_0:224,features_0.npy,224,train,0,-1.0002530894281232,0.00732792970182141,0
features_0:226,features_0.npy,226,train,0,-1.3614141615864623,0.0009151283946217481,0
features_0:227,features_0.npy,227,train,0,-1.0222925657955912,0.004368621928706942,0
features_0:228,features_0.npy,228,train,0,-1.8680895743784471,0.00012588231040886459,0
features_0:231,features_0.npy,231,train,0,-1.0002580544250625,0.010143564406037555,0
features_0:232,features_0.npy,232,train,0,-1.7334798222408525,0.00017603519842506452,0
features_0:233,features_0.npy,233,train,0,-1.0003350908639472,0.014200758509061143,0
features_0:234,features_0.npy,234,train,0,-1.5010999014517414,0.0004867205454719176,0
features_0:235,features_0.npy,235,train,0,-0.999882322747411,0.006165875231716798,0
features_0:236,features_0.npy,236,train,0,-0.9997200354284024,0.016239507079005275,0
features_0:237,features_0.npy,237,train,0,-1.7896099470012334,0.00013051195053827793,0
features_0:238,features_0.npy,238,train,0,-1.7850388593464295,0.00014613923180486533,0
features_0:239,features_0.npy,239,train,0,-1.7824927251150557,0.00011876505368386687,0
features_0:240,features_0.npy,240,train,0,-1.3828604296064189,0.0010306237665055344,0
features_0:242,features_0.npy,242,train,0,-1.3456664355488086,0.001163744286253631,0
features_0:243,features_0.npy,243,train,0,-1.0000704860721392,0.005749784818145784,0
features_0:244,features_0.npy,244,train,0,-1.0005014751586856,0.03706806584228064,0
features_0:247,features_0.npy,247,train,0,-1.0000744241447852,0.005696787990095052,0
features_0:248,features_0.npy,248,train,0,-0.9999144141213832,0.005315298606080739,0
features_0:249,features_0.npy,249,train,0,-1.2431488988446702,0.0015442475555048766,0
features_0:250,features_0.npy,250,train,0,-0.9998656272892767,0.04845979855397083,0
features_0:251,features_0.npy,251,train,0,-0.9999967741178839,0.012144847138063377,0
features_0:254,features_0.npy,254,train,0,-1.5942205336566009,0.0003148947917024011,0
features_0:255,features_0.npy,255,train,0,-1.4911344203720476,0.0006832654861882712,0
features_0:256,features_0.npy,256,train,0,-1.878736554557831,5.816971676503146e-05,0
features_0:258,features_0.npy,258,train,0,-0.9998554464995228,0.007086946966924595,0
features_0:259,features_0.npy,259,train,0,-0.9999311390425356,0.006885895784325298,0
features_0:260,features_0.npy,260,train,0,-2.0087619359195132,5.0062148195500525e-05,0
features_0:261,features_0.npy,261,train,0,-1.4984198947387295,0.0004381608299217148,0
features_0:264,features_0.npy,264,train,0,-1.0001233208812847,0.10598471583753544,0
features_0:265,features_0.npy,265,train,0,-1.7070023134469767,0.00023554317490741763,0
features_0:266,features_0.npy,266,train,0,-1.987476964247941,5.51643841048834e-05,0
features_0:267,features_0.npy,267,train,0,-1.3635099389584278,0.0011492713745487179,0
features_0:270,features_0.npy,270,train,0,-1.3613397246624368,0.00097715643056223,0
features_0:271,features_0.npy,271,train,0,-1.7826789223499422,0.0001379621579276268,0
features_0:272,features_0.npy,272,train,0,-1.3958615344436625,0.0008422428038290699,0
features_0:273,features_0.npy,273,train,0,-1.5896378287342179,0.0003084938688734797,0
features_0:274,features_0.npy,274,train,0,-0.9998059810920035,0.008815030858145544,0
features_0:275,features_0.npy,275,train,0,-1.3019916333896906,0.0017306997404322201,0
features_0:277,features_0.npy,277,train,0,-1.5893567402222293,0.0003497384906837405,0
features_0:278,features_0.npy,278,train,0,-1.8335126044877201,0.00012132094301318282,0
features_0:280,features_0.npy,280,train,0,-1.0000583845834345,0.010958982891183378,0
features_0:281,features_0.npy,281,train,0,-1.333479414998747,0.0010292695615413557,0
features_0:282,features_0.npy,282,train,0,-1.1650710111274998,0.0027598649178690203,0
features_0:284,features_0.npy,284,train,0,-1.7196628868085504,0.00020534901861298354,0
features_0:285,features_0.npy,285,train,0,-1.9715161278762388,5.254937966487967e-05,0
features_0:286,features_0.npy,286,train,0,-1.374775560305446,0.0009914357727901714,0
features_0:287,features_0.npy,287,train,0,-1.7780436172240375,0.00015060961769122115,0
features_0:289,features_0.npy,289,train,0,-1.0003411760831489,0.010165187255030272,0
features_0:290,features_0.npy,290,train,0,-1.5564171481862035,0.0003739784698290812,0
features_0:291,features_0.npy,291,train,0,-1.0002249795150322,0.0634240719383212,0
features_0:292,features_0.npy,292,train,0,-1.0142769399387663,0.004520542359358323,0
features_0:294,features_0.npy,294,train,0,-2.2089468586875354,1.4137044830594625e-05,0
features_0:296,features_0.npy,296,train,0,-1.4833666958520084,0.0005476143970509783,0
features_0:297,features_0.npy,297,train,0,-1.451866565689866,0.000844936256416702,0
features_0:298,features_0.npy,298,train,0,-1.552171390803185,0.00039210040224967204,0
features_0:299,features_0.npy,299,train,0,-1.9637953552207283,5.749276451614754e-05,0
features_0:300,features_0.npy,300,train,0,-1.2392811292653616,0.002234727934107223,0
features_0:302,features_0.npy,302,train,0,-1.2840397341807872,0.0014363383827143612,0
features_0:303,features_0.npy,303,train,0,-0.9998647431439529,0.017182500958985273,0
features_0:305,features_0.npy,305,train,0,-0.9997866290752389,0.005888600250969493,0
features_0:306,features_0.npy,306,train,0,-1.0001139998930706,0.020255495404325457,0
features_0:307,features_0.npy,307,train,0,-1.851971834436456,9.329586842448054e-05,0
features_0:308,features_0.npy,308,train,0,-1.9372087271332634,6.709816583827555e-05,0
features_0:309,features_0.npy,309,train,0,-1.1783074864037042,0.0030803927639161954,0
features_0:310,features_0.npy,310,train,0,-1.357073367163617,0.001025654867248839,0
features_0:311,features_0.npy,311,train,0,-1.7432373661732539,0.00016308129482750915,0
features_0:312,features_0.npy,312,train,0,-0.999924452821392,0.005631504055362472,0
features_0:314,features_0.npy,314,train,0,-1.3393006619577354,0.0014098764639156574,0
features_0:316,features_0.npy,316,train,0,-0.9996573414868231,0.013310844247623915,0
features_0:318,features_0.npy,318,train,0,-1.0001107679490355,0.010524392777130655,0
features_0:319,features_0.npy,319,train,0,-1.8716763989561316,7.4473250518117e-05,0
features_0:321,features_0.npy,321,train,0,-2.028247382454211,4.691931797843642e-05,0
features_0:322,features_0.npy,322,train,0,-1.4037554555559213,0.0008532546985668046,0
features_0:323,features_0.npy,323,train,0,-1.3771594207197866,0.001564772308786256,0
features_0:324,features_0.npy,324,train,0,-1.7622636789474777,0.00014444871297972228,0
features_0:325,features_0.npy,325,train,0,-1.4598961390674219,0.000725180571428235,0
features_0:326,features_0.npy,326,train,0,-1.0250130852313946,0.004603126961229388,0
features_0:327,features_0.npy,327,train,0,-2.3696948130871522,7.61450647029079e-06,0
features_0:328,features_0.npy,328,train,0,-1.00010580604875,0.005679703644460733,0
features_0:329,features_0.npy,329,train,0,-0.9998079058438547,0.007192309237633932,0
features_0:331,features_0.npy,331,train,0,-1.0000541848355875,0.009570728619440104,0
features_0:332,features_0.npy,332,train,0,-1.61147056525551,0.00030732946946432376,0
features_0:333,features_0.npy,333,train,0,-2.1276620759701195,2.5184090133668143e-05,0
features_0:334,features_0.npy,334,train,0,-0.9998696289586,0.007335121812076931,0
features_0:336,features_0.npy,336,train,0,-0.9999050420065299,0.013548614746795298,0
features_0:338,features_0.npy,338,train,0,-0.9997503291651153,0.013149727255064312,0
features_0:339,features_0.npy,339,train,0,-1.4810997497067862,0.0005409622098409329,0
features_0:341,features_0.npy,341,train,0,-1.6016714262737484,0.00027047669635157955,0
features_0:342,features_0.npy,342,train,0,-1.6175785050152416,0.0002445830279018442,0
features_0:344,features_0.npy,344,train,0,-1.0000028401047474,0.025784828931314018,0
features_0:346,features_0.npy,346,train,0,-0.9999534184581831,0.11345700400184648,0
features_0:347,features_0.npy,347,train,0,-0.9999417214263635,0.030091994603948853,0
features_0:348,features_0.npy,348,train,0,-1.3539533999738524,0.0011041420615780502,0
features_0:349,features_0.npy,349,train,0,-1.000249858330339,0.015395089197182965,0
features_0:350,features_0.npy,350,train,0,-0.9999151796087755,0.034986200943233736,0
features_0:351,features_0.npy,351,train,0,-1.0000528377149134,0.005309202393080985,0
features_0:352,features_0.npy,352,train,0,-0.9999842643305044,0.09727828993671156,0
features_0:353,features_0.npy,353,train,0,-1.2303462401547338,0.002448747874617936,0
features_0:354,features_0.npy,354,train,0,-1.375063801599254,0.0012109448638810037,0
features_0:355,features_0.npy,355,train,0,-2.34540797897835,8.274261905549945e-06,0
features_0:357,features_0.npy,357,train,0,-0.9999902340131035,0.01194156340092457,0
features_0:358,features_0.npy,358,train,0,-2.2127074030170357,1.7384306282000428e-05,0
features_0:359,features_0.npy,359,train,0,-2.216078842879656,1.4329660179413276e-05,0
features_0:360,features_0.npy,360,train,0,-0.9996281496306343,0.006476539641226605,0
features_0:361,features_0.npy,361,train,0,-1.268760556401777,0.001325956776305393,0
features_0:362,features_0.npy,362,train,0,-1.0079387817380827,0.004185205156681863,0
features_0:363,features_0.npy,363,train,0,-1.327488067904423,0.0014619510985563508,0
features_0:364,features_0.npy,364,train,0,-2.009811803018412,4.158264524791749e-05,0
features_0:365,features_0.npy,365,train,0,-1.0001961349658852,0.010192416219108944,0
features_0:366,features_0.npy,366,train,0,-1.1531175651549703,0.002633773553613536,0
features_0:367,features_0.npy,367,train,0,-1.852433507467446,0.00010355976305284429,0
features_0:368,features_0.npy,368,train,0,-2.329635930624126,7.180777980972184e-06,0
features_0:370,features_0.npy,370,train,0,-1.3191153175727257,0.002091061058498467,0
features_0:371,features_0.npy,371,train,0,-1.4158825412236653,0.0011591303458730593,0
features_0:372,features_0.npy,372,train,0,-1.6034074760291506,0.000244863283107785,0
features_0:373,features_0.npy,373,train,0,-2.375314753325288,5.310407626755592e-06,0
features_0:374,features_0.npy,374,train,0,-2.296459052605718,1.0307000125797174e-05,0
features_0:375,features_0.npy,375,train,0,-1.4059300901778773,0.0008974053311893255,0
features_0:376,features_0.npy,376,train,0,-0.9999465844127502,0.16474199154997354,0
features_0:377,features_0.npy,377,train,0,-1.0001354545309,0.013065222398629612,0
features_0:380,features_0.npy,380,train,0,-0.9997009907850649,0.006219438475238434,0
features_0:381,features_0.npy,381,train,0,-1.7960651252291222,0.00012581314101254808,0
features_0:382,features_0.npy,382,train,0,-1.0032491546753508,0.004828801326094663,0
features_0:383,features_0.npy,383,train,0,-1.0255715517372974,0.004470320997713098,0
features_0:386,features_0.npy,386,train,0,-0.9998853415207831,0.15558061228639072,0
features_0:388,features_0.npy,388,train,0,-1.4913557082328341,0.0004990605575685284,0
features_0:389,features_0.npy,389,train,0,-2.295590134284801,1.0969031001110795e-05,0
features_0:390,features_0.npy,390,train,0,-1.436943466694706,0.0008250531399065638,0
features_0:393,features_0.npy,393,train,0,-0.9997389279260618,0.007616813208590671,0
features_0:394,features_0.npy,394,train,0,-1.4730123964860882,0.0004850485942951502,0
features_0:395,features_0.npy,395,train,0,-1.0077819565261843,0.004551099551414901,0
features_0:396,features_0.npy,396,train,0,-1.645521968252729,0.00019915661660889716,0
features_0:398,features_0.npy,398,train,0,-1.7105003257138571,0.00015925992792014128,0
features_0:404,features_0.npy,404,train,0,-1.1090293007754672,0.0038510322890014546,0
features_0:405,features_0.npy,405,train,0,-1.0689730216153677,0.004509451751812552,0
features_0:408,features_0.npy,408,train,0,-1.0000549492297393,0.006794122660884518,0
features_0:409,features_0.npy,409,train,0,-1.0795303534352372,0.0032893187404745743,0
features_0:410,features_0.npy,410,train,0,-1.663088736007191,0.0002213686138817097,0
features_0:411,features_0.npy,411,train,0,-0.9999002769287662,0.004994530770471467,0
features_0:412,features_0.npy,412,train,0,-1.8237497785774408,0.00014323060788648092,0
features_0:413,features_0.npy,413,train,0,-1.8753679324080268,0.00010251610565231416,0
features_0:414,features_0.npy,414,train,0,-1.6618560818655588,0.00018060415605181354,0
features_0:415,features_0.npy,415,train,0,-1.9313989151383437,7.478966514063538e-05,0
features_0:416,features_0.npy,416,train,0,-2.196701107017737,1.512510497263802e-05,0
features_0:417,features_0.npy,417,train,0,-1.554212056506087,0.00036826744430400887,0
features_0:419,features_0.npy,419,train,0,-1.2425213582552235,0.002257022447834004,0
features_0:420,features_0.npy,420,train,0,-1.3085730813954985,0.0011927775996588273,0
features_0:421,features_0.npy,421,train,0,-2.2642746233449484,1.1225497425160522e-05,0
features_0:422,features_0.npy,422,train,0,-1.7691533501942796,0.00015518583848669703,0
features_0:423,features_0.npy,423,train,0,-1.327013414141989,0.0008935547904571625,0
features_0:424,features_0.npy,424,train,0,-1.3653821212558257,0.0011994461446928357,0
features_0:425,features_0.npy,425,train,0,-1.0971984216754138,0.004040360455484373,0
features_0:426,features_0.npy,426,train,0,-1.400196611523526,0.0007704318289420834,0
features_0:427,features_0.npy,427,train,0,-1.1698130234062178,0.002790735455995489,0
features_0:428,features_0.npy,428,train,0,-2.0201029385316045,3.446439814917161e-05,0
features_0:429,features_0.npy,429,train,0,-1.4173979317508314,0.0007495469612011716,0
features_0:430,features_0.npy,430,train,0,-1.4659092141601584,0.0009194335699150523,0
features_0:432,features_0.npy,432,train,0,-1.0001140268078637,0.006113374624834042,0
features_0:433,features_0.npy,433,train,0,-1.0076609541620927,0.005219370563606452,0
features_0:434,features_0.npy,434,train,0,-2.101041266844019,2.4536322904136796e-05,0
features_0:435,features_0.npy,435,train,0,-1.4389845238146013,0.0007704176274592183,0
features_0:436,features_0.npy,436,train,0,-1.1803831011941128,0.0021870503557926907,0
features_0:438,features_0.npy,438,train,0,-1.0001076213887012,0.07012720852494424,0
features_0:439,features_0.npy,439,train,0,-1.3593428767316422,0.0010638471651911274,0
features_0:440,features_0.npy,440,train,0,-1.6605485339919281,0.0001849430192801709,0
features_0:442,features_0.npy,442,train,0,-1.4104429254226598,0.000750291204359998,0
features_0:444,features_0.npy,444,train,0,-1.3676242916035721,0.0009049682172778868,0
features_0:445,features_0.npy,445,train,0,-1.445819236176045,0.0005671648787530087,0
features_0:446,features_0.npy,446,train,0,-1.5022813357404434,0.00046453443427868415,0
features_0:447,features_0.npy,447,train,0,-1.4315754534528475,0.0007010262361169092,0
features_0:448,features_0.npy,448,train,0,-1.0002812510240404,0.005024514775892944,0
features_0:449,features_0.npy,449,train,0,-0.999923018695045,0.009017762247444222,0
features_0:450,features_0.npy,450,train,0,-0.9997047174880855,0.09228336637137644,0
features_0:451,features_0.npy,451,train,0,-0.9999833826100815,0.0055709913644570895,0
features_0:453,features_0.npy,453,train,0,-1.3222601430123508,0.0012068032200330029,0
features_0:454,features_0.npy,454,train,0,-1.2366230517672179,0.0018520437137456145,0
features_0:456,features_0.npy,456,train,0,-1.8567686942857107,9.358218615806474e-05,0
features_0:457,features_0.npy,457,train,0,-1.2281375188099395,0.0022857584934704417,0
features_0:458,features_0.npy,458,train,0,-1.6118893049169432,0.0002329365958338056,0
features_0:460,features_0.npy,460,train,0,-1.6287281598717045,0.0002629289076848013,0
features_0:461,features_0.npy,461,train,0,-1.0950800802159781,0.0032716794804385886,0
features_0:462,features_0.npy,462,train,0,-1.9172843206001717,5.100503041079828e-05,0
features_0:464,features_0.npy,464,train,0,-1.4849288046920441,0.0005933108953119991,0
features_0:465,features_0.npy,465,train,0,-2.371901889190436,5.93520158450314e-06,0
features_0:467,features_0.npy,467,train,0,-0.9995652533984234,0.00899997969017936,0
features_0:468,features_0.npy,468,train,0,-1.41832021208095,0.0007095628165407805,0
features_0:471,features_0.npy,471,train,0,-1.896575892274406,8.226730536290962e-05,0
features_0:475,features_0.npy,475,train,0,-1.0537538252613898,0.004251031510165688,0
features_0:477,features_0.npy,477,train,0,-1.8025591023611691,0.000114808920739415,0
features_0:478,features_0.npy,478,train,0,-1.2646510341481711,0.0026342464551828227,0
features_0:479,features_0.npy,479,train,0,-1.3047208580857768,0.0017131668091964684,0
features_0:480,features_0.npy,480,train,0,-1.0001325891375243,0.03974826756701198,0
features_0:481,features_0.npy,481,train,0,-1.311256178640452,0.001317628850156431,0
features_0:482,features_0.npy,482,train,0,-1.520185901547775,0.0005238932575790629,0
features_0:483,features_0.npy,483,train,0,-1.5470338050780783,0.0004343275975792711,0
features_0:485,features_0.npy,485,train,0,-0.9999674633633111,0.014026111608949936,0
features_0:486,features_0.npy,486,train,0,-1.659395655494622,0.000190138738458103,0
features_0:490,features_0.npy,490,train,0,-1.1193551780445503,0.003708285095050419,0
features_0:491,features_0.npy,491,train,0,-0.9996534374446064,0.005087676289120309,0
features_0:493,features_0.npy,493,train,0,-1.000374316103099,0.023484201515767737,0
features_0:494,features_0.npy,494,train,0,-1.1916380530215966,0.0018727088838829682,0
features_0:495,features_0.npy,495,train,0,-1.109276838946101,0.0037328370234317636,0
features_0:497,features_0.npy,497,train,0,-1.0156707292678178,0.004796792925170777,0
features_0:498,features_0.npy,498,train,0,-1.3546201034292413,0.0010154856502259226,0
features_0:499,features_0.npy,499,train,0,-1.1322469528032872,0.0034226899596576468,0
features_0:500,features_0.npy,500,train,0,-2.0590944273439455,4.2702746815769327e-05,0
features_0:501,features_0.npy,501,train,0,-1.4528298244584976,0.0005878673719522168,0
features_0:503,features_0.npy,503,train,0,-1.305994743318901,0.0011107884546296889,0
features_0:504,features_0.npy,504,train,0,-1.8558619429389016,0.0001281762496213662,0
features_0:505,features_0.npy,505,train,0,-1.750988437425008,0.00015946296836916678,0
features_0:506,features_0.npy,506,train,0,-1.2784917613052054,0.0014921290811904949,0
features_0:507,features_0.npy,507,train,0,-2.0157217793890014,3.825905040566852e-05,0
features_0:513,features_0.npy,513,train,0,-1.6624942193615206,0.00022374921992484974,0
features_0:514,features_0.npy,514,train,0,-0.9997404166435255,0.006458969010183883,0
features_0:516,features_0.npy,516,train,0,-1.7619688950681567,0.00015326472289781693,0
features_0:518,features_0.npy,518,train,0,-1.1316092859283118,0.003638021967395864,0
features_0:519,features_0.npy,519,train,0,-1.5212362024735582,0.0005375354765355697,0
features_0:522,features_0.npy,522,train,0,-2.026573270002478,4.199777814570732e-05,0
features_0:523,features_0.npy,523,train,0,-1.5673486232125906,0.00039637462783318514,0
features_0:525,features_0.npy,525,train,0,-1.8026877248514315,0.0001238278390337085,0
features_0:526,features_0.npy,526,train,0,-1.1943144329278244,0.0028164801611044415,0
features_0:527,features_0.npy,527,train,0,-0.9995433836713452,0.09440119244484872,0
features_0:528,features_0.npy,528,train,0,-1.3193732176319795,0.0012396397865925754,0
features_0:529,features_0.npy,529,train,0,-1.5652906048677537,0.0003587329168200836,0
features_0:530,features_0.npy,530,train,0,-0.9996541355385775,0.006608768900473218,0
features_0:531,features_0.npy,531,train,0,-1.792756818082462,0.00011002636837173689,0
features_0:532,features_0.npy,532,train,0,-1.0646996581220771,0.004042054898187731,0
features_0:533,features_0.npy,533,train,0,-1.7706462607189664,0.0001702356203971101,0
features_0:534,features_0.npy,534,train,0,-1.2124238545164863,0.002239770742028861,0
features_0:535,features_0.npy,535,train,0,-1.3602341078201379,0.0011371531525616663,0
features_0:536,features_0.npy,536,train,0,-1.1370151790844782,0.002859720996537466,0
features_0:538,features_0.npy,538,train,0,-1.2568160209529609,0.0016634741575364883,0
features_0:539,features_0.npy,539,train,0,-1.000013996887494,0.0056124621179740024,0
features_0:541,features_0.npy,541,train,0,-1.2767686781755687,0.002123454400909398,0
features_0:542,features_0.npy,542,train,0,-1.1676067097285716,0.0028267629956628725,0
features_0:543,features_0.npy,543,train,0,-1.078177582630912,0.004051963406690609,0
features_0:544,features_0.npy,544,train,0,-1.000021379908031,0.006192911706306362,0
features_0:545,features_0.npy,545,train,0,-1.0000239331158567,0.007527263230236929,0
features_0:547,features_0.npy,547,train,0,-1.5532007954110527,0.0003466545401630089,0
features_0:548,features_0.npy,548,train,0,-1.0000221965759246,0.006781475420337459,0
features_0:549,features_0.npy,549,train,0,-0.99996242557096,0.004997039783288566,0
features_0:551,features_0.npy,551,train,0,-1.352575599668856,0.0012441128547183457,0
features_0:552,features_0.npy,552,train,0,-1.755236810228149,0.00025043585468477925,0
features_0:553,features_0.npy,553,train,0,-1.9625247626066034,8.192514798582643e-05,0
features_0:554,features_0.npy,554,train,0,-2.17710697621667,1.9773054647080503e-05,0
features_0:555,features_0.npy,555,train,0,-0.9997043585073164,0.0050849120739138035,0
features_0:557,features_0.npy,557,train,0,-1.7987264881032505,0.00011705180282958851,0
features_0:558,features_0.npy,558,train,0,-0.9999459101808839,0.11137286651167717,0
features_0:560,features_0.npy,560,train,0,-1.3896710100547902,0.00095512661769821,0
features_0:561,features_0.npy,561,train,0,-0.9999078007709943,0.007516377030980584,0
features_0:566,features_0.npy,566,train,0,-1.2419277782798928,0.0015088383459992904,0
features_0:567,features_0.npy,567,train,0,-1.3181068030252292,0.001241739490023336,0
features_0:568,features_0.npy,568,train,0,-1.0000555427673699,0.006843607632147572,0
features_0:570,features_0.npy,570,train,0,-1.6586015276708528,0.00023227334095095417,0
features_0:571,features_0.npy,571,train,0,-0.99976934191585,0.005878293773120212,0
features_0:572,features_0.npy,572,train,0,-1.6298862674654306,0.0002764743226502491,0
features_0:573,features_0.npy,573,train,0,-2.2313585957923645,1.4790582405213299e-05,0
features_0:575,features_0.npy,575,train,0,-1.2888806214211233,0.0020151922409430163,0
features_0:576,features_0.npy,576,train,0,-1.219524288789013,0.002230909396801702,0
features_0:578,features_0.npy,578,train,0,-1.0001430642050388,0.022276505045073797,0
features_0:579,features_0.npy,579,train,0,-1.8040343501201712,0.0001059941640502117,0
features_0:581,features_0.npy,581,train,0,-1.5844249714061307,0.0003559908137072656,0
features_0:582,features_0.npy,582,train,0,-1.4471485138758555,0.0006431081171379086,0
features_0:583,features_0.npy,583,train,0,-1.854139549524891,0.00010587720680831142,0
features_0:584,features_0.npy,584,train,0,-1.3522359122971963,0.0012170865801197706,0
features_0:585,features_0.npy,585,train,0,-1.05625093772905,0.003723395226294822,0
features_0:587,features_0.npy,587,train,0,-2.1080672951431496,2.012507890437544e-05,0
features_0:588,features_0.npy,588,train,0,-1.78479215422793,0.00010380257547572516,0
features_0:589,features_0.npy,589,train,0,-0.9999531512560411,0.006997951261886968,0
features_0:590,features_0.npy,590,train,0,-1.6590085905364687,0.00034524355223180105,0
features_0:591,features_0.npy,591,train,0,-1.6396883354454201,0.00026574683541342504,0
features_0:593,features_0.npy,593,train,0,-1.7326115994020603,0.0001547092609003184,0
features_0:594,features_0.npy,594,train,0,-1.738146101556508,0.00012455821085961865,0
features_0:595,features_0.npy,595,train,0,-0.9999039009894046,0.007398636466127123,0
features_0:596,features_0.npy,596,train,0,-0.999945756773623,0.006873250899774384,0
features_0:597,features_0.npy,597,train,0,-1.5405181047416843,0.00043699917876019543,0
features_0:598,features_0.npy,598,train,0,-0.9999077670171075,0.005295889236642234,0
features_0:599,features_0.npy,599,train,0,-1.000096670552124,0.1264060808647482,0
features_0:601,features_0.npy,601,train,0,-1.4058084762141632,0.000760876949991124,0
features_0:602,features_0.npy,602,train,0,-1.0004117264553583,0.008337644842221166,0
features_0:603,features_0.npy,603,train,0,-1.025110704591916,0.0046607548143313415,0
features_0:604,features_0.npy,604,train,0,-1.5659011313978453,0.0004048183963347754,0
features_0:605,features_0.npy,605,train,0,-0.9999516238007433,0.005450340487483131,0
features_0:607,features_0.npy,607,train,0,-1.8328470717160497,0.00011539037203832992,0
features_0:609,features_0.npy,609,train,0,-1.540867705216392,0.00037304595935601316,0
features_0:610,features_0.npy,610,train,0,-1.0001060923848268,0.027684056146300606,0
features_0:611,features_0.npy,611,train,0,-1.0001565008202988,0.004906673345925936,0
features_0:613,features_0.npy,613,train,0,-2.6743997136543225,1.8823186855245614e-06,0
features_0:614,features_0.npy,614,train,0,-0.9998053189513567,0.008545129800148347,0
features_0:615,features_0.npy,615,train,0,-1.0000589041127164,0.015018852615856082,0
features_0:616,features_0.npy,616,train,0,-2.0216385394713567,3.624469912254925e-05,0
features_0:617,features_0.npy,617,train,0,-1.2595763904052115,0.0014948328821001655,0
features_0:618,features_0.npy,618,train,0,-0.9999252179872526,0.006049495407289647,0
features_0:619,features_0.npy,619,train,0,-1.4135998437831752,0.0008180136197246185,0
features_0:620,features_0.npy,620,train,0,-2.2462475788332177,1.7269920104832725e-05,0
features_0:621,features_0.npy,621,train,0,-0.9999725379520863,0.016737271452117695,0
features_0:622,features_0.npy,622,train,0,-2.2634678292266344,1.0046504098902278e-05,0
features_0:624,features_0.npy,624,train,0,-0.9996892871316521,0.00592224938325286,0
features_0:626,features_0.npy,626,train,0,-1.2140050952026458,0.002399866404408579,0
features_0:628,features_0.npy,628,train,0,-1.4138398605632096,0.000722350815207205,0
features_0:629,features_0.npy,629,train,0,-1.6749369827524008,0.0002266613391718651,0
features_0:630,features_0.npy,630,train,0,-0.9999549465905888,0.005487489463501582,0
features_0:631,features_0.npy,631,train,0,-1.0001923930122953,0.00766611918181311,0
features_0:634,features_0.npy,634,train,0,-1.6029794090622078,0.00038908419639597673,0
features_0:636,features_0.npy,636,train,0,-1.9832192236662831,5.0955398343965854e-05,0
features_0:637,features_0.npy,637,train,0,-1.0003454760427393,0.014961566633500057,0
features_0:638,features_0.npy,638,train,0,-0.9998756400597224,0.015078306242928444,0
features_0:643,features_0.npy,643,train,0,-1.000172972480756,0.010103404878927212,0
features_0:644,features_0.npy,644,train,0,-1.0004440443461036,0.019647785022645144,0
features_0:649,features_0.npy,649,train,0,-1.0001460773009596,0.19597508704535643,0
features_0:650,features_0.npy,650,train,0,-1.0001254751491786,0.005056240892370209,0
features_0:651,features_0.npy,651,train,0,-1.3332713307762325,0.0013933358911641656,0
features_0:652,features_0.npy,652,train,0,-1.000075008694922,0.020218029965184688,0
features_0:654,features_0.npy,654,train,0,-1.1450924075659743,0.0029340981471260613,0
features_0:657,features_0.npy,657,train,0,-1.0000594513075094,0.007032664648036427,0
features_0:660,features_0.npy,660,train,0,-1.1916113954212046,0.0019359198023475963,0
features_0:661,features_0.npy,661,train,0,-1.0001004961246047,0.009973038147837034,0
features_0:662,features_0.npy,662,train,0,-1.1916561845662543,0.0028367049139301635,0
features_0:664,features_0.npy,664,train,0,-1.5181706994366995,0.0009090882193714452,0
features_0:665,features_0.npy,665,train,0,-1.381319805599228,0.0008754351918997564,0
features_0:666,features_0.npy,666,train,0,-1.2671705259136974,0.0020924330823011103,0
features_0:667,features_0.npy,667,train,0,-0.9998174415388241,0.005065552649146795,0
features_0:668,features_0.npy,668,train,0,-0.9999428163034383,0.017710527204595573,0
features_0:669,features_0.npy,669,train,0,-0.9999221490076315,0.009293990650641046,0
features_0:670,features_0.npy,670,train,0,-0.9998476427664311,0.007506352378779393,0
features_0:671,features_0.npy,671,train,0,-1.519949354301758,0.0005032344887633263,0
features_0:672,features_0.npy,672,train,0,-0.9998996464428984,0.005507097239648696,0
features_0:673,features_0.npy,673,train,0,-1.0040354022299949,0.006740063781911299,0
features_0:674,features_0.npy,674,train,0,-0.9997777800042225,0.05243941423092595,0
features_0:675,features_0.npy,675,train,0,-1.1202446416424452,0.0035189067656961185,0
features_0:676,features_0.npy,676,train,0,-2.0042093855719507,5.0547666527421827e-05,0
features_0:677,features_0.npy,677,train,0,-1.1824064826508902,0.004691134558261962,0
features_0:678,features_0.npy,678,train,0,-1.0002112480793195,0.010577945845463139,0
features_0:679,features_0.npy,679,train,0,-1.4135387506756831,0.0006013304374121856,0
features_0:680,features_0.npy,680,train,0,-1.2807213621415467,0.0014060668883596555,0
features_0:682,features_0.npy,682,train,0,-0.9996918628319273,0.008455955673301516,0
features_0:688,features_0.npy,688,train,0,-1.7798918278943594,0.00011990165478018334,0
features_0:691,features_0.npy,691,train,0,-1.0001507347108163,0.0066673419438040196,0
features_0:692,features_0.npy,692,train,0,-0.9997272228378165,0.006238399903550346,0
features_0:693,features_0.npy,693,train,0,-0.9996613548788471,0.011755663382402057,0
features_0:694,features_0.npy,694,train,0,-1.2469434165738904,0.0017278385537851625,0
features_0:695,features_0.npy,695,train,0,-1.485563892546931,0.0008702127373311425,0
features_0:697,features_0.npy,697,train,0,-2.3075428670646785,1.3892242200543365e-05,0
features_0:700,features_0.npy,700,train,0,-0.9997440807458611,0.006883371332454523,0
features_0:701,features_0.npy,701,train,0,-1.4157602869711248,0.0007570199570776761,0
features_0:704,features_0.npy,704,train,0,-1.9460419054292888,5.980391801392529e-05,0
features_0:705,features_0.npy,705,train,0,-1.000086661048502,0.008449383386158993,0
features_0:706,features_0.npy,706,train,0,-1.3629501761021896,0.0009249087067051609,0
features_0:707,features_0.npy,707,train,0,-1.6355456448476058,0.0003029266164342627,0
features_0:708,features_0.npy,708,train,0,-0.9998376385736125,0.0900385482490669,0
features_0:710,features_0.npy,710,train,0,-0.9998254741335495,0.1053147839014084,0
features_0:711,features_0.npy,711,train,0,-1.6339897604546516,0.00029905803025011437,0
features_0:712,features_0.npy,712,train,0,-0.9998371275926872,0.006382883025277393,0
features_0:713,features_0.npy,713,train,0,-1.066427914994293,0.004481290697473607,0
features_0:714,features_0.npy,714,train,0,-1.101522718223022,0.004149232841714391,0
features_0:715,features_0.npy,715,train,0,-1.0002651008373635,0.0056632701341174626,0
features_0:716,features_0.npy,716,train,0,-1.000237850247646,0.006697634272515396,0
features_0:717,features_0.npy,717,train,0,-1.0901669852411964,0.004432200476590381,0
features_0:718,features_0.npy,718,train,0,-1.0274424531120891,0.005470626673756325,0
features_0:720,features_0.npy,720,train,0,-1.5938698464530239,0.0005042421080999227,0
features_0:721,features_0.npy,721,train,0,-1.0002640604914352,0.005331071545597152,0
features_0:722,features_0.npy,722,train,0,-1.652319422705601,0.0002833440864982548,0
features_0:723,features_0.npy,723,train,0,-1.467627869450884,0.0006676069253247724,0
features_0:724,features_0.npy,724,train,0,-1.0001235523798557,0.006897015528659703,0
features_0:727,features_0.npy,727,train,0,-1.0004517672323223,0.009164194333988154,0
features_0:728,features_0.npy,728,train,0,-0.9998581842823888,0.01172876237529968,0
features_0:730,features_0.npy,730,train,0,-1.8155528843307187,0.0001315031614390005,0
features_0:731,features_0.npy,731,train,0,-1.0255404363377951,0.004968798166780987,0
features_0:732,features_0.npy,732,train,0,-0.9996549317251466,0.011458060408851299,0
features_0:733,features_0.npy,733,train,0,-0.9997207271658537,0.0056290680127897225,0
features_0:734,features_0.npy,734,train,0,-1.0001085561853813,0.13100081967340574,0
features_0:735,features_0.npy,735,train,0,-1.000035717206383,0.011676172842262496,0
features_0:736,features_0.npy,736,train,0,-1.3407210239969791,0.001084868985886023,0
features_0:737,features_0.npy,737,train,0,-0.9999096151780391,0.1380808056169201,0
features_0:738,features_0.npy,738,train,0,-1.0002866336807998,0.0410197715501815,0
features_0:739,features_0.npy,739,train,0,-1.0003975492827155,0.03924661445563013,0
features_0:741,features_0.npy,741,train,0,-0.9999290275281341,0.007401019476943316,0
features_0:743,features_0.npy,743,train,0,-1.6265443397149077,0.00032302657630445226,0
features_0:744,features_0.npy,744,train,0,-0.9996287633649825,0.1965642684916175,0
features_0:745,features_0.npy,745,train,0,-1.0003153222524819,0.016865389456859278,0
features_0:746,features_0.npy,746,train,0,-1.000049612027887,0.015319402691381465,0
features_0:750,features_0.npy,750,train,0,-1.3991128661126093,0.0006725817925329844,0
features_0:752,features_0.npy,752,train,0,-0.9999757915402301,0.006273544539467585,0
features_0:753,features_0.npy,753,train,0,-1.0002305408971883,0.11712924613032442,0
features_0:754,features_0.npy,754,train,0,-1.1280629776131397,0.0037737944662865008,0
features_0:755,features_0.npy,755,train,0,-1.0909137022476878,0.003804571025759467,0
features_0:756,features_0.npy,756,train,0,-0.999777374550946,0.043057074789969674,0
features_0:757,features_0.npy,757,train,0,-0.999726634026455,0.005430493980624485,0
features_0:759,features_0.npy,759,train,0,-1.2442031164859577,0.002383281095244084,0
features_0:760,features_0.npy,760,train,0,-1.0001044992208938,0.00856735870536782,0
features_0:762,features_0.npy,762,train,0,-1.7057003015922008,0.00019634456247743468,0
features_0:764,features_0.npy,764,train,0,-1.0000048326559037,0.048149316159188646,0
features_0:765,features_0.npy,765,train,0,-1.0000414061453013,0.027911462901815003,0
features_0:767,features_0.npy,767,train,0,-1.0003568444018183,0.018210201858972444,0
features_0:770,features_0.npy,770,train,0,-0.9999853622776897,0.0056523792150047075,0
features_0:771,features_0.npy,771,train,0,-1.0001999677265412,0.043320252088125975,0
features_0:772,features_0.npy,772,train,0,-2.200572979179238,1.8491607530103566e-05,0
features_0:774,features_0.npy,774,train,0,-1.2656908568281218,0.0016974426931232061,0
features_0:777,features_0.npy,777,train,0,-1.057836476786758,0.004836487121454016,0
features_0:778,features_0.npy,778,train,0,-0.999571339477666,0.027199970102422432,0
features_0:780,features_0.npy,780,train,0,-0.9998117080512021,0.02141881755578849,0
features_0:781,features_0.npy,781,train,0,-0.9999399561381166,0.006147293362873897,0
features_0:782,features_0.npy,782,train,0,-1.0000877423362173,0.0077686701252936,0
features_0:783,features_0.npy,783,train,0,-0.9996437602456316,0.006400998994824374,0
features_0:785,features_0.npy,785,train,0,-1.2281604772595143,0.0022511894784281216,0
features_0:786,features_0.npy,786,train,0,-0.9996783106390525,0.015471065093233611,0
features_0:787,features_0.npy,787,train,0,-1.000406053536229,0.06515733627265756,0
features_0:788,features_0.npy,788,train,0,-1.1188374304193507,0.003138765178881092,0
features_0:792,features_0.npy,792,train,0,-0.9999022369586292,0.025721096261408876,0
features_0:793,features_0.npy,793,train,0,-1.4317901374275934,0.0007982968987031911,0
features_0:796,features_0.npy,796,train,0,-1.0002928537853901,0.12396645094789796,0
features_0:798,features_0.npy,798,train,0,-1.5658991932433828,0.0004050991636692947,0
features_0:799,features_0.npy,799,train,0,-1.2937369384128536,0.0015155282173415394,0
features_0:802,features_0.npy,802,train,0,-1.0002891776578364,0.010352650392071172,0
features_0:803,features_0.npy,803,train,0,-1.1195887834061649,0.003342839904425133,0
features_0:806,features_0.npy,806,train,0,-1.6991913783781531,0.0001888288269473822,0
features_0:807,features_0.npy,807,train,0,-1.0309957247836061,0.004438589584329596,0
features_0:808,features_0.npy,808,train,0,-1.2346087547733071,0.002308192086317722,0
features_0:809,features_0.npy,809,train,0,-1.2280566563210338,0.0024108042378646003,0
features_0:810,features_0.npy,810,train,0,-1.8042296324282712,9.490356585035736e-05,0
features_0:811,features_0.npy,811,train,0,-1.0002000139825404,0.008739395622356642,0
features_0:812,features_0.npy,812,train,0,-1.4521822214740852,0.0006664735577419518,0
features_0:813,features_0.npy,813,train,0,-0.9999001913937822,0.006444118454247019,0
features_0:814,features_0.npy,814,train,0,-1.0001815786939394,0.017177865603878878,0
features_0:816,features_0.npy,816,train,0,-1.4427219629233612,0.0007656855558352928,0
features_0:817,features_0.npy,817,train,0,-1.834692442672086,0.0001067080029516921,0
features_0:818,features_0.npy,818,train,0,-1.0194562283040307,0.004548627385410708,0
features_0:819,features_0.npy,819,train,0,-0.9999185080627964,0.02193024843462537,0
features_0:820,features_0.npy,820,train,0,-1.3292870396181176,0.0010986997399046624,0
features_0:823,features_0.npy,823,train,0,-1.1472445013106305,0.003072859846933299,0
features_0:824,features_0.npy,824,train,0,-1.0599565394240793,0.0044923529082651304,0
features_0:825,features_0.npy,825,train,0,-0.9999634228024796,0.04378519479287903,0
features_0:826,features_0.npy,826,train,0,-1.54982233351217,0.0003709819711199127,0
features_0:828,features_0.npy,828,train,0,-0.9997192918540763,0.16822047905939208,0
features_0:829,features_0.npy,829,train,0,-1.2113728340843566,0.002798160777114404,0
features_0:832,features_0.npy,832,train,0,-0.9997300233511066,0.11509682571307547,0
features_0:834,features_0.npy,834,train,0,-0.9996853493452516,0.004783506324627881,0
features_0:836,features_0.npy,836,train,0,-0.9996854287223074,0.021461752456403988,0
features_0:838,features_0.npy,838,train,0,-0.9999219780118673,0.012723121574908621,0
features_0:839,features_0.npy,839,train,0,-1.0000673954187158,0.08147712797579669,0
features_0:841,features_0.npy,841,train,0,-1.0001334064386238,0.007261972024279473,0
features_0:842,features_0.npy,842,train,0,-1.2000872274415495,0.0037608964864163535,0
features_0:843,features_0.npy,843,train,0,-1.0002317292753264,0.0709044844453967,0
features_0:844,features_0.npy,844,train,0,-1.011482279626139,0.0049790387666779215,0
features_0:845,features_0.npy,845,train,0,-0.9999861942384531,0.0622753116753937,0
features_0:846,features_0.npy,846,train,0,-1.212849287589123,0.0020467171784032115,0
features_0:847,features_0.npy,847,train,0,-1.2889006414385267,0.0018422556267373897,0
features_0:848,features_0.npy,848,train,0,-1.6206044206792434,0.00030065679733718207,0
features_0:849,features_0.npy,849,train,0,-1.1644234484795322,0.0021812660793185243,0
features_0:850,features_0.npy,850,train,0,-1.0000363134986034,0.20285980577515192,0
features_0:852,features_0.npy,852,train,0,-1.0000490014011383,0.006306387283865273,0
features_0:855,features_0.npy,855,train,0,-0.9999613082527921,0.006851163143440318,0
features_0:857,features_0.npy,857,train,0,-0.9997939702946821,0.07155106449689848,0
features_0:858,features_0.npy,858,train,0,-1.00037171809514,0.02771923414082786,0
features_0:859,features_0.npy,859,train,0,-1.3719856431739101,0.0009206477244655417,0
features_0:861,features_0.npy,861,train,0,-0.9997152644552585,0.07822801853865723,0
features_0:862,features_0.npy,862,train,0,-1.0455141703951087,0.004526499556409348,0
features_0:864,features_0.npy,864,train,0,-0.9998298735991937,0.00759902245113904,0
features_0:865,features_0.npy,865,train,0,-0.9995619291115967,0.0064090570604009856,0
features_0:867,features_0.npy,867,train,0,-1.0000356119202156,0.010843463731819962,0
features_0:868,features_0.npy,868,train,0,-2.3224054814013226,8.985621839664918e-06,0
features_0:869,features_0.npy,869,train,0,-1.3153913685810241,0.0015550755819767914,0
features_0:872,features_0.npy,872,train,0,-1.0000909031960483,0.02489479868139151,0
features_0:873,features_0.npy,873,train,0,-0.9997316807661774,0.013043206202701964,0
features_0:874,features_0.npy,874,train,0,-1.5225916319980335,0.0005216256940385617,0
features_0:875,features_0.npy,875,train,0,-1.0003818921472503,0.1508768820053002,0
features_0:879,features_0.npy,879,train,0,-1.0182952490986863,0.004604607320313584,0
features_0:881,features_0.npy,881,train,0,-0.9997604397934001,0.038321343163745164,0
features_0:882,features_0.npy,882,train,0,-1.0002632254054953,0.17359423336847948,0
features_0:884,features_0.npy,884,train,0,-1.3268844357040133,0.001296343309127216,0
features_0:885,features_0.npy,885,train,0,-0.9998117395336923,0.17158171713180798,0
features_0:886,features_0.npy,886,train,0,-1.43701690153256,0.000945625575465979,0
features_0:887,features_0.npy,887,train,0,-1.1264280715390116,0.0024507668205274525,0
features_0:888,features_0.npy,888,train,0,-0.9999390047636787,0.0063739083075215145,0
features_0:889,features_0.npy,889,train,0,-1.0000153325489118,0.003911980866151283,0
features_0:890,features_0.npy,890,train,0,-1.0000188488003263,0.01578970566216201,0
features_0:892,features_0.npy,892,train,0,-1.0000109782154054,0.012808523140244188,0
features_0:893,features_0.npy,893,train,0,-1.0324392594946767,0.004082097854510109,0
features_0:894,features_0.npy,894,train,0,-0.9996407060556838,0.007220066968254386,0
features_0:898,features_0.npy,898,train,0,-1.0001019404628217,0.09599193218709619,0
features_0:899,features_0.npy,899,train,0,-1.8558607663669189,8.958523137078252e-05,0
features_0:900,features_0.npy,900,train,0,-0.9999981870392731,0.017687236918654217,0
features_0:901,features_0.npy,901,train,0,-1.0001721398707815,0.005300685669347597,0
features_0:903,features_0.npy,903,train,0,-1.7248821346672396,0.00019152998051954516,0
features_0:904,features_0.npy,904,train,0,-1.1388875017075386,0.00365423928401143,0
features_0:905,features_0.npy,905,train,0,-1.2061818315275579,0.002465528574921579,0
features_0:906,features_0.npy,906,train,0,-1.1581968453069855,0.003920597041498292,0
features_0:907,features_0.npy,907,train,0,-1.0341908656295382,0.004778184831213012,0
features_0:908,features_0.npy,908,train,0,-1.0002984772105319,0.014067609115617895,0
features_0:909,features_0.npy,909,train,0,-0.9997747636451215,0.021064827324132715,0
features_0:910,features_0.npy,910,train,0,-1.0504876225043316,0.004158399631671204,0
features_0:912,features_0.npy,912,train,0,-1.000287198693589,0.013181092145133749,0
features_0:914,features_0.npy,914,train,0,-1.029807017500864,0.005030063486005104,0
features_0:915,features_0.npy,915,train,0,-1.8395731079808098,9.998352253103435e-05,0
features_0:916,features_0.npy,916,train,0,-1.0303511957147709,0.0043804690502303595,0
features_0:917,features_0.npy,917,train,0,-1.000129476384295,0.007467961984402319,0
features_0:918,features_0.npy,918,train,0,-0.9997346280787454,0.010567561867632433,0
features_0:919,features_0.npy,919,train,0,-1.3644812953857925,0.0012455545872982054,0
features_0:921,features_0.npy,921,train,0,-1.0004210919351413,0.02171459997458053,0
features_0:922,features_0.npy,922,train,0,-1.0002317218441583,0.005380328588848482,0
features_0:923,features_0.npy,923,train,0,-0.9999254200969692,0.0048606588603606815,0
features_0:924,features_0.npy,924,train,0,-1.504053192894554,0.0006440559684711066,0
features_0:925,features_0.npy,925,train,0,-0.9998052840954235,0.015105850685280146,0
features_0:926,features_0.npy,926,train,0,-2.1891866721029887,1.97436604339986e-05,0
features_0:930,features_0.npy,930,train,0,-1.519123277907599,0.00048168001877729185,0
features_0:931,features_0.npy,931,train,0,-1.0003462082167869,0.04876121607513196,0
features_0:932,features_0.npy,932,train,0,-1.0002006833375536,0.011270240025410603,0
features_0:933,features_0.npy,933,train,0,-1.1840497286370697,0.002831804501828624,0
features_0:934,features_0.npy,934,train,0,-0.9999069900209077,0.008618581563806222,0
features_0:936,features_0.npy,936,train,0,-1.530204492789293,0.0004235265552822074,0
features_0:937,features_0.npy,937,train,0,-1.000416921399916,0.018221704835701524,0
features_0:938,features_0.npy,938,train,0,-0.9998261883083301,0.16396525641732024,0
features_0:939,features_0.npy,939,train,0,-0.999951269812793,0.07168059041614411,0
features_0:940,features_0.npy,940,train,0,-1.5193278821029488,0.0006669665448392598,0
features_0:941,features_0.npy,941,train,0,-1.1232285531897606,0.0030699803182379698,0
features_0:942,features_0.npy,942,train,0,-1.143941602493654,0.003195316347101148,0
features_0:943,features_0.npy,943,train,0,-0.9996319535989111,0.031347423564049896,0
features_0:944,features_0.npy,944,train,0,-1.1301887768600491,0.0033003175155881213,0
features_0:945,features_0.npy,945,train,0,-1.29112979153721,0.0013163070446707288,0
features_0:946,features_0.npy,946,train,0,-1.0000062044472198,0.006721185482048815,0
features_0:947,features_0.npy,947,train,0,-0.9999321616870098,0.016224430027689706,0
features_0:948,features_0.npy,948,train,0,-1.0001136229583913,0.15780625274090684,0
features_0:949,features_0.npy,949,train,0,-1.074995368647441,0.003704745770518421,0
features_0:950,features_0.npy,950,train,0,-1.0065092934509114,0.004836746267387419,0
features_0:952,features_0.npy,952,train,0,-0.9999826933090281,0.005391535463681261,0
features_0:953,features_0.npy,953,train,0,-1.3520562191539818,0.0010915802118560683,0
features_0:958,features_0.npy,958,train,0,-1.0001609234983853,0.09355053237449504,0
features_0:962,features_0.npy,962,train,0,-1.079290254842609,0.004476194243900632,0
features_0:963,features_0.npy,963,train,0,-1.4017006305548259,0.001953133286810543,0
features_0:964,features_0.npy,964,train,0,-1.512538442656132,0.0005632629097469016,0
features_0:965,features_0.npy,965,train,0,-1.000394377399577,0.008987276203242665,0
features_0:966,features_0.npy,966,train,0,-1.0003302079968062,0.007201971490181226,0
features_0:967,features_0.npy,967,train,0,-1.0064931658089182,0.0048448573487196115,0
features_0:968,features_0.npy,968,train,0,-0.9996501331249878,0.013083487468801827,0
features_0:969,features_0.npy,969,train,0,-0.9998430277967127,0.0043078588170481005,0
features_0:970,features_0.npy,970,train,0,-1.1575755032019914,0.002602569189908007,0
features_0:973,features_0.npy,973,train,0,-1.7214293958880102,0.00014111011169424834,0
features_0:974,features_0.npy,974,train,0,-1.488904539158487,0.0006572047808987344,0
features_0:976,features_0.npy,976,train,0,-0.9997843826345114,0.011470311928950844,0
features_0:977,features_0.npy,977,train,0,-1.1324301141965236,0.003593870182630842,0
features_0:978,features_0.npy,978,train,0,-1.0001227012951652,0.11394672282921155,0
features_0:979,features_0.npy,979,train,0,-1.4851447318925255,0.0005675443182588668,0
features_0:982,features_0.npy,982,train,0,-1.000402424791513,0.03390799570272022,0
features_0:983,features_0.npy,983,train,0,-1.5184424341894636,0.0004583842736295009,0
features_0:984,features_0.npy,984,train,0,-1.000119789702221,0.08445116546394622,0
features_0:985,features_0.npy,985,train,0,-1.8664341216909428,7.931418212555297e-05,0
features_0:986,features_0.npy,986,train,0,-1.0001312524437131,0.007368335297291949,0
features_0:987,features_0.npy,987,train,0,-2.1110393816683812,2.343038304766257e-05,0
features_0:988,features_0.npy,988,train,0,-1.713414542877774,0.00022607920584880443,0
features_0:989,features_0.npy,989,train,0,-1.0001215785733661,0.0075978512457002875,0
features_0:990,features_0.npy,990,train,0,-1.7188621328244553,0.0001676873554895718,0
features_0:993,features_0.npy,993,train,0,-1.080064770005683,0.003787993337787615,0
features_0:994,features_0.npy,994,train,0,-1.041431778950377,0.005923754026097921,0
features_0:997,features_0.npy,997,train,0,-1.5493640912069513,0.0004096940915728593,0
features_0:998,features_0.npy,998,train,0,-1.5938534409975604,0.0002541813190755668,0
features_0:999,features_0.npy,999,train,0,-0.9999207762186388,0.009009319438300956,0
features_0:1000,features_0.npy,1000,train,0,-0.9999418587998219,0.005701858353832968,0
features_0:1001,features_0.npy,1001,train,0,-1.5719108049176433,0.0004697485279391349,0
features_0:1004,features_0.npy,1004,train,0,-0.9996883441345068,0.006155480217184508,0
features_0:1005,features_0.npy,1005,train,0,-1.5822098791878645,0.00032947885590965854,0
features_0:1006,features_0.npy,1006,train,0,-1.0650020640568993,0.004084540929516406,0
features_0:1007,features_0.npy,1007,train,0,-1.0002425949223661,0.008890731534812797,0
features_0:1009,features_0.npy,1009,train,0,-1.2642137478978057,0.001758537682761839,0
features_0:1010,features_0.npy,1010,train,0,-0.9999916931741248,0.011601390628333203,0
features_0:1013,features_0.npy,1013,train,0,-0.9997613517796686,0.015628330898447496,0
features_0:1018,features_0.npy,1018,train,0,-1.262456702784912,0.0019240571185031676,0
features_0:1022,features_0.npy,1022,train,0,-1.0004395538398794,0.03072158522480973,0
features_0:1023,features_0.npy,1023,train,0,-0.9999681556864193,0.1621155278727781,0
features_0:1024,features_0.npy,1024,train,0,-1.0261658459878253,0.003996035831939986,0
features_0:1026,features_0.npy,1026,train,0,-1.8743117398432612,7.527901929392899e-05,0
features_0:1027,features_0.npy,1027,train,0,-1.3727461375504855,0.0010196389688398003,0
features_0:1029,features_0.npy,1029,train,0,-1.0002016256924726,0.007472222591394991,0
features_0:1030,features_0.npy,1030,train,0,-1.0002484807961483,0.004639255471781881,0
features_0:1031,features_0.npy,1031,train,0,-1.2320973382558238,0.002137722772104645,0
features_0:1032,features_0.npy,1032,train,0,-1.949198339768511,5.43016060292487e-05,0
features_0:1033,features_0.npy,1033,train,0,-1.000404002518531,0.03908885983388607,0
features_0:1034,features_0.npy,1034,train,0,-1.8732167130672284,7.844501872760048e-05,0
features_0:1035,features_0.npy,1035,train,0,-1.1923271497860433,0.004048364648757777,0
features_0:1036,features_0.npy,1036,train,0,-1.3689649442363725,0.001221411825289411,0
features_0:1037,features_0.npy,1037,train,0,-1.0000358863994743,0.06310604302941125,0
features_0:1040,features_0.npy,1040,train,0,-0.9998591465918862,0.19868154342284433,0
features_0:1041,features_0.npy,1041,train,0,-0.9999235407089633,0.09591033521446936,0
features_0:1042,features_0.npy,1042,train,0,-1.428746610449724,0.0008158195969515116,0
features_0:1043,features_0.npy,1043,train,0,-0.9999268955247727,0.005263502361802925,0
features_0:1046,features_0.npy,1046,train,0,-1.512739956770661,0.0005290021042319614,0
features_0:1047,features_0.npy,1047,train,0,-1.0004196077436514,0.008236643307633967,0
features_0:1048,features_0.npy,1048,train,0,-0.9997163000319507,0.007547385540947886,0
features_0:1049,features_0.npy,1049,train,0,-1.6304073698055734,0.00030493630010665557,0
features_0:1050,features_0.npy,1050,train,0,-1.0000376951948602,0.01708478585913965,0
features_0:1052,features_0.npy,1052,train,0,-1.0607502570218534,0.004636270757706802,0
features_0:1053,features_0.npy,1053,train,0,-1.0552819683305201,0.004599050990646,0
features_0:1054,features_0.npy,1054,train,0,-1.620604426340333,0.00034938704786809734,0
features_0:1055,features_0.npy,1055,train,0,-1.0002193607134098,0.005118803088385239,0
features_0:1057,features_0.npy,1057,train,0,-0.9996624191653907,0.1585548306640116,0
features_0:1058,features_0.npy,1058,train,0,-1.6878884735650674,0.00024207188358332414,0
features_0:1061,features_0.npy,1061,train,0,-1.211542275579647,0.002362787475805709,0
features_0:1063,features_0.npy,1063,train,0,-1.0239611595839455,0.0046078210039187575,0
features_0:1065,features_0.npy,1065,train,0,-1.1950209401282932,0.002319172759837204,0
features_0:1066,features_0.npy,1066,train,0,-1.0535178865479513,0.00331390498739082,0
features_0:1067,features_0.npy,1067,train,0,-0.9998908665365227,0.005412098617405587,0
features_0:1068,features_0.npy,1068,train,0,-1.174580435366394,0.0026979153916226834,0
features_0:1073,features_0.npy,1073,train,0,-1.0191596029296421,0.0052463377163439965,0
features_0:1074,features_0.npy,1074,train,0,-1.2700047619063437,0.0017010785141619532,0
features_0:1075,features_0.npy,1075,train,0,-0.9999073225159338,0.005277245618856206,0
features_0:1078,features_0.npy,1078,train,0,-1.9354987671927932,4.887753133703143e-05,0
features_0:1079,features_0.npy,1079,train,0,-0.9998642688044088,0.010092814857972063,0
features_0:1080,features_0.npy,1080,train,0,-1.3091275839873309,0.001313851095267749,0
features_0:1083,features_0.npy,1083,train,0,-1.2643482569508913,0.001745946520671367,0
features_0:1084,features_0.npy,1084,train,0,-1.000273061793954,0.09747932788414403,0
features_0:1085,features_0.npy,1085,train,0,-0.9997826867819211,0.11358022724021369,0
features_0:1087,features_0.npy,1087,train,0,-0.99994250313197,0.005822443444292245,0
features_0:1088,features_0.npy,1088,train,0,-1.0001269563762543,0.008672531351718811,0
features_0:1089,features_0.npy,1089,train,0,-0.999763987549251,0.1803883851897307,0
features_0:1090,features_0.npy,1090,train,0,-1.220081715937678,0.002785994222625899,0
features_0:1091,features_0.npy,1091,train,0,-1.9116732215404177,7.115237749565831e-05,0
features_0:1093,features_0.npy,1093,train,0,-1.5310914010082497,0.000497952067263042,0
features_0:1094,features_0.npy,1094,train,0,-0.9997953548118472,0.005314561385427547,0
features_0:1096,features_0.npy,1096,train,0,-1.259144484733105,0.0022531500897011426,0
features_0:1097,features_0.npy,1097,train,0,-1.2683636270149283,0.0019174447491459412,0
features_0:1098,features_0.npy,1098,train,0,-0.999676381899181,0.005584390839880635,0
features_0:1100,features_0.npy,1100,train,0,-1.066759521595871,0.00420862022062775,0
features_0:1101,features_0.npy,1101,train,0,-1.5177952704360587,0.0005309812935655603,0
features_0:1102,features_0.npy,1102,train,0,-1.000080748235756,0.1028454972266637,0
features_0:1103,features_0.npy,1103,train,0,-1.0002169209785123,0.010346719096607311,0
features_0:1105,features_0.npy,1105,train,0,-0.9998175707959904,0.2017528550088417,0
features_0:1106,features_0.npy,1106,train,0,-1.433003303281782,0.0008008302465211121,0
features_0:1107,features_0.npy,1107,train,0,-1.0002630577943694,0.03040751484443737,0
features_0:1108,features_0.npy,1108,train,0,-1.748012711976921,0.00016017634339429932,0
features_0:1110,features_0.npy,1110,train,0,-1.0001092452989107,0.0417557776427668,0
features_0:1111,features_0.npy,1111,train,0,-0.99973979227303,0.0154586347011151,0
features_0:1112,features_0.npy,1112,train,0,-0.9999408926737687,0.009535873524860385,0
features_0:1113,features_0.npy,1113,train,0,-1.0000147102744417,0.008551983090326131,0
features_0:1114,features_0.npy,1114,train,0,-1.536986073182722,0.0005399459864691979,0
features_0:1116,features_0.npy,1116,train,0,-1.1657030954800427,0.0028468124357564173,0
features_0:1117,features_0.npy,1117,train,0,-1.2768261221250858,0.001782507873414473,0
features_0:1118,features_0.npy,1118,train,0,-1.0003769448014446,0.009096976694283063,0
features_0:1120,features_0.npy,1120,train,0,-1.5796896964437734,0.000303576576265365,0
features_0:1121,features_0.npy,1121,train,0,-1.326853993521276,0.001294627225200076,0
features_0:1124,features_0.npy,1124,train,0,-1.548976908594407,0.0004657672659419567,0
features_0:1125,features_0.npy,1125,train,0,-1.6497277222683278,0.00028697117027162104,0
features_0:1128,features_0.npy,1128,train,0,-1.013549253907638,0.005023970174265642,0
features_0:1131,features_0.npy,1131,train,0,-1.000863158471583,0.004951677529460233,0
features_0:1132,features_0.npy,1132,train,0,-1.03110425195435,0.004881505992744667,0
features_0:1133,features_0.npy,1133,train,0,-1.0001306065247504,0.012874452938650392,0
features_0:1134,features_0.npy,1134,train,0,-0.9996698685873224,0.005333586317932849,0
features_0:1137,features_0.npy,1137,train,0,-1.3248247547589542,0.0013459553071617594,0
features_0:1138,features_0.npy,1138,train,0,-1.019591897363786,0.003866693142919353,0
features_0:1140,features_0.npy,1140,train,0,-0.9999636183867733,0.047862936760683136,0
features_0:1142,features_0.npy,1142,train,0,-0.9996338124869497,0.0074848343402117035,0
features_0:1144,features_0.npy,1144,train,0,-0.9999934253297798,0.02406256860352291,0
features_0:1145,features_0.npy,1145,train,0,-1.5119256391672853,0.00043051826768870347,0
features_0:1146,features_0.npy,1146,train,0,-0.9997680100248858,0.005307455033434002,0
features_0:1149,features_0.npy,1149,train,0,-0.9999132617237885,0.008878816991089788,0
features_0:1151,features_0.npy,1151,train,0,-1.0877728931318933,0.004491399987348234,0
features_0:1155,features_0.npy,1155,train,0,-0.9997202492457551,0.007571784574575212,0
features_0:1156,features_0.npy,1156,train,0,-0.9996693437141486,0.00503579581108265,0
features_0:1157,features_0.npy,1157,train,0,-1.0004137728603553,0.01932114115853529,0
features_0:1159,features_0.npy,1159,train,0,-1.6354126625276848,0.0003724410908903246,0
features_0:1160,features_0.npy,1160,train,0,-1.1777522508522966,0.002997796492912109,0
features_0:1161,features_0.npy,1161,train,0,-0.9997341107809894,0.004804400621888626,0
features_0:1163,features_0.npy,1163,train,0,-0.9998968298620645,0.004766295686373088,0
features_0:1164,features_0.npy,1164,train,0,-0.9998421045340888,0.00570851494279971,0
features_0:1165,features_0.npy,1165,train,0,-1.0001571431561032,0.16283045234827878,0
features_0:1167,features_0.npy,1167,train,0,-1.0003178497677676,0.026059414432477307,0
features_0:1168,features_0.npy,1168,train,0,-1.0769174072987695,0.004823179130428341,0
features_0:1169,features_0.npy,1169,train,0,-1.1083355013601048,0.003245109163786638,0
features_0:1170,features_0.npy,1170,train,0,-0.9999913204189725,0.07696466315849977,0
features_0:1172,features_0.npy,1172,train,0,-1.346583756875041,0.0012776353598854839,0
features_0:1173,features_0.npy,1173,train,0,-1.138292212490531,0.0033541752496862804,0
features_0:1174,features_0.npy,1174,train,0,-1.0000099080961236,0.006984695076214044,0
features_0:1175,features_0.npy,1175,train,0,-1.4335736258913998,0.0007535125000799333,0
features_0:1176,features_0.npy,1176,train,0,-1.0002060402211213,0.056186630914653056,0
features_0:1177,features_0.npy,1177,train,0,-0.9999661229244103,0.04018947641942852,0
features_0:1178,features_0.npy,1178,train,0,-1.0002073886964786,0.0047447852294578065,0
features_0:1179,features_0.npy,1179,train,0,-0.9999677497231338,0.01976250586034314,0
features_0:1181,features_0.npy,1181,train,0,-0.999961644111544,0.006520766340413599,0
features_0:1182,features_0.npy,1182,train,0,-1.0000273057112226,0.007467606142343862,0
features_0:1185,features_0.npy,1185,train,0,-1.000094150348244,0.017575559709302198,0
features_0:1187,features_0.npy,1187,train,0,-1.9765793448707842,5.8042272052826804e-05,0
features_0:1188,features_0.npy,1188,train,0,-1.4882355620337688,0.0005813746458780357,0
features_0:1189,features_0.npy,1189,train,0,-1.0606685264042595,0.004426846985632575,0
features_0:1190,features_0.npy,1190,train,0,-1.000047871181258,0.007564483847001699,0
features_0:1191,features_0.npy,1191,train,0,-0.9999716864825978,0.009309505518527921,0
features_0:1192,features_0.npy,1192,train,0,-1.0002991224415165,0.008688183354187173,0
features_0:1193,features_0.npy,1193,train,0,-0.9999239797444641,0.12241432429452628,0
features_0:1196,features_0.npy,1196,train,0,-1.7657047827556729,0.00014987440534887128,0
features_0:1197,features_0.npy,1197,train,0,-1.0000794349043538,0.030757472959678032,0
features_0:1198,features_0.npy,1198,train,0,-0.9999793928306588,0.005030677558801848,0
features_0:1200,features_0.npy,1200,train,0,-2.160687467970139,2.1382715265680665e-05,0
features_0:1201,features_0.npy,1201,train,0,-0.9999785227212716,0.15531528873881034,0
features_0:1202,features_0.npy,1202,train,0,-1.1965089344380462,0.002987059060829481,0
features_0:1203,features_0.npy,1203,train,0,-1.0003177964002299,0.0078386778118924,0
features_0:1204,features_0.npy,1204,train,0,-0.9998444413768657,0.027054778767859146,0
features_0:1205,features_0.npy,1205,train,0,-0.999970552031058,0.005899507254526304,0
features_0:1206,features_0.npy,1206,train,0,-1.3660725796603423,0.0009437651251201357,0
features_0:1208,features_0.npy,1208,train,0,-1.3166227327047157,0.0013306272732581434,0
features_0:1209,features_0.npy,1209,train,0,-1.1675369696114246,0.0034866701977442154,0
features_0:1210,features_0.npy,1210,train,0,-1.000006357501524,0.00528119478517013,0
features_0:1211,features_0.npy,1211,train,0,-0.9999141474333495,0.18084684422764505,0
features_0:1212,features_0.npy,1212,train,0,-0.9999772216374858,0.018061809925794363,0
features_0:1214,features_0.npy,1214,train,0,-1.5197086921397642,0.0005260781937762261,0
features_0:1217,features_0.npy,1217,train,0,-1.2117519011843405,0.002977748963509136,0
features_0:1220,features_0.npy,1220,train,0,-1.0001351735127004,0.006595434514424442,0
features_0:1221,features_0.npy,1221,train,0,-0.9998942365193737,0.09717373271906543,0
features_0:1222,features_0.npy,1222,train,0,-1.297366228795583,0.0016705446821775876,0
features_0:1223,features_0.npy,1223,train,0,-1.2075841895841357,0.0025646201109739185,0
features_0:1225,features_0.npy,1225,train,0,-0.9996822746540339,0.00896426949449242,0
features_0:1226,features_0.npy,1226,train,0,-1.1789888972105445,0.0027816854451162684,0
features_0:1227,features_0.npy,1227,train,0,-0.9998352388933587,0.012952153743014236,0
features_0:1228,features_0.npy,1228,train,0,-1.38429582568125,0.0008932748887911532,0
features_0:1229,features_0.npy,1229,train,0,-0.9995955017198366,0.05604072811456624,0
features_0:1230,features_0.npy,1230,train,0,-1.960493969792628,5.662861790154223e-05,0
features_0:1231,features_0.npy,1231,train,0,-1.5801991508820965,0.00039590677960199013,0
features_0:1232,features_0.npy,1232,train,0,-1.000034813552114,0.006158549879910273,0
features_0:1233,features_0.npy,1233,train,0,-1.000156827273868,0.0065798398523580605,0
features_0:1234,features_0.npy,1234,train,0,-1.3092585115596271,0.0014146767576724984,0
features_0:1235,features_0.npy,1235,train,0,-1.1065871076609182,0.004098703745334667,0
features_0:1236,features_0.npy,1236,train,0,-1.000264630429945,0.01316063036792287,0
features_0:1237,features_0.npy,1237,train,0,-0.9997565087026492,0.01774027667032089,0
features_0:1239,features_0.npy,1239,train,0,-0.9996289818239541,0.06134768286222937,0
features_0:1240,features_0.npy,1240,train,0,-1.4676793825385188,0.0004537841504365951,0
features_0:1242,features_0.npy,1242,train,0,-1.5844495106883214,0.00035933841818037575,0
features_0:1244,features_0.npy,1244,train,0,-2.485488998371751,4.367354455016084e-06,0
features_0:1245,features_0.npy,1245,train,0,-1.4194221831472678,0.0008051385764532012,0
features_0:1246,features_0.npy,1246,train,0,-0.9999474399477342,0.00890959436471235,0
features_0:1247,features_0.npy,1247,train,0,-0.9998291950290836,0.007476655580914657,0
features_0:1249,features_0.npy,1249,train,0,-1.0002387563952018,0.07265340626319605,0
features_0:1251,features_0.npy,1251,train,0,-1.8880446489861344,7.203548847273733e-05,0
features_0:1252,features_0.npy,1252,train,0,-1.4330764170006687,0.0007963215409428915,0
features_0:1253,features_0.npy,1253,train,0,-1.2086909952575613,0.0021486977462091507,0
features_0:1255,features_0.npy,1255,train,0,-1.1581611114726995,0.002800281875738485,0
features_0:1258,features_0.npy,1258,train,0,-0.9995954707752552,0.01311153650655877,0
features_0:1259,features_0.npy,1259,train,0,-1.2979345793197337,0.001348138591368657,0
features_0:1260,features_0.npy,1260,train,0,-0.9999877141616675,0.10061498280289158,0
features_0:1261,features_0.npy,1261,train,0,-0.9997367206873204,0.012075191829080525,0
features_0:1262,features_0.npy,1262,train,0,-1.0002395019621526,0.03423383541083675,0
features_0:1263,features_0.npy,1263,train,0,-1.0001489590414987,0.09133739747744027,0
features_0:1265,features_0.npy,1265,train,0,-1.4812952949274112,0.000607925044225734,0
features_0:1268,features_0.npy,1268,train,0,-1.898839126576026,6.289968815626431e-05,0
features_0:1269,features_0.npy,1269,train,0,-1.7309471365845133,0.00020618925819992735,0
features_0:1270,features_0.npy,1270,train,0,-1.0844686293747354,0.0038347911421273612,0
features_0:1271,features_0.npy,1271,train,0,-1.0000199319308625,0.011748306076672281,0
features_0:1272,features_0.npy,1272,train,0,-0.9997062616512136,0.008471819403922462,0
features_0:1273,features_0.npy,1273,train,0,-0.999946079920675,0.025940630010290223,0
features_0:1274,features_0.npy,1274,train,0,-1.469109399191077,0.0005676601916926991,0
features_0:1276,features_0.npy,1276,train,0,-1.1502197703323398,0.0027786543072099807,0
features_0:1277,features_0.npy,1277,train,0,-1.53449698250036,0.000472515695193175,0
features_0:1278,features_0.npy,1278,train,0,-1.0000177843657447,0.08343904359143416,0
features_0:1280,features_0.npy,1280,train,0,-1.3924700335769067,0.0011629097290355391,0
features_0:1281,features_0.npy,1281,train,0,-0.9998973562181062,0.0074274504424037945,0
features_0:1284,features_0.npy,1284,train,0,-1.0001409033210116,0.034095448465557184,0
features_0:1285,features_0.npy,1285,train,0,-1.1084278333304436,0.004620623018082533,0
features_0:1287,features_0.npy,1287,train,0,-1.6461799303384503,0.00028672760856199373,0
features_0:1288,features_0.npy,1288,train,0,-0.9999837654896049,0.029861209433677226,0
features_0:1289,features_0.npy,1289,train,0,-1.992086008709025,4.682466463446786e-05,0
features_0:1290,features_0.npy,1290,train,0,-1.2942758245074664,0.002561295924206549,0
features_0:1292,features_0.npy,1292,train,0,-1.31873845880994,0.0011500817114609109,0
features_0:1293,features_0.npy,1293,train,0,-0.9998793500599505,0.12339256563497422,0
features_0:1295,features_0.npy,1295,train,0,-1.3322810189742205,0.0011202410477263041,0
features_0:1296,features_0.npy,1296,train,0,-1.6623282562157862,0.0003389795254735566,0
features_0:1298,features_0.npy,1298,train,0,-1.591755549520422,0.0002548975132986327,0
features_0:1299,features_0.npy,1299,train,0,-1.3756644362492485,0.0010008346806510064,0
features_0:1301,features_0.npy,1301,train,0,-0.9997157446995086,0.005021327121010369,0
features_0:1302,features_0.npy,1302,train,0,-1.0003556589497473,0.007543443166885155,0
features_0:1304,features_0.npy,1304,train,0,-1.0003471858111592,0.057358912751933465,0
features_0:1305,features_0.npy,1305,train,0,-0.999632881747379,0.07181493041713612,0
features_0:1307,features_0.npy,1307,train,0,-1.568935275936283,0.00029678929941625974,0
features_0:1308,features_0.npy,1308,train,0,-1.018445257190796,0.004631840503147691,0
features_0:1309,features_0.npy,1309,train,0,-1.2710380914427348,0.0016350699653174458,0
features_0:1310,features_0.npy,1310,train,0,-1.9262307984903724,6.88483984291514e-05,0
features_0:1311,features_0.npy,1311,train,0,-1.0690377258345518,0.004167486928587582,0
features_0:1312,features_0.npy,1312,train,0,-2.0622777175767566,4.7106646525225615e-05,0
features_0:1313,features_0.npy,1313,train,0,-0.9999240054705025,0.00915896587483688,0
features_0:1314,features_0.npy,1314,train,0,-1.0003230393407494,0.006069662547149819,0
features_0:1315,features_0.npy,1315,train,0,-1.523186175815501,0.0004257718346785258,0
features_0:1316,features_0.npy,1316,train,0,-1.644765050006844,0.00031298292342494844,0
features_0:1317,features_0.npy,1317,train,0,-1.284684492808645,0.001262927008164751,0
features_0:1318,features_0.npy,1318,train,0,-1.000340092277775,0.04729868793640029,0
features_0:1319,features_0.npy,1319,train,0,-1.73922722688315,0.00011875766885354315,0
features_0:1322,features_0.npy,1322,train,0,-0.9998893753610512,0.006131048749451351,0
features_0:1323,features_0.npy,1323,train,0,-1.0001522777219134,0.006616009583297661,0
features_0:1324,features_0.npy,1324,train,0,-1.1855360338129393,0.0024691988729343924,0
features_0:1325,features_0.npy,1325,train,0,-1.0003906239223688,0.007347048562734602,0
features_0:1326,features_0.npy,1326,train,0,-1.0001722992317332,0.17413741180168857,0
features_0:1328,features_0.npy,1328,train,0,-0.9999105492977658,0.11723863187847323,0
features_0:1329,features_0.npy,1329,train,0,-1.8924968445316652,6.208424579828881e-05,0
features_0:1330,features_0.npy,1330,train,0,-2.2162440924804967,1.6495955670126883e-05,0
features_0:1331,features_0.npy,1331,train,0,-1.0001532190361997,0.006370518771712302,0
features_0:1333,features_0.npy,1333,train,0,-1.0003063339954683,0.0421088693972899,0
features_0:1334,features_0.npy,1334,train,0,-1.4356710040432656,0.000792557059288325,0
features_0:1335,features_0.npy,1335,train,0,-1.0528678461533116,0.00437368854548859,0
features_0:1336,features_0.npy,1336,train,0,-1.0000293925364314,0.0048743949039491965,0
features_0:1338,features_0.npy,1338,train,0,-1.0001505171282736,0.006805672716209417,0
features_0:1339,features_0.npy,1339,train,0,-1.6044009721438484,0.00031175234904366755,0
features_0:1340,features_0.npy,1340,train,0,-1.0000126487359668,0.004201424804246618,0
features_0:1341,features_0.npy,1341,train,0,-1.1016421833954715,0.003884183952487786,0
features_0:1342,features_0.npy,1342,train,0,-1.0001369252334755,0.01667994317951956,0
features_0:1343,features_0.npy,1343,train,0,-1.7336925503270217,0.00021073157362477222,0
features_0:1346,features_0.npy,1346,train,0,-0.9997552554028213,0.005004892492787396,0
features_0:1347,features_0.npy,1347,train,0,-1.0279564297665278,0.00481745601302661,0
features_0:1348,features_0.npy,1348,train,0,-0.9997318937623152,0.034096750630209116,0
features_0:1350,features_0.npy,1350,train,0,-0.9999353444289818,0.016048970866051896,0
features_0:1351,features_0.npy,1351,train,0,-1.0106222426813183,0.005119243436202915,0
features_0:1352,features_0.npy,1352,train,0,-1.4811625599674847,0.0006244885580163593,0
features_0:1353,features_0.npy,1353,train,0,-0.9999647151695881,0.006236913960060939,0
features_0:1355,features_0.npy,1355,train,0,-1.659316522242835,0.00025192336354017207,0
features_0:1357,features_0.npy,1357,train,0,-1.0102118036674816,0.0041284207041133916,0
features_0:1358,features_0.npy,1358,train,0,-1.6072263535820608,0.0004727783207037218,0
features_0:1359,features_0.npy,1359,train,0,-0.9999524906104762,0.04208881313465335,0
features_0:1360,features_0.npy,1360,train,0,-1.00006128576648,0.049175491624965394,0
features_0:1361,features_0.npy,1361,train,0,-0.9999431769264711,0.00854421736610943,0
features_0:1362,features_0.npy,1362,train,0,-0.9999829904108801,0.16367522267673898,0
features_0:1364,features_0.npy,1364,train,0,-1.9101290727844908,7.248617310780719e-05,0
features_0:1365,features_0.npy,1365,train,0,-0.9996501721608693,0.012444958362823718,0
features_0:1366,features_0.npy,1366,train,0,-0.9999112938157197,0.0947997592978826,0
features_0:1368,features_0.npy,1368,train,0,-1.0002545956804016,0.007624331645322217,0
features_0:1373,features_0.npy,1373,train,0,-0.999578252535199,0.005197493515433894,0
features_0:1374,features_0.npy,1374,train,0,-1.7781524651375114,0.00012740626443016168,0
features_0:1375,features_0.npy,1375,train,0,-0.999972123825362,0.0069725170847427295,0
features_0:1379,features_0.npy,1379,train,0,-0.9997737139181202,0.007334768184998804,0
features_0:1381,features_0.npy,1381,train,0,-1.0003413134911616,0.011700703198088,0
features_0:1383,features_0.npy,1383,train,0,-1.0002057964270001,0.004738241372704203,0
features_0:1384,features_0.npy,1384,train,0,-0.9998419978672444,0.0046342143993999664,0
features_0:1385,features_0.npy,1385,train,0,-0.999960363591861,0.15480439200658935,0
features_0:1386,features_0.npy,1386,train,0,-0.9999363428918977,0.006042174136035821,0
features_0:1387,features_0.npy,1387,train,0,-1.0003935000635233,0.00657917136749919,0
features_0:1388,features_0.npy,1388,train,0,-1.000028179363612,0.009433478393574961,0
features_0:1389,features_0.npy,1389,train,0,-0.9999107436158234,0.015093851064367784,0
features_0:1391,features_0.npy,1391,train,0,-1.0001256819537203,0.03151526753836615,0
features_0:1392,features_0.npy,1392,train,0,-1.4421338384811366,0.0007143223722977775,0
features_0:1395,features_0.npy,1395,train,0,-1.7752121710295243,0.00011269721920171114,0
features_0:1398,features_0.npy,1398,train,0,-1.8169907103608547,0.00016604690850045958,0
features_0:1399,features_0.npy,1399,train,0,-1.508517454154526,0.0006058356571889835,0
features_0:1401,features_0.npy,1401,train,0,-1.9579199135718737,5.0871205719343885e-05,0
features_0:1403,features_0.npy,1403,train,0,-1.07795558362334,0.005135199866032504,0
features_0:1404,features_0.npy,1404,train,0,-1.4309690907929469,0.000899432286761906,0
features_0:1405,features_0.npy,1405,train,0,-1.2457716211297452,0.00197823853547876,0
features_0:1406,features_0.npy,1406,train,0,-0.9998016836210526,0.029897651167189628,0
features_0:1414,features_0.npy,1414,train,0,-1.0205226404968564,0.004237576722717554,0
features_0:1415,features_0.npy,1415,train,0,-1.00012969765944,0.02193453500178418,0
features_0:1418,features_0.npy,1418,train,0,-1.0000000462816376,0.007343344664822777,0
features_0:1419,features_0.npy,1419,train,0,-1.0730105689212446,0.0035973880798434053,0
features_0:1421,features_0.npy,1421,train,0,-1.0002903465828858,0.08207417427695105,0
features_0:1423,features_0.npy,1423,train,0,-1.0000786035056006,0.006784587415161247,0
features_0:1424,features_0.npy,1424,train,0,-1.000171638441655,0.020664866842830466,0
features_0:1428,features_0.npy,1428,train,0,-1.648608537945762,0.00034003827764335473,0
features_0:1429,features_0.npy,1429,train,0,-1.1892776633663367,0.003314106513101158,0
features_0:1431,features_0.npy,1431,train,0,-1.253889814763661,0.0022905133630892736,0
features_0:1432,features_0.npy,1432,train,0,-1.0004656957545437,0.06430958065581571,0
features_0:1433,features_0.npy,1433,train,0,-1.674518480874894,0.0002596329862322493,0
features_0:1436,features_0.npy,1436,train,0,-0.9999470736427116,0.021708840388270187,0
features_0:1438,features_0.npy,1438,train,0,-0.999946540587316,0.046146003993210026,0
features_0:1439,features_0.npy,1439,train,0,-1.114487352479935,0.004281342516723634,0
features_0:1440,features_0.npy,1440,train,0,-1.000354457171483,0.006974459642381406,0
features_0:1441,features_0.npy,1441,train,0,-1.0003027528583888,0.0677891009242666,0
features_0:1442,features_0.npy,1442,train,0,-0.9997010972966793,0.01750593678876087,0
features_0:1443,features_0.npy,1443,train,0,-1.4367216244257581,0.0010845300295085425,0
features_0:1444,features_0.npy,1444,train,0,-1.0001435987394487,0.00478863547837525,0
features_0:1448,features_0.npy,1448,train,0,-1.2893826364113863,0.001908037777310587,0
features_0:1449,features_0.npy,1449,train,0,-1.3807995292913966,0.0009348907665186125,0
features_0:1450,features_0.npy,1450,train,0,-1.1806639993975174,0.00242843050968053,0
features_0:1453,features_0.npy,1453,train,0,-1.0000793543927522,0.006251701119757773,0
features_0:1454,features_0.npy,1454,train,0,-1.688904486409837,0.0002659451140870297,0
features_0:1455,features_0.npy,1455,train,0,-1.090294151100823,0.004273390195957908,0
features_0:1456,features_0.npy,1456,train,0,-1.039124825835239,0.005950161909308717,0
features_0:1457,features_0.npy,1457,train,0,-1.0975837717580095,0.0035364273615181357,0
features_0:1458,features_0.npy,1458,train,0,-0.9999877135609865,0.05925358323807406,0
features_0:1461,features_0.npy,1461,train,0,-1.0002318996470665,0.008227216053976671,0
features_0:1463,features_0.npy,1463,train,0,-0.9997469806379407,0.1175290260658998,0
features_0:1464,features_0.npy,1464,train,0,-0.9997127681376017,0.006925707177310861,0
features_0:1466,features_0.npy,1466,train,0,-1.4082450843131202,0.001029330474072368,0
features_0:1467,features_0.npy,1467,train,0,-0.9998973119266978,0.15196528697066208,0
features_0:1469,features_0.npy,1469,train,0,-0.9995661578003823,0.03558188895283289,0
features_0:1470,features_0.npy,1470,train,0,-1.1728499081589776,0.0025507530878185556,0
features_0:1471,features_0.npy,1471,train,0,-1.0003152724590785,0.06593613117994167,0
features_0:1472,features_0.npy,1472,train,0,-0.9999597038929036,0.008089175720417079,0
features_0:1473,features_0.npy,1473,train,0,-1.0001349489959064,0.006866437475630568,0
features_0:1475,features_0.npy,1475,train,0,-0.9999671191091064,0.01261414707819632,0
features_0:1477,features_0.npy,1477,train,0,-0.9999759796368441,0.007606640538848334,0
features_0:1479,features_0.npy,1479,train,0,-1.4912357826097657,0.0005685371631789345,0
features_0:1483,features_0.npy,1483,train,0,-1.0003642115563478,0.005828454236683885,0
features_0:1486,features_0.npy,1486,train,0,-1.0002884897815643,0.026986448823716154,0
features_0:1487,features_0.npy,1487,train,0,-1.0003439354100254,0.017247353315542325,0
features_0:1488,features_0.npy,1488,train,0,-1.0001091624897225,0.017964995777464524,0
features_0:1489,features_0.npy,1489,train,0,-0.9997499470011508,0.01970799492971033,0
features_0:1490,features_0.npy,1490,train,0,-1.0005075925546045,0.007150758686753298,0
features_0:1492,features_0.npy,1492,train,0,-1.1490485162839827,0.0030702281775965416,0
features_0:1493,features_0.npy,1493,train,0,-0.99957052040508,0.0737463473210537,0
features_0:1496,features_0.npy,1496,train,0,-0.9998319338529988,0.03256417527921804,0
features_0:1497,features_0.npy,1497,train,0,-1.283989181181427,0.0014127506389350459,0
features_0:1498,features_0.npy,1498,train,0,-1.4091815855050158,0.0007766467655885222,0
features_0:1501,features_0.npy,1501,train,0,-1.4807533086366274,0.0005700932800823689,0
features_0:1504,features_0.npy,1504,train,0,-1.0002274085244691,0.005100158556012148,0
features_0:1505,features_0.npy,1505,train,0,-2.232054335671685,1.182596910079168e-05,0
features_0:1506,features_0.npy,1506,train,0,-1.5080133126543114,0.0006718986615106544,0
features_0:1507,features_0.npy,1507,train,0,-0.9997469609834941,0.009795238693380452,0
features_0:1510,features_0.npy,1510,train,0,-2.1009341806471356,3.0514937573324475e-05,0
features_0:1511,features_0.npy,1511,train,0,-1.0000741481327287,0.0318558268771023,0
features_0:1514,features_0.npy,1514,train,0,-1.0000069195790895,0.016600738651802803,0
features_0:1517,features_0.npy,1517,train,0,-1.251608910081879,0.001821848728410374,0
features_0:1519,features_0.npy,1519,train,0,-0.999632668059143,0.006304756630008677,0
features_0:1520,features_0.npy,1520,train,0,-1.5062167189112308,0.0004318828960081674,0
features_0:1521,features_0.npy,1521,train,0,-1.9986982855744833,5.497774554628221e-05,0
features_0:1524,features_0.npy,1524,train,0,-2.1830653412322008,1.747171089610253e-05,0
features_0:1525,features_0.npy,1525,train,0,-0.9997922676169517,0.008780059999552581,0
features_0:1529,features_0.npy,1529,train,0,-1.7454547760559744,0.00015517812552920613,0
features_0:1530,features_0.npy,1530,train,0,-1.2126244158630382,0.0026394990890779057,0
features_0:1531,features_0.npy,1531,train,0,-0.9999496047957672,0.007216519790692917,0
features_0:1532,features_0.npy,1532,train,0,-0.9999686178444411,0.03470809325835087,0
features_0:1533,features_0.npy,1533,train,0,-1.4296237629763706,0.0009094022208378861,0
features_0:1534,features_0.npy,1534,train,0,-1.3120138143145843,0.0015974437423055352,0
features_0:1535,features_0.npy,1535,train,0,-1.7875409661139547,9.954506413233464e-05,0
features_0:1536,features_0.npy,1536,train,0,-1.5131864366596637,0.0007312179991504279,0
features_0:1537,features_0.npy,1537,train,0,-1.7571555132961074,0.00019699968912030648,0
features_0:1538,features_0.npy,1538,train,0,-1.1154163843708726,0.0044904663728097104,0
features_0:1539,features_0.npy,1539,train,0,-1.0003366104258489,0.005462521586013611,0
features_0:1540,features_0.npy,1540,train,0,-0.9998468414232873,0.005067168563354095,0
features_0:1541,features_0.npy,1541,train,0,-1.2954981517319435,0.001126772564925983,0
features_0:1542,features_0.npy,1542,train,0,-1.0001053801875692,0.03043756570042862,0
features_0:1543,features_0.npy,1543,train,0,-2.198272880413497,1.2390720444598483e-05,0
features_0:1544,features_0.npy,1544,train,0,-0.9997687455666393,0.03210422627557531,0
features_0:1545,features_0.npy,1545,train,0,-1.000264015199931,0.144455341174959,0
features_0:1547,features_0.npy,1547,train,0,-0.9997678234533525,0.041459471008795046,0
features_0:1549,features_0.npy,1549,train,0,-1.287439063329412,0.0017546721087006022,0
features_0:1554,features_0.npy,1554,train,0,-1.080889764241476,0.00439520839988952,0
features_0:1555,features_0.npy,1555,train,0,-0.999923036753861,0.007951877748273207,0
features_0:1557,features_0.npy,1557,train,0,-0.9998807408088464,0.0054755032256808105,0
features_0:1559,features_0.npy,1559,train,0,-1.0001403825941997,0.010198001333839317,0
features_0:1560,features_0.npy,1560,train,0,-1.0001322542674262,0.01026764851482739,0
features_0:1562,features_0.npy,1562,train,0,-1.2488334764655749,0.0020473348284489566,0
features_0:1563,features_0.npy,1563,train,0,-0.999853692812021,0.004990143302955609,0
features_0:1564,features_0.npy,1564,train,0,-1.0002291366184686,0.05180398055210213,0
features_0:1565,features_0.npy,1565,train,0,-1.8519270542174482,9.451553793974398e-05,0
features_0:1567,features_0.npy,1567,train,0,-1.681562079779766,0.00036764332246539625,0
features_0:1568,features_0.npy,1568,train,0,-1.894453196041468,6.331063109696901e-05,0
features_0:1569,features_0.npy,1569,train,0,-1.2751394382708277,0.0020155537376346133,0
features_0:1572,features_0.npy,1572,train,0,-1.4054023854702578,0.0010172106911410504,0
features_0:1573,features_0.npy,1573,train,0,-0.9999860271915388,0.01020012211280086,0
features_0:1574,features_0.npy,1574,train,0,-0.9998961273187756,0.18329049795426816,0
features_0:1575,features_0.npy,1575,train,0,-0.9999432982579777,0.13628306230365358,0
features_0:1577,features_0.npy,1577,train,0,-0.999958956865771,0.019977929530312077,0
features_0:1578,features_0.npy,1578,train,0,-1.466189953921158,0.0005899954568243007,0
features_0:1579,features_0.npy,1579,train,0,-1.0003246680141584,0.008056136583810278,0
features_0:1580,features_0.npy,1580,train,0,-1.3188974088157444,0.0014093397286781067,0
features_0:1581,features_0.npy,1581,train,0,-1.623791770124434,0.0002671995741757668,0
features_0:1583,features_0.npy,1583,train,0,-1.186110358684608,0.0017832388870039867,0
features_0:1585,features_0.npy,1585,train,0,-0.9996805867103369,0.07114875658557265,0
features_0:1587,features_0.npy,1587,train,0,-1.3154926648184289,0.002091108515882471,0
features_0:1588,features_0.npy,1588,train,0,-0.9997626303772555,0.0068084114586613505,0
features_0:1591,features_0.npy,1591,train,0,-1.0002695305866676,0.0072869659273095185,0
features_0:1592,features_0.npy,1592,train,0,-1.159664090965111,0.003907218067931587,0
features_0:1593,features_0.npy,1593,train,0,-0.9997713885116317,0.00725076462217013,0
features_0:1594,features_0.npy,1594,train,0,-0.9999265273680473,0.01450225430090168,0
features_0:1595,features_0.npy,1595,train,0,-1.0000877619137216,0.04146730676354558,0
features_0:1597,features_0.npy,1597,train,0,-1.0369995131484986,0.003739255447908476,0
features_0:1598,features_0.npy,1598,train,0,-0.9999556388225286,0.007904570112834087,0
features_0:1599,features_0.npy,1599,train,0,-1.0000683338883216,0.030296652214895498,0
features_0:1600,features_0.npy,1600,train,0,-0.9996416684598708,0.07266922081346965,0
features_0:1601,features_0.npy,1601,train,0,-0.9999353222114127,0.005752681459323848,0
features_0:1603,features_0.npy,1603,train,0,-1.1861841010890155,0.0029844784809330135,0
features_0:1604,features_0.npy,1604,train,0,-1.0000273858523185,0.00512141508010512,0
features_0:1605,features_0.npy,1605,train,0,-1.0000196449345975,0.006858899284042867,0
features_0:1606,features_0.npy,1606,train,0,-0.9999589100496515,0.16939654427795747,0
features_0:1609,features_0.npy,1609,train,0,-1.0002207281128812,0.005687448766321311,0
features_0:1612,features_0.npy,1612,train,0,-0.999882486164047,0.005205799193748655,0
features_0:1614,features_0.npy,1614,train,0,-1.9463173519375918,5.4128731871938196e-05,0
features_0:1615,features_0.npy,1615,train,0,-1.1107537937399752,0.003526166366012768,0
features_0:1616,features_0.npy,1616,train,0,-0.999853587175968,0.12011719148695062,0
features_0:1617,features_0.npy,1617,train,0,-1.0002160627768213,0.01370917949731153,0
features_0:1618,features_0.npy,1618,train,0,-1.195170717558216,0.0029187690943196032,0
features_0:1619,features_0.npy,1619,train,0,-1.2359470183817256,0.0018548231997741356,0
features_0:1620,features_0.npy,1620,train,0,-1.0001846262641887,0.005495348318549999,0
features_0:1622,features_0.npy,1622,train,0,-1.7205766083950005,0.00017937325255172287,0
features_0:1623,features_0.npy,1623,train,0,-1.5656429833383467,0.0004798164854069397,0
features_0:1626,features_0.npy,1626,train,0,-0.999996526723812,0.005245284296273562,0
features_0:1629,features_0.npy,1629,train,0,-1.090019985517123,0.0041290923108145,0
features_0:1630,features_0.npy,1630,train,0,-1.0000385405630003,0.03188350963362195,0
features_0:1631,features_0.npy,1631,train,0,-1.0002436469711242,0.13531975236907928,0
features_0:1632,features_0.npy,1632,train,0,-1.083677948851908,0.003088230279266807,0
features_0:1633,features_0.npy,1633,train,0,-1.0000030055586706,0.17831734861818205,0
features_0:1634,features_0.npy,1634,train,0,-1.7581660469205813,0.0001425010120433969,0
features_0:1635,features_0.npy,1635,train,0,-1.0001732502129386,0.062401025360350325,0
features_0:1636,features_0.npy,1636,train,0,-1.0002099018192303,0.021801379084307577,0
features_0:1639,features_0.npy,1639,train,0,-0.9998210808349981,0.011090012418876917,0
features_0:1640,features_0.npy,1640,train,0,-0.9999377891133032,0.07162784188899406,0
features_0:1641,features_0.npy,1641,train,0,-1.0001349863829092,0.0056348628887216996,0
features_0:1642,features_0.npy,1642,train,0,-0.9996238798973518,0.013427604627300535,0
features_0:1643,features_0.npy,1643,train,0,-1.5074455109782559,0.0005187045100797822,0
features_0:1644,features_0.npy,1644,train,0,-0.9999072196144871,0.00891352470742799,0
features_0:1645,features_0.npy,1645,train,0,-1.0000321242358965,0.041136953986709454,0
features_0:1647,features_0.npy,1647,train,0,-0.9997392918812487,0.026819156012990307,0
features_0:1648,features_0.npy,1648,train,0,-0.9995240221732591,0.05745895596868683,0
features_0:1649,features_0.npy,1649,train,0,-1.0003232164994116,0.09403141400824623,0
features_0:1652,features_0.npy,1652,train,0,-1.007969166139309,0.004724315099186782,0
features_1:0,features_1.npy,0,train,1,1.962530678813312,0.999928427917256,1
features_1:2,features_1.npy,2,train,1,1.5985024572629922,0.9996172463985232,1
features_1:3,features_1.npy,3,train,1,1.850395437992972,0.9997984978992005,1
features_1:4,features_1.npy,4,train,1,1.0003366769459567,0.8100905598178102,1
features_1:5,features_1.npy,5,train,1,1.0652004338267274,0.9936985198815899,1
features_1:6,features_1.npy,6,train,1,1.022888743236494,0.9944594815786181,1
features_1:7,features_1.npy,7,train,1,1.7010668698231695,0.9995778482165776,1
features_1:8,features_1.npy,8,train,1,1.073294550840165,0.9946025714935317,1
features_1:10,features_1.npy,10,train,1,1.7157948907735299,0.9996535569966559,1
features_1:12,features_1.npy,12,train,1,1.808955615959242,0.9997430215370191,1
features_1:14,features_1.npy,14,train,1,1.9451497041888137,0.9999045985386144,1
features_1:15,features_1.npy,15,train,1,2.328701275134414,0.9999861946851514,1
features_1:16,features_1.npy,16,train,1,1.2930735992171503,0.9978438065183217,1
features_1:17,features_1.npy,17,train,1,0.9997622646035801,0.966897662022868,1
features_1:19,features_1.npy,19,train,1,1.0214680777405654,0.9942569460317696,1
features_1:22,features_1.npy,22,train,1,1.847773896191616,0.9998580896001741,1
features_1:23,features_1.npy,23,train,1,1.6513392063300458,0.9996059109555329,1
features_1:24,features_1.npy,24,train,1,1.6172159715723093,0.9997078378472317,1
features_1:25,features_1.npy,25,train,1,1.0003652495714606,0.9919377569288299,1
features_1:26,features_1.npy,26,train,1,1.4939940851566047,0.9993822571674279,1
features_1:29,features_1.npy,29,train,1,0.9999593863721983,0.9766617230062062,1
features_1:30,features_1.npy,30,train,1,0.9996284567222096,0.9881676545948024,1
features_1:31,features_1.npy,31,train,1,1.1665843102506062,0.9957793408582368,1
features_1:32,features_1.npy,32,train,1,1.739640207156533,0.9998071532122467,1
features_1:33,features_1.npy,33,train,1,0.9998118561984398,0.9875002781853863,1
features_1:36,features_1.npy,36,train,1,1.6685356435392824,0.9996312898358889,1
features_1:37,features_1.npy,37,train,1,1.6454975014156807,0.9996078376145515,1
features_1:39,features_1.npy,39,train,1,1.5426328466828123,0.9993562125344988,1
features_1:40,features_1.npy,40,train,1,0.9998373424298463,0.9835476220781068,1
features_1:43,features_1.npy,43,train,1,1.4936546480242603,0.99912496375449,1
features_1:44,features_1.npy,44,train,1,1.1075107519251248,0.9959981892989747,1
features_1:45,features_1.npy,45,train,1,0.9998545061164351,0.9856460825302358,1
features_1:46,features_1.npy,46,train,1,1.0279463108746643,0.9877933227660538,1
features_1:47,features_1.npy,47,train,1,1.264197117349161,0.9976018065779642,1
features_1:48,features_1.npy,48,train,1,1.000099527649515,0.9921304039613232,1
features_1:51,features_1.npy,51,train,1,0.9998344343656294,0.9876245149283843,1
features_1:52,features_1.npy,52,train,1,1.8455332143998098,0.9998397588933875,1
features_1:53,features_1.npy,53,train,1,1.0418347131566212,0.9941392586205946,1
features_1:55,features_1.npy,55,train,1,2.081496251789367,0.9999395103677781,1
features_1:56,features_1.npy,56,train,1,1.0302995428814363,0.9938548722970417,1
features_1:58,features_1.npy,58,train,1,1.8599549457974438,0.9998375332083766,1
features_1:59,features_1.npy,59,train,1,1.569891685243103,0.9995342704424977,1
features_1:60,features_1.npy,60,train,1,1.1553810149888093,0.9945994434972623,1
features_1:61,features_1.npy,61,train,1,1.5652815576932202,0.9994641254070118,1
features_1:62,features_1.npy,62,train,1,1.8545112549853036,0.9998832058620831,1
features_1:63,features_1.npy,63,train,1,0.9999754604712592,0.9886815250840829,1
features_1:64,features_1.npy,64,train,1,1.0493525916858522,0.9947621292314377,1
features_1:65,features_1.npy,65,train,1,1.2371352104241462,0.9968762198660448,1
features_1:67,features_1.npy,67,train,1,1.0002369894706318,0.9705590142419263,1
features_1:68,features_1.npy,68,train,1,1.7497410244429283,0.9997768737917709,1
features_1:69,features_1.npy,69,train,1,1.556747534607079,0.9992757109442134,1
features_1:70,features_1.npy,70,train,1,1.1548889554112851,0.9943992738110461,1
features_1:73,features_1.npy,73,train,1,1.000179872478387,0.9882759192770401,1
features_1:74,features_1.npy,74,train,1,1.6402703309307867,0.9997007565054407,1
features_1:75,features_1.npy,75,train,1,1.4555943093270145,0.9983372844641358,1
features_1:76,features_1.npy,76,train,1,1.519039698030201,0.999184237398184,1
features_1:77,features_1.npy,77,train,1,1.0100092393273146,0.992545698184735,1
features_1:78,features_1.npy,78,train,1,1.2323987003350199,0.9969113826754115,1
features_1:79,features_1.npy,79,train,1,1.5857616436696784,0.9994965283959981,1
features_1:80,features_1.npy,80,train,1,0.9997094670084491,0.9914135257629146,1
features_1:81,features_1.npy,81,train,1,0.9998910618406175,0.9913500384934967,1
features_1:82,features_1.npy,82,train,1,1.328508732729999,0.998135545089298,1
features_1:84,features_1.npy,84,train,1,1.9400697683576702,0.9999438148345767,1
features_1:86,features_1.npy,86,train,1,1.8600407230790372,0.9998824486607768,1
features_1:87,features_1.npy,87,train,1,1.3766574060152899,0.9985029796106828,1
features_1:88,features_1.npy,88,train,1,2.1005092913652788,0.9999637939348904,1
features_1:90,features_1.npy,90,train,1,1.9203564965691193,0.9998794117655336,1
features_1:92,features_1.npy,92,train,1,0.9999333726121217,0.9915565775239077,1
features_1:93,features_1.npy,93,train,1,1.388425473227797,0.9987400993783174,1
features_1:95,features_1.npy,95,train,1,1.4868681788205884,0.9990758113415229,1
features_1:96,features_1.npy,96,train,1,1.0001199524106543,0.9891239949700548,1
features_1:97,features_1.npy,97,train,1,1.3291845512923897,0.9981704683275563,1
features_1:98,features_1.npy,98,train,1,1.4910026599930766,0.9991533439271629,1
features_1:99,features_1.npy,99,train,1,1.6586392954136249,0.9995978324464672,1
features_1:100,features_1.npy,100,train,1,2.1211267278870056,0.9999603233616601,1
features_1:102,features_1.npy,102,train,1,1.2292770113927307,0.997705219498841,1
features_1:103,features_1.npy,103,train,1,1.5854639575738765,0.9994086655937414,1
features_1:104,features_1.npy,104,train,1,1.0003352419865053,0.991558024831696,1
features_1:106,features_1.npy,106,train,1,1.000234796464299,0.9624225628276225,1
features_1:107,features_1.npy,107,train,1,1.7353703810588796,0.9996191537077499,1
features_1:108,features_1.npy,108,train,1,1.7634379331774803,0.9996259935829407,1
features_1:109,features_1.npy,109,train,1,1.345822079835371,0.9988276411160315,1
features_1:111,features_1.npy,111,train,1,1.2346370494630001,0.9973803515825314,1
features_1:112,features_1.npy,112,train,1,1.1836627779886466,0.9950668768902864,1
features_1:114,features_1.npy,114,train,1,1.9582187086851162,0.9999107845797379,1
features_1:117,features_1.npy,117,train,1,1.7182658483460413,0.9997659515400675,1
features_1:118,features_1.npy,118,train,1,1.4554818298952412,0.9990063831689572,1
features_1:119,features_1.npy,119,train,1,1.00008766410145,0.9906216040286097,1
features_1:120,features_1.npy,120,train,1,1.0001776193730094,0.9927183349913131,1
features_1:121,features_1.npy,121,train,1,1.0002098852662697,0.9917647906160735,1
features_1:122,features_1.npy,122,train,1,1.5293354106373527,0.9993782462295379,1
features_1:123,features_1.npy,123,train,1,1.0000351875250357,0.9914317934116526,1
features_1:124,features_1.npy,124,train,1,1.3139449010876625,0.99576019484099,1
features_1:126,features_1.npy,126,train,1,2.3298919155939566,0.999985752162349,1
features_1:130,features_1.npy,130,train,1,1.9567713833256923,0.9999175973554489,1
features_1:131,features_1.npy,131,train,1,1.1124926220601759,0.9958414637624106,1
features_1:132,features_1.npy,132,train,1,1.587608045070149,0.9995089807551931,1
features_1:134,features_1.npy,134,train,1,0.9998941217754534,0.8306549433117854,1
features_1:135,features_1.npy,135,train,1,1.0001462612619334,0.9897511904205292,1
features_1:136,features_1.npy,136,train,1,1.0001500815124,0.8139254945488379,1
features_1:137,features_1.npy,137,train,1,0.9998839362871538,0.9875318513757916,1
features_1:138,features_1.npy,138,train,1,1.2771443575111558,0.9979378293355874,1
features_1:139,features_1.npy,139,train,1,0.9995176662819913,0.9921164657666937,1
features_1:141,features_1.npy,141,train,1,0.9999278725089448,0.97697724243681,1
features_1:143,features_1.npy,143,train,1,1.0852837883928474,0.9940903233816346,1
features_1:144,features_1.npy,144,train,1,1.1623264533859559,0.9957469441363422,1
features_1:146,features_1.npy,146,train,1,1.2167645961981002,0.9966379743066176,1
features_1:147,features_1.npy,147,train,1,1.1665710410594385,0.9960664496920444,1
features_1:149,features_1.npy,149,train,1,1.5057817330613616,0.9991986812387598,1
features_1:150,features_1.npy,150,train,1,1.405920296907881,0.998909028883693,1
features_1:152,features_1.npy,152,train,1,1.3876732971777899,0.9987962820228947,1
features_1:153,features_1.npy,153,train,1,0.9999538297192889,0.9817777860884392,1
features_1:154,features_1.npy,154,train,1,1.8495415656528704,0.9998595103405687,1
features_1:155,features_1.npy,155,train,1,1.5662766782092497,0.9996588819547687,1
features_1:156,features_1.npy,156,train,1,1.024041569014142,0.9948156733133515,1
features_1:157,features_1.npy,157,train,1,1.1688296139697236,0.9955501431866489,1
features_1:160,features_1.npy,160,train,1,1.0001065858033313,0.9864931352438893,1
features_1:161,features_1.npy,161,train,1,1.5533371941045115,0.9995110599952148,1
features_1:162,features_1.npy,162,train,1,1.4979402975842673,0.999280671546104,1
features_1:164,features_1.npy,164,train,1,1.3572722055858741,0.9976670875655691,1
features_1:166,features_1.npy,166,train,1,1.583772570397837,0.9993867336712269,1
features_1:167,features_1.npy,167,train,1,1.0000650948640843,0.9568015743316425,1
features_1:168,features_1.npy,168,train,1,1.0132798190694963,0.9924363126387761,1
features_1:169,features_1.npy,169,train,1,1.3673978283750376,0.9986821888696777,1
features_1:170,features_1.npy,170,train,1,1.5723030385802335,0.9995041451187386,1
features_1:171,features_1.npy,171,train,1,0.9995171566237766,0.8056626761386811,1
features_1:172,features_1.npy,172,train,1,1.0003574819916696,0.9921345016023079,1
features_1:173,features_1.npy,173,train,1,1.4209664762637464,0.9989034489591097,1
features_1:174,features_1.npy,174,train,1,0.9996491595819772,0.9900986449389153,1
features_1:175,features_1.npy,175,train,1,1.8440444011602668,0.999908789414173,1
features_1:176,features_1.npy,176,train,1,0.9997190761019962,0.9917122353116594,1
features_1:177,features_1.npy,177,train,1,1.1683922668533997,0.996792356009578,1
features_1:178,features_1.npy,178,train,1,1.2217366021103966,0.9968614650090029,1
features_1:179,features_1.npy,179,train,1,1.7414097976658982,0.9996540341852652,1
features_1:180,features_1.npy,180,train,1,1.8547509358788565,0.9998771882199634,1
features_1:181,features_1.npy,181,train,1,1.2954426659264855,0.997542930925514,1
features_1:182,features_1.npy,182,train,1,1.4836858651379012,0.9992458930964503,1
features_1:183,features_1.npy,183,train,1,1.1531950401984927,0.9953517231703259,1
features_1:184,features_1.npy,184,train,1,1.1703919148262105,0.9967853100579477,1
features_1:186,features_1.npy,186,train,1,1.0001419082754297,0.9886984270539125,1
features_1:187,features_1.npy,187,train,1,1.9099009236970765,0.9999165077337059,1
features_1:188,features_1.npy,188,train,1,1.3287295014593277,0.9985734364109927,1
features_1:189,features_1.npy,189,train,1,1.4752622640064397,0.9991201580454906,1
features_1:190,features_1.npy,190,train,1,1.1074643337917907,0.9952315486713325,1
features_1:191,features_1.npy,191,train,1,0.9998570750527154,0.8959558821752346,1
features_1:192,features_1.npy,192,train,1,1.6284540924412527,0.9997055339970304,1
features_1:193,features_1.npy,193,train,1,1.6733155034790335,0.9996506374879065,1
features_1:194,features_1.npy,194,train,1,1.2802861125868676,0.9974146420499853,1
features_1:195,features_1.npy,195,train,1,1.0000453270597742,0.9918867248800384,1
features_1:196,features_1.npy,196,train,1,1.5310015347412604,0.9994930735963022,1
features_1:198,features_1.npy,198,train,1,1.538991956716852,0.9995702362552418,1
features_1:199,features_1.npy,199,train,1,1.494236725999179,0.9993828476722421,1
features_1:200,features_1.npy,200,train,1,1.1095917854038873,0.9954306401213939,1
features_1:201,features_1.npy,201,train,1,1.381189751176742,0.9988227803378378,1
features_1:202,features_1.npy,202,train,1,1.0001294638562757,0.9660329948645725,1
features_1:203,features_1.npy,203,train,1,1.3916328861318201,0.9986989338763811,1
features_1:204,features_1.npy,204,train,1,1.0002097320422743,0.9793218576224152,1
features_1:205,features_1.npy,205,train,1,1.3063109115310154,0.9971349414406807,1
features_1:206,features_1.npy,206,train,1,1.0001626846877,0.9924862016609662,1
features_1:208,features_1.npy,208,train,1,1.3326429070011045,0.9983422387116443,1
features_1:209,features_1.npy,209,train,1,1.6435763679538329,0.9995836471963573,1
features_1:210,features_1.npy,210,train,1,1.855798884678441,0.9998667214129247,1
features_1:211,features_1.npy,211,train,1,1.6876805412986635,0.9997030266312349,1
features_1:212,features_1.npy,212,train,1,1.0001427793731277,0.9846804248736692,1
features_1:214,features_1.npy,214,train,1,1.3070604133885482,0.9984346056722382,1
features_1:215,features_1.npy,215,train,1,1.506611808290292,0.9993115587254578,1
features_1:217,features_1.npy,217,train,1,0.9999182325159033,0.9900792065862458,1
features_1:218,features_1.npy,218,train,1,1.2077595211376477,0.9968001516245959,1
features_1:219,features_1.npy,219,train,1,1.2839346985249167,0.9978167108966035,1
features_1:220,features_1.npy,220,train,1,1.0529225901966932,0.9938379130445265,1
features_1:221,features_1.npy,221,train,1,1.5357697008495343,0.9993944723654111,1
features_1:222,features_1.npy,222,train,1,1.6834947226322603,0.9997540181217301,1
features_1:223,features_1.npy,223,train,1,1.4583719921214273,0.9989248291029933,1
features_1:224,features_1.npy,224,train,1,1.0001197114195304,0.889253066031664,1
features_1:225,features_1.npy,225,train,1,1.000002644398051,0.9928893587138183,1
features_1:226,features_1.npy,226,train,1,0.9996498969381539,0.8675362871125307,1
features_1:227,features_1.npy,227,train,1,1.3695524759833848,0.998741860094111,1
features_1:228,features_1.npy,228,train,1,1.2500131864108652,0.9967001699177903,1
features_1:229,features_1.npy,229,train,1,1.3900023780428252,0.9990725143180041,1
features_1:230,features_1.npy,230,train,1,1.3781596110404184,0.9983925973224632,1
features_1:231,features_1.npy,231,train,1,1.4747990848473596,0.9993581957610518,1
features_1:232,features_1.npy,232,train,1,1.1899304413838816,0.9946318991949321,1
features_1:233,features_1.npy,233,train,1,1.4283090691011933,0.9988358447365693,1
features_1:234,features_1.npy,234,train,1,2.1076229746323576,0.9999388781385216,1
features_1:235,features_1.npy,235,train,1,1.186185256598138,0.9964288158721251,1
features_1:238,features_1.npy,238,train,1,1.7778797642958395,0.999722960477181,1
features_1:239,features_1.npy,239,train,1,1.606839427292586,0.9995727402278869,1
features_1:240,features_1.npy,240,train,1,1.5648080608466046,0.9994390997849335,1
features_1:242,features_1.npy,242,train,1,1.7005745333191702,0.9996878248152496,1
features_1:244,features_1.npy,244,train,1,1.2144891967595335,0.9954291706784157,1
features_1:245,features_1.npy,245,train,1,1.6095972297148449,0.9995943120859678,1
features_1:246,features_1.npy,246,train,1,1.0306186685285288,0.9952643512817014,1
features_1:247,features_1.npy,247,train,1,1.0000830280327018,0.967258678816355,1
features_1:248,features_1.npy,248,train,1,1.5004829048460793,0.9992999437893859,1
features_1:249,features_1.npy,249,train,1,1.384022811145394,0.998022813177389,1
features_1:251,features_1.npy,251,train,1,1.0002683680370001,0.9793491671859673,1
features_1:253,features_1.npy,253,train,1,1.3481754805317496,0.9981822278130655,1
features_1:254,features_1.npy,254,train,1,1.00033554915016,0.9867350175545389,1
features_1:255,features_1.npy,255,train,1,1.2533567218780584,0.9974337601900777,1
features_1:256,features_1.npy,256,train,1,0.9997269912491814,0.9695315582489579,1
features_1:257,features_1.npy,257,train,1,1.0002951567943885,0.8310907444463445,1
features_1:258,features_1.npy,258,train,1,1.2417503081818626,0.9974066524027666,1
features_1:259,features_1.npy,259,train,1,1.0311800148571122,0.9934908146908945,1
features_1:263,features_1.npy,263,train,1,1.5912450263407507,0.9995093795690894,1
features_1:264,features_1.npy,264,train,1,1.0168231148843347,0.9911543994028029,1
features_1:266,features_1.npy,266,train,1,1.0407439994097663,0.9942161732178224,1
features_1:267,features_1.npy,267,train,1,1.1481403092342297,0.9958940586475572,1
features_1:268,features_1.npy,268,train,1,1.6559010953933417,0.9997075251482143,1
features_1:270,features_1.npy,270,train,1,0.9998699325902484,0.9924339481331914,1
features_1:271,features_1.npy,271,train,1,0.9999869140255873,0.8321590415649827,1
features_1:272,features_1.npy,272,train,1,2.265402502107955,0.9999854470871492,1
features_1:274,features_1.npy,274,train,1,1.154731313900687,0.997629659794053,1
features_1:276,features_1.npy,276,train,1,1.0000623923652572,0.9796686808262913,1
features_1:277,features_1.npy,277,train,1,1.1955235141580765,0.9961589981136518,1
features_1:278,features_1.npy,278,train,1,1.9161326455973693,0.9999070736017395,1
features_1:279,features_1.npy,279,train,1,1.6064577540112308,0.9995066825946092,1
features_1:280,features_1.npy,280,train,1,1.961050149684774,0.9999249412755328,1
features_1:282,features_1.npy,282,train,1,0.999930720583353,0.9684160111716276,1
features_1:283,features_1.npy,283,train,1,0.9997502548762358,0.9899495607020734,1
features_1:288,features_1.npy,288,train,1,1.000130120936811,0.9581428196414301,1
features_1:289,features_1.npy,289,train,1,1.000075194266685,0.989620602681933,1
features_1:291,features_1.npy,291,train,1,1.2029488866366265,0.9971098771603029,1
features_1:292,features_1.npy,292,train,1,1.6390613785834973,0.9995962282778657,1
features_1:293,features_1.npy,293,train,1,1.0774055294797105,0.9941180094258067,1
features_1:295,features_1.npy,295,train,1,2.05965547938346,0.9999626647329041,1
features_1:296,features_1.npy,296,train,1,1.4330086412279552,0.998456858497961,1
features_1:298,features_1.npy,298,train,1,1.654850481685642,0.9996961610845263,1
features_1:299,features_1.npy,299,train,1,0.999794971553207,0.9127735937058162,1
features_1:305,features_1.npy,305,train,1,1.65299387713271,0.9996899519583936,1
features_1:308,features_1.npy,308,train,1,1.7390032341502832,0.9998030916585984,1
features_1:309,features_1.npy,309,train,1,1.3498610167008953,0.9982640232186881,1
features_1:312,features_1.npy,312,train,1,1.2669537793014247,0.9975519724289954,1
features_1:313,features_1.npy,313,train,1,1.7779948236065874,0.9997758223880467,1
features_1:314,features_1.npy,314,train,1,1.3912664801200354,0.9986476044832939,1
features_1:315,features_1.npy,315,train,1,1.0001790079612543,0.9885766073865238,1
features_1:317,features_1.npy,317,train,1,1.0001779861931726,0.9891514231281505,1
features_1:318,features_1.npy,318,train,1,2.388322156844764,0.9999898754346057,1
features_1:319,features_1.npy,319,train,1,1.584242894946209,0.9995278799659841,1
features_1:321,features_1.npy,321,train,1,0.9997709180154103,0.9823970872990376,1
features_1:322,features_1.npy,322,train,1,1.0003447457978503,0.9916532449129909,1
features_1:324,features_1.npy,324,train,1,1.4543733134241033,0.9992215936855985,1
features_1:325,features_1.npy,325,train,1,1.9937951832169136,0.9999372726360571,1
features_1:326,features_1.npy,326,train,1,1.000255897878709,0.9930408306564422,1
features_1:327,features_1.npy,327,train,1,1.0914667166212084,0.9954619062968886,1
features_1:328,features_1.npy,328,train,1,1.2499994117183968,0.996992174711654,1
features_1:329,features_1.npy,329,train,1,1.6868933006539901,0.999776773246522,1
features_1:330,features_1.npy,330,train,1,1.000232720513676,0.9040431635720048,1
features_1:331,features_1.npy,331,train,1,0.9997506294954989,0.9850307226310712,1
features_1:332,features_1.npy,332,train,1,1.000050078927626,0.9901132677385022,1
features_1:333,features_1.npy,333,train,1,1.3900462563799192,0.9986677446928486,1
features_1:334,features_1.npy,334,train,1,1.798741479562144,0.999796931496976,1
features_1:336,features_1.npy,336,train,1,1.4915244298379684,0.9993867928776918,1
features_1:338,features_1.npy,338,train,1,1.8899973969971229,0.9998766043134587,1
features_1:339,features_1.npy,339,train,1,1.2543352613515002,0.9967595346504966,1
features_1:343,features_1.npy,343,train,1,1.11785748007663,0.9953837404317001,1
features_1:345,features_1.npy,345,train,1,1.6360184208006396,0.9995715170746367,1
features_1:346,features_1.npy,346,train,1,1.4408320363110492,0.9991415787761971,1
features_1:350,features_1.npy,350,train,1,1.1629567126115277,0.9967801621940581,1
features_1:351,features_1.npy,351,train,1,1.1687760435470718,0.9967452520573694,1
features_1:354,features_1.npy,354,train,1,1.0000074637153842,0.9908407772396011,1
features_1:355,features_1.npy,355,train,1,2.2537350682925945,0.9999840218722887,1
features_1:356,features_1.npy,356,train,1,0.9999663961943372,0.9842725525311758,1
features_1:357,features_1.npy,357,train,1,1.0002074711335904,0.9889666673742447,1
features_1:358,features_1.npy,358,train,1,1.0177856644451606,0.994911876806477,1
features_1:359,features_1.npy,359,train,1,1.9626951551141454,0.9999002400474396,1
features_1:361,features_1.npy,361,train,1,1.6271240061692545,0.9995352098965539,1
features_1:362,features_1.npy,362,train,1,1.1754822615530818,0.9953646122165039,1
features_1:364,features_1.npy,364,train,1,1.1521414158112004,0.9952438955841526,1
features_1:365,features_1.npy,365,train,1,1.0464532503833326,0.995237993058845,1
features_1:366,features_1.npy,366,train,1,1.24223494826443,0.9966921624417104,1
features_1:367,features_1.npy,367,train,1,1.0001353817938399,0.954198494573669,1
features_1:368,features_1.npy,368,train,1,1.3781322274716994,0.9988527356288808,1
features_1:369,features_1.npy,369,train,1,1.0000044666540175,0.9912877550883558,1
features_1:370,features_1.npy,370,train,1,2.41372381424821,0.9999930934787942,1
features_1:371,features_1.npy,371,train,1,1.5695665837485455,0.9987742685772117,1
features_1:373,features_1.npy,373,train,1,1.1658436441320528,0.9966636653673865,1
features_1:375,features_1.npy,375,train,1,1.0001630229364677,0.95961904561652,1
features_1:376,features_1.npy,376,train,1,1.0002535542137987,0.9883631721632671,1
features_1:378,features_1.npy,378,train,1,1.568891594764929,0.999387791494812,1
features_1:379,features_1.npy,379,train,1,2.0130067530418816,0.9999376392060781,1
features_1:381,features_1.npy,381,train,1,1.7684000633211412,0.999839603036356,1
features_1:382,features_1.npy,382,train,1,1.000190660552765,0.9849549959306232,1
features_1:383,features_1.npy,383,train,1,0.9997361745380634,0.9899269617274781,1
features_1:384,features_1.npy,384,train,1,1.3992552349061353,0.9988464306933421,1
features_1:385,features_1.npy,385,train,1,1.4382953924560544,0.9990914481710064,1
features_1:386,features_1.npy,386,train,1,1.1329872419661078,0.9956549458619264,1
features_1:387,features_1.npy,387,train,1,1.8819752046450706,0.9998803996923357,1
features_1:388,features_1.npy,388,train,1,0.9998972591310203,0.9925608243343775,1
features_1:390,features_1.npy,390,train,1,1.9737426591931984,0.9999090857427374,1
features_1:391,features_1.npy,391,train,1,1.489800835945352,0.9991969600180965,1
features_1:392,features_1.npy,392,train,1,1.4653995264173687,0.9992623210699932,1
features_1:393,features_1.npy,393,train,1,1.3760510026613166,0.9986090265692817,1
features_1:395,features_1.npy,395,train,1,1.0000983311887526,0.9922898794200611,1
features_1:396,features_1.npy,396,train,1,1.0281617701423011,0.9932674781596939,1
features_1:397,features_1.npy,397,train,1,1.5085883996795992,0.9988720200652139,1
features_1:399,features_1.npy,399,train,1,1.3529976232914116,0.9983739980944908,1
features_1:400,features_1.npy,400,train,1,0.9998624680822908,0.9933346748763003,1
features_1:401,features_1.npy,401,train,1,2.0844594899993707,0.9999371244383439,1
features_1:402,features_1.npy,402,train,1,1.8372420252086654,0.9998736044705527,1
features_1:404,features_1.npy,404,train,1,1.9900654940633036,0.9999267869773545,1
features_1:407,features_1.npy,407,train,1,1.0279201805702216,0.9934405036158314,1
features_1:408,features_1.npy,408,train,1,1.0003999863957609,0.9916111883261859,1
features_1:410,features_1.npy,410,train,1,1.530424554368066,0.9993408054448768,1
features_1:411,features_1.npy,411,train,1,0.9999773991676352,0.9738557152297636,1
features_1:412,features_1.npy,412,train,1,1.5915122414183003,0.999580177029929,1
features_1:413,features_1.npy,413,train,1,1.2368090841906139,0.9974150532127057,1
features_1:414,features_1.npy,414,train,1,1.460199806664296,0.9992481202577326,1
features_1:415,features_1.npy,415,train,1,1.790544879778338,0.9998621781972961,1
features_1:416,features_1.npy,416,train,1,1.84189817844694,0.9996535446807936,1
features_1:417,features_1.npy,417,train,1,0.9996969572640556,0.9908982414997413,1
features_1:419,features_1.npy,419,train,1,0.99975474789407,0.985166769885989,1
features_1:420,features_1.npy,420,train,1,1.8905627077060678,0.9998872586211958,1
features_1:421,features_1.npy,421,train,1,1.0002602621394456,0.9748191185730605,1
features_1:422,features_1.npy,422,train,1,1.920550408025348,0.999912341401193,1
features_1:423,features_1.npy,423,train,1,1.2455392416770161,0.9975460474428051,1
features_1:425,features_1.npy,425,train,1,1.0000609026026333,0.9857714427957853,1
features_1:428,features_1.npy,428,train,1,1.5556974093865534,0.9990930844755406,1
features_1:429,features_1.npy,429,train,1,1.670276912084926,0.9997323659953599,1
features_1:430,features_1.npy,430,train,1,1.571403302843213,0.9993629572935252,1
features_1:431,features_1.npy,431,train,1,1.000329186973486,0.9838510660218148,1
features_1:432,features_1.npy,432,train,1,1.390558463261884,0.9987210001673871,1
features_1:433,features_1.npy,433,train,1,0.9998288250412247,0.907413191393483,1
features_1:434,features_1.npy,434,train,1,1.1114089376189513,0.9949865385851245,1
features_1:435,features_1.npy,435,train,1,1.3528080227851242,0.99860643668534,1
features_1:436,features_1.npy,436,train,1,1.7659584957655734,0.9998633732400094,1
features_1:437,features_1.npy,437,train,1,1.3561719853272827,0.9984109597040781,1
features_1:438,features_1.npy,438,train,1,1.6044301674614068,0.9994765614874221,1
features_1:439,features_1.npy,439,train,1,1.7176606645584396,0.9997274816041528,1
features_1:441,features_1.npy,441,train,1,1.6879188297072862,0.9997261704294301,1
features_1:442,features_1.npy,442,train,1,1.587453802821904,0.9994955499810176,1
features_1:443,features_1.npy,443,train,1,1.224715705478878,0.9972520545701549,1
features_1:447,features_1.npy,447,train,1,1.000385623418509,0.9926958886646424,1
features_1:449,features_1.npy,449,train,1,1.1307090856215523,0.9959812222191136,1
features_1:450,features_1.npy,450,train,1,1.0001213298558937,0.9832117539779457,1
features_1:451,features_1.npy,451,train,1,1.2217409412037061,0.9957877672921175,1
features_1:456,features_1.npy,456,train,1,1.434808444231231,0.9988208629500914,1
features_1:457,features_1.npy,457,train,1,1.4560578851779884,0.9991338362557854,1
features_1:460,features_1.npy,460,train,1,1.4788999409618784,0.9990930716286227,1
features_1:461,features_1.npy,461,train,1,1.9181113225842885,0.9998984012126094,1
features_1:462,features_1.npy,462,train,1,1.0001800892348287,0.9789473159005695,1
features_1:463,features_1.npy,463,train,1,1.2455426538072236,0.9970760344720826,1
features_1:464,features_1.npy,464,train,1,1.1424261888021474,0.9964309784600995,1
features_1:465,features_1.npy,465,train,1,1.5998587762764067,0.9996778208576764,1
features_1:466,features_1.npy,466,train,1,1.1737191638542332,0.9946113994890563,1
features_1:467,features_1.npy,467,train,1,1.9414931145799894,0.9998826799392303,1
features_1:468,features_1.npy,468,train,1,1.5045108947184869,0.9994439884701676,1
features_1:470,features_1.npy,470,train,1,1.615540020092349,0.9995960764110416,1
features_1:471,features_1.npy,471,train,1,0.9998523071913592,0.9915951172139753,1
features_1:472,features_1.npy,472,train,1,1.000153796284878,0.9855955843113031,1
features_1:474,features_1.npy,474,train,1,1.5712053494072218,0.9994241226782661,1
features_1:475,features_1.npy,475,train,1,2.1621988742087175,0.9999634826021812,1
features_1:476,features_1.npy,476,train,1,1.0365983726151613,0.9927816896449586,1
features_1:478,features_1.npy,478,train,1,1.6158930330262329,0.9995061859891138,1
features_1:479,features_1.npy,479,train,1,1.2688993505498876,0.9974886417916237,1
features_1:483,features_1.npy,483,train,1,1.5641783950989439,0.9995225518170269,1
features_1:484,features_1.npy,484,train,1,1.4443868373691355,0.9990194882934198,1
features_1:485,features_1.npy,485,train,1,2.3566071129522257,0.9999919176974293,1
features_1:486,features_1.npy,486,train,1,1.5491365773855423,0.9994805680476084,1
features_1:487,features_1.npy,487,train,1,1.098185971990718,0.9954155736083561,1
features_1:490,features_1.npy,490,train,1,1.0003426132539537,0.9892964755479486,1
features_1:491,features_1.npy,491,train,1,1.1913780146805768,0.9958612325243464,1
features_1:492,features_1.npy,492,train,1,1.7761269523514545,0.9997936871821407,1
features_1:494,features_1.npy,494,train,1,1.000094501382071,0.9835999249725578,1
features_1:495,features_1.npy,495,train,1,1.9639072966048898,0.9999416592426625,1
features_1:496,features_1.npy,496,train,1,0.9997204107235346,0.9749064868806714,1
features_1:498,features_1.npy,498,train,1,0.9998423804697182,0.9910088253314446,1
features_1:499,features_1.npy,499,train,1,1.421163061343793,0.9989658301958716,1
features_1:500,features_1.npy,500,train,1,1.000180679022034,0.9702762651499622,1
features_1:501,features_1.npy,501,train,1,1.2158167696618747,0.9970334239586434,1
features_1:502,features_1.npy,502,train,1,1.276863927379391,0.9979011804888689,1
features_1:504,features_1.npy,504,train,1,1.885209726439277,0.9998044852964201,1
features_1:505,features_1.npy,505,train,1,1.584693355735339,0.9995020329203266,1
features_1:506,features_1.npy,506,train,1,1.3392122855219841,0.9986833202652775,1
features_1:507,features_1.npy,507,train,1,1.0421373596169836,0.9943784369161712,1
features_1:509,features_1.npy,509,train,1,1.0000567434641146,0.9463873524394074,1
features_1:510,features_1.npy,510,train,1,1.0897265350820304,0.9954319124256156,1
features_1:511,features_1.npy,511,train,1,1.4453263413679616,0.999170241849422,1
features_1:512,features_1.npy,512,train,1,1.5068313674941243,0.9994102829320257,1
features_1:513,features_1.npy,513,train,1,0.999900409260498,0.9912390716509725,1
features_1:517,features_1.npy,517,train,1,2.2135282054795447,0.9999742346082716,1
features_1:518,features_1.npy,518,train,1,1.9090628808291799,0.9998813823112391,1
features_1:521,features_1.npy,521,train,1,0.9999932439848195,0.9933051137921554,1
features_1:522,features_1.npy,522,train,1,1.0000472049757456,0.9890919841237634,1
features_1:523,features_1.npy,523,train,1,1.8256908362955795,0.999846727197305,1
features_1:524,features_1.npy,524,train,1,1.0000804524943736,0.9689204510322147,1
features_1:527,features_1.npy,527,train,1,1.9456904506656874,0.99992135317808,1
features_1:528,features_1.npy,528,train,1,1.0000066296641112,0.9684025640911604,1
features_1:531,features_1.npy,531,train,1,1.4836965934373494,0.9990765375140807,1
features_1:532,features_1.npy,532,train,1,1.6303697423632992,0.9994006934922842,1
features_1:533,features_1.npy,533,train,1,2.2938413168376326,0.9999817913327098,1
features_1:534,features_1.npy,534,train,1,1.000047051009807,0.9078719539541737,1
features_1:535,features_1.npy,535,train,1,1.0003030391562668,0.823458786324325,1
features_1:537,features_1.npy,537,train,1,0.9999132655471297,0.9865295790582369,1
features_1:538,features_1.npy,538,train,1,1.0027609451253658,0.9930771355631917,1
features_1:539,features_1.npy,539,train,1,1.7057527141345201,0.9996924936021021,1
features_1:540,features_1.npy,540,train,1,1.3272396239950746,0.998030549241323,1
features_1:541,features_1.npy,541,train,1,1.0168950505947334,0.9937903427800865,1
features_1:543,features_1.npy,543,train,1,1.0409448457498232,0.9924300804442445,1
features_1:544,features_1.npy,544,train,1,1.0808055966808447,0.9944001785718903,1
features_1:545,features_1.npy,545,train,1,1.4070910605725857,0.9986420254351115,1
features_1:546,features_1.npy,546,train,1,0.9998304825643434,0.9831951709185164,1
features_1:547,features_1.npy,547,train,1,1.0001569835682909,0.991895586012642,1
features_1:549,features_1.npy,549,train,1,1.786103369855403,0.9997907787325977,1
features_1:550,features_1.npy,550,train,1,0.9999271982636445,0.9047760330968467,1
features_1:551,features_1.npy,551,train,1,1.6892081967643195,0.9997221574979841,1
features_1:554,features_1.npy,554,train,1,1.408706069756668,0.9987303011030898,1
features_1:555,features_1.npy,555,train,1,1.4264102503855867,0.9988509061989893,1
features_1:556,features_1.npy,556,train,1,1.52459293815923,0.9993785334933577,1
features_1:557,features_1.npy,557,train,1,0.9999736664395764,0.9905523829950313,1
features_1:559,features_1.npy,559,train,1,0.9997988346600065,0.9921455670723656,1
features_1:561,features_1.npy,561,train,1,1.023567315825984,0.9931178867216177,1
features_1:562,features_1.npy,562,train,1,1.8006818537107185,0.9998403726957885,1
features_1:563,features_1.npy,563,train,1,1.9723468638084523,0.9999146827458976,1
features_1:564,features_1.npy,564,train,1,1.4495405499776335,0.9987721168810484,1
features_1:565,features_1.npy,565,train,1,1.844948725450156,0.9998770641694318,1
features_1:566,features_1.npy,566,train,1,0.9997498120056117,0.9793970156382249,1
features_1:567,features_1.npy,567,train,1,1.2171134996673776,0.9971091732140591,1
features_1:568,features_1.npy,568,train,1,1.341653346355891,0.9981894987654737,1
features_1:570,features_1.npy,570,train,1,1.0003481269412096,0.8859074648995564,1
features_1:571,features_1.npy,571,train,1,1.0001816245379513,0.9901492877924409,1
features_1:572,features_1.npy,572,train,1,1.2774678023246429,0.9977651278446406,1
features_1:573,features_1.npy,573,train,1,1.5789839491142832,0.9992775922684569,1
features_1:576,features_1.npy,576,train,1,2.239715168414047,0.9999838384598292,1
features_1:578,features_1.npy,578,train,1,1.717382201801842,0.9997709929185691,1
features_1:579,features_1.npy,579,train,1,0.9999817701894045,0.9100146821942292,1
features_1:581,features_1.npy,581,train,1,1.444850663879516,0.9989615766102371,1
features_1:582,features_1.npy,582,train,1,0.9996847084164534,0.9905187320462753,1
features_1:584,features_1.npy,584,train,1,1.4408180598613032,0.9984624184297957,1
features_1:585,features_1.npy,585,train,1,1.1165800189593038,0.9957442019217961,1
features_1:586,features_1.npy,586,train,1,1.6438010228100834,0.9995682048023415,1
features_1:592,features_1.npy,592,train,1,1.9552244008377826,0.9999384480080833,1
features_1:594,features_1.npy,594,train,1,1.2277949553061218,0.997263655168155,1
features_1:595,features_1.npy,595,train,1,1.8284950687945893,0.9998115078376731,1
features_1:596,features_1.npy,596,train,1,1.6109107963434768,0.9995029334612404,1
features_1:597,features_1.npy,597,train,1,0.9997691464555203,0.9718955033926161,1
features_1:598,features_1.npy,598,train,1,2.390095135777773,0.9999920071724052,1
features_1:599,features_1.npy,599,train,1,1.681095016326083,0.9994898355153078,1
features_1:600,features_1.npy,600,train,1,1.5887938862656403,0.9994480924775964,1
features_1:601,features_1.npy,601,train,1,0.9997087581324007,0.9870568615867669,1
features_1:602,features_1.npy,602,train,1,1.0590854034189465,0.9949548418859173,1
features_1:603,features_1.npy,603,train,1,1.5819069362975893,0.9994700333030335,1
features_1:604,features_1.npy,604,train,1,1.2207269024693586,0.9964699985142597,1
features_1:605,features_1.npy,605,train,1,1.7205541215382636,0.9996621969671553,1
features_1:608,features_1.npy,608,train,1,1.4727983379126646,0.999135096074966,1
features_1:609,features_1.npy,609,train,1,0.9999425334507939,0.9787282181294306,1
features_1:610,features_1.npy,610,train,1,1.310759684581648,0.9976678971118507,1
features_1:611,features_1.npy,611,train,1,1.1984293155144294,0.9972612942260879,1
features_1:612,features_1.npy,612,train,1,0.9999623718322157,0.9818104718211709,1
features_1:614,features_1.npy,614,train,1,1.835925529410029,0.9998453677431023,1
features_1:615,features_1.npy,615,train,1,2.336553542464612,0.9999858967223585,1
features_1:616,features_1.npy,616,train,1,1.3952451494399272,0.998504365307131,1
features_1:621,features_1.npy,621,train,1,1.2279301214033076,0.9972591063964314,1
features_1:622,features_1.npy,622,train,1,1.1387224037409462,0.9944378225640966,1
features_1:623,features_1.npy,623,train,1,0.9998262835796901,0.9893758739353004,1
features_1:624,features_1.npy,624,train,1,1.3217732366400956,0.9986426743934741,1
features_1:625,features_1.npy,625,train,1,1.5583338258692339,0.9993523785432601,1
features_1:627,features_1.npy,627,train,1,1.2517622973638822,0.9967154204275733,1
features_1:631,features_1.npy,631,train,1,1.0002910655284383,0.9902859078892862,1
features_1:633,features_1.npy,633,train,1,1.2184988479535699,0.996624065117877,1
features_1:635,features_1.npy,635,train,1,0.9999583211667886,0.989469630674886,1
features_1:637,features_1.npy,637,train,1,1.3256229219974849,0.9978803034600977,1
features_1:638,features_1.npy,638,train,1,0.9998507168427136,0.9813262090751212,1
features_1:639,features_1.npy,639,train,1,1.7543486787732303,0.999746261157917,1
features_1:640,features_1.npy,640,train,1,1.5830248645377059,0.999531558753224,1
features_1:641,features_1.npy,641,train,1,1.0421071429144335,0.9940979743766281,1
features_1:642,features_1.npy,642,train,1,1.9729063954989279,0.9999319314815093,1
features_1:644,features_1.npy,644,train,1,1.4619230603830984,0.9989489877152911,1
features_1:645,features_1.npy,645,train,1,1.2993921673174862,0.9979187445434405,1
features_1:646,features_1.npy,646,train,1,1.022812896725245,0.9934982785212055,1
features_1:648,features_1.npy,648,train,1,1.2640496801487935,0.9971672596240868,1
features_1:650,features_1.npy,650,train,1,1.2166871025245642,0.9970016651430061,1
features_1:651,features_1.npy,651,train,1,1.0003455261517045,0.9821639859581925,1
features_1:652,features_1.npy,652,train,1,1.283772558412985,0.9979829594405665,1
features_1:653,features_1.npy,653,train,1,1.000082110038124,0.9889643819804323,1
features_1:654,features_1.npy,654,train,1,1.0003393675150574,0.9835727566792055,1
features_1:655,features_1.npy,655,train,1,0.9997100306481307,0.9730001833741202,1
features_1:657,features_1.npy,657,train,1,1.4760780279697903,0.9992157964986415,1
features_1:658,features_1.npy,658,train,1,1.0004059571069681,0.9916365879158204,1
features_1:659,features_1.npy,659,train,1,1.141195413466563,0.9957515295554078,1
features_1:662,features_1.npy,662,train,1,1.3380895478251347,0.9980746023667656,1
features_1:665,features_1.npy,665,train,1,0.9996176088192013,0.9938864386441976,1
features_1:666,features_1.npy,666,train,1,1.517098719539683,0.9989265619355836,1
features_1:667,features_1.npy,667,train,1,0.9997286982229544,0.9915262566166259,1
features_1:668,features_1.npy,668,train,1,1.058449831570157,0.9929233090491347,1
features_1:670,features_1.npy,670,train,1,1.3981685178998535,0.9984998230006585,1
features_1:673,features_1.npy,673,train,1,1.392616446512838,0.9991929851588683,1
features_1:674,features_1.npy,674,train,1,1.729295612292028,0.9997700687285095,1
features_1:675,features_1.npy,675,train,1,1.9144775574805004,0.999898736572379,1
features_1:676,features_1.npy,676,train,1,0.9999275202165886,0.9895316831689615,1
features_1:678,features_1.npy,678,train,1,1.103080330876639,0.9943307219963975,1
features_1:679,features_1.npy,679,train,1,1.5873715364890488,0.9995833512776955,1
features_1:680,features_1.npy,680,train,1,1.7221427093524144,0.999740325975149,1
features_1:682,features_1.npy,682,train,1,1.1769813334234405,0.9958565512940284,1
features_1:683,features_1.npy,683,train,1,1.6072558171789935,0.9996378181113906,1
features_1:685,features_1.npy,685,train,1,1.3868073647342511,0.9986233876585826,1
features_1:688,features_1.npy,688,train,1,2.0237620080083154,0.9999403166033931,1
features_1:689,features_1.npy,689,train,1,1.3869509390997194,0.9988013769485274,1
features_1:690,features_1.npy,690,train,1,1.0001942733800622,0.9800600044678303,1
features_1:691,features_1.npy,691,train,1,1.1762507725431792,0.993277667602837,1
features_1:693,features_1.npy,693,train,1,0.9999720329696475,0.988964066537416,1
features_1:695,features_1.npy,695,train,1,1.7454120875267312,0.9997500400385853,1
features_1:696,features_1.npy,696,train,1,1.0000493219635505,0.992180484714388,1
features_1:697,features_1.npy,697,train,1,1.8199208855783142,0.9998255443249675,1
features_1:698,features_1.npy,698,train,1,1.0599349093512147,0.9933759887197755,1
features_1:700,features_1.npy,700,train,1,1.3076094257800628,0.9977026098489974,1
features_1:701,features_1.npy,701,train,1,1.1321802438399167,0.9942855032870141,1
features_1:702,features_1.npy,702,train,1,1.0001634916847293,0.9919000591935804,1
features_1:704,features_1.npy,704,train,1,2.1379289282833502,0.9999684021553673,1
features_1:705,features_1.npy,705,train,1,0.9994996286651585,0.9927855489165177,1
features_1:706,features_1.npy,706,train,1,1.4827293012002305,0.9988469787358779,1
features_1:708,features_1.npy,708,train,1,1.7686910568192478,0.9997931918150964,1
features_1:709,features_1.npy,709,train,1,0.9997422822182841,0.9911509902249728,1
features_1:711,features_1.npy,711,train,1,1.2522192536165044,0.9974305483209923,1
features_1:712,features_1.npy,712,train,1,1.7616231206345183,0.9998131532054654,1
features_1:716,features_1.npy,716,train,1,0.9997988800686369,0.9928331416390138,1
features_1:717,features_1.npy,717,train,1,1.0595230454642863,0.9940487282701562,1
features_1:718,features_1.npy,718,train,1,1.2268312796795247,0.9973152293402272,1
features_1:720,features_1.npy,720,train,1,1.0178052765497292,0.9930772407809056,1
features_1:721,features_1.npy,721,train,1,1.1642703384253357,0.9964707759981548,1
features_1:722,features_1.npy,722,train,1,1.3039729260206359,0.997727934189507,1
features_1:723,features_1.npy,723,train,1,0.9999726224093645,0.9910927051908753,1
features_1:724,features_1.npy,724,train,1,1.465481413468249,0.9991763476103925,1
features_1:727,features_1.npy,727,train,1,1.8943612562155365,0.999913076611137,1
features_1:729,features_1.npy,729,train,1,1.3537154840167687,0.9983344690525543,1
features_1:730,features_1.npy,730,train,1,1.2593209918659,0.9976993487106366,1
features_1:731,features_1.npy,731,train,1,1.3962840415363218,0.9986159265022986,1
features_1:732,features_1.npy,732,train,1,1.0003795547057062,0.991802276130428,1
features_1:733,features_1.npy,733,train,1,1.2639647236952052,0.9975207754840387,1
features_1:734,features_1.npy,734,train,1,1.0001301642512304,0.9197813681051056,1
features_1:736,features_1.npy,736,train,1,1.7139029330969908,0.9997342517710569,1
features_1:738,features_1.npy,738,train,1,2.0297884563359037,0.9999505946566558,1
features_1:739,features_1.npy,739,train,1,1.0000485064382787,0.9577810167420546,1
features_1:740,features_1.npy,740,train,1,0.999895223447029,0.8375486452081862,1
features_1:741,features_1.npy,741,train,1,0.9995815365019676,0.9644003996550088,1
features_1:742,features_1.npy,742,train,1,0.9996086735904458,0.87113041482844,1
features_1:744,features_1.npy,744,train,1,1.202675014351651,0.9971479508141053,1
features_1:745,features_1.npy,745,train,1,1.07774018584396,0.9952520701801785,1
features_1:746,features_1.npy,746,train,1,1.3631481104668788,0.9985097826540856,1
features_1:747,features_1.npy,747,train,1,1.7121075527087548,0.9997617042278625,1
features_1:751,features_1.npy,751,train,1,1.7370368080801963,0.9997532918676816,1
features_1:752,features_1.npy,752,train,1,1.000033925008855,0.9916724565370745,1
features_1:753,features_1.npy,753,train,1,1.9745939913887087,0.9999367164213144,1
features_1:755,features_1.npy,755,train,1,0.99989319716987,0.9924098511139567,1
features_1:756,features_1.npy,756,train,1,1.2091437130326692,0.99687067307316,1
features_1:757,features_1.npy,757,train,1,1.6184309039290814,0.9996191386826183,1
features_1:758,features_1.npy,758,train,1,1.2811263946592026,0.9978292690244395,1
features_1:759,features_1.npy,759,train,1,1.7664198610737207,0.999802686085513,1
features_1:761,features_1.npy,761,train,1,1.1209880107081187,0.9950909163601885,1
features_1:763,features_1.npy,763,train,1,1.6658367032566856,0.9996619333432862,1
features_1:764,features_1.npy,764,train,1,1.3079298831862258,0.9982337647141023,1
features_1:765,features_1.npy,765,train,1,1.0001212423114472,0.9873191582875765,1
features_1:766,features_1.npy,766,train,1,1.888334675803992,0.9998864413976871,1
features_1:767,features_1.npy,767,train,1,1.152601645024629,0.9962883380126668,1
features_1:768,features_1.npy,768,train,1,2.3262662333469923,0.9999847195185273,1
features_1:770,features_1.npy,770,train,1,1.000210369889409,0.990987762353033,1
features_1:771,features_1.npy,771,train,1,0.9997479085274672,0.9931176370323616,1
features_1:772,features_1.npy,772,train,1,1.4759095069202706,0.9993124850703137,1
features_1:773,features_1.npy,773,train,1,1.3181152858071918,0.99835503609967,1
features_1:774,features_1.npy,774,train,1,1.0004587155899842,0.8791447779897293,1
features_1:776,features_1.npy,776,train,1,1.6992632044727904,0.9997475398245838,1
features_1:777,features_1.npy,777,train,1,1.4788260125171517,0.9992382257358642,1
features_1:779,features_1.npy,779,train,1,1.8749265015574568,0.9997390520182504,1
features_1:780,features_1.npy,780,train,1,0.9997893883649006,0.9617796156372078,1
features_1:781,features_1.npy,781,train,1,1.000378989328333,0.9411167211622636,1
features_1:784,features_1.npy,784,train,1,1.0001948163217698,0.9902208698961724,1
features_1:785,features_1.npy,785,train,1,1.6631713016625778,0.9995657524500434,1
features_1:787,features_1.npy,787,train,1,2.0534411852961827,0.9999662642344687,1
features_1:789,features_1.npy,789,train,1,2.226228171075275,0.9999818249088823,1
features_1:790,features_1.npy,790,train,1,1.11722968877706,0.9936058743645789,1
features_1:794,features_1.npy,794,train,1,1.1465484188422668,0.9958688455094267,1
features_1:795,features_1.npy,795,train,1,1.0100010496359915,0.9929025403087085,1
features_1:796,features_1.npy,796,train,1,2.0823674601930815,0.9999533756308148,1
features_1:797,features_1.npy,797,train,1,1.380758572924187,0.9984903039260127,1
features_1:798,features_1.npy,798,train,1,1.5237940052024197,0.9994069197794117,1
features_1:800,features_1.npy,800,train,1,0.9998746803391003,0.8814317666051379,1
features_1:801,features_1.npy,801,train,1,1.3520498436688202,0.9989026208464082,1
features_1:802,features_1.npy,802,train,1,0.999970232410373,0.9487372174976102,1
features_1:803,features_1.npy,803,train,1,1.0915771812023034,0.9960502982748171,1
features_1:805,features_1.npy,805,train,1,1.2973972395083253,0.9964962541933188,1
features_1:806,features_1.npy,806,train,1,1.0001813807302244,0.9913417094915932,1
features_1:807,features_1.npy,807,train,1,1.6068375526028253,0.9995715525908364,1
features_1:809,features_1.npy,809,train,1,1.5453761480419015,0.9993897822939826,1
features_1:810,features_1.npy,810,train,1,1.0001872865819237,0.9706146340470501,1
features_1:811,features_1.npy,811,train,1,1.0003519360929802,0.8705255696422342,1
features_1:812,features_1.npy,812,train,1,1.3060332015044325,0.9975887942221497,1
features_1:814,features_1.npy,814,train,1,1.1820829750819073,0.99690288327666,1
features_1:815,features_1.npy,815,train,1,1.0194240258867944,0.9946093562534715,1
features_1:816,features_1.npy,816,train,1,1.0001214118753807,0.9910038894934043,1
features_1:817,features_1.npy,817,train,1,1.3797727673654607,0.9986715936101407,1
features_1:818,features_1.npy,818,train,1,1.6522429328107493,0.9996501934750883,1
features_1:819,features_1.npy,819,train,1,1.0153019162997134,0.9936586657814767,1
features_1:820,features_1.npy,820,train,1,1.379920631042653,0.9988617757194799,1
features_1:822,features_1.npy,822,train,1,1.0540529835208114,0.9945384043449723,1
features_1:823,features_1.npy,823,train,1,1.3790435186745336,0.9985701151887028,1
features_1:824,features_1.npy,824,train,1,2.344181672566415,0.9999883271876415,1
features_1:825,features_1.npy,825,train,1,0.9998090205598922,0.9782164507951212,1
features_1:826,features_1.npy,826,train,1,1.5980559748923802,0.9994748964447624,1
features_1:828,features_1.npy,828,train,1,1.1232359327245867,0.9943806583813984,1
features_1:829,features_1.npy,829,train,1,1.000080718974558,0.8628796568646562,1
features_1:830,features_1.npy,830,train,1,1.301450493305252,0.9971015964534464,1
features_1:831,features_1.npy,831,train,1,0.9997677891085596,0.9925608066470508,1
features_1:833,features_1.npy,833,train,1,2.4597828843974465,0.9999931432334559,1
features_1:835,features_1.npy,835,train,1,1.191345903260502,0.9964648000659521,1
features_1:836,features_1.npy,836,train,1,1.4468984196577275,0.9991444369812628,1
features_1:838,features_1.npy,838,train,1,1.6985880750058677,0.9997727647287025,1
features_1:839,features_1.npy,839,train,1,1.4804105006643784,0.9992494862898262,1
features_1:840,features_1.npy,840,train,1,1.0000661144556207,0.9911565566092164,1
features_1:841,features_1.npy,841,train,1,1.27880910711407,0.9979706703448699,1
features_1:842,features_1.npy,842,train,1,1.701632862472904,0.9997910827806973,1
features_1:843,features_1.npy,843,train,1,1.1774779806301894,0.9964169570753324,1
features_1:844,features_1.npy,844,train,1,1.851234007140042,0.9998949520668173,1
features_1:846,features_1.npy,846,train,1,1.2190380458393508,0.9960721009693099,1
features_1:847,features_1.npy,847,train,1,1.0001583926640791,0.9921093895722345,1
features_1:848,features_1.npy,848,train,1,1.483280980393139,0.9993148866323166,1
features_1:849,features_1.npy,849,train,1,1.0000592898743328,0.988683071420993,1
features_1:851,features_1.npy,851,train,1,0.9998447598907286,0.8803146512018282,1
features_1:852,features_1.npy,852,train,1,1.2998408677494555,0.9983666473070706,1
features_1:853,features_1.npy,853,train,1,1.0001970312532402,0.8230262360564813,1
features_1:854,features_1.npy,854,train,1,1.0003227177318448,0.9905884297281651,1
features_1:855,features_1.npy,855,train,1,1.2603869923300752,0.9972448179156158,1
features_1:857,features_1.npy,857,train,1,0.9998041034494118,0.989148585927294,1
features_1:859,features_1.npy,859,train,1,1.7826088807591356,0.9998578432162297,1
features_1:860,features_1.npy,860,train,1,1.0000851493162912,0.9835880215075173,1
features_1:862,features_1.npy,862,train,1,1.0411507053239382,0.993111227801631,1
features_1:863,features_1.npy,863,train,1,1.1773648104392407,0.996860564672361,1
features_1:864,features_1.npy,864,train,1,1.9006414144697996,0.9999231376152462,1
features_1:865,features_1.npy,865,train,1,0.9999831448938978,0.9787136171812698,1
features_1:866,features_1.npy,866,train,1,1.0000200233576968,0.9759828471056679,1
features_1:867,features_1.npy,867,train,1,2.0298879806244905,0.9999365857344411,1
features_1:869,features_1.npy,869,train,1,1.4451839445160124,0.9989482372895268,1
features_1:870,features_1.npy,870,train,1,0.9997609519897332,0.9909134605288994,1
features_1:871,features_1.npy,871,train,1,1.2955061311672418,0.9984051601892894,1
features_1:872,features_1.npy,872,train,1,1.901962019006107,0.9999019580617462,1
features_1:874,features_1.npy,874,train,1,1.0001855016582697,0.9743999567799942,1
features_1:875,features_1.npy,875,train,1,1.0002764229080832,0.8737622564744247,1
features_1:876,features_1.npy,876,train,1,1.0002793153834584,0.9676678939065381,1
features_1:877,features_1.npy,877,train,1,1.1602667132910238,0.9952968819321297,1
features_1:878,features_1.npy,878,train,1,0.9999028766914981,0.9916167897064782,1
features_1:879,features_1.npy,879,train,1,1.0002900241577977,0.9617410585808341,1
features_1:880,features_1.npy,880,train,1,1.4552900774701187,0.9992657834039532,1
features_1:881,features_1.npy,881,train,1,1.0001451501087786,0.8986518750990056,1
features_1:882,features_1.npy,882,train,1,1.5867461512555394,0.9995062843449976,1
features_1:883,features_1.npy,883,train,1,1.7171202550579057,0.9997587192485865,1
features_1:884,features_1.npy,884,train,1,1.320647082494027,0.9981875320015291,1
features_1:887,features_1.npy,887,train,1,1.5029498759071447,0.9994286832553051,1
features_1:888,features_1.npy,888,train,1,1.9871892626450802,0.9999377306089222,1
features_1:889,features_1.npy,889,train,1,1.261215606561831,0.9973982422351986,1
features_1:892,features_1.npy,892,train,1,1.5653845788277738,0.9995272183541433,1
features_1:893,features_1.npy,893,train,1,0.9996303559355977,0.9896296431077743,1
features_1:895,features_1.npy,895,train,1,1.7744228270498759,0.9997733297713081,1
features_1:896,features_1.npy,896,train,1,1.1775899616443661,0.9953362058356952,1
features_1:897,features_1.npy,897,train,1,1.0001400063784696,0.9907832093897057,1
features_1:900,features_1.npy,900,train,1,1.7037465458046173,0.9997589552076231,1
features_1:903,features_1.npy,903,train,1,0.9996383731687504,0.9907964265691585,1
features_1:904,features_1.npy,904,train,1,1.1187364097907087,0.9956771334155758,1
features_1:905,features_1.npy,905,train,1,1.2979506808193533,0.9983549542892286,1
features_1:907,features_1.npy,907,train,1,1.6701321665655393,0.9996828562341127,1
features_1:909,features_1.npy,909,train,1,0.999671851142055,0.9924840090523925,1
features_1:910,features_1.npy,910,train,1,1.8308984786720288,0.9998325627740708,1
features_1:912,features_1.npy,912,train,1,0.9998928802059026,0.9910767156958956,1
features_1:913,features_1.npy,913,train,1,1.1293102144702247,0.9960846054034599,1
features_1:915,features_1.npy,915,train,1,1.831195356090863,0.9998532419121207,1
features_1:919,features_1.npy,919,train,1,1.39384288745243,0.9986931646724566,1
features_1:921,features_1.npy,921,train,1,1.2239108759003787,0.9971674692186682,1
features_1:922,features_1.npy,922,train,1,1.7081286857548819,0.9996310775258097,1
features_1:923,features_1.npy,923,train,1,1.3598481059456442,0.9983897477439163,1
features_1:924,features_1.npy,924,train,1,1.1900641333096194,0.9974850467887917,1
features_1:925,features_1.npy,925,train,1,1.3762479525610138,0.998443314595101,1
features_1:926,features_1.npy,926,train,1,0.9996556106133159,0.990439822262623,1
features_1:927,features_1.npy,927,train,1,1.5706483868981302,0.9994858806369354,1
features_1:928,features_1.npy,928,train,1,1.2643017961258147,0.9977094030228187,1
features_1:929,features_1.npy,929,train,1,1.0000017233950145,0.9872706171599781,1
features_1:931,features_1.npy,931,train,1,2.621886426423024,0.9999973210235977,1
features_1:932,features_1.npy,932,train,1,0.9995621257683318,0.9876165886903981,1
features_1:934,features_1.npy,934,train,1,1.2122875724592153,0.9973033124430138,1
features_1:936,features_1.npy,936,train,1,0.9998804371945408,0.9902661786655778,1
features_1:937,features_1.npy,937,train,1,0.9995795231646553,0.9918179218287104,1
features_1:938,features_1.npy,938,train,1,1.1700686295837586,0.9963394216340496,1
features_1:940,features_1.npy,940,train,1,1.57461116482031,0.9994585105698647,1
features_1:941,features_1.npy,941,train,1,0.9995930789937465,0.9843981535024475,1
features_1:942,features_1.npy,942,train,1,1.504649166255783,0.9993053866755736,1
features_1:944,features_1.npy,944,train,1,1.4210829144029702,0.9989583014332231,1
features_1:945,features_1.npy,945,train,1,1.00019777101632,0.9920382511351138,1
features_1:946,features_1.npy,946,train,1,1.6144242288440085,0.9996518321073283,1
features_1:948,features_1.npy,948,train,1,1.000365353398715,0.9570072193059508,1
features_1:949,features_1.npy,949,train,1,1.2882831602345595,0.997570846899999,1
features_1:950,features_1.npy,950,train,1,1.8784902739238702,0.9999102221723742,1
features_1:952,features_1.npy,952,train,1,1.4411039495220208,0.999126186711824,1
features_1:953,features_1.npy,953,train,1,0.9996478029329636,0.9028243475699048,1
features_1:954,features_1.npy,954,train,1,1.7989992152986534,0.9998616385704165,1
features_1:957,features_1.npy,957,train,1,1.7537785410400957,0.9997512951404195,1
features_1:960,features_1.npy,960,train,1,0.9996880186607009,0.992645661484306,1
features_1:962,features_1.npy,962,train,1,0.9999651813944741,0.990838167458949,1
features_1:964,features_1.npy,964,train,1,0.9994995247483509,0.8979504153743536,1
features_1:965,features_1.npy,965,train,1,1.330793708900502,0.9983087893430321,1
features_1:966,features_1.npy,966,train,1,1.4326673850271052,0.9993272315561855,1
features_1:967,features_1.npy,967,train,1,0.9997861535938684,0.9747984986804747,1
features_1:969,features_1.npy,969,train,1,1.1848073745248286,0.9970266008647825,1
features_1:971,features_1.npy,971,train,1,0.999554894434337,0.9899131728395518,1
features_1:972,features_1.npy,972,train,1,1.0607802448525538,0.9934058311467304,1
features_1:975,features_1.npy,975,train,1,1.0000097814228355,0.9541553280120102,1
features_1:976,features_1.npy,976,train,1,1.746878653024609,0.999804400869448,1
features_1:978,features_1.npy,978,train,1,0.9997490195966748,0.95066132682743,1
features_1:980,features_1.npy,980,train,1,1.0000072608108783,0.9651147269487966,1
features_1:981,features_1.npy,981,train,1,1.4007248081852532,0.9990140196770823,1
features_1:982,features_1.npy,982,train,1,1.0003591519732726,0.992802336071365,1
features_1:985,features_1.npy,985,train,1,1.2057919993158268,0.9972265362011129,1
features_1:989,features_1.npy,989,train,1,0.9996831363175632,0.9838537523235378,1
features_1:990,features_1.npy,990,train,1,1.000005562482787,0.9858185071925023,1
features_1:991,features_1.npy,991,train,1,1.8333434948517422,0.9998783630946304,1
features_1:994,features_1.npy,994,train,1,0.9999590209657981,0.9852901152460023,1
features_1:995,features_1.npy,995,train,1,1.4274798720005664,0.9990970447526554,1
features_1:996,features_1.npy,996,train,1,1.2228724037862113,0.997363254004029,1
features_1:997,features_1.npy,997,train,1,1.0000477003242314,0.9671344073361752,1
features_1:999,features_1.npy,999,train,1,1.8975078711010993,0.999895371706479,1
features_1:1001,features_1.npy,1001,train,1,1.000017569767203,0.9667087024782235,1
features_1:1002,features_1.npy,1002,train,1,0.9996376289571282,0.9928162162818946,1
features_1:1003,features_1.npy,1003,train,1,0.9998777330338936,0.9911603527710089,1
features_1:1006,features_1.npy,1006,train,1,1.0002539863609141,0.9718751139108989,1
features_1:1010,features_1.npy,1010,train,1,1.6746984335408759,0.9996829377705148,1
features_1:1011,features_1.npy,1011,train,1,1.8226713630202491,0.9998728860170342,1
features_1:1015,features_1.npy,1015,train,1,0.99977714629138,0.9919920653538646,1
features_1:1017,features_1.npy,1017,train,1,1.5063110270054487,0.9993951209360471,1
features_1:1018,features_1.npy,1018,train,1,1.9963033522382216,0.9999053050913419,1
features_1:1019,features_1.npy,1019,train,1,1.0699319548978026,0.9944806352351572,1
features_1:1020,features_1.npy,1020,train,1,1.6713539874013386,0.9995782064516889,1
features_1:1021,features_1.npy,1021,train,1,1.4719497002326667,0.9989207528245766,1
features_1:1022,features_1.npy,1022,train,1,0.9997102697004809,0.9923518985455008,1
features_1:1023,features_1.npy,1023,train,1,1.000022587632636,0.991876884546792,1
features_1:1024,features_1.npy,1024,train,1,2.0666527568741277,0.9999236024463686,1
features_1:1025,features_1.npy,1025,train,1,1.8520648653243883,0.999886694210387,1
features_1:1027,features_1.npy,1027,train,1,1.3802141356612925,0.999054193018248,1
features_1:1028,features_1.npy,1028,train,1,1.1741867892667863,0.9959190193623453,1
features_1:1029,features_1.npy,1029,train,1,0.9997802023272598,0.9868844487549875,1
features_1:1031,features_1.npy,1031,train,1,1.0026845836074554,0.9931929277135227,1
features_1:1032,features_1.npy,1032,train,1,1.0881153075930097,0.99387816215584,1
features_1:1033,features_1.npy,1033,train,1,1.0001399924835968,0.9677408242792838,1
features_1:1034,features_1.npy,1034,train,1,0.9995389902505666,0.9719062673785995,1
features_1:1036,features_1.npy,1036,train,1,1.0924634638925366,0.9938424986156396,1
features_1:1037,features_1.npy,1037,train,1,1.0002390622662183,0.9913353086804664,1
features_1:1038,features_1.npy,1038,train,1,1.750961510454075,0.9998252392974741,1
features_1:1039,features_1.npy,1039,train,1,1.4539396960729374,0.9992806247841763,1
features_1:1040,features_1.npy,1040,train,1,1.9667607852101274,0.9999378367329103,1
features_1:1041,features_1.npy,1041,train,1,1.8885451988975406,0.9999067070600572,1
features_1:1042,features_1.npy,1042,train,1,1.3865729535176547,0.9986904603082664,1
features_1:1044,features_1.npy,1044,train,1,1.4754181079760957,0.9989591587550775,1
features_1:1045,features_1.npy,1045,train,1,1.7140257903176592,0.9997937559438752,1
features_1:1046,features_1.npy,1046,train,1,1.0000752307300538,0.9776962020714167,1
features_1:1047,features_1.npy,1047,train,1,1.8297129483111816,0.9998271722348855,1
features_1:1051,features_1.npy,1051,train,1,1.0002193658479168,0.9697699211172894,1
features_1:1052,features_1.npy,1052,train,1,0.9998632706422419,0.9449528037330897,1
features_1:1053,features_1.npy,1053,train,1,1.5156421834573748,0.9992668302100146,1
features_1:1054,features_1.npy,1054,train,1,1.6601580919366823,0.9997249941212049,1
features_1:1055,features_1.npy,1055,train,1,1.6242960129492927,0.9996904993604344,1
features_1:1056,features_1.npy,1056,train,1,1.3325172516826718,0.9981923734265663,1
features_1:1057,features_1.npy,1057,train,1,1.6378282694324346,0.9996792643237862,1
features_1:1059,features_1.npy,1059,train,1,1.0000749785533674,0.991230955006292,1
features_1:1060,features_1.npy,1060,train,1,1.499105771613181,0.9992796758857742,1
features_1:1061,features_1.npy,1061,train,1,1.6449927601137817,0.9995943426928253,1
features_1:1063,features_1.npy,1063,train,1,1.6411507707783828,0.9995518641356982,1
features_1:1064,features_1.npy,1064,train,1,1.0003296806364497,0.9756185906896752,1
features_1:1065,features_1.npy,1065,train,1,0.9998201290556451,0.9927464204829921,1
features_1:1066,features_1.npy,1066,train,1,1.6031392131000883,0.9996095690088082,1
features_1:1067,features_1.npy,1067,train,1,1.5974319554599823,0.9995941540053567,1
features_1:1068,features_1.npy,1068,train,1,1.9215919031185298,0.9998970751104445,1
features_1:1069,features_1.npy,1069,train,1,1.4666461914853341,0.9989018117436986,1
features_1:1070,features_1.npy,1070,train,1,1.0000234820861644,0.947006605199266,1
features_1:1071,features_1.npy,1071,train,1,0.9998198417809698,0.9849572967175735,1
features_1:1073,features_1.npy,1073,train,1,1.0002320088509726,0.9897460381322789,1
features_1:1074,features_1.npy,1074,train,1,0.9998101449643535,0.9856312693738272,1
features_1:1075,features_1.npy,1075,train,1,0.9999101300030615,0.9902879114465891,1
features_1:1076,features_1.npy,1076,train,1,1.0528126362337669,0.9929942806568391,1
features_1:1077,features_1.npy,1077,train,1,0.9996305301866333,0.9871766733787553,1
features_1:1078,features_1.npy,1078,train,1,1.322603483652206,0.9984563277805574,1
features_1:1079,features_1.npy,1079,train,1,1.5056602981192186,0.9994880299952138,1
features_1:1080,features_1.npy,1080,train,1,1.3543015721581608,0.9981869864882164,1
features_1:1081,features_1.npy,1081,train,1,1.5285994347262402,0.9995904923630476,1
features_1:1084,features_1.npy,1084,train,1,1.1424164629429168,0.9964704463129805,1
features_1:1085,features_1.npy,1085,train,1,1.000159323475258,0.9598912641279294,1
features_1:1086,features_1.npy,1086,train,1,1.2756932933158063,0.9974219903405741,1
features_1:1088,features_1.npy,1088,train,1,1.2087290733838543,0.9971220434580139,1
features_1:1089,features_1.npy,1089,train,1,1.6576198408065383,0.9996092527092003,1
features_1:1091,features_1.npy,1091,train,1,0.999711456040059,0.985568817739589,1
features_1:1094,features_1.npy,1094,train,1,1.542492460066378,0.9993788820636669,1
features_1:1095,features_1.npy,1095,train,1,1.000445615899845,0.9904463041317177,1
features_1:1096,features_1.npy,1096,train,1,1.204448968466173,0.9963815747296525,1
features_1:1097,features_1.npy,1097,train,1,1.2593657630693036,0.9977339796606015,1
features_1:1099,features_1.npy,1099,train,1,1.0001415891340393,0.9824276185611073,1
features_1:1101,features_1.npy,1101,train,1,1.0002362930711903,0.9922687501283362,1
features_1:1103,features_1.npy,1103,train,1,1.5266028617071454,0.9993963060072508,1
features_1:1104,features_1.npy,1104,train,1,1.4629230230240626,0.9992966863942987,1
features_1:1105,features_1.npy,1105,train,1,1.0000994193882609,0.9831922175494789,1
features_1:1106,features_1.npy,1106,train,1,1.3097805683293604,0.9977026057581375,1
features_1:1108,features_1.npy,1108,train,1,0.9997154418185289,0.9890668400092462,1
features_1:1110,features_1.npy,1110,train,1,1.4447103517941975,0.9990378041730821,1
features_1:1113,features_1.npy,1113,train,1,1.1199969083646344,0.9951096817805883,1
features_1:1114,features_1.npy,1114,train,1,1.0002259358416412,0.9033968627315329,1
features_1:1115,features_1.npy,1115,train,1,1.6928975363591399,0.9996869704192758,1
features_1:1116,features_1.npy,1116,train,1,1.000273490732719,0.990990726425103,1
features_1:1117,features_1.npy,1117,train,1,1.2940555782641558,0.9981566316291414,1
features_1:1118,features_1.npy,1118,train,1,1.5251039582322214,0.9992284784220008,1
features_1:1119,features_1.npy,1119,train,1,0.9999078307565961,0.9868723610391269,1
features_1:1120,features_1.npy,1120,train,1,1.902653315525905,0.9999184845794333,1
features_1:1121,features_1.npy,1121,train,1,1.464557754471097,0.9991170755177352,1
features_1:1122,features_1.npy,1122,train,1,1.0001119699590106,0.9880762594098764,1
features_1:1123,features_1.npy,1123,train,1,1.1788476781372186,0.9955828851538163,1
features_1:1126,features_1.npy,1126,train,1,1.152928285793882,0.9961623084109096,1
features_1:1128,features_1.npy,1128,train,1,1.0002953468167772,0.9811013238962343,1
features_1:1129,features_1.npy,1129,train,1,1.0000618606634724,0.991241295457284,1
features_1:1130,features_1.npy,1130,train,1,1.2654786062915773,0.9975265251994513,1
features_1:1132,features_1.npy,1132,train,1,1.0810555521404919,0.9943264373506997,1
features_1:1134,features_1.npy,1134,train,1,1.3515677814132487,0.9983526955634803,1
features_1:1135,features_1.npy,1135,train,1,1.0844812818375098,0.9940546355301422,1
features_1:1136,features_1.npy,1136,train,1,1.2803045856762894,0.9980971658590565,1
features_1:1137,features_1.npy,1137,train,1,1.000095226002564,0.9743019027235438,1
features_1:1138,features_1.npy,1138,train,1,0.9996908971121422,0.8352870790520608,1
features_1:1139,features_1.npy,1139,train,1,1.0393314342709976,0.9933654788705312,1
features_1:1143,features_1.npy,1143,train,1,1.9481058913764473,0.9999293549071924,1
features_1:1144,features_1.npy,1144,train,1,1.4236690540886423,0.9988161529850711,1
features_1:1145,features_1.npy,1145,train,1,1.000239083360296,0.991906303593324,1
features_1:1146,features_1.npy,1146,train,1,1.0594061296455553,0.9934042435189567,1
features_1:1148,features_1.npy,1148,train,1,1.0001126376220555,0.9925596572696186,1
features_1:1149,features_1.npy,1149,train,1,1.0513925180438422,0.9940944426002322,1
features_1:1150,features_1.npy,1150,train,1,0.9998304651196053,0.9650190809035465,1
features_1:1151,features_1.npy,1151,train,1,2.3499328327014704,0.9999911831988932,1
features_1:1152,features_1.npy,1152,train,1,2.04241839183517,0.9999442041227151,1
features_1:1154,features_1.npy,1154,train,1,1.2986789916881383,0.9975150854439704,1
features_1:1155,features_1.npy,1155,train,1,1.4219753557069406,0.999102427451643,1
features_1:1157,features_1.npy,1157,train,1,1.2190512687616955,0.9965815614837453,1
features_1:1158,features_1.npy,1158,train,1,1.3252861973424326,0.9981859975895564,1
features_1:1159,features_1.npy,1159,train,1,1.0000736918276565,0.9891973836379293,1
features_1:1160,features_1.npy,1160,train,1,1.61278280457848,0.9995794733688985,1
features_1:1161,features_1.npy,1161,train,1,1.174687928108688,0.9957693476398977,1
features_1:1162,features_1.npy,1162,train,1,1.397077352931923,0.9988083701818361,1
features_1:1163,features_1.npy,1163,train,1,1.5158041602307315,0.9992030851292523,1
features_1:1164,features_1.npy,1164,train,1,0.9999526266484744,0.9350402156891928,1
features_1:1165,features_1.npy,1165,train,1,1.0000831823049297,0.9066072007386451,1
features_1:1166,features_1.npy,1166,train,1,1.0722151169881409,0.9945698890762745,1
features_1:1168,features_1.npy,1168,train,1,1.6724047727623548,0.9996840881346423,1
features_1:1169,features_1.npy,1169,train,1,1.000303741748052,0.9797797019630033,1
features_1:1170,features_1.npy,1170,train,1,1.0000622816434068,0.9922331818488745,1
features_1:1171,features_1.npy,1171,train,1,1.8874539288733991,0.9999118774477604,1
features_1:1172,features_1.npy,1172,train,1,1.603185807387703,0.9995993966005929,1
features_1:1173,features_1.npy,1173,train,1,1.0372028592127824,0.9935721354267362,1
features_1:1174,features_1.npy,1174,train,1,1.0002392625901222,0.993143629793542,1
features_1:1175,features_1.npy,1175,train,1,1.4813824842195653,0.9992097821703613,1
features_1:1176,features_1.npy,1176,train,1,1.4133234200455371,0.9979455360269984,1
features_1:1178,features_1.npy,1178,train,1,1.2627277913905752,0.9980452187757143,1
features_1:1180,features_1.npy,1180,train,1,1.8244861468424833,0.9998720275096804,1
features_1:1182,features_1.npy,1182,train,1,2.479674205095837,0.9999952247888675,1
features_1:1185,features_1.npy,1185,train,1,1.4809694524028727,0.9992552440963619,1
features_1:1186,features_1.npy,1186,train,1,1.0001483864758625,0.9876590990653866,1
features_1:1187,features_1.npy,1187,train,1,0.9999194420518751,0.989197223574536,1
features_1:1188,features_1.npy,1188,train,1,1.222544664531482,0.9976574058206877,1
features_1:1189,features_1.npy,1189,train,1,1.3878949300265093,0.9990210554138528,1
features_1:1191,features_1.npy,1191,train,1,1.0004166164224217,0.9305235595288464,1
features_1:1192,features_1.npy,1192,train,1,1.431421232286011,0.9990295148456813,1
features_1:1193,features_1.npy,1193,train,1,1.488784686072626,0.999001704875931,1
features_1:1194,features_1.npy,1194,train,1,1.5596357272073738,0.999457622167397,1
features_1:1197,features_1.npy,1197,train,1,1.861064861389044,0.9998951069423863,1
features_1:1199,features_1.npy,1199,train,1,1.503982745695731,0.9992328590013706,1
features_1:1200,features_1.npy,1200,train,1,1.4414648393700784,0.9988046285625781,1
features_1:1201,features_1.npy,1201,train,1,1.6636633234124327,0.9996307385899106,1
features_1:1202,features_1.npy,1202,train,1,1.2760883452111802,0.997051483789247,1
features_1:1204,features_1.npy,1204,train,1,0.9999805357094886,0.9850844756741793,1
features_1:1205,features_1.npy,1205,train,1,0.9998766894887402,0.9887165149431872,1
features_1:1206,features_1.npy,1206,train,1,1.3718624218570294,0.9982082730113199,1
features_1:1207,features_1.npy,1207,train,1,1.0703361021820288,0.9938818390193797,1
features_1:1209,features_1.npy,1209,train,1,1.3878499346801971,0.9985410446689185,1
features_1:1210,features_1.npy,1210,train,1,1.4647961578634896,0.9992820591041058,1
features_1:1211,features_1.npy,1211,train,1,1.4301216636413787,0.9985639656388015,1
features_1:1212,features_1.npy,1212,train,1,1.1689055959107233,0.9957911502970813,1
features_1:1213,features_1.npy,1213,train,1,1.000182995654619,0.9854759318776563,1
features_1:1214,features_1.npy,1214,train,1,1.0002064782374884,0.9900371374239534,1
features_1:1215,features_1.npy,1215,train,1,1.8363826697956516,0.9998671130486636,1
features_1:1216,features_1.npy,1216,train,1,1.3842743576230936,0.998698359558335,1
features_1:1217,features_1.npy,1217,train,1,0.9998344982450434,0.9861536256365501,1
features_1:1218,features_1.npy,1218,train,1,1.4509226614743713,0.9992078631607901,1
features_1:1220,features_1.npy,1220,train,1,1.0002998633635847,0.9692689142084232,1
features_1:1221,features_1.npy,1221,train,1,1.6329532940182905,0.9995515724777684,1
features_1:1222,features_1.npy,1222,train,1,2.0218470638552786,0.9999492623342233,1
features_1:1223,features_1.npy,1223,train,1,1.6010536247396248,0.9995929551082503,1
features_1:1224,features_1.npy,1224,train,1,2.0724236613699483,0.9999692419051975,1
features_1:1226,features_1.npy,1226,train,1,1.2783416898195974,0.9974690122562885,1
features_1:1227,features_1.npy,1227,train,1,1.000003508680202,0.9901693778762357,1
features_1:1228,features_1.npy,1228,train,1,0.9997698407179024,0.992183232692984,1
features_1:1231,features_1.npy,1231,train,1,1.6850099601894453,0.9997361248121788,1
features_1:1233,features_1.npy,1233,train,1,1.0001164879425666,0.9882290245318526,1
features_1:1234,features_1.npy,1234,train,1,1.0000274035805854,0.9929415082849544,1
features_1:1235,features_1.npy,1235,train,1,1.2170709439962712,0.9970980325403958,1
features_1:1236,features_1.npy,1236,train,1,1.4591370305252263,0.9990342825576665,1
features_1:1237,features_1.npy,1237,train,1,1.725689769290259,0.9997668333451882,1
features_1:1238,features_1.npy,1238,train,1,1.0000369082932512,0.9843463093145444,1
features_1:1240,features_1.npy,1240,train,1,1.7605064729680138,0.9997878062715179,1
features_1:1242,features_1.npy,1242,train,1,1.8362647081180894,0.999878776985599,1
features_1:1245,features_1.npy,1245,train,1,0.9997265275014947,0.9927338847861756,1
features_1:1247,features_1.npy,1247,train,1,1.2848599006510497,0.9979736759995644,1
features_1:1248,features_1.npy,1248,train,1,0.9999490040005723,0.9918305418328046,1
features_1:1251,features_1.npy,1251,train,1,1.0000945736490778,0.9862056743450213,1
features_1:1254,features_1.npy,1254,train,1,1.4637244746243627,0.9991776267007669,1
features_1:1255,features_1.npy,1255,train,1,2.120448180585216,0.9999688210923336,1
features_1:1256,features_1.npy,1256,train,1,1.0866023290375062,0.9937772892803884,1
features_1:1257,features_1.npy,1257,train,1,1.1816587115810269,0.9963946096555331,1
features_1:1258,features_1.npy,1258,train,1,1.5364684090915433,0.999409888441711,1
features_1:1260,features_1.npy,1260,train,1,1.5404589695310755,0.9995372520521691,1
features_1:1261,features_1.npy,1261,train,1,1.0891018825354772,0.9954123495580245,1
features_1:1263,features_1.npy,1263,train,1,1.00003622946034,0.9243123463053863,1
features_1:1265,features_1.npy,1265,train,1,1.0000944969903356,0.9672073838596298,1
features_1:1267,features_1.npy,1267,train,1,1.67227866706732,0.9996693317285793,1
features_1:1268,features_1.npy,1268,train,1,0.9998143416198596,0.9938494217230296,1
features_1:1270,features_1.npy,1270,train,1,1.1233182237001536,0.9947809996980471,1
features_1:1272,features_1.npy,1272,train,1,2.1359120729743943,0.9999724920972973,1
features_1:1275,features_1.npy,1275,train,1,1.8918666216863869,0.9999072544052365,1
features_1:1276,features_1.npy,1276,train,1,1.4545586871139524,0.99883562634335,1
features_1:1278,features_1.npy,1278,train,1,0.9999255147358641,0.9050478617120039,1
features_1:1279,features_1.npy,1279,train,1,1.0002449652065672,0.9924065190284856,1
features_1:1281,features_1.npy,1281,train,1,1.5042591612178189,0.9993656124350931,1
features_1:1283,features_1.npy,1283,train,1,1.0000761296853424,0.945735837994669,1
features_1:1284,features_1.npy,1284,train,1,1.0001666378109422,0.9545848800413481,1
features_1:1285,features_1.npy,1285,train,1,1.3282216322887186,0.9988157824247604,1
features_1:1288,features_1.npy,1288,train,1,1.0653984062213093,0.9943704523482844,1
features_1:1289,features_1.npy,1289,train,1,1.8600529723421952,0.9998782262825537,1
features_1:1290,features_1.npy,1290,train,1,1.6482996078920336,0.9996118685727235,1
features_1:1292,features_1.npy,1292,train,1,1.2570764768687097,0.9982426950147193,1
features_1:1293,features_1.npy,1293,train,1,1.000018589607023,0.9920346978822729,1
features_1:1295,features_1.npy,1295,train,1,1.0000859844338188,0.969882523873513,1
features_1:1296,features_1.npy,1296,train,1,1.2164227826843388,0.9973363415116836,1
features_1:1297,features_1.npy,1297,train,1,0.999961173181755,0.9925924093938407,1
features_1:1298,features_1.npy,1298,train,1,0.9996801239848856,0.9835752931108501,1
features_1:1299,features_1.npy,1299,train,1,0.9998161804287339,0.9921297909186763,1
features_1:1301,features_1.npy,1301,train,1,0.99983603849601,0.9894171567380624,1
features_1:1304,features_1.npy,1304,train,1,1.2137326717630017,0.9957476863851287,1
features_1:1305,features_1.npy,1305,train,1,0.9997209348987826,0.9900870254108882,1
features_1:1306,features_1.npy,1306,train,1,1.0000593962583233,0.987095458207184,1
features_1:1308,features_1.npy,1308,train,1,1.5899622006521217,0.9995394829052395,1
features_1:1309,features_1.npy,1309,train,1,0.9997720794977814,0.9929562596269352,1
features_1:1311,features_1.npy,1311,train,1,1.8856768477003483,0.9998843949835461,1
features_1:1313,features_1.npy,1313,train,1,1.0001743926827265,0.9556438808638827,1
features_1:1314,features_1.npy,1314,train,1,1.0000745783699696,0.9906005814233885,1
features_1:1315,features_1.npy,1315,train,1,0.9998568655900935,0.8942716947465371,1
features_1:1318,features_1.npy,1318,train,1,1.000174328388171,0.9378062436346581,1
features_1:1319,features_1.npy,1319,train,1,1.2591227919167125,0.9980585310753496,1
features_1:1320,features_1.npy,1320,train,1,1.868403912662561,0.9998811391273582,1
features_1:1321,features_1.npy,1321,train,1,1.155660770361597,0.9957738900110666,1
features_1:1322,features_1.npy,1322,train,1,0.9998165450513544,0.9913162783284728,1
features_1:1325,features_1.npy,1325,train,1,1.0001343236231288,0.988812341857591,1
features_1:1329,features_1.npy,1329,train,1,1.4473766349665673,0.9991042166592703,1
features_1:1330,features_1.npy,1330,train,1,0.9998477277437393,0.9557399956973098,1
features_1:1331,features_1.npy,1331,train,1,0.9998027341350767,0.9871511326305844,1
features_1:1332,features_1.npy,1332,train,1,1.9158374781275238,0.9999255511380392,1
features_1:1334,features_1.npy,1334,train,1,1.8297378024172664,0.9998609918776108,1
features_1:1335,features_1.npy,1335,train,1,0.9997650741075472,0.9939099991648466,1
features_1:1336,features_1.npy,1336,train,1,1.8617343127545036,0.9999043486572257,1
features_1:1337,features_1.npy,1337,train,1,1.3063143628188403,0.9977126427164903,1
features_1:1338,features_1.npy,1338,train,1,1.0001399748319504,0.9495379820665024,1
features_1:1340,features_1.npy,1340,train,1,1.4088962279527155,0.999015982128731,1
features_1:1342,features_1.npy,1342,train,1,1.7465574365541467,0.9997908349008983,1
features_1:1344,features_1.npy,1344,train,1,1.8110573116096853,0.9998278834921311,1
features_1:1345,features_1.npy,1345,train,1,1.666840791474063,0.999741213366032,1
features_1:1346,features_1.npy,1346,train,1,1.5649844395503059,0.999365461421702,1
features_1:1348,features_1.npy,1348,train,1,1.000041169462904,0.9606562589502768,1
features_1:1350,features_1.npy,1350,train,1,0.9998016123413738,0.8763363192505642,1
features_1:1351,features_1.npy,1351,train,1,1.2581580435248538,0.9984395579610462,1
features_1:1352,features_1.npy,1352,train,1,0.9999676673974679,0.859796723801607,1
features_1:1353,features_1.npy,1353,train,1,1.000160060750974,0.9921974852702059,1
features_1:1356,features_1.npy,1356,train,1,1.0000802637910662,0.9888236743305242,1
features_1:1358,features_1.npy,1358,train,1,1.1180332666251147,0.9951114034186748,1
features_1:1360,features_1.npy,1360,train,1,0.9999293505555836,0.9919035029969006,1
features_1:1361,features_1.npy,1361,train,1,1.000170490570859,0.9909752216304316,1
features_1:1362,features_1.npy,1362,train,1,1.7399416810857218,0.9997998075629694,1
features_1:1363,features_1.npy,1363,train,1,1.330636392161157,0.9982435655193459,1
features_1:1365,features_1.npy,1365,train,1,1.0001830556141662,0.992868551342923,1
features_1:1366,features_1.npy,1366,train,1,1.0450972602876418,0.9921174557244481,1
features_1:1369,features_1.npy,1369,train,1,1.3863838748672412,0.9987120709115203,1
features_1:1370,features_1.npy,1370,train,1,1.8763678195640865,0.9998964229227678,1
features_1:1371,features_1.npy,1371,train,1,1.0000874569371918,0.9833156675685988,1
features_1:1372,features_1.npy,1372,train,1,1.5854876765213504,0.9995322463593874,1
features_1:1373,features_1.npy,1373,train,1,1.4304410525205322,0.9992845496012581,1
features_1:1375,features_1.npy,1375,train,1,0.9999774546768305,0.9323695571009415,1
features_1:1377,features_1.npy,1377,train,1,0.9995107092498436,0.9908554967789585,1
features_1:1378,features_1.npy,1378,train,1,1.4310754199101055,0.9992859436119652,1
features_1:1379,features_1.npy,1379,train,1,1.0795782814527501,0.9942309783643111,1
features_1:1380,features_1.npy,1380,train,1,1.0505152893569338,0.9938774264377941,1
features_1:1382,features_1.npy,1382,train,1,1.1936268284663596,0.9956992957715192,1
features_1:1383,features_1.npy,1383,train,1,1.0837092531370551,0.994654629426942,1
features_1:1384,features_1.npy,1384,train,1,0.999887251353989,0.9921114665697148,1
features_1:1386,features_1.npy,1386,train,1,1.2988586831043973,0.9983587137499317,1
features_1:1391,features_1.npy,1391,train,1,1.7853308437522994,0.9998495258134341,1
features_1:1392,features_1.npy,1392,train,1,1.6254541251123473,0.9995719366953792,1
features_1:1393,features_1.npy,1393,train,1,1.0579591224047944,0.9950981048883113,1
features_1:1395,features_1.npy,1395,train,1,1.0001090407000077,0.9891824421077231,1
features_1:1396,features_1.npy,1396,train,1,1.0001389100492417,0.9919489171925179,1
features_1:1398,features_1.npy,1398,train,1,1.3988789565566164,0.9990277982882411,1
features_1:1400,features_1.npy,1400,train,1,1.28878691636909,0.9977686244289494,1
features_1:1401,features_1.npy,1401,train,1,1.486717134205877,0.999444111586198,1
features_1:1402,features_1.npy,1402,train,1,1.088853829914369,0.9965071355187687,1
features_1:1403,features_1.npy,1403,train,1,1.0624779756112983,0.9941103474678868,1
features_1:1404,features_1.npy,1404,train,1,1.1562629729603309,0.9946784786321523,1
features_1:1405,features_1.npy,1405,train,1,1.4428072006297483,0.999045552477926,1
features_1:1406,features_1.npy,1406,train,1,1.7714059602906684,0.9997621081488033,1
features_1:1407,features_1.npy,1407,train,1,0.9996656628918962,0.9926161352531269,1
features_1:1409,features_1.npy,1409,train,1,1.031447386567601,0.9940720038130294,1
features_1:1411,features_1.npy,1411,train,1,1.6862574180628285,0.9996719967133106,1
features_1:1412,features_1.npy,1412,train,1,1.092167362213047,0.9961357309196899,1
features_1:1413,features_1.npy,1413,train,1,0.9999806424343011,0.9926439454012124,1
features_1:1414,features_1.npy,1414,train,1,0.9996345462011397,0.9919872082605693,1
features_1:1416,features_1.npy,1416,train,1,1.3547883296866083,0.9984287665982634,1
features_1:1417,features_1.npy,1417,train,1,1.000136574569101,0.9284225960358912,1
features_1:1418,features_1.npy,1418,train,1,1.0000635154593525,0.9827429820184527,1
features_1:1419,features_1.npy,1419,train,1,1.3476787367620555,0.9983237426790913,1
features_1:1420,features_1.npy,1420,train,1,1.8804064634193463,0.9999094127387554,1
features_1:1421,features_1.npy,1421,train,1,1.0001058996378842,0.9502938694148153,1
features_1:1422,features_1.npy,1422,train,1,1.0506738616243179,0.9955784112356998,1
features_1:1424,features_1.npy,1424,train,1,1.3850508216765502,0.9983044370545524,1
features_1:1425,features_1.npy,1425,train,1,1.3584948539058268,0.9981332538652576,1
features_1:1426,features_1.npy,1426,train,1,0.9995780139441364,0.9894727696896407,1
features_1:1427,features_1.npy,1427,train,1,0.9997165245118852,0.9886565968032057,1
features_1:1429,features_1.npy,1429,train,1,1.6955948384046169,0.9997119918946054,1
features_1:1431,features_1.npy,1431,train,1,1.2046828853150042,0.9967663219316361,1
features_1:1432,features_1.npy,1432,train,1,1.2427237943902778,0.9974548376792576,1
features_1:1433,features_1.npy,1433,train,1,1.595510797484284,0.9995609532269747,1
features_1:1434,features_1.npy,1434,train,1,0.9999608743378676,0.9926886010801692,1
features_1:1435,features_1.npy,1435,train,1,1.8072703362198197,0.9998611990031124,1
features_1:1436,features_1.npy,1436,train,1,1.2253798128376194,0.9960221580925452,1
features_1:1437,features_1.npy,1437,train,1,1.0001750647743104,0.9930795264596541,1
features_1:1438,features_1.npy,1438,train,1,1.000268925103007,0.9859513189457413,1
features_1:1444,features_1.npy,1444,train,1,1.4191346395353797,0.9987714654000523,1
features_1:1445,features_1.npy,1445,train,1,0.999814585005209,0.9724030922745618,1
features_1:1446,features_1.npy,1446,train,1,1.0928028048651923,0.9954115793013625,1
features_1:1448,features_1.npy,1448,train,1,1.498683999373333,0.9992764093058929,1
features_1:1449,features_1.npy,1449,train,1,1.0833831390894397,0.9945679496521318,1
features_1:1450,features_1.npy,1450,train,1,1.7384994658679602,0.9997702519355691,1
features_1:1451,features_1.npy,1451,train,1,0.9999103002357181,0.9877951421981882,1
features_1:1454,features_1.npy,1454,train,1,0.999626378222687,0.9895987667276562,1
features_1:1456,features_1.npy,1456,train,1,1.0000160617911156,0.9821452816242559,1
features_1:1457,features_1.npy,1457,train,1,2.0265371459513712,0.9999458486534205,1
features_1:1458,features_1.npy,1458,train,1,1.0000578356907757,0.9856035969279067,1
features_1:1460,features_1.npy,1460,train,1,0.9996430731937107,0.9899432273472868,1
features_1:1461,features_1.npy,1461,train,1,1.0002172332207686,0.9878427541983079,1
features_1:1463,features_1.npy,1463,train,1,1.5815082099951625,0.9993635371914456,1
features_1:1464,features_1.npy,1464,train,1,1.7534438368689276,0.9997965620548355,1
features_1:1466,features_1.npy,1466,train,1,0.9996534869345347,0.9922237628744632,1
features_1:1467,features_1.npy,1467,train,1,1.9261397802197209,0.9999133105140814,1
features_1:1468,features_1.npy,1468,train,1,1.0000885224438327,0.9835594428861512,1
features_1:1469,features_1.npy,1469,train,1,0.9998561796142623,0.8895557566098591,1
features_1:1470,features_1.npy,1470,train,1,1.1966580467580898,0.996569653352287,1
features_1:1471,features_1.npy,1471,train,1,1.4945210220706027,0.9993252459374282,1
features_1:1474,features_1.npy,1474,train,1,2.023389041981004,0.999915530720535,1
features_1:1476,features_1.npy,1476,train,1,1.0784853394866705,0.9947771819330347,1
features_1:1477,features_1.npy,1477,train,1,1.000172798673567,0.9919897719556683,1
features_1:1479,features_1.npy,1479,train,1,1.0003779639935104,0.9822820778148079,1
features_1:1480,features_1.npy,1480,train,1,1.6884011693492924,0.9996700008425436,1
features_1:1481,features_1.npy,1481,train,1,2.0972349346525525,0.9999665014731767,1
features_1:1483,features_1.npy,1483,train,1,0.9999347378888541,0.9885884985037354,1
features_1:1484,features_1.npy,1484,train,1,1.0389996952439935,0.9932537115189881,1
features_1:1486,features_1.npy,1486,train,1,2.1413973233160766,0.9999676619890643,1
features_1:1487,features_1.npy,1487,train,1,1.4072441158957727,0.9989125124675999,1
features_1:1488,features_1.npy,1488,train,1,1.0001721264704369,0.9913452563992917,1
features_1:1490,features_1.npy,1490,train,1,1.5911233457315583,0.9996018208545319,1
features_1:1491,features_1.npy,1491,train,1,1.794286970467991,0.9998270601412896,1
features_1:1492,features_1.npy,1492,train,1,1.043864528471294,0.99410832575408,1
features_1:1493,features_1.npy,1493,train,1,0.9996627767864337,0.9903913960755177,1
features_1:1495,features_1.npy,1495,train,1,0.9999497880705199,0.9647215314817658,1
features_1:1497,features_1.npy,1497,train,1,0.9997422374318597,0.9911853446942352,1
features_1:1498,features_1.npy,1498,train,1,1.0366917839161358,0.9932642063178481,1
features_1:1499,features_1.npy,1499,train,1,1.0001530788259134,0.9909842545090177,1
features_1:1501,features_1.npy,1501,train,1,1.704813426015797,0.9996855025065671,1
features_1:1502,features_1.npy,1502,train,1,0.9997101539055037,0.9921411119075667,1
features_1:1503,features_1.npy,1503,train,1,1.3311159977344094,0.9982114009173353,1
features_1:1504,features_1.npy,1504,train,1,0.9999376237286723,0.9385111031804035,1
features_1:1505,features_1.npy,1505,train,1,1.8552467902396215,0.9998824470309998,1
features_1:1506,features_1.npy,1506,train,1,0.999871169487781,0.9932905569188382,1
features_1:1507,features_1.npy,1507,train,1,1.2325338914183481,0.9976006894112759,1
features_1:1508,features_1.npy,1508,train,1,1.7652860196546274,0.9997912705358436,1
features_1:1509,features_1.npy,1509,train,1,1.5506632181908768,0.9995233717526959,1
features_1:1510,features_1.npy,1510,train,1,0.9999365114915655,0.9937006771126807,1
features_1:1511,features_1.npy,1511,train,1,2.0301949228649008,0.9999548507263107,1
features_1:1512,features_1.npy,1512,train,1,1.0000362544764505,0.9523327324721633,1
features_1:1513,features_1.npy,1513,train,1,1.4679840105683097,0.999052600016712,1
features_1:1514,features_1.npy,1514,train,1,0.999628589096856,0.9926914858379753,1
features_1:1515,features_1.npy,1515,train,1,1.4198476159157642,0.9989174633540662,1
features_1:1516,features_1.npy,1516,train,1,1.602449240179013,0.9996516089668377,1
features_1:1517,features_1.npy,1517,train,1,1.0891939593885696,0.9951712002616709,1
features_1:1519,features_1.npy,1519,train,1,1.0003685796350343,0.9759184255768878,1
features_1:1520,features_1.npy,1520,train,1,1.9219763038440916,0.999928866630275,1
features_1:1521,features_1.npy,1521,train,1,1.2079989217952847,0.9971037153009277,1
features_1:1522,features_1.npy,1522,train,1,0.9998525099386236,0.8228070090482273,1
features_1:1524,features_1.npy,1524,train,1,1.0000696641117954,0.9636001837904663,1
features_1:1526,features_1.npy,1526,train,1,1.1306944014732114,0.9969113575323971,1
features_1:1527,features_1.npy,1527,train,1,1.3424298279519973,0.9983766651637476,1
features_1:1528,features_1.npy,1528,train,1,0.9997773267481039,0.9903097777397653,1
features_1:1529,features_1.npy,1529,train,1,1.9226385346493922,0.9999045228512973,1
features_1:1531,features_1.npy,1531,train,1,1.0652709748206848,0.9931309293460133,1
features_1:1532,features_1.npy,1532,train,1,0.9999064287898395,0.9792559289366413,1
features_1:1533,features_1.npy,1533,train,1,1.785378806920737,0.9998272617325881,1
features_1:1534,features_1.npy,1534,train,1,1.0001271946331298,0.9900628083673928,1
features_1:1536,features_1.npy,1536,train,1,1.8071507938616798,0.999819407761201,1
features_1:1537,features_1.npy,1537,train,1,1.2913637398811337,0.9984133169418945,1
features_1:1538,features_1.npy,1538,train,1,1.37332386905947,0.9984174468930306,1
features_1:1539,features_1.npy,1539,train,1,1.700440321529229,0.9997506257629711,1
features_1:1541,features_1.npy,1541,train,1,1.000078440465275,0.9760883104855989,1
features_1:1542,features_1.npy,1542,train,1,1.3925086596582898,0.9984696540048752,1
features_1:1543,features_1.npy,1543,train,1,1.0000529669541534,0.9877807441245887,1
features_1:1544,features_1.npy,1544,train,1,0.9999410865578974,0.9929541816491761,1
features_1:1545,features_1.npy,1545,train,1,1.434134975184743,0.9990201805559028,1
features_1:1547,features_1.npy,1547,train,1,1.1615178390476972,0.9953663011129047,1
features_1:1548,features_1.npy,1548,train,1,1.2480841976925496,0.9974101164416312,1
features_1:1550,features_1.npy,1550,train,1,1.0000555996601397,0.9914163692131863,1
features_1:1551,features_1.npy,1551,train,1,1.3919013221019527,0.9987812485903431,1
features_1:1552,features_1.npy,1552,train,1,1.170857008073916,0.9975138698465896,1
features_1:1553,features_1.npy,1553,train,1,1.2871558603787747,0.9981739294151522,1
features_1:1556,features_1.npy,1556,train,1,1.1079220867838822,0.9947497961863944,1
features_1:1557,features_1.npy,1557,train,1,1.163368268144764,0.9962550873284816,1
features_1:1558,features_1.npy,1558,train,1,1.602036555163344,0.9995537955646417,1
features_1:1561,features_1.npy,1561,train,1,0.9999334544447285,0.9816032004587406,1
features_1:1563,features_1.npy,1563,train,1,1.1153179368765067,0.9955778255419823,1
features_1:1564,features_1.npy,1564,train,1,1.0000633245187296,0.9644697506979417,1
features_1:1566,features_1.npy,1566,train,1,1.353646001333949,0.9985674088616937,1
features_1:1568,features_1.npy,1568,train,1,0.9996804006542378,0.8873400198807614,1
features_1:1569,features_1.npy,1569,train,1,1.1251927581073602,0.9945010564891898,1
features_1:1570,features_1.npy,1570,train,1,1.0002112453023269,0.968624419102478,1
features_1:1572,features_1.npy,1572,train,1,1.5556409634356543,0.9994863562232871,1
features_1:1574,features_1.npy,1574,train,1,1.8775870025579504,0.9998828480242985,1
features_1:1575,features_1.npy,1575,train,1,0.999497537365155,0.9886508229937627,1
features_1:1578,features_1.npy,1578,train,1,1.631595739020729,0.999613680203835,1
features_1:1580,features_1.npy,1580,train,1,1.0597222623828542,0.9930317001512765,1
features_1:1581,features_1.npy,1581,train,1,1.1248773603666347,0.9961343997798858,1
features_1:1582,features_1.npy,1582,train,1,1.0000949120426244,0.9482036095848134,1
features_1:1583,features_1.npy,1583,train,1,1.520025605090518,0.9993542686676303,1
features_1:1586,features_1.npy,1586,train,1,1.000294828505284,0.9921949068259066,1
features_1:1588,features_1.npy,1588,train,1,1.4612359375628534,0.9989606109048978,1
features_1:1589,features_1.npy,1589,train,1,1.0001392117087722,0.9918343450620808,1
features_1:1590,features_1.npy,1590,train,1,1.132509519908226,0.9955188359910428,1
features_1:1591,features_1.npy,1591,train,1,0.999704078588065,0.989393593510157,1
features_1:1592,features_1.npy,1592,train,1,1.5247677074205908,0.9993429849891291,1
features_1:1593,features_1.npy,1593,train,1,0.9996324891494617,0.9910545640733284,1
features_1:1594,features_1.npy,1594,train,1,1.0732137730902227,0.9942512544933365,1
features_1:1595,features_1.npy,1595,train,1,1.5713769231299457,0.9993419908395825,1
features_1:1596,features_1.npy,1596,train,1,0.9999669209804523,0.9902680196598371,1
features_1:1597,features_1.npy,1597,train,1,1.8243800030713921,0.9998916907137281,1
features_1:1598,features_1.npy,1598,train,1,2.1602147163226744,0.999970004620349,1
features_1:1599,features_1.npy,1599,train,1,1.2891238339968412,0.998250411876173,1
features_1:1600,features_1.npy,1600,train,1,1.3001626508529887,0.9977419408369881,1
features_1:1602,features_1.npy,1602,train,1,1.0001284295775081,0.984734704449948,1
features_1:1604,features_1.npy,1604,train,1,1.1208738639467055,0.9957285828262347,1
features_1:1605,features_1.npy,1605,train,1,0.9998125815675002,0.9897864250317623,1
features_1:1610,features_1.npy,1610,train,1,1.0939468601047921,0.9950958350160242,1
features_1:1611,features_1.npy,1611,train,1,1.0002605141880485,0.9850349234390599,1
features_1:1612,features_1.npy,1612,train,1,1.0001371483683628,0.9780158007845724,1
features_1:1613,features_1.npy,1613,train,1,2.071863101115115,0.9999583487941015,1
features_1:1614,features_1.npy,1614,train,1,1.0001681932004978,0.9927732751449767,1
features_1:1615,features_1.npy,1615,train,1,1.0004110945769686,0.8872110314164102,1
features_1:1616,features_1.npy,1616,train,1,1.000344334713714,0.9924417666160512,1
features_1:1617,features_1.npy,1617,train,1,1.7213742303382105,0.9997796064230059,1
features_1:1618,features_1.npy,1618,train,1,1.5031706942938796,0.9992996101742125,1
features_1:1619,features_1.npy,1619,train,1,0.999802391243889,0.9592652735215583,1
features_1:1621,features_1.npy,1621,train,1,0.9998234236916456,0.9933701743577389,1
features_1:1623,features_1.npy,1623,train,1,1.7191802575612143,0.9998061763057946,1
features_1:1625,features_1.npy,1625,train,1,1.5734066879042912,0.9995964322650994,1
features_1:1626,features_1.npy,1626,train,1,0.9998125030760618,0.9933249446553518,1
features_1:1627,features_1.npy,1627,train,1,1.0241361686814154,0.9927955896993641,1
features_1:1629,features_1.npy,1629,train,1,1.3604552874673925,0.9988742295089041,1
features_1:1630,features_1.npy,1630,train,1,0.9998918853020686,0.9934334877089632,1
features_1:1632,features_1.npy,1632,train,1,1.7083937941911642,0.9997079627394763,1
features_1:1633,features_1.npy,1633,train,1,1.0003991003550405,0.9923065487441705,1
features_1:1634,features_1.npy,1634,train,1,1.0001998729070474,0.9594062132712,1
features_1:1636,features_1.npy,1636,train,1,1.0185023064590706,0.9941007945568184,1
features_1:1638,features_1.npy,1638,train,1,1.2055288271366713,0.9973083792526236,1
features_1:1639,features_1.npy,1639,train,1,1.2002363510771825,0.9967727041365864,1
features_1:1640,features_1.npy,1640,train,1,1.0000422559326834,0.9917362628190644,1
features_1:1641,features_1.npy,1641,train,1,0.9998907807597974,0.9793823847764986,1
features_1:1642,features_1.npy,1642,train,1,1.4477934418294747,0.9991230644164346,1
features_1:1643,features_1.npy,1643,train,1,1.1153361031644689,0.993996355336318,1
features_1:1644,features_1.npy,1644,train,1,1.000225353903488,0.9889506073353305,1
features_1:1645,features_1.npy,1645,train,1,1.5183651486124645,0.9992460779067975,1
features_1:1647,features_1.npy,1647,train,1,0.9997893979113119,0.99104854215292,1
features_1:1648,features_1.npy,1648,train,1,1.4774962781704133,0.9988986012207881,1
features_1:1649,features_1.npy,1649,train,1,1.6755328520014774,0.999640901190544,1
features_1:1650,features_1.npy,1650,train,1,1.0001059500717238,0.9565104926084983,1
features_1:1651,features_1.npy,1651,train,1,1.0001969181010564,0.9827688531467764,1
features_1:1652,features_1.npy,1652,train,1,1.4421176173237231,0.9991216605531263,1
features_1:1653,features_1.npy,1653,train,1,0.9995426837996098,0.9937413433752338,1
features_1:1654,features_1.npy,1654,train,1,1.1772504415360117,0.9963844246864879,1
features_1:1657,features_1.npy,1657,train,1,1.1372913970721037,0.9960693139052648,1
features_1:1658,features_1.npy,1658,train,1,1.1186355475881735,0.9962609170861608,1
features_1:1659,features_1.npy,1659,train,1,0.9998875371156889,0.9810379707794414,1
features_1:1662,features_1.npy,1662,train,1,1.3512726727136788,0.9986588737253094,1
features_1:1663,features_1.npy,1663,train,1,0.9999129625102928,0.9526664091382789,1
features_1:1664,features_1.npy,1664,train,1,1.1594064748302533,0.9953290288552527,1
features_1:1666,features_1.npy,1666,train,1,1.0000685866179613,0.8463812841461602,1
features_1:1668,features_1.npy,1668,train,1,1.2106515408276333,0.9973496247444456,1
features_1:1669,features_1.npy,1669,train,1,1.7987077669802203,0.9998260975919872,1
features_1:1670,features_1.npy,1670,train,1,1.9105728477109967,0.9998803233880057,1
features_1:1672,features_1.npy,1672,train,1,1.3085699876139762,0.9976316464287637,1
features_1:1673,features_1.npy,1673,train,1,1.536153421661094,0.9991682965735607,1
features_1:1674,features_1.npy,1674,train,1,1.2511934558182831,0.9976655078031105,1
features_1:1675,features_1.npy,1675,train,1,1.0376640014925762,0.993663036072397,1
features_1:1683,features_1.npy,1683,train,1,1.0000305372381173,0.9891098640663708,1
features_1:1684,features_1.npy,1684,train,1,0.9998490940740223,0.9894533057522915,1
features_1:1685,features_1.npy,1685,train,1,1.7426483000121928,0.9996983448705272,1
features_1:1687,features_1.npy,1687,train,1,1.2570014613589997,0.9976447680385622,1
features_1:1688,features_1.npy,1688,train,1,1.0930656384384596,0.9959795053266245,1
features_1:1690,features_1.npy,1690,train,1,1.5543870959953707,0.9994659300279649,1
features_1:1691,features_1.npy,1691,train,1,1.857564254000513,0.9998915812915754,1
features_1:1694,features_1.npy,1694,train,1,1.7309180290665525,0.999807383377355,1
features_1:1696,features_1.npy,1696,train,1,1.2250546553645365,0.996769717788968,1
features_1:1697,features_1.npy,1697,train,1,1.0433474934291986,0.9909731808537865,1
features_1:1700,features_1.npy,1700,train,1,0.9996373114926697,0.8286543699572355,1
features_1:1702,features_1.npy,1702,train,1,1.256986373249982,0.9974897549247848,1
features_1:1703,features_1.npy,1703,train,1,1.0463552201618556,0.993077406062473,1
features_1:1704,features_1.npy,1704,train,1,0.999892235086487,0.988941326540305,1
features_1:1707,features_1.npy,1707,train,1,1.5014991425786752,0.9992340969002014,1
features_1:1711,features_1.npy,1711,train,1,1.1855883529816278,0.9965682710006843,1
features_1:1714,features_1.npy,1714,train,1,1.7592756536785275,0.9998173724304756,1
features_1:1715,features_1.npy,1715,train,1,1.0000765762556512,0.9792017753845084,1
features_1:1716,features_1.npy,1716,train,1,1.367779442249251,0.9983822103229676,1
features_1:1717,features_1.npy,1717,train,1,0.9998802514262735,0.9864955033372669,1
features_1:1718,features_1.npy,1718,train,1,1.6227832845894767,0.9995911838002346,1
features_1:1719,features_1.npy,1719,train,1,1.6639260708639338,0.9997247999949174,1
features_1:1720,features_1.npy,1720,train,1,1.0000004895218764,0.987942972035768,1
features_1:1721,features_1.npy,1721,train,1,1.7506052821414653,0.9997974816336269,1
features_1:1722,features_1.npy,1722,train,1,0.9999831882962815,0.9617292081441157,1
features_1:1723,features_1.npy,1723,train,1,1.0000171908676847,0.9623050820547082,1
features_1:1724,features_1.npy,1724,train,1,0.9998129885136255,0.9924578759048062,1
features_1:1726,features_1.npy,1726,train,1,1.2259969450405823,0.9973150687988624,1
features_1:1727,features_1.npy,1727,train,1,1.4864108095855264,0.9994534659897765,1
features_1:1728,features_1.npy,1728,train,1,1.1438106654073426,0.9947570672909534,1
features_1:1729,features_1.npy,1729,train,1,1.1009554900422938,0.9953841699652551,1
features_1:1730,features_1.npy,1730,train,1,1.2184875799405797,0.9966459905723408,1
features_1:1731,features_1.npy,1731,train,1,1.1899904130376786,0.9974519795350754,1
features_1:1732,features_1.npy,1732,train,1,1.000358603364604,0.9844760621500137,1
features_1:1733,features_1.npy,1733,train,1,1.364261063679443,0.9986951831935386,1
features_1:1734,features_1.npy,1734,train,1,1.3899571592819309,0.9983720933720137,1
features_1:1736,features_1.npy,1736,train,1,1.225124881668806,0.9970213736133726,1
features_1:1738,features_1.npy,1738,train,1,1.5245850972800952,0.9993109530896855,1
features_1:1739,features_1.npy,1739,train,1,1.3792338546060734,0.9983770525666007,1
features_1:1740,features_1.npy,1740,train,1,1.2121420618358594,0.997017188148954,1
features_1:1741,features_1.npy,1741,train,1,1.4598032397255738,0.9988650037667866,1
features_1:1743,features_1.npy,1743,train,1,0.999637402497416,0.9856719588099271,1
features_1:1744,features_1.npy,1744,train,1,1.0998436909375546,0.9950016264597663,1
features_1:1745,features_1.npy,1745,train,1,2.3035796452564794,0.999988215709612,1
features_1:1747,features_1.npy,1747,train,1,1.6283963534247485,0.9996442135394386,1
features_1:1749,features_1.npy,1749,train,1,1.5054967432721265,0.9994296016022963,1
features_1:1750,features_1.npy,1750,train,1,1.801121033999645,0.9998489111404186,1
features_1:1751,features_1.npy,1751,train,1,1.37793676787996,0.9986096483624115,1
features_1:1752,features_1.npy,1752,train,1,0.9995621124369126,0.99323351530063,1
features_1:1753,features_1.npy,1753,train,1,1.0002366176495052,0.991977975963945,1
features_1:1754,features_1.npy,1754,train,1,0.999950314145965,0.9799928925059003,1
features_1:1755,features_1.npy,1755,train,1,1.7569121997505615,0.999844729581193,1
features_1:1756,features_1.npy,1756,train,1,0.9996748166580316,0.9875049644900648,1
features_1:1757,features_1.npy,1757,train,1,1.4271859012931745,0.9988311550321722,1
features_1:1758,features_1.npy,1758,train,1,1.106370823010112,0.9960026784555973,1
features_1:1759,features_1.npy,1759,train,1,1.122775523813112,0.9947784835401045,1
features_1:1760,features_1.npy,1760,train,1,1.600574940950427,0.9995267707037344,1
features_1:1761,features_1.npy,1761,train,1,0.9995358760904951,0.9922245829796201,1
features_1:1762,features_1.npy,1762,train,1,1.427463812833216,0.9987126974974888,1
features_1:1765,features_1.npy,1765,train,1,2.0783276635248504,0.9999555905328311,1
features_1:1767,features_1.npy,1767,train,1,1.1764334095934879,0.9963328481007931,1
features_1:1769,features_1.npy,1769,train,1,1.0002911830898418,0.9479868498997879,1
features_1:1770,features_1.npy,1770,train,1,1.0003459908177637,0.9579401103028189,1
features_1:1771,features_1.npy,1771,train,1,0.9999961865300147,0.9917557756320473,1
features_1:1772,features_1.npy,1772,train,1,1.000433594015409,0.8281594736896644,1
features_1:1773,features_1.npy,1773,train,1,1.1281298156860384,0.9966902391829103,1
features_1:1774,features_1.npy,1774,train,1,1.4808293649795359,0.9991554326740424,1
features_1:1775,features_1.npy,1775,train,1,1.1634008499117066,0.9953397274638259,1
features_1:1778,features_1.npy,1778,train,1,1.408705582430186,0.9989004721926328,1
features_1:1779,features_1.npy,1779,train,1,1.0000302631114273,0.9903219770998917,1
features_1:1780,features_1.npy,1780,train,1,0.9997490583374726,0.9919918218410174,1
features_1:1781,features_1.npy,1781,train,1,1.1585030043303817,0.9966070857467054,1
features_1:1782,features_1.npy,1782,train,1,1.6545535808391238,0.9995339761206923,1
features_1:1783,features_1.npy,1783,train,1,1.8202701642330708,0.999877768370798,1
features_1:1784,features_1.npy,1784,train,1,0.9999530606408031,0.9919032605919034,1
features_1:1785,features_1.npy,1785,train,1,1.650211939397613,0.999722811357968,1
features_1:1786,features_1.npy,1786,train,1,1.4806645977357653,0.9993472044366631,1
features_1:1787,features_1.npy,1787,train,1,1.1265070251109273,0.9952699427127915,1
features_1:1788,features_1.npy,1788,train,1,1.0502870804256799,0.9951234755997813,1
features_1:1789,features_1.npy,1789,train,1,1.0001505134717066,0.9905309182210301,1
features_1:1790,features_1.npy,1790,train,1,1.2400057465810024,0.9970137094292871,1
features_1:1791,features_1.npy,1791,train,1,1.389249486041451,0.998605964728014,1
features_1:1792,features_1.npy,1792,train,1,1.1293269393030743,0.9960372994294433,1
features_1:1793,features_1.npy,1793,train,1,1.774129596453813,0.9997835835819888,1
features_1:1794,features_1.npy,1794,train,1,1.6437845680779013,0.9997193560855996,1
features_1:1795,features_1.npy,1795,train,1,1.0000682238283,0.987640587395098,1
features_1:1796,features_1.npy,1796,train,1,0.9998242776582926,0.8167711171682057,1
features_1:1800,features_1.npy,1800,train,1,1.8785611730731389,0.9998624840587839,1
features_1:1802,features_1.npy,1802,train,1,1.5622985627951052,0.9993928928779272,1
features_1:1803,features_1.npy,1803,train,1,0.9997596143888977,0.9932642466336092,1
features_1:1805,features_1.npy,1805,train,1,1.1712006426623889,0.9964111385870092,1
features_1:1808,features_1.npy,1808,train,1,1.4373286661875992,0.9991306152428047,1
features_1:1810,features_1.npy,1810,train,1,1.312091595124964,0.9976578689359121,1
features_1:1811,features_1.npy,1811,train,1,1.481315707805825,0.9991603234651697,1
features_1:1812,features_1.npy,1812,train,1,1.1083954758272816,0.9957349108526904,1
features_1:1813,features_1.npy,1813,train,1,0.999766279385931,0.9190700749707919,1
features_1:1814,features_1.npy,1814,train,1,1.3871271050885163,0.998858627127327,1
features_1:1815,features_1.npy,1815,train,1,1.458559564152253,0.9988108926454146,1
features_1:1816,features_1.npy,1816,train,1,1.3637749295133548,0.9981043492413901,1
features_1:1817,features_1.npy,1817,train,1,1.36168916749252,0.9979452262825224,1
features_1:1818,features_1.npy,1818,train,1,1.0001412643103675,0.9883607135043532,1
features_1:1819,features_1.npy,1819,train,1,1.455832595890158,0.9988369742154939,1
features_1:1820,features_1.npy,1820,train,1,1.5134057235100735,0.9992628454438833,1
features_1:1821,features_1.npy,1821,train,1,1.4030822549085997,0.9986249056329226,1
features_1:1824,features_1.npy,1824,train,1,1.1614219558411516,0.9964344521144989,1
features_1:1828,features_1.npy,1828,train,1,1.2691702155675635,0.9976103984766915,1
features_1:1830,features_1.npy,1830,train,1,0.9996259963376258,0.9692193828015073,1
features_1:1831,features_1.npy,1831,train,1,1.7661163404653717,0.9998371212543082,1
features_1:1832,features_1.npy,1832,train,1,1.000405157890104,0.9474110928126797,1
features_1:1833,features_1.npy,1833,train,1,1.54739165984821,0.9993563179849932,1
features_1:1834,features_1.npy,1834,train,1,1.2969350006282014,0.9970587436934611,1
features_1:1835,features_1.npy,1835,train,1,1.0002519723609424,0.992362986439136,1
features_1:1839,features_1.npy,1839,train,1,1.5202519786098017,0.9994676498730296,1
features_1:1840,features_1.npy,1840,train,1,1.000263412658564,0.9544390667682631,1
features_1:1841,features_1.npy,1841,train,1,0.9996573358459389,0.9920664452412051,1
features_1:1842,features_1.npy,1842,train,1,0.9999940077223772,0.9877576786058336,1
features_1:1843,features_1.npy,1843,train,1,1.0000794064684053,0.9575481463303671,1
features_1:1846,features_1.npy,1846,train,1,1.7163174736869007,0.9997781381553563,1
features_1:1848,features_1.npy,1848,train,1,1.4278943899725254,0.998458782481797,1
features_1:1849,features_1.npy,1849,train,1,1.9837550203442191,0.9999377708994193,1
features_1:1850,features_1.npy,1850,train,1,1.810359269702565,0.9998681320218703,1
features_1:1853,features_1.npy,1853,train,1,1.0001787829551079,0.9428422947603854,1
features_1:1854,features_1.npy,1854,train,1,1.7491371997336813,0.9998403893506213,1
features_1:1856,features_1.npy,1856,train,1,1.0000186236547046,0.989917835873098,1
features_1:1857,features_1.npy,1857,train,1,2.4426425198634054,0.9999944414600209,1
features_1:1859,features_1.npy,1859,train,1,1.5012844335463138,0.9990955072585518,1
features_1:1860,features_1.npy,1860,train,1,1.0000820136552702,0.9329717897680341,1
features_1:1861,features_1.npy,1861,train,1,1.6366086527236574,0.9995764113469022,1
features_1:1862,features_1.npy,1862,train,1,1.345043503960558,0.9981138142539985,1
features_1:1864,features_1.npy,1864,train,1,0.9998309777642057,0.9920063150138541,1
features_1:1866,features_1.npy,1866,train,1,0.9999012903449241,0.9745918261985642,1
features_1:1867,features_1.npy,1867,train,1,1.7471392250909015,0.999704564343542,1
features_1:1868,features_1.npy,1868,train,1,1.881853063715325,0.9999213508768376,1
features_1:1869,features_1.npy,1869,train,1,0.9997489610285418,0.989057754070136,1
features_1:1871,features_1.npy,1871,train,1,1.8026400174414139,0.999815626366231,1
features_1:1872,features_1.npy,1872,train,1,1.233007970506102,0.9959200457353395,1
features_1:1874,features_1.npy,1874,train,1,1.048936590581971,0.9931172658842801,1
features_1:1876,features_1.npy,1876,train,1,1.0000067110965989,0.9793563020745303,1
features_1:1877,features_1.npy,1877,train,1,1.4795471499281414,0.9988685311917516,1
features_1:1878,features_1.npy,1878,train,1,1.226459758984527,0.997473889660957,1
features_1:1879,features_1.npy,1879,train,1,1.0001656611642582,0.9635722245775128,1
features_1:1880,features_1.npy,1880,train,1,1.0003801359865667,0.9313002593743416,1
features_1:1882,features_1.npy,1882,train,1,1.360944451884562,0.9981748091848506,1
features_1:1884,features_1.npy,1884,train,1,1.7591938096469086,0.9998172246955754,1
features_1:1885,features_1.npy,1885,train,1,1.8589364398086285,0.9998822380400914,1
features_1:1886,features_1.npy,1886,train,1,1.8836004034705671,0.9998138506754322,1
features_1:1888,features_1.npy,1888,train,1,1.000322062665278,0.9592213043063103,1
features_1:1889,features_1.npy,1889,train,1,1.0000779702454057,0.9823536206405658,1
features_1:1891,features_1.npy,1891,train,1,1.3714858703270936,0.9988758347212459,1
features_1:1892,features_1.npy,1892,train,1,1.0001734847450932,0.9902636029158918,1
features_1:1893,features_1.npy,1893,train,1,1.3893650469078518,0.9981503685963599,1
features_1:1894,features_1.npy,1894,train,1,1.4203212965355105,0.9989432303623399,1
features_1:1896,features_1.npy,1896,train,1,1.2032232169978896,0.9958531373267755,1
features_1:1897,features_1.npy,1897,train,1,1.0003693165383658,0.9901968853956937,1
features_1:1898,features_1.npy,1898,train,1,0.9999534569319452,0.9904272952131921,1
features_1:1899,features_1.npy,1899,train,1,1.0001481919347288,0.9838737005805891,1
features_1:1901,features_1.npy,1901,train,1,1.3051342748121137,0.9977981515056822,1
features_1:1902,features_1.npy,1902,train,1,1.5207092099392872,0.9993731682481126,1
features_1:1903,features_1.npy,1903,train,1,1.0187171588995836,0.9938607575873079,1
features_1:1904,features_1.npy,1904,train,1,1.1252014780835031,0.9954342769343016,1
features_1:1905,features_1.npy,1905,train,1,1.0743877980293424,0.9951927955830941,1
features_1:1907,features_1.npy,1907,train,1,1.0001965825207024,0.9527314301632528,1
features_1:1908,features_1.npy,1908,train,1,1.0132212466665134,0.9929739935482683,1
features_1:1910,features_1.npy,1910,train,1,1.5103007062507974,0.9994248930156939,1
features_1:1911,features_1.npy,1911,train,1,1.7465832063604598,0.9997861471195115,1
features_1:1912,features_1.npy,1912,train,1,1.7274630895478025,0.9997794773735569,1
features_1:1914,features_1.npy,1914,train,1,1.401132234267865,0.9987523515572931,1
features_1:1915,features_1.npy,1915,train,1,1.6869578904618396,0.9996319726989004,1
features_1:1917,features_1.npy,1917,train,1,2.311568375866531,0.9999846764139599,1
features_1:1919,features_1.npy,1919,train,1,1.219881302872208,0.9973132422398056,1
features_1:1920,features_1.npy,1920,train,1,1.3274578075313745,0.998292800537056,1
features_1:1921,features_1.npy,1921,train,1,0.9997853964970929,0.9917602055619748,1
features_1:1922,features_1.npy,1922,train,1,1.2871245580998207,0.9984356448202583,1
features_1:1923,features_1.npy,1923,train,1,1.0001430783950298,0.9876902292370578,1
features_1:1929,features_1.npy,1929,train,1,1.9822472988500697,0.9999126700987857,1
features_1:1930,features_1.npy,1930,train,1,0.9998551232982424,0.9224044916318741,1
features_1:1931,features_1.npy,1931,train,1,1.2466533394014252,0.9969601026359793,1
features_1:1932,features_1.npy,1932,train,1,2.2002222752768867,0.9999740605148814,1
features_1:1933,features_1.npy,1933,train,1,1.126817784696697,0.9953412954174932,1
features_1:1935,features_1.npy,1935,train,1,0.9998640213337634,0.9874626831009499,1
features_1:1936,features_1.npy,1936,train,1,1.0002755779797956,0.992139015733996,1
features_1:1937,features_1.npy,1937,train,1,1.0001823558211798,0.9885019554178062,1
features_1:1938,features_1.npy,1938,train,1,1.000210024970861,0.8709179084830365,1
features_1:1940,features_1.npy,1940,train,1,0.999804009810669,0.9915379991670126,1
features_1:1942,features_1.npy,1942,train,1,1.000305342081791,0.9834280349918035,1
features_1:1943,features_1.npy,1943,train,1,2.0786829335622072,0.9999628137287615,1
features_1:1944,features_1.npy,1944,train,1,1.745655400863878,0.9998096193223871,1
features_1:1945,features_1.npy,1945,train,1,1.0117089444345635,0.9913418176717421,1
features_1:1946,features_1.npy,1946,train,1,1.3060302792114988,0.9978645136141016,1
features_1:1948,features_1.npy,1948,train,1,1.2805310277298423,0.9974359947568574,1
features_1:1950,features_1.npy,1950,train,1,1.4434107990542226,0.9991368198792572,1
features_1:1952,features_1.npy,1952,train,1,0.9999089023115201,0.9916984360730275,1
features_1:1953,features_1.npy,1953,train,1,1.000025157376865,0.9913095104376495,1
features_1:1955,features_1.npy,1955,train,1,1.0002235657886431,0.9927113174178321,1
features_1:1957,features_1.npy,1957,train,1,1.8530797837008324,0.9998576464084051,1
features_1:1958,features_1.npy,1958,train,1,1.4763944515112926,0.9994045568996792,1
features_1:1959,features_1.npy,1959,train,1,1.999052359009323,0.9999424577901014,1
features_1:1962,features_1.npy,1962,train,1,1.703343900575405,0.9992985602318905,1
features_1:1964,features_1.npy,1964,train,1,0.9999056303051947,0.989635051123613,1
features_1:1966,features_1.npy,1966,train,1,0.9996677194454705,0.9903727234087132,1
features_1:1967,features_1.npy,1967,train,1,0.999685326918887,0.9773872746542072,1
features_1:1970,features_1.npy,1970,train,1,1.3301202974027353,0.9985792631874812,1
features_1:1971,features_1.npy,1971,train,1,1.4712686810260422,0.9991952340624402,1
features_1:1972,features_1.npy,1972,train,1,1.068338128725175,0.9951557270154442,1
features_1:1973,features_1.npy,1973,train,1,1.5340195062055042,0.9994351018840024,1
features_1:1975,features_1.npy,1975,train,1,1.1176340232546853,0.9956868876076715,1
features_1:1978,features_1.npy,1978,train,1,1.000260071218726,0.971183924574755,1
features_1:1979,features_1.npy,1979,train,1,1.1809780970835844,0.9962832944978832,1
features_1:1981,features_1.npy,1981,train,1,1.3830248386527781,0.9987100602399736,1
features_1:1983,features_1.npy,1983,train,1,1.4477048987889019,0.9988627246126365,1
features_1:1984,features_1.npy,1984,train,1,1.0000233344745373,0.85027676927245,1
features_1:1988,features_1.npy,1988,train,1,1.3651341821822796,0.9985034687079926,1
features_1:1991,features_1.npy,1991,train,1,1.130933110120367,0.9951653736344375,1
features_1:1992,features_1.npy,1992,train,1,1.3223958601720378,0.9984858133042405,1
features_1:1996,features_1.npy,1996,train,1,1.0493180931964292,0.9936397586645279,1
features_1:1997,features_1.npy,1997,train,1,0.9998125180752037,0.9509509096640748,1
features_1:1998,features_1.npy,1998,train,1,1.2524031721775775,0.997418129697266,1
features_1:2001,features_1.npy,2001,train,1,0.9998379525341133,0.9827102068737721,1
features_1:2002,features_1.npy,2002,train,1,0.9999543329655397,0.9852947548229827,1
features_1:2004,features_1.npy,2004,train,1,1.1948370795971615,0.9965288774178018,1
features_1:2005,features_1.npy,2005,train,1,2.052076410841836,0.9999570176592819,1
features_1:2007,features_1.npy,2007,train,1,0.9999568176864345,0.8743663474542565,1
features_1:2010,features_1.npy,2010,train,1,2.006844338613074,0.999929300128007,1
features_1:2011,features_1.npy,2011,train,1,1.000346726946063,0.9923945812296389,1
features_1:2012,features_1.npy,2012,train,1,1.381696047394193,0.9986687069179844,1
features_1:2015,features_1.npy,2015,train,1,0.9997379102515761,0.9911071814464065,1
features_1:2019,features_1.npy,2019,train,1,1.000225780549112,0.9935100231547004,1
features_1:2021,features_1.npy,2021,train,1,0.9998600082477553,0.9743329763860272,1
features_1:2022,features_1.npy,2022,train,1,1.5023237554055244,0.9990671595115608,1
features_1:2023,features_1.npy,2023,train,1,1.29254646031355,0.9969690977705788,1
features_1:2024,features_1.npy,2024,train,1,1.0488019678052831,0.9937321450693937,1
features_1:2027,features_1.npy,2027,train,1,1.1967436684398614,0.9961397454203269,1
features_1:2028,features_1.npy,2028,train,1,0.9995285145220677,0.9652559459986811,1
features_1:2029,features_1.npy,2029,train,1,0.9995449340345114,0.9928229752536508,1
features_1:2030,features_1.npy,2030,train,1,1.6461299760564048,0.999697530020061,1
features_1:2031,features_1.npy,2031,train,1,1.4379164176841168,0.9988392412489363,1
features_1:2034,features_1.npy,2034,train,1,1.0001904147416856,0.9811542861729599,1
features_1:2036,features_1.npy,2036,train,1,1.000262510737425,0.9916382330372031,1
features_1:2038,features_1.npy,2038,train,1,1.8726032128815226,0.9998757035813999,1
features_1:2039,features_1.npy,2039,train,1,1.815790559366516,0.9998489133264951,1
features_1:2042,features_1.npy,2042,train,1,1.0000375911652768,0.990643598962776,1
features_1:2044,features_1.npy,2044,train,1,1.0002015043975254,0.9919448239534603,1
features_1:2045,features_1.npy,2045,train,1,0.9995378865977682,0.985855917932246,1
features_1:2047,features_1.npy,2047,train,1,1.072167805520019,0.9936616123502219,1
features_1:2048,features_1.npy,2048,train,1,1.5150707512097297,0.9991427692425269,1
features_1:2049,features_1.npy,2049,train,1,1.72470469888137,0.9997994716061609,1
features_1:2050,features_1.npy,2050,train,1,0.9999610101638711,0.9907251369521584,1
features_1:2052,features_1.npy,2052,train,1,1.0000326103353825,0.861121689160471,1
features_1:2053,features_1.npy,2053,train,1,1.505855887272304,0.9993266685025887,1
features_1:2055,features_1.npy,2055,train,1,1.6650351492295405,0.9997267930870081,1
features_1:2059,features_1.npy,2059,train,1,0.9998109097977402,0.9912083662257924,1
features_1:2060,features_1.npy,2060,train,1,1.2139584142343258,0.9977137577596068,1
features_1:2062,features_1.npy,2062,train,1,0.9998214412193579,0.9378058810176553,1
features_1:2063,features_1.npy,2063,train,1,1.6447141397026994,0.9995923869435075,1
features_1:2064,features_1.npy,2064,train,1,1.028254394273182,0.9942752972834166,1
features_1:2065,features_1.npy,2065,train,1,0.9997476079164211,0.9713177864610719,1
features_1:2066,features_1.npy,2066,train,1,1.3868853725006653,0.9986972566091618,1
features_1:2067,features_1.npy,2067,train,1,1.1164286489090973,0.9952474571361416,1
features_1:2069,features_1.npy,2069,train,1,1.0000019520102996,0.9900278206947796,1
features_1:2072,features_1.npy,2072,train,1,1.0000342739656016,0.8938537910493407,1
features_1:2073,features_1.npy,2073,train,1,1.000216199036635,0.9877223555832245,1
features_1:2074,features_1.npy,2074,train,1,1.8587620651957866,0.9998948814228866,1
features_1:2075,features_1.npy,2075,train,1,1.02022054568696,0.9927127032846903,1
features_1:2076,features_1.npy,2076,train,1,1.1386352511748437,0.9951687851193732,1
features_1:2077,features_1.npy,2077,train,1,1.6233873768373748,0.9996373840647511,1
features_1:2078,features_1.npy,2078,train,1,1.3833897405074727,0.9984648116986344,1
features_1:2079,features_1.npy,2079,train,1,1.2474223526850414,0.9976796403119554,1
features_1:2080,features_1.npy,2080,train,1,1.0000633537286918,0.909002908047233,1
features_1:2082,features_1.npy,2082,train,1,1.5066257032855845,0.9992236528154276,1
features_1:2083,features_1.npy,2083,train,1,2.3990376616484466,0.9999930926257756,1
features_1:2084,features_1.npy,2084,train,1,0.9998266391415743,0.9918872782334235,1
features_1:2085,features_1.npy,2085,train,1,1.0777274837651238,0.9941628267138632,1
features_1:2086,features_1.npy,2086,train,1,1.0002112801856224,0.9894836437550587,1
features_1:2087,features_1.npy,2087,train,1,1.3266565157351395,0.997410055426872,1
features_1:2088,features_1.npy,2088,train,1,1.2492487921015774,0.9972216831399674,1
features_1:2089,features_1.npy,2089,train,1,1.4882168748064117,0.9993449829844531,1
features_1:2090,features_1.npy,2090,train,1,1.0023351388870234,0.9939845389575617,1
features_1:2091,features_1.npy,2091,train,1,1.6468188929193088,0.9996980667089097,1
features_1:2092,features_1.npy,2092,train,1,1.0000698269964328,0.9879113507632017,1
features_1:2093,features_1.npy,2093,train,1,1.0000922049406487,0.9849863506358943,1
features_1:2094,features_1.npy,2094,train,1,1.349037708163048,0.9982532581496848,1
features_1:2095,features_1.npy,2095,train,1,1.8545049656054315,0.9998667647505719,1
features_1:2097,features_1.npy,2097,train,1,0.9997614483165927,0.9926491177641527,1
features_1:2100,features_1.npy,2100,train,1,1.0000959286344948,0.9832760285510147,1
features_1:2101,features_1.npy,2101,train,1,2.0264939359310867,0.9999401095231469,1
features_1:2102,features_1.npy,2102,train,1,1.0519488879415735,0.9934594700910522,1
features_1:2103,features_1.npy,2103,train,1,1.1959547615932795,0.9957671079497061,1
features_1:2104,features_1.npy,2104,train,1,1.2262964567732928,0.997828935258287,1
features_1:2105,features_1.npy,2105,train,1,1.6201003490046038,0.999563020447491,1
features_1:2106,features_1.npy,2106,train,1,1.0003789764673894,0.983130380251815,1
features_1:2107,features_1.npy,2107,train,1,1.7599253324945423,0.999815601484006,1
features_1:2108,features_1.npy,2108,train,1,2.13536920833737,0.9999552050601321,1
features_1:2109,features_1.npy,2109,train,1,1.8394178013645828,0.9998055279088629,1
features_1:2110,features_1.npy,2110,train,1,2.278859664877378,0.9999837369262139,1
features_1:2111,features_1.npy,2111,train,1,0.9998259299865437,0.987341572431194,1
features_1:2112,features_1.npy,2112,train,1,1.461806858561856,0.9990073426349488,1
features_1:2114,features_1.npy,2114,train,1,1.0001036891249706,0.8945859412064717,1
features_1:2115,features_1.npy,2115,train,1,0.9999703293887249,0.9851559350285466,1
features_1:2117,features_1.npy,2117,train,1,1.0001831214906884,0.9907662431130803,1
features_1:2121,features_1.npy,2121,train,1,0.9998794344286669,0.9492740932135748,1
features_1:2123,features_1.npy,2123,train,1,1.3711331436057363,0.9986458620619754,1
features_1:2124,features_1.npy,2124,train,1,1.0000991790479432,0.9919525271911042,1
features_1:2125,features_1.npy,2125,train,1,1.5984474038192935,0.9995174188623711,1
features_1:2127,features_1.npy,2127,train,1,2.212670352288489,0.9998558013278043,1
features_1:2130,features_1.npy,2130,train,1,1.2887056974537077,0.9977199222419909,1
features_1:2131,features_1.npy,2131,train,1,1.584829019285997,0.9996285199797823,1
features_1:2133,features_1.npy,2133,train,1,1.7894339338281455,0.9998162418462575,1
features_1:2135,features_1.npy,2135,train,1,1.6758280453848986,0.9997014611911992,1
features_1:2136,features_1.npy,2136,train,1,1.106545631417397,0.994789950217888,1
features_1:2137,features_1.npy,2137,train,1,1.349454871749766,0.9982819566492717,1
features_1:2138,features_1.npy,2138,train,1,1.0002767459660584,0.9926130094707313,1
features_1:2141,features_1.npy,2141,train,1,1.6372136187093718,0.9997126984238041,1
features_1:2142,features_1.npy,2142,train,1,1.6679080037602894,0.9996360353356204,1
features_1:2143,features_1.npy,2143,train,1,1.7952534971194982,0.9997716614265129,1
features_1:2144,features_1.npy,2144,train,1,1.2383322231333074,0.996012770483023,1
features_1:2145,features_1.npy,2145,train,1,1.0003033396770877,0.9912409426702867,1
features_1:2148,features_1.npy,2148,train,1,1.0000546418413898,0.986994904219196,1
features_1:2149,features_1.npy,2149,train,1,1.3361975026968531,0.9983266701297128,1
features_1:2150,features_1.npy,2150,train,1,1.1276855891426791,0.9957534244025863,1
features_1:2152,features_1.npy,2152,train,1,1.102794147505043,0.9960833967646193,1
features_1:2154,features_1.npy,2154,train,1,1.6502223260136892,0.9997477191883488,1
features_1:2156,features_1.npy,2156,train,1,1.0001668027664552,0.9863273456159902,1
features_1:2157,features_1.npy,2157,train,1,1.348604088657697,0.9987152776275681,1
features_1:2158,features_1.npy,2158,train,1,1.0001112661839584,0.9895732998436501,1
features_1:2159,features_1.npy,2159,train,1,1.0146681568067015,0.994842179862695,1
features_1:2160,features_1.npy,2160,train,1,1.4124706061917516,0.9987744048543069,1
features_1:2161,features_1.npy,2161,train,1,0.999878455993612,0.9879154941197861,1
features_1:2162,features_1.npy,2162,train,1,0.999848093627973,0.994070866216249,1
features_1:2164,features_1.npy,2164,train,1,1.0003006621654436,0.9881739100485593,1
features_1:2166,features_1.npy,2166,train,1,0.999964896123833,0.9906540253016989,1
features_1:2167,features_1.npy,2167,train,1,1.8584618974272682,0.9998649373268396,1
features_1:2168,features_1.npy,2168,train,1,1.000084121492997,0.9762392732037858,1
features_1:2171,features_1.npy,2171,train,1,1.634238786860533,0.9996728737735469,1
features_1:2172,features_1.npy,2172,train,1,0.9997990986342054,0.9849934429077404,1
features_1:2173,features_1.npy,2173,train,1,1.1474873170782671,0.9948595729491931,1
features_1:2176,features_1.npy,2176,train,1,1.9864744967695265,0.9999270224358934,1
features_1:2177,features_1.npy,2177,train,1,1.1299177607266218,0.9956073720072025,1
features_1:2178,features_1.npy,2178,train,1,1.3152520552701137,0.9981366988186698,1
features_1:2179,features_1.npy,2179,train,1,1.6890957441967067,0.9997567873257317,1
features_1:2180,features_1.npy,2180,train,1,1.9938083774888085,0.9999162530216201,1
features_1:2181,features_1.npy,2181,train,1,1.8061178605561432,0.9998083310828004,1
features_1:2182,features_1.npy,2182,train,1,1.000167576900282,0.8266290276699895,1
features_1:2183,features_1.npy,2183,train,1,0.9997884351043396,0.9522981702331839,1
features_1:2184,features_1.npy,2184,train,1,0.9997651348984787,0.9622477349933517,1
features_1:2186,features_1.npy,2186,train,1,1.710064385482296,0.9997865638909621,1
features_1:2187,features_1.npy,2187,train,1,1.1886868837087088,0.9964774615096781,1
features_1:2188,features_1.npy,2188,train,1,1.990239248143193,0.9999392706352808,1
features_1:2189,features_1.npy,2189,train,1,1.7844596143538847,0.9998497614874531,1
features_1:2190,features_1.npy,2190,train,1,1.0001420733280402,0.9831262845128439,1
features_1:2191,features_1.npy,2191,train,1,1.221667779672284,0.9975984818490279,1
features_1:2192,features_1.npy,2192,train,1,1.0058541118990354,0.9928564418500538,1
features_1:2193,features_1.npy,2193,train,1,1.347895985956732,0.9987624639627473,1
features_1:2194,features_1.npy,2194,train,1,0.999608330609024,0.9153625859768573,1
features_1:2195,features_1.npy,2195,train,1,0.9999653530148404,0.9913924450873315,1
features_1:2196,features_1.npy,2196,train,1,1.0002553708269262,0.9811782131565557,1
features_1:2198,features_1.npy,2198,train,1,1.061727651496072,0.9937402099155899,1
features_1:2199,features_1.npy,2199,train,1,1.4580334043133587,0.9992911604337722,1
features_1:2200,features_1.npy,2200,train,1,0.9998344197349255,0.9837602780480372,1
features_1:2201,features_1.npy,2201,train,1,0.9995921005034413,0.9927444084608753,1
features_1:2203,features_1.npy,2203,train,1,2.1933914994023,0.9999704295945812,1
features_1:2205,features_1.npy,2205,train,1,1.0466863452104547,0.9943888473791889,1
features_1:2206,features_1.npy,2206,train,1,1.1808256828718007,0.9956389528914501,1
features_1:2207,features_1.npy,2207,train,1,1.5533302927060968,0.999262232527386,1
features_1:2209,features_1.npy,2209,train,1,0.9999136134598848,0.8760111852444691,1
features_1:2210,features_1.npy,2210,train,1,1.169212595812031,0.9952523849193531,1
features_1:2211,features_1.npy,2211,train,1,1.4775907478117507,0.9992242177015319,1
features_1:2213,features_1.npy,2213,train,1,0.9999116911991293,0.9913853901470858,1
features_1:2215,features_1.npy,2215,train,1,1.000119601761468,0.9895851505779015,1
features_1:2218,features_1.npy,2218,train,1,1.5591109173643263,0.9993909322498983,1
features_1:2220,features_1.npy,2220,train,1,1.0002337831561863,0.9505641029549468,1
features_1:2221,features_1.npy,2221,train,1,0.9998544633742558,0.9921639797985662,1
features_1:2222,features_1.npy,2222,train,1,1.0003080551582206,0.9870850564641402,1
features_1:2223,features_1.npy,2223,train,1,1.3776850997596004,0.9980819213434995,1
features_1:2224,features_1.npy,2224,train,1,1.2140955540472704,0.9963332851358555,1
features_1:2225,features_1.npy,2225,train,1,1.5225318860572943,0.9992826009997613,1
features_1:2226,features_1.npy,2226,train,1,1.0004277611986219,0.9448892530960424,1
features_1:2227,features_1.npy,2227,train,1,1.0002630283988165,0.9882656370798069,1
features_1:2228,features_1.npy,2228,train,1,1.1123231943140905,0.9948775595509586,1
features_1:2230,features_1.npy,2230,train,1,1.0000931248993405,0.852074072985485,1
features_1:2231,features_1.npy,2231,train,1,0.999564596934619,0.9923870207669274,1
features_1:2233,features_1.npy,2233,train,1,0.999934439479479,0.9877732656358693,1
features_1:2234,features_1.npy,2234,train,1,1.248271638445663,0.9976001304704925,1
features_1:2236,features_1.npy,2236,train,1,0.9999396031021796,0.9881205422996843,1
features_1:2237,features_1.npy,2237,train,1,1.0000176086533943,0.9016015226771705,1
features_1:2238,features_1.npy,2238,train,1,1.0002888070254767,0.9903016624068034,1
features_1:2239,features_1.npy,2239,train,1,1.0002859628799834,0.98546424894396,1
features_1:2243,features_1.npy,2243,train,1,0.9999551421146352,0.9921667473412686,1
features_1:2244,features_1.npy,2244,train,1,1.0669473128868274,0.9946914750096715,1
features_1:2245,features_1.npy,2245,train,1,1.761556168299671,0.9997420810152672,1
features_1:2249,features_1.npy,2249,train,1,0.9997333068797661,0.9853235462600173,1
features_1:2251,features_1.npy,2251,train,1,1.485515709855722,0.999128510972009,1
features_1:2254,features_1.npy,2254,train,1,1.0000812602065416,0.9925449826270507,1
features_1:2256,features_1.npy,2256,train,1,2.401502055457904,0.9999923001173727,1
features_1:2258,features_1.npy,2258,train,1,1.0000230112468849,0.9572512031328981,1
features_1:2259,features_1.npy,2259,train,1,1.4891282235495062,0.9991345429341013,1
features_1:2260,features_1.npy,2260,train,1,1.0001341622165687,0.9858669505497755,1
features_1:2261,features_1.npy,2261,train,1,1.5813116105522462,0.9996199368749654,1
features_1:2267,features_1.npy,2267,train,1,1.5709608203140217,0.9995254463340266,1
features_1:2270,features_1.npy,2270,train,1,1.0610782926066615,0.9949245154387188,1
features_1:2271,features_1.npy,2271,train,1,1.4282275557854347,0.9982890783285157,1
features_1:2273,features_1.npy,2273,train,1,0.9995916012798672,0.9895178745286582,1
features_1:2274,features_1.npy,2274,train,1,1.207481403413849,0.9961804747067002,1
features_1:2278,features_1.npy,2278,train,1,1.558410435216313,0.9992609899758929,1
features_1:2279,features_1.npy,2279,train,1,0.9998183414735891,0.9404466552718717,1
features_1:2280,features_1.npy,2280,train,1,1.6846344009065817,0.9997597633188965,1
features_1:2281,features_1.npy,2281,train,1,2.3274941693862203,0.999985955571576,1
features_1:2282,features_1.npy,2282,train,1,1.137256545717342,0.9959620117222107,1
features_1:2283,features_1.npy,2283,train,1,1.2982358617664358,0.9980864335536126,1
features_1:2284,features_1.npy,2284,train,1,1.1242906750495523,0.9955815564710013,1
features_1:2285,features_1.npy,2285,train,1,1.0001594352360705,0.9825273812591663,1
features_1:2286,features_1.npy,2286,train,1,0.9999470868313863,0.8522578308791633,1
features_1:2287,features_1.npy,2287,train,1,1.0000763575253164,0.9687140129952123,1
features_1:2288,features_1.npy,2288,train,1,1.1904068092876836,0.9966878135556623,1
features_1:2289,features_1.npy,2289,train,1,1.0002484850807516,0.9882741601613901,1
features_1:2291,features_1.npy,2291,train,1,1.0297425428027618,0.993214197989246,1
features_1:2293,features_1.npy,2293,train,1,1.2457100974700797,0.9974269151297518,1
features_1:2295,features_1.npy,2295,train,1,1.2021063471827562,0.9967125382737689,1
features_1:2296,features_1.npy,2296,train,1,1.0002829706967804,0.9692462536468517,1
features_1:2297,features_1.npy,2297,train,1,0.9997404399177048,0.9706522622178204,1
features_1:2298,features_1.npy,2298,train,1,1.486621399891791,0.9992471309710858,1
features_1:2299,features_1.npy,2299,train,1,0.9999224416172845,0.9567361827279051,1
features_1:2300,features_1.npy,2300,train,1,1.0000358483398217,0.9613783470095623,1
features_1:2303,features_1.npy,2303,train,1,1.0000092651264954,0.9917027467856228,1
features_1:2304,features_1.npy,2304,train,1,1.0225428247744355,0.9938010433951098,1
features_1:2305,features_1.npy,2305,train,1,1.0003613379110168,0.9647732478591395,1
features_1:2306,features_1.npy,2306,train,1,1.3032702757286996,0.9980094065036326,1
features_1:2309,features_1.npy,2309,train,1,1.4904788554766462,0.9989837206302206,1
features_1:2312,features_1.npy,2312,train,1,1.674595648453582,0.9997549200290239,1
features_1:2315,features_1.npy,2315,train,1,1.0003499843938195,0.9795218283822298,1
features_1:2316,features_1.npy,2316,train,1,1.0000367175807892,0.911735809439492,1
features_1:2317,features_1.npy,2317,train,1,1.000143576091167,0.9907439928103174,1
features_1:2318,features_1.npy,2318,train,1,2.2155927165723273,0.999972910856701,1
features_1:2320,features_1.npy,2320,train,1,1.7642647055286198,0.999832114999862,1
features_1:2321,features_1.npy,2321,train,1,1.3475763622049302,0.998472841755764,1
features_1:2323,features_1.npy,2323,train,1,1.4193298346777716,0.9989341942116458,1
features_1:2324,features_1.npy,2324,train,1,1.1218485651643877,0.9956109466457479,1
features_1:2325,features_1.npy,2325,train,1,1.7772508162239404,0.9997824600905243,1
features_1:2326,features_1.npy,2326,train,1,1.0000477536743004,0.9878644339084477,1
features_1:2328,features_1.npy,2328,train,1,1.0002754015959892,0.9856207784091466,1
features_1:2329,features_1.npy,2329,train,1,0.9998116007795526,0.990216462750524,1
features_1:2330,features_1.npy,2330,train,1,1.3676930967359144,0.9985025690425626,1
features_1:2331,features_1.npy,2331,train,1,1.5124230593728296,0.9991416385250516,1
features_1:2332,features_1.npy,2332,train,1,0.9999088430909795,0.9911829608257643,1
features_1:2334,features_1.npy,2334,train,1,1.6576699797715828,0.9996409203810451,1
features_1:2336,features_1.npy,2336,train,1,0.9997727289806744,0.990822706625852,1
features_1:2337,features_1.npy,2337,train,1,1.000177062633293,0.9722629542370749,1
features_1:2338,features_1.npy,2338,train,1,2.105678683561601,0.9999624965105539,1
features_1:2340,features_1.npy,2340,train,1,1.9551668059876295,0.9999420089945625,1
features_1:2341,features_1.npy,2341,train,1,1.0000437224639886,0.9824505899068857,1
features_1:2342,features_1.npy,2342,train,1,1.692520013046737,0.9996955594398745,1
features_1:2343,features_1.npy,2343,train,1,1.0001090682320521,0.9702327380401063,1
features_1:2344,features_1.npy,2344,train,1,1.6651112234394008,0.9997158809619691,1
features_1:2345,features_1.npy,2345,train,1,0.999585913423559,0.9776767611077049,1
features_1:2346,features_1.npy,2346,train,1,1.0000971490838126,0.8169609764929902,1
features_1:2347,features_1.npy,2347,train,1,1.0000930868209614,0.983912214499236,1
features_1:2348,features_1.npy,2348,train,1,1.0002064912145492,0.9846898447251341,1
features_1:2349,features_1.npy,2349,train,1,1.5416950470201738,0.9994713182685023,1
features_1:2354,features_1.npy,2354,train,1,1.2632963133166228,0.9977894731305004,1
features_1:2355,features_1.npy,2355,train,1,2.044255604087144,0.9999561018078481,1
features_1:2356,features_1.npy,2356,train,1,1.1743055819533827,0.996031590502365,1
features_1:2359,features_1.npy,2359,train,1,1.0001657274779714,0.9640561685348008,1
features_1:2363,features_1.npy,2363,train,1,1.8233440339669353,0.999838175160502,1
features_1:2366,features_1.npy,2366,train,1,0.9995888004929169,0.9407806944900173,1
features_1:2367,features_1.npy,2367,train,1,1.4755854617278983,0.9989490342896821,1
features_1:2368,features_1.npy,2368,train,1,2.023824211505885,0.9999494407260612,1
features_1:2371,features_1.npy,2371,train,1,1.0000099357897365,0.9924468483428985,1
features_1:2372,features_1.npy,2372,train,1,1.003386775826551,0.994461146509213,1
features_1:2374,features_1.npy,2374,train,1,1.1803050183524049,0.9952905594543349,1
features_1:2377,features_1.npy,2377,train,1,1.5625178772137027,0.9994363178762933,1
features_1:2379,features_1.npy,2379,train,1,0.9997569336826174,0.9929744985859934,1
features_1:2381,features_1.npy,2381,train,1,1.002094076826558,0.9934458076199636,1
features_0:13,features_0.npy,13,validation,0,-1.3187417777621635,0.0010667714247694147,0
features_0:14,features_0.npy,14,validation,0,0.1645642780106522,0.6893089455429778,1
features_0:16,features_0.npy,16,validation,0,-1.962261351357888,6.0950469035899696e-05,0
features_0:17,features_0.npy,17,validation,0,-1.1502333036703876,0.003118298454874861,0
features_0:20,features_0.npy,20,validation,0,-0.6029214848985166,0.041514264006924526,0
features_0:37,features_0.npy,37,validation,0,-1.5320750283036788,0.00039895408702165494,0
features_0:40,features_0.npy,40,validation,0,-1.8318754918984819,0.00012623903327598304,0
features_0:46,features_0.npy,46,validation,0,-1.0997019239028545,0.003568680242516592,0
features_0:50,features_0.npy,50,validation,0,-1.6507145823629834,0.00022183035716614167,0
features_0:53,features_0.npy,53,validation,0,-1.1956566502289152,0.0023295659909692845,0
features_0:95,features_0.npy,95,validation,0,-1.7095440956355055,0.00021035357639815995,0
features_0:98,features_0.npy,98,validation,0,-1.570283334002728,0.0003321204960401178,0
features_0:103,features_0.npy,103,validation,0,-1.7264495081416744,0.0001762977293905614,0
features_0:116,features_0.npy,116,validation,0,-0.7446353355581635,0.018138177470827497,0
features_0:119,features_0.npy,119,validation,0,-0.7460627883887334,0.021974093634876162,0
features_0:122,features_0.npy,122,validation,0,-2.180249296622999,1.6575685851394225e-05,0
features_0:130,features_0.npy,130,validation,0,-1.3765898836587969,0.001028563104786035,0
features_0:134,features_0.npy,134,validation,0,-1.2117057794684098,0.0021769071641553573,0
features_0:143,features_0.npy,143,validation,0,-1.2091627782987058,0.0022286859301478856,0
features_0:146,features_0.npy,146,validation,0,-1.5623763425484665,0.0003953253871176115,0
features_0:149,features_0.npy,149,validation,0,-1.6643377088256626,0.00021000089904545148,0
features_0:151,features_0.npy,151,validation,0,-1.147634222159027,0.003308637755643072,0
features_0:153,features_0.npy,153,validation,0,-0.6473933773908398,0.040897774262209544,0
features_0:154,features_0.npy,154,validation,0,-1.4832618180631583,0.0005855127752429493,0
features_0:157,features_0.npy,157,validation,0,-1.3034115802382802,0.0013118417250008272,0
features_0:160,features_0.npy,160,validation,0,-1.5349085448964592,0.00035895583204722154,0
features_0:180,features_0.npy,180,validation,0,-1.5474324252299059,0.00043074580044793597,0
features_0:186,features_0.npy,186,validation,0,-1.7515290101535115,0.00018254632790870535,0
features_0:187,features_0.npy,187,validation,0,-0.5824068001419764,0.03815182327793073,0
features_0:190,features_0.npy,190,validation,0,-1.392718179358893,0.0008793803716577217,0
features_0:201,features_0.npy,201,validation,0,-1.2462234012903346,0.002480673859198249,0
features_0:206,features_0.npy,206,validation,0,-1.5566683164152415,0.0003632603393919474,0
features_0:207,features_0.npy,207,validation,0,-1.428011145533007,0.0008832283061279917,0
features_0:217,features_0.npy,217,validation,0,-1.2329810208262706,0.001882037898495103,0
features_0:225,features_0.npy,225,validation,0,-2.009939581746547,5.0374147777591205e-05,0
features_0:230,features_0.npy,230,validation,0,-1.658486434178247,0.00020092763432895972,0
features_0:252,features_0.npy,252,validation,0,-1.1405410441957535,0.0026199837523148595,0
features_0:253,features_0.npy,253,validation,0,-1.498654869101646,0.0006312055687398425,0
features_0:257,features_0.npy,257,validation,0,-1.1257631345850836,0.004651722263644891,0
features_0:279,features_0.npy,279,validation,0,-1.2118870168679323,0.0016460101857753806,0
features_0:283,features_0.npy,283,validation,0,-0.8434971861029866,0.015615784964261022,0
features_0:293,features_0.npy,293,validation,0,-0.9464643437806405,0.007885895021383772,0
features_0:295,features_0.npy,295,validation,0,-0.9132582519123057,0.008885794684897459,0
features_0:301,features_0.npy,301,validation,0,-1.611087122267092,0.0003037537851648674,0
features_0:313,features_0.npy,313,validation,0,-1.1416440283657212,0.003892994270169616,0
features_0:320,features_0.npy,320,validation,0,-1.7566203352206857,0.00011539407351000813,0
features_0:335,features_0.npy,335,validation,0,-1.9592122092660238,4.953855347012246e-05,0
features_0:337,features_0.npy,337,validation,0,-0.9543383337696494,0.007254323700487769,0
features_0:340,features_0.npy,340,validation,0,-2.349696797827088,6.799142645106863e-06,0
features_0:343,features_0.npy,343,validation,0,-1.558516592277915,0.00038669526261865496,0
features_0:356,features_0.npy,356,validation,0,-1.6177386323415424,0.0002502533638332807,0
features_0:369,features_0.npy,369,validation,0,-1.1890537648977468,0.002684906879401317,0
features_0:385,features_0.npy,385,validation,0,-1.5052191072204275,0.0003264365527769959,0
features_0:392,features_0.npy,392,validation,0,-1.2755093305247025,0.001806779885938629,0
features_0:397,features_0.npy,397,validation,0,-0.8222836282290659,0.012454008081871332,0
features_0:401,features_0.npy,401,validation,0,-1.9186557591822613,7.886982315943845e-05,0
features_0:402,features_0.npy,402,validation,0,-1.8434928659041008,0.0001004823398568307,0
features_0:407,features_0.npy,407,validation,0,-2.2319296972137237,1.3275357589595193e-05,0
features_0:431,features_0.npy,431,validation,0,-1.5628686867196906,0.00036006236743712117,0
features_0:443,features_0.npy,443,validation,0,-1.5769067376511792,0.0004077888455924152,0
features_0:452,features_0.npy,452,validation,0,-0.7789963512371545,0.022648443550403095,0
features_0:455,features_0.npy,455,validation,0,-1.6912111121226971,0.00021741610307535598,0
features_0:469,features_0.npy,469,validation,0,-1.9052533869797155,7.75719940046717e-05,0
features_0:473,features_0.npy,473,validation,0,-1.9736052054588087,5.272646727452845e-05,0
features_0:487,features_0.npy,487,validation,0,-2.271478975948498,1.2588761168308662e-05,0
features_0:488,features_0.npy,488,validation,0,-0.3060785757163382,0.11300771090026807,0
features_0:489,features_0.npy,489,validation,0,-1.381080193944754,0.0009461196259031995,0
features_0:502,features_0.npy,502,validation,0,-0.7004807093075497,0.02898412485640419,0
features_0:510,features_0.npy,510,validation,0,-1.1145120816101186,0.004946885651141665,0
features_0:511,features_0.npy,511,validation,0,-1.5050548107806123,0.000540067405849631,0
features_0:512,features_0.npy,512,validation,0,-0.9985384092872855,0.008125315009784344,0
features_0:515,features_0.npy,515,validation,0,-0.3280017130129304,0.1462010638179456,0
features_0:517,features_0.npy,517,validation,0,-1.7719876665211327,0.00012843236817009236,0
features_0:520,features_0.npy,520,validation,0,-1.146233857642277,0.0029168284167697496,0
features_0:524,features_0.npy,524,validation,0,-0.37727341963975736,0.16374961627309212,0
features_0:540,features_0.npy,540,validation,0,-0.6564652070958662,0.03279595396737438,0
features_0:550,features_0.npy,550,validation,0,-0.014386555204274858,0.4138402074302,0
features_0:562,features_0.npy,562,validation,0,-1.6925397390281711,0.00019687543919072632,0
features_0:564,features_0.npy,564,validation,0,-1.869364340846857,9.307381446092064e-05,0
features_0:586,features_0.npy,586,validation,0,-1.2542704624177277,0.0019820162770107295,0
features_0:633,features_0.npy,633,validation,0,-1.8271762165858156,8.529399401792492e-05,0
features_0:641,features_0.npy,641,validation,0,-2.1842022242653227,1.811025914882849e-05,0
features_0:653,features_0.npy,653,validation,0,-0.009079590180551619,0.48791162635904256,0
features_0:656,features_0.npy,656,validation,0,-0.6623355810414311,0.04673684859246942,0
features_0:659,features_0.npy,659,validation,0,-0.08662624016440783,0.37463728721027717,0
features_0:663,features_0.npy,663,validation,0,-1.0984001739929854,0.005424054216055856,0
features_0:684,features_0.npy,684,validation,0,-0.010687341396764189,0.44546291385640435,0
features_0:685,features_0.npy,685,validation,0,-0.5646545357351926,0.08691056373775499,0
features_0:686,features_0.npy,686,validation,0,-0.633023048785653,0.04141326811086497,0
features_0:689,features_0.npy,689,validation,0,-0.9615392862599659,0.010960763721097087,0
features_0:690,features_0.npy,690,validation,0,-0.2063759581825036,0.2767472714861191,0
features_0:696,features_0.npy,696,validation,0,-0.9031598868703642,0.01143160426703046,0
features_0:698,features_0.npy,698,validation,0,-0.08290585217064513,0.3500436906407031,0
features_0:702,features_0.npy,702,validation,0,-0.5994296438804092,0.04754163589616515,0
features_0:725,features_0.npy,725,validation,0,-1.2987780180440605,0.001528680852721558,0
features_0:740,features_0.npy,740,validation,0,-0.3897148002734936,0.12626788854760457,0
features_0:748,features_0.npy,748,validation,0,-1.6486559020749456,0.0002239925881180504,0
features_0:749,features_0.npy,749,validation,0,-1.4216430669777516,0.0011798623892521876,0
features_0:763,features_0.npy,763,validation,0,-1.1766658033013917,0.002846621453032335,0
features_0:769,features_0.npy,769,validation,0,-0.9017503537514076,0.011227701849038919,0
features_0:773,features_0.npy,773,validation,0,-1.8432575809625196,0.00014835488559299554,0
features_0:776,features_0.npy,776,validation,0,-1.1999537944195924,0.002046303415006703,0
features_0:779,features_0.npy,779,validation,0,0.213719054946824,0.6764305895711955,1
features_0:790,features_0.npy,790,validation,0,-0.9626038015719477,0.010971340130192719,0
features_0:795,features_0.npy,795,validation,0,-0.33715434580558584,0.16746844219057067,0
features_0:801,features_0.npy,801,validation,0,-1.2808326995599093,0.0013730997433530027,0
features_0:804,features_0.npy,804,validation,0,-1.3306987085018893,0.002150601502781061,0
features_0:805,features_0.npy,805,validation,0,-1.1530995888618176,0.0041617230301175465,0
features_0:821,features_0.npy,821,validation,0,-0.8905535336410145,0.01066019766608617,0
features_0:822,features_0.npy,822,validation,0,-1.4319110588475752,0.0007107176252393632,0
features_0:827,features_0.npy,827,validation,0,-0.24645186872908142,0.1985954184939252,0
features_0:830,features_0.npy,830,validation,0,-0.20139163068837473,0.2620052896564166,0
features_0:831,features_0.npy,831,validation,0,-0.7284358277689305,0.019313668440192725,0
features_0:835,features_0.npy,835,validation,0,-0.15934840813326107,0.3435940389561245,0
features_0:837,features_0.npy,837,validation,0,-1.0093063875332358,0.006224482885196796,0
features_0:853,features_0.npy,853,validation,0,-0.8653172173306644,0.012388662469124345,0
features_0:854,features_0.npy,854,validation,0,-0.3328747483361955,0.1620362255424332,0
features_0:860,features_0.npy,860,validation,0,-0.4642924190250851,0.08256200879237964,0
features_0:866,features_0.npy,866,validation,0,-0.4986107687362867,0.08353574625936702,0
features_0:871,features_0.npy,871,validation,0,-0.9715698070068254,0.007956490395334007,0
features_0:877,features_0.npy,877,validation,0,-0.3833862524798316,0.11246588207168218,0
features_0:883,features_0.npy,883,validation,0,-1.0305707614597028,0.006922945697067669,0
features_0:891,features_0.npy,891,validation,0,-1.4265504987207516,0.0009047081502543648,0
features_0:896,features_0.npy,896,validation,0,-0.9815421775950038,0.007357446028178813,0
features_0:897,features_0.npy,897,validation,0,-0.0424978764116286,0.41226117090549347,0
features_0:913,features_0.npy,913,validation,0,-0.8657349618601431,0.01627718357591402,0
features_0:927,features_0.npy,927,validation,0,-1.170000328424077,0.0024827169255657823,0
features_0:951,features_0.npy,951,validation,0,-1.3528163215409341,0.0013280918885553666,0
features_0:954,features_0.npy,954,validation,0,-0.604095158231418,0.054501224809839585,0
features_0:955,features_0.npy,955,validation,0,-1.5827696158572344,0.0003257409534062878,0
features_0:960,features_0.npy,960,validation,0,-0.5780627512446623,0.06268485210744495,0
features_0:961,features_0.npy,961,validation,0,-1.5867599091289208,0.00032059762142081465,0
features_0:971,features_0.npy,971,validation,0,-1.816694342131826,8.759616815862733e-05,0
features_0:972,features_0.npy,972,validation,0,0.2228165560279068,0.749371888720694,1
features_0:975,features_0.npy,975,validation,0,-0.3354300702222905,0.16705166781908956,0
features_0:995,features_0.npy,995,validation,0,-1.4547870814066857,0.0006920257372492564,0
features_0:996,features_0.npy,996,validation,0,-1.1080207356087972,0.00489832494156788,0
features_0:1002,features_0.npy,1002,validation,0,-0.36935064342781443,0.15010759620586192,0
features_0:1011,features_0.npy,1011,validation,0,-1.0926472789177495,0.004222735931489819,0
features_0:1012,features_0.npy,1012,validation,0,-2.254170110469249,1.1553033471388307e-05,0
features_0:1014,features_0.npy,1014,validation,0,-0.012751369425933542,0.4331973200503681,0
features_0:1016,features_0.npy,1016,validation,0,-0.14511155850112376,0.3431833524295048,0
features_0:1017,features_0.npy,1017,validation,0,-2.074017829331741,2.9759256153612723e-05,0
features_0:1019,features_0.npy,1019,validation,0,-0.44954773651035196,0.10386456639445929,0
features_0:1025,features_0.npy,1025,validation,0,-1.2730596457117598,0.0019165917419338187,0
features_0:1028,features_0.npy,1028,validation,0,-0.8251221229929765,0.015724026768329676,0
features_0:1038,features_0.npy,1038,validation,0,-1.1614782590893569,0.0029951357181958087,0
features_0:1039,features_0.npy,1039,validation,0,-0.7937238845289349,0.024222297229952193,0
features_0:1051,features_0.npy,1051,validation,0,-0.19594999182581763,0.2524101002897784,0
features_0:1056,features_0.npy,1056,validation,0,-1.1825759393714863,0.0020114173435269917,0
features_0:1059,features_0.npy,1059,validation,0,-0.686573056230301,0.025173470906285106,0
features_0:1062,features_0.npy,1062,validation,0,-0.76199132549688,0.025676334994967114,0
features_0:1069,features_0.npy,1069,validation,0,-1.029295259382918,0.007139944924982734,0
features_0:1070,features_0.npy,1070,validation,0,-1.011321708336316,0.005649756219531762,0
features_0:1072,features_0.npy,1072,validation,0,-1.0413207906150694,0.005097460328536158,0
features_0:1077,features_0.npy,1077,validation,0,-1.2241169505321925,0.001968837621570958,0
features_0:1081,features_0.npy,1081,validation,0,0.6583891282402398,0.9386885019604794,1
features_0:1086,features_0.npy,1086,validation,0,-0.6574150561621926,0.03312576648288082,0
features_0:1095,features_0.npy,1095,validation,0,-0.2555637834114689,0.15986244093818372,0
features_0:1099,features_0.npy,1099,validation,0,-0.8303684163199778,0.016295627105682747,0
features_0:1109,features_0.npy,1109,validation,0,-0.6063778389827339,0.07125619679669667,0
features_0:1115,features_0.npy,1115,validation,0,-1.3311927066356897,0.001495433784123139,0
features_0:1119,features_0.npy,1119,validation,0,-1.151019166648318,0.002729822484899799,0
features_0:1122,features_0.npy,1122,validation,0,-1.074127073121512,0.006083532367675395,0
features_0:1123,features_0.npy,1123,validation,0,-0.9818164126858141,0.009148565823766039,0
features_0:1127,features_0.npy,1127,validation,0,0.24671322754205977,0.751271406962539,1
features_0:1129,features_0.npy,1129,validation,0,-2.1971887292146453,2.063212849715969e-05,0
features_0:1136,features_0.npy,1136,validation,0,0.8435746907033705,0.9817277282853109,1
features_0:1141,features_0.npy,1141,validation,0,-0.465929169448511,0.07733341998898938,0
features_0:1143,features_0.npy,1143,validation,0,-1.5136056700112235,0.00043449918776227386,0
features_0:1152,features_0.npy,1152,validation,0,-1.2896557305853336,0.0011724783689454942,0
features_0:1153,features_0.npy,1153,validation,0,-0.48616864762883794,0.08250248117606582,0
features_0:1166,features_0.npy,1166,validation,0,-1.2924456982885257,0.0017256295324859232,0
features_0:1183,features_0.npy,1183,validation,0,-1.0107325563182206,0.005703781537135672,0
features_0:1184,features_0.npy,1184,validation,0,0.07242567666453148,0.5647720268660715,0
features_0:1186,features_0.npy,1186,validation,0,0.5168675633844785,0.9201006350053398,1
features_0:1194,features_0.npy,1194,validation,0,-1.2047329491911118,0.002198958926794533,0
features_0:1195,features_0.npy,1195,validation,0,-0.3199767989571624,0.1368339739984123,0
features_0:1207,features_0.npy,1207,validation,0,-1.3882646542508115,0.0010994557344454084,0
features_0:1215,features_0.npy,1215,validation,0,-0.7136616500852992,0.04033976090045464,0
features_0:1216,features_0.npy,1216,validation,0,-1.1429207080283597,0.002509960803038286,0
features_0:1218,features_0.npy,1218,validation,0,-0.4231415431150926,0.11329957716116476,0
features_0:1219,features_0.npy,1219,validation,0,-0.1972151414792609,0.24624829622178077,0
features_0:1241,features_0.npy,1241,validation,0,-1.2570599626512282,0.002165426644228312,0
features_0:1257,features_0.npy,1257,validation,0,-0.848102646000723,0.015327180241349474,0
features_0:1264,features_0.npy,1264,validation,0,-2.1251371775054153,2.175426824434849e-05,0
features_0:1266,features_0.npy,1266,validation,0,-1.262013710716803,0.0021540609158615504,0
features_0:1279,features_0.npy,1279,validation,0,-1.5558565294699693,0.0003436086490433737,0
features_0:1283,features_0.npy,1283,validation,0,-0.71385151290157,0.025878417635003904,0
features_0:1291,features_0.npy,1291,validation,0,-0.7052083355855762,0.03289265301706573,0
features_0:1294,features_0.npy,1294,validation,0,0.29561614707770845,0.7843250566225908,1
features_0:1300,features_0.npy,1300,validation,0,-0.655317967948301,0.035600934458343794,0
features_0:1306,features_0.npy,1306,validation,0,-0.9343576442951667,0.011746811560042734,0
features_0:1327,features_0.npy,1327,validation,0,-0.39909843442837795,0.11606787156362999,0
features_0:1332,features_0.npy,1332,validation,0,-0.9081755893335716,0.011809117189111592,0
features_0:1337,features_0.npy,1337,validation,0,-0.3792463699590339,0.10245109790716915,0
features_0:1356,features_0.npy,1356,validation,0,-1.8175851367304439,9.044087302676147e-05,0
features_0:1367,features_0.npy,1367,validation,0,-0.15281168928653377,0.31426032123963454,0
features_0:1371,features_0.npy,1371,validation,0,-0.504838631907716,0.07482960728151569,0
features_0:1377,features_0.npy,1377,validation,0,-1.012903948845114,0.005433054805078044,0
features_0:1378,features_0.npy,1378,validation,0,-2.358180213319024,8.070964368554074e-06,0
features_0:1394,features_0.npy,1394,validation,0,-0.956313604137716,0.008116112980878094,0
features_0:1402,features_0.npy,1402,validation,0,-0.6866210745981481,0.02851807552008978,0
features_0:1408,features_0.npy,1408,validation,0,-0.932968401467924,0.00783563527280997,0
features_0:1410,features_0.npy,1410,validation,0,-1.4431116562951338,0.0006804000586350899,0
features_0:1411,features_0.npy,1411,validation,0,-1.167115820056512,0.0027809053885519985,0
features_0:1412,features_0.npy,1412,validation,0,-1.199951584924519,0.002800467259493833,0
features_0:1413,features_0.npy,1413,validation,0,-0.35739745814837864,0.15164907330487512,0
features_0:1416,features_0.npy,1416,validation,0,-0.9565023220510414,0.009101889845369913,0
features_0:1420,features_0.npy,1420,validation,0,-0.8936110414927898,0.010050382221737432,0
features_0:1425,features_0.npy,1425,validation,0,-1.2382812653122406,0.002472778696470714,0
features_0:1426,features_0.npy,1426,validation,0,-0.9339149419924195,0.012470999965951001,0
features_0:1427,features_0.npy,1427,validation,0,-0.6989782832848798,0.030693924666367063,0
features_0:1430,features_0.npy,1430,validation,0,-1.5645906866817902,0.00043365172374511263,0
features_0:1434,features_0.npy,1434,validation,0,-1.1767394548248382,0.0023896991931227967,0
features_0:1437,features_0.npy,1437,validation,0,-0.5148376310796418,0.0609329266353862,0
features_0:1445,features_0.npy,1445,validation,0,-0.7522791374928358,0.022693619480308225,0
features_0:1447,features_0.npy,1447,validation,0,-0.5063234977499469,0.06932589673922437,0
features_0:1460,features_0.npy,1460,validation,0,-0.6879993150626096,0.049808529580614144,0
features_0:1468,features_0.npy,1468,validation,0,-1.2041695617083572,0.0027021487073585156,0
features_0:1478,features_0.npy,1478,validation,0,-0.8602802730460419,0.013083936897894827,0
features_0:1480,features_0.npy,1480,validation,0,-0.23173254423067122,0.26339083108684325,0
features_0:1482,features_0.npy,1482,validation,0,-0.8378426302579303,0.013415960485131611,0
features_0:1484,features_0.npy,1484,validation,0,-0.0828792066358193,0.3584058547207937,0
features_0:1494,features_0.npy,1494,validation,0,-1.389172837635033,0.0014377976354188467,0
features_0:1499,features_0.npy,1499,validation,0,-0.9550176830827881,0.007709279879910352,0
features_0:1502,features_0.npy,1502,validation,0,-1.3469535847560292,0.0010555951034595299,0
features_0:1503,features_0.npy,1503,validation,0,-0.5377305552404985,0.09420488607701226,0
features_0:1512,features_0.npy,1512,validation,0,-1.290337201568585,0.0019590178454878997,0
features_0:1515,features_0.npy,1515,validation,0,-0.7408002010969253,0.0254092387244517,0
features_0:1522,features_0.npy,1522,validation,0,-1.422993435498201,0.0008060632646400958,0
features_0:1523,features_0.npy,1523,validation,0,-1.1603760407070076,0.003170596942669493,0
features_0:1527,features_0.npy,1527,validation,0,-1.1803233309754375,0.003278027149552532,0
features_0:1546,features_0.npy,1546,validation,0,0.2981440776528138,0.7855072805914738,1
features_0:1548,features_0.npy,1548,validation,0,-0.9174950139632606,0.008448932468239424,0
features_0:1550,features_0.npy,1550,validation,0,-2.139061774905395,3.0374551356959604e-05,0
features_0:1552,features_0.npy,1552,validation,0,-1.7300357777773945,0.00015554629520582057,0
features_0:1556,features_0.npy,1556,validation,0,-1.6423929366281982,0.00022287020324959894,0
features_0:1561,features_0.npy,1561,validation,0,-0.6485490319827564,0.03964619679210819,0
features_0:1566,features_0.npy,1566,validation,0,-0.811879593304233,0.016897764398495267,0
features_0:1576,features_0.npy,1576,validation,0,-1.0247498961857908,0.004534363467545594,0
features_0:1589,features_0.npy,1589,validation,0,-0.8320605600821711,0.018640185698817202,0
features_0:1607,features_0.npy,1607,validation,0,-1.3781638879524978,0.0008159713980007644,0
features_0:1608,features_0.npy,1608,validation,0,-0.5765708367226912,0.05665182356234731,0
features_0:1610,features_0.npy,1610,validation,0,-1.5735929153252335,0.0005130318949151768,0
features_0:1613,features_0.npy,1613,validation,0,0.0106329509118405,0.4382309848647421,0
features_0:1627,features_0.npy,1627,validation,0,-0.29780461071965875,0.13720882164283743,0
features_0:1646,features_0.npy,1646,validation,0,0.045868933931692966,0.5365012042468171,0
features_1:1,features_1.npy,1,validation,1,1.4811899561836024,0.9992880699725714,1
features_1:9,features_1.npy,9,validation,1,0.49033760432362206,0.8957212628705076,1
features_1:20,features_1.npy,20,validation,1,2.123116200246476,0.9999749284043261,1
features_1:27,features_1.npy,27,validation,1,1.3119528681054666,0.9984632168952542,1
features_1:28,features_1.npy,28,validation,1,1.4771533916421493,0.9993788036879018,1
features_1:41,features_1.npy,41,validation,1,1.381376692336989,0.9987602958494131,1
features_1:50,features_1.npy,50,validation,1,0.7494262963706301,0.9657113672463126,1
features_1:54,features_1.npy,54,validation,1,1.2001086916275292,0.994769750636098,1
features_1:57,features_1.npy,57,validation,1,0.9932010757279671,0.9891585512507979,1
features_1:66,features_1.npy,66,validation,1,1.543157835792035,0.999446346021101,1
features_1:71,features_1.npy,71,validation,1,0.8522564739548166,0.9833210879397114,1
features_1:83,features_1.npy,83,validation,1,0.8576621255072993,0.9821658006449573,1
features_1:85,features_1.npy,85,validation,1,1.5354380204528113,0.9994789055875529,1
features_1:89,features_1.npy,89,validation,1,0.7016020558459486,0.9759513004687911,1
features_1:94,features_1.npy,94,validation,1,1.0439963366355123,0.991374399217424,1
features_1:101,features_1.npy,101,validation,1,1.4707084729876059,0.999073035443072,1
features_1:105,features_1.npy,105,validation,1,0.8668313107852604,0.983370867309177,1
features_1:110,features_1.npy,110,validation,1,0.8506252030119179,0.9832721292445182,1
features_1:113,features_1.npy,113,validation,1,1.7262850014263689,0.9997365115048863,1
features_1:115,features_1.npy,115,validation,1,1.6393617609961284,0.999648883462196,1
features_1:116,features_1.npy,116,validation,1,1.4585451589534981,0.999082414762307,1
features_1:125,features_1.npy,125,validation,1,1.1050604399675183,0.9958547501257223,1
features_1:127,features_1.npy,127,validation,1,0.9717738919115664,0.9894466798246558,1
features_1:129,features_1.npy,129,validation,1,1.4788470970437448,0.999013699941542,1
features_1:140,features_1.npy,140,validation,1,2.12186874998439,0.9999587976384998,1
features_1:145,features_1.npy,145,validation,1,1.1001316674488846,0.9943016122300247,1
features_1:163,features_1.npy,163,validation,1,1.5543596454250506,0.999422702500682,1
features_1:197,features_1.npy,197,validation,1,0.20420522224118423,0.729537312746877,1
features_1:213,features_1.npy,213,validation,1,0.7650960275953793,0.9761984111653458,1
features_1:236,features_1.npy,236,validation,1,1.256330616062393,0.9973190792472268,1
features_1:241,features_1.npy,241,validation,1,1.5759395410152643,0.9994189332693569,1
features_1:243,features_1.npy,243,validation,1,1.7824861075574108,0.999773494139049,1
features_1:250,features_1.npy,250,validation,1,2.093593833944613,0.9999616413232552,1
features_1:260,features_1.npy,260,validation,1,1.4796840410280112,0.9993801391425936,1
features_1:265,features_1.npy,265,validation,1,1.1447905740353528,0.994685577835719,1
features_1:273,features_1.npy,273,validation,1,0.970191845508503,0.9897541903525446,1
features_1:275,features_1.npy,275,validation,1,0.6486114674229032,0.9529288368316642,1
features_1:286,features_1.npy,286,validation,1,0.5274311240855496,0.9162027721044474,1
features_1:290,features_1.npy,290,validation,1,0.3172883622888945,0.8165741596381121,1
features_1:297,features_1.npy,297,validation,1,1.7070926847148002,0.9997374578606111,1
features_1:300,features_1.npy,300,validation,1,1.3075975715546695,0.9971015518055729,1
features_1:301,features_1.npy,301,validation,1,2.2554408306295834,0.9999824437839587,1
features_1:302,features_1.npy,302,validation,1,1.7800999500243815,0.9997615765732284,1
features_1:303,features_1.npy,303,validation,1,2.2356646126957997,0.9999796406821719,1
features_1:304,features_1.npy,304,validation,1,1.378351729876102,0.9986632647992122,1
features_1:307,features_1.npy,307,validation,1,1.2823079354934914,0.9982125076904278,1
features_1:310,features_1.npy,310,validation,1,2.0776495822253236,0.9999546584446524,1
features_1:323,features_1.npy,323,validation,1,1.5100274248535825,0.9993167747276104,1
features_1:335,features_1.npy,335,validation,1,0.5624766111054456,0.9154944687053073,1
features_1:337,features_1.npy,337,validation,1,1.434066213213205,0.9991101230031727,1
features_1:344,features_1.npy,344,validation,1,1.8250496911192613,0.9998161399201946,1
features_1:347,features_1.npy,347,validation,1,0.8061811331504246,0.9753837434956649,1
features_1:349,features_1.npy,349,validation,1,1.0835365892852153,0.9949545850934831,1
features_1:353,features_1.npy,353,validation,1,1.1702625141909737,0.9969179970108819,1
features_1:363,features_1.npy,363,validation,1,0.9684231669692541,0.9863422791833558,1
features_1:374,features_1.npy,374,validation,1,1.158567524961376,0.9960634933634154,1
features_1:377,features_1.npy,377,validation,1,2.1054404942187004,0.9999496621439361,1
features_1:403,features_1.npy,403,validation,1,1.1914516648578253,0.9957322162513822,1
features_1:405,features_1.npy,405,validation,1,1.68390712654355,0.9996374979597032,1
features_1:426,features_1.npy,426,validation,1,0.9827444205667157,0.9914553442687429,1
features_1:427,features_1.npy,427,validation,1,2.089977975854283,0.9999741415266021,1
features_1:440,features_1.npy,440,validation,1,1.3490764155770871,0.9984195310241282,1
features_1:448,features_1.npy,448,validation,1,1.735941377745344,0.9997508423578626,1
features_1:453,features_1.npy,453,validation,1,1.83584105853814,0.999845102397791,1
features_1:455,features_1.npy,455,validation,1,0.9608109391390304,0.9892584867517471,1
features_1:458,features_1.npy,458,validation,1,1.13242439044177,0.9947684847830999,1
features_1:473,features_1.npy,473,validation,1,1.958433307745064,0.9999454441058688,1
features_1:477,features_1.npy,477,validation,1,1.7203151424063463,0.9997060020124551,1
features_1:481,features_1.npy,481,validation,1,0.8631194684829501,0.9825084960315678,1
features_1:488,features_1.npy,488,validation,1,0.17539246223144397,0.5787920647599545,1
features_1:493,features_1.npy,493,validation,1,1.8664577663391047,0.9998043382258812,1
features_1:497,features_1.npy,497,validation,1,1.279965830903725,0.9968077343419864,1
features_1:508,features_1.npy,508,validation,1,1.6077939960439873,0.9995297670926491,1
features_1:514,features_1.npy,514,validation,1,0.58406955086696,0.941232483744658,1
features_1:516,features_1.npy,516,validation,1,1.9420450562042841,0.9999033150401246,1
features_1:519,features_1.npy,519,validation,1,1.0412958067273046,0.9901208798839622,1
features_1:526,features_1.npy,526,validation,1,1.8789060993158229,0.9998976093793243,1
features_1:529,features_1.npy,529,validation,1,1.6011826455627087,0.999642969466594,1
features_1:548,features_1.npy,548,validation,1,0.5284737942821477,0.8956781073442095,1
features_1:552,features_1.npy,552,validation,1,1.8073239538729935,0.9998970456831364,1
features_1:558,features_1.npy,558,validation,1,1.0965832253545849,0.9936493600484797,1
features_1:569,features_1.npy,569,validation,1,0.9566526659029659,0.9881214626576389,1
features_1:574,features_1.npy,574,validation,1,1.119800263488544,0.9948454809976071,1
features_1:575,features_1.npy,575,validation,1,1.3649577048463601,0.9983339641095437,1
features_1:580,features_1.npy,580,validation,1,0.8652694821152173,0.9810805930578805,1
features_1:583,features_1.npy,583,validation,1,1.5212460454938161,0.9993420301097411,1
features_1:589,features_1.npy,589,validation,1,1.0626755569014685,0.9934113126549071,1
features_1:606,features_1.npy,606,validation,1,1.413574231763197,0.9987424824146652,1
features_1:607,features_1.npy,607,validation,1,1.684066921399734,0.9997499859213723,1
features_1:619,features_1.npy,619,validation,1,0.7785186470049232,0.9775392383302908,1
features_1:628,features_1.npy,628,validation,1,0.9114218383474598,0.9832412990563979,1
features_1:632,features_1.npy,632,validation,1,1.3798867670565655,0.9985399012840912,1
features_1:636,features_1.npy,636,validation,1,0.47622252139391286,0.8909874525220068,1
features_1:647,features_1.npy,647,validation,1,1.4388026881198308,0.9989727805675853,1
features_1:656,features_1.npy,656,validation,1,1.6351509454251965,0.9997465843654985,1
features_1:661,features_1.npy,661,validation,1,1.0910725131908001,0.9931761229799596,1
features_1:663,features_1.npy,663,validation,1,1.2658322519065932,0.997389725420779,1
features_1:664,features_1.npy,664,validation,1,0.8543057831259471,0.9775485611709247,1
features_1:669,features_1.npy,669,validation,1,1.2501743788283457,0.9968142380808317,1
features_1:677,features_1.npy,677,validation,1,1.6859531798311034,0.9996989785519022,1
features_1:681,features_1.npy,681,validation,1,0.972360890922806,0.9910014666626024,1
features_1:684,features_1.npy,684,validation,1,0.7810348445199391,0.9752662863879783,1
features_1:687,features_1.npy,687,validation,1,1.526578285394578,0.9991889566225225,1
features_1:694,features_1.npy,694,validation,1,1.2419638069300822,0.9977713462928763,1
features_1:703,features_1.npy,703,validation,1,0.8182244635305663,0.9788802112319474,1
features_1:713,features_1.npy,713,validation,1,1.8277811342993424,0.9998835705870042,1
features_1:719,features_1.npy,719,validation,1,0.6594303582015572,0.9522054898668457,1
features_1:725,features_1.npy,725,validation,1,1.1906044057790766,0.9968397309088214,1
features_1:726,features_1.npy,726,validation,1,0.8040374156811116,0.9700251199317537,1
features_1:735,features_1.npy,735,validation,1,0.9540707605687884,0.9902765743773573,1
features_1:737,features_1.npy,737,validation,1,0.6012237637125025,0.9374004156367967,1
features_1:748,features_1.npy,748,validation,1,1.334476669027912,0.9982609109662544,1
features_1:750,features_1.npy,750,validation,1,0.12822839804209296,0.5993096047738479,1
features_1:754,features_1.npy,754,validation,1,0.9111636792199632,0.9856837339104372,1
features_1:760,features_1.npy,760,validation,1,0.7755556533853792,0.9708649928698815,1
features_1:769,features_1.npy,769,validation,1,0.7964000379215637,0.9755768662801978,1
features_1:775,features_1.npy,775,validation,1,1.4723451267075327,0.99903848528913,1
features_1:778,features_1.npy,778,validation,1,0.6183673775294344,0.9589090546044728,1
features_1:782,features_1.npy,782,validation,1,0.7716426711403124,0.9723379065958075,1
features_1:783,features_1.npy,783,validation,1,2.2813259082178723,0.9999834953992239,1
features_1:786,features_1.npy,786,validation,1,1.1456284841286106,0.9958553970183519,1
features_1:788,features_1.npy,788,validation,1,1.2396888570816742,0.9968406497843665,1
features_1:791,features_1.npy,791,validation,1,1.6311157119211683,0.9996021302398079,1
features_1:792,features_1.npy,792,validation,1,1.3738263738708192,0.9983570888987391,1
features_1:793,features_1.npy,793,validation,1,1.2671674512431879,0.9976134101827775,1
features_1:804,features_1.npy,804,validation,1,0.9564072796099965,0.9876668510372507,1
features_1:808,features_1.npy,808,validation,1,0.4116798082874738,0.8753897010397008,1
features_1:813,features_1.npy,813,validation,1,0.921612662332721,0.987395772901184,1
features_1:821,features_1.npy,821,validation,1,0.9348351075404988,0.9898117197012726,1
features_1:834,features_1.npy,834,validation,1,1.8624678048301935,0.999897430336115,1
features_1:837,features_1.npy,837,validation,1,0.8964871318116705,0.9863284886700073,1
features_1:845,features_1.npy,845,validation,1,1.3420715227457802,0.9980039591705049,1
features_1:861,features_1.npy,861,validation,1,0.8585582358981484,0.9898358001044099,1
features_1:868,features_1.npy,868,validation,1,0.7989984993895671,0.967961705369348,1
features_1:886,features_1.npy,886,validation,1,0.5242644847078004,0.9075474043726153,1
features_1:891,features_1.npy,891,validation,1,1.64366755324245,0.9996598492457895,1
features_1:898,features_1.npy,898,validation,1,1.563867800478937,0.9995408688351857,1
features_1:901,features_1.npy,901,validation,1,1.2957860492688158,0.9982214319067488,1
features_1:902,features_1.npy,902,validation,1,0.8022282316418977,0.9813622078382658,1
features_1:906,features_1.npy,906,validation,1,1.1036264185946234,0.9959527143434042,1
features_1:908,features_1.npy,908,validation,1,1.7840712825952736,0.9997882514911272,1
features_1:911,features_1.npy,911,validation,1,0.5639847323902968,0.9263302578132929,1
features_1:920,features_1.npy,920,validation,1,0.9988833723092987,0.9931157184412032,1
features_1:939,features_1.npy,939,validation,1,2.2581610287860756,0.9999832240257627,1
features_1:947,features_1.npy,947,validation,1,1.5435546319534936,0.9993515826228323,1
features_1:955,features_1.npy,955,validation,1,0.20863188274450833,0.7245510642269568,1
features_1:959,features_1.npy,959,validation,1,1.34228437346616,0.9989670319910099,1
features_1:961,features_1.npy,961,validation,1,0.2748150507473859,0.7609825723931231,1
features_1:963,features_1.npy,963,validation,1,1.591866104454141,0.9994933923083913,1
features_1:970,features_1.npy,970,validation,1,1.1299538688509487,0.995492358248668,1
features_1:973,features_1.npy,973,validation,1,2.160010743149991,0.9999792806621445,1
features_1:979,features_1.npy,979,validation,1,0.9532297934048445,0.9864926517878245,1
features_1:984,features_1.npy,984,validation,1,0.46998069830917855,0.8938803374783552,1
features_1:986,features_1.npy,986,validation,1,1.3128287757028692,0.9983142941496016,1
features_1:992,features_1.npy,992,validation,1,1.8900343969368998,0.9998824531964953,1
features_1:1007,features_1.npy,1007,validation,1,1.300994525450742,0.9979683431537136,1
features_1:1008,features_1.npy,1008,validation,1,1.170862854929776,0.9959734150075092,1
features_1:1012,features_1.npy,1012,validation,1,0.9973427858337197,0.9876188081067377,1
features_1:1026,features_1.npy,1026,validation,1,1.167279801403337,0.9954578166927952,1
features_1:1030,features_1.npy,1030,validation,1,0.6310841241112527,0.9501696868669922,1
features_1:1035,features_1.npy,1035,validation,1,1.146219639506065,0.9953013219199492,1
features_1:1043,features_1.npy,1043,validation,1,0.9734426283281374,0.9905348462426845,1
features_1:1048,features_1.npy,1048,validation,1,0.5895425780953806,0.9422265620122341,1
features_1:1049,features_1.npy,1049,validation,1,1.8441556353008486,0.9998776338277302,1
features_1:1058,features_1.npy,1058,validation,1,1.1723809396071558,0.9963527534073984,1
features_1:1090,features_1.npy,1090,validation,1,1.295211987947024,0.998274299002366,1
features_1:1092,features_1.npy,1092,validation,1,1.5327571501599482,0.9993927918376386,1
features_1:1100,features_1.npy,1100,validation,1,0.4450729122579125,0.8700308421644772,1
features_1:1102,features_1.npy,1102,validation,1,0.9886511356067236,0.9917076692549713,1
features_1:1112,features_1.npy,1112,validation,1,1.0489479948239964,0.9938136303656542,1
features_1:1124,features_1.npy,1124,validation,1,0.7445976910961414,0.967435525879601,1
features_1:1125,features_1.npy,1125,validation,1,0.3012590710009583,0.796898839730728,1
features_1:1131,features_1.npy,1131,validation,1,1.459808820177216,0.9989284131847311,1
features_1:1153,features_1.npy,1153,validation,1,1.2866066098394553,0.9975514643957452,1
features_1:1156,features_1.npy,1156,validation,1,0.7708756082297341,0.9679707881282313,1
features_1:1167,features_1.npy,1167,validation,1,1.56003379914252,0.9994769377169812,1
features_1:1179,features_1.npy,1179,validation,1,1.2172457840449724,0.9969960778435526,1
features_1:1181,features_1.npy,1181,validation,1,0.6333761208152667,0.9410047695867265,1
features_1:1183,features_1.npy,1183,validation,1,0.9652125760996183,0.9916058005642487,1
features_1:1196,features_1.npy,1196,validation,1,0.7355590350587276,0.9703714097662873,1
features_1:1203,features_1.npy,1203,validation,1,0.849621907786498,0.9814194363935582,1
features_1:1208,features_1.npy,1208,validation,1,1.3661423278464901,0.9983573029318112,1
features_1:1229,features_1.npy,1229,validation,1,0.9183666695341525,0.9863127663878266,1
features_1:1230,features_1.npy,1230,validation,1,0.9190646270442612,0.9883005475418756,1
features_1:1239,features_1.npy,1239,validation,1,0.5428396106823881,0.9058288830134933,1
features_1:1252,features_1.npy,1252,validation,1,0.8599814032550346,0.9801261741940583,1
features_1:1262,features_1.npy,1262,validation,1,1.8025018203102916,0.9998541998434499,1
features_1:1264,features_1.npy,1264,validation,1,1.6487587837570636,0.9997089250941968,1
features_1:1266,features_1.npy,1266,validation,1,1.5082599525633884,0.999321036351202,1
features_1:1271,features_1.npy,1271,validation,1,0.4806141470226694,0.9007285890590533,1
features_1:1274,features_1.npy,1274,validation,1,1.1783027034070366,0.9968270127885898,1
features_1:1280,features_1.npy,1280,validation,1,1.8236160705077853,0.9998615222157952,1
features_1:1282,features_1.npy,1282,validation,1,0.3423515604954178,0.771713280603816,1
features_1:1300,features_1.npy,1300,validation,1,0.8928871211237265,0.9867836604159506,1
features_1:1307,features_1.npy,1307,validation,1,-0.0845306048318014,0.370227743418326,0
features_1:1310,features_1.npy,1310,validation,1,1.8791576706283248,0.9998695976480034,1
features_1:1324,features_1.npy,1324,validation,1,0.30374221974003546,0.7768179130879824,1
features_1:1326,features_1.npy,1326,validation,1,1.7448732986001692,0.9998152310995223,1
features_1:1327,features_1.npy,1327,validation,1,0.3302153916757983,0.7975271085121278,1
features_1:1328,features_1.npy,1328,validation,1,1.633501623343352,0.9996629201493255,1
features_1:1339,features_1.npy,1339,validation,1,1.742418112242943,0.9997929854987129,1
features_1:1343,features_1.npy,1343,validation,1,1.7112479561067766,0.999656798872851,1
features_1:1349,features_1.npy,1349,validation,1,1.1572234204845635,0.996041971091036,1
features_1:1357,features_1.npy,1357,validation,1,0.8545650350963584,0.984521148571687,1
features_1:1359,features_1.npy,1359,validation,1,1.5339632102265934,0.9993484643801954,1
features_1:1374,features_1.npy,1374,validation,1,1.055446765258364,0.9918135120913286,1
features_1:1381,features_1.npy,1381,validation,1,0.21055951961679736,0.6690687998028936,1
features_1:1387,features_1.npy,1387,validation,1,1.9880273157752881,0.9999208719427761,1
features_1:1389,features_1.npy,1389,validation,1,0.8337675850335042,0.9817505961847918,1
features_1:1397,features_1.npy,1397,validation,1,1.742094597541543,0.9997192887559742,1
features_1:1399,features_1.npy,1399,validation,1,1.0237028685340144,0.9908538582535373,1
features_1:1410,features_1.npy,1410,validation,1,1.5565639769368735,0.9994454436411839,1
features_1:1428,features_1.npy,1428,validation,1,1.608872015233545,0.9996218682422722,1
features_1:1430,features_1.npy,1430,validation,1,1.0415231271026153,0.9933550066473543,1
features_1:1441,features_1.npy,1441,validation,1,0.794711315250661,0.9746586478151118,1
features_1:1442,features_1.npy,1442,validation,1,0.6891920259073121,0.9572080964423151,1
features_1:1455,features_1.npy,1455,validation,1,0.9874710033229153,0.9885642766982972,1
features_1:1462,features_1.npy,1462,validation,1,0.15941064116764397,0.5968591521606382,1
features_1:1475,features_1.npy,1475,validation,1,1.0378827609107013,0.9911987593544381,1
features_1:1496,features_1.npy,1496,validation,1,1.0768011758408909,0.9935462020692869,1
features_1:1518,features_1.npy,1518,validation,1,1.0731319176016574,0.9939084201727525,1
features_1:1535,features_1.npy,1535,validation,1,0.3939523666333009,0.8716566624062629,1
features_1:1554,features_1.npy,1554,validation,1,1.7013410552349395,0.9997242480516398,1
features_1:1560,features_1.npy,1560,validation,1,1.0022838703822208,0.9879269042766323,1
features_1:1562,features_1.npy,1562,validation,1,0.7399498413134878,0.9702756017586983,1
features_1:1565,features_1.npy,1565,validation,1,1.1072981618120812,0.9951171890324998,1
features_1:1573,features_1.npy,1573,validation,1,0.789789740965624,0.9738439486413359,1
features_1:1576,features_1.npy,1576,validation,1,1.0749313346589568,0.9939834164019313,1
features_1:1577,features_1.npy,1577,validation,1,0.9999629000410778,0.9928077631518313,1
features_1:1585,features_1.npy,1585,validation,1,0.6281579573304668,0.9398591371322906,1
features_1:1603,features_1.npy,1603,validation,1,1.9469835737563053,0.999936137225869,1
features_1:1607,features_1.npy,1607,validation,1,1.4047754431703847,0.9987990968964535,1
features_1:1609,features_1.npy,1609,validation,1,0.3641707213578979,0.8484276264774454,1
features_1:1620,features_1.npy,1620,validation,1,2.121562418143715,0.9999676910170576,1
features_1:1622,features_1.npy,1622,validation,1,0.37679624573830434,0.8463462596831841,1
features_1:1624,features_1.npy,1624,validation,1,1.428020233520735,0.9988467411674915,1
features_1:1628,features_1.npy,1628,validation,1,0.9136486753571857,0.985399509537461,1
features_1:1635,features_1.npy,1635,validation,1,1.3050094193692707,0.9982958463011876,1
features_1:1637,features_1.npy,1637,validation,1,0.7438225089700559,0.9696589064061515,1
features_1:1646,features_1.npy,1646,validation,1,1.3556559713624388,0.9981870913137438,1
features_1:1655,features_1.npy,1655,validation,1,0.6275365735491536,0.9297850540382082,1
features_1:1656,features_1.npy,1656,validation,1,0.37691546325285646,0.827195758312912,1
features_1:1665,features_1.npy,1665,validation,1,0.8194551960343572,0.978832132126971,1
features_1:1667,features_1.npy,1667,validation,1,1.317630322184678,0.9981579204182287,1
features_1:1671,features_1.npy,1671,validation,1,1.944866395127979,0.9999298650071987,1
features_1:1676,features_1.npy,1676,validation,1,0.6973125083779921,0.9506414262421711,1
features_1:1677,features_1.npy,1677,validation,1,1.2566452962177397,0.9955838001330358,1
features_1:1681,features_1.npy,1681,validation,1,1.0821610008070568,0.9923365340452472,1
features_1:1689,features_1.npy,1689,validation,1,1.5879949169841168,0.9994994849676526,1
features_1:1701,features_1.npy,1701,validation,1,1.7322852058008666,0.9997756256998152,1
features_1:1705,features_1.npy,1705,validation,1,2.0163686818192033,0.9999553150130993,1
features_1:1706,features_1.npy,1706,validation,1,1.2660124757859632,0.9967588804398142,1
features_1:1713,features_1.npy,1713,validation,1,1.3892988966830184,0.998258589512876,1
features_1:1725,features_1.npy,1725,validation,1,1.6663910642806494,0.99970675846325,1
features_1:1737,features_1.npy,1737,validation,1,1.4277245699875807,0.9988787956284508,1
features_1:1742,features_1.npy,1742,validation,1,1.4721780662020354,0.9992985537709753,1
features_1:1746,features_1.npy,1746,validation,1,0.43244999006141266,0.8489780402323645,1
features_1:1763,features_1.npy,1763,validation,1,1.2585320481626003,0.9982631531329924,1
features_1:1766,features_1.npy,1766,validation,1,0.517938480002073,0.8928637809874221,1
features_1:1777,features_1.npy,1777,validation,1,1.7363125993408723,0.9996921319720782,1
features_1:1797,features_1.npy,1797,validation,1,1.8435298067598809,0.9998626163051265,1
features_1:1798,features_1.npy,1798,validation,1,1.4633505059489027,0.9991032549253314,1
features_1:1801,features_1.npy,1801,validation,1,1.1109347613497926,0.9953481105736441,1
features_1:1804,features_1.npy,1804,validation,1,1.3427805069324437,0.998449999618965,1
features_1:1806,features_1.npy,1806,validation,1,0.7823753995808232,0.9720039208328621,1
features_1:1807,features_1.npy,1807,validation,1,1.600283060188002,0.9995775644633842,1
features_1:1809,features_1.npy,1809,validation,1,1.2860466985947339,0.9967162859022599,1
features_1:1825,features_1.npy,1825,validation,1,0.6009299110503398,0.9401654741075776,1
features_1:1837,features_1.npy,1837,validation,1,1.5792011286674947,0.9996346562915676,1
features_1:1838,features_1.npy,1838,validation,1,1.475309252356843,0.9991733609662605,1
features_1:1844,features_1.npy,1844,validation,1,0.8610710943222196,0.9809716300311349,1
features_1:1847,features_1.npy,1847,validation,1,2.449307877795361,0.9999885438476864,1
features_1:1851,features_1.npy,1851,validation,1,2.148126972254952,0.9999704745069966,1
features_1:1881,features_1.npy,1881,validation,1,1.1773538664927328,0.9957171914862787,1
features_1:1883,features_1.npy,1883,validation,1,0.8934964122728707,0.9809615506859869,1
features_1:1887,features_1.npy,1887,validation,1,1.7974915070927588,0.9998746497138793,1
features_1:1890,features_1.npy,1890,validation,1,0.9396817221866167,0.9885685118759424,1
features_1:1895,features_1.npy,1895,validation,1,1.6002114499831086,0.9995953720664007,1
features_1:1900,features_1.npy,1900,validation,1,1.1600568811343785,0.9959361510151746,1
features_1:1916,features_1.npy,1916,validation,1,0.7983236503239604,0.9674469002325022,1
features_1:1918,features_1.npy,1918,validation,1,0.010106727192252024,0.48498052703025574,0
features_1:1924,features_1.npy,1924,validation,1,1.702896423064026,0.9997712395377668,1
features_1:1926,features_1.npy,1926,validation,1,1.7220187590534193,0.9997820288325464,1
features_1:1927,features_1.npy,1927,validation,1,1.3056339195300615,0.9979126641842508,1
features_1:1939,features_1.npy,1939,validation,1,1.212199583975634,0.9979102318346872,1
features_1:1941,features_1.npy,1941,validation,1,0.9850884596956845,0.9897382243142048,1
features_1:1947,features_1.npy,1947,validation,1,0.6526201411783963,0.9485201068384083,1
features_1:1949,features_1.npy,1949,validation,1,0.9697917758318881,0.9896736350426757,1
features_1:1951,features_1.npy,1951,validation,1,0.5295726533593781,0.9045286554409231,1
features_1:1954,features_1.npy,1954,validation,1,1.0745383473730432,0.9908555514484091,1
features_1:1960,features_1.npy,1960,validation,1,1.6466660065599388,0.9995104683351524,1
features_1:1963,features_1.npy,1963,validation,1,1.4144160280088494,0.9987226793752271,1
features_1:1980,features_1.npy,1980,validation,1,1.7865977184454787,0.9997898006479312,1
features_1:1987,features_1.npy,1987,validation,1,2.0950676084555657,0.9999659105318065,1
features_1:1993,features_1.npy,1993,validation,1,0.5097581389742158,0.9203745510379268,1
features_1:1994,features_1.npy,1994,validation,1,1.6088323091230918,0.9996613325316058,1
features_1:1995,features_1.npy,1995,validation,1,1.6911051573663076,0.9997414861284772,1
features_1:2003,features_1.npy,2003,validation,1,0.38265272087149454,0.8281739895704371,1
features_1:2008,features_1.npy,2008,validation,1,2.079349237445655,0.9999308653852882,1
features_1:2020,features_1.npy,2020,validation,1,0.9015390690655031,0.9860020713018685,1
features_1:2025,features_1.npy,2025,validation,1,0.35453757021104126,0.8463160491137913,1
features_1:2026,features_1.npy,2026,validation,1,0.6981511966637296,0.9553773467300086,1
features_1:2037,features_1.npy,2037,validation,1,0.5259841096785848,0.92618833246784,1
features_1:2041,features_1.npy,2041,validation,1,1.3248865690683527,0.9978965746956117,1
features_1:2046,features_1.npy,2046,validation,1,0.7094795148440421,0.9704711357095046,1
features_1:2056,features_1.npy,2056,validation,1,1.2392915628358068,0.9979933967292212,1
features_1:2058,features_1.npy,2058,validation,1,1.3851516323863209,0.9991105203596519,1
features_1:2071,features_1.npy,2071,validation,1,1.7672603161367495,0.9997675159381906,1
features_1:2081,features_1.npy,2081,validation,1,0.7581391709728529,0.9669756487164994,1
features_1:2098,features_1.npy,2098,validation,1,1.5052318634436996,0.9992717120096654,1
features_1:2116,features_1.npy,2116,validation,1,1.0572523042925444,0.9944071774053533,1
features_1:2118,features_1.npy,2118,validation,1,0.7211207447046778,0.9642976939962601,1
features_1:2119,features_1.npy,2119,validation,1,2.029109109634534,0.9999415849719219,1
features_1:2120,features_1.npy,2120,validation,1,1.1330354434793164,0.9959349831661394,1
features_1:2129,features_1.npy,2129,validation,1,1.4232885156548294,0.9989255362947633,1
features_1:2151,features_1.npy,2151,validation,1,1.522277421641407,0.9992682267018627,1
features_1:2153,features_1.npy,2153,validation,1,0.1587125267117287,0.5972805199549265,1
features_1:2155,features_1.npy,2155,validation,1,1.1317917992445694,0.9954541257742093,1
features_1:2165,features_1.npy,2165,validation,1,1.538383507663477,0.9991845345594468,1
features_1:2169,features_1.npy,2169,validation,1,1.6729898488144077,0.9997130453976943,1
features_1:2170,features_1.npy,2170,validation,1,1.4647971172421637,0.9988696805522311,1
features_1:2175,features_1.npy,2175,validation,1,1.0015428026196416,0.9903594709819311,1
features_1:2185,features_1.npy,2185,validation,1,0.2884329367562538,0.7912024912741696,1
features_1:2197,features_1.npy,2197,validation,1,2.0514706054467435,0.9999572181108738,1
features_1:2202,features_1.npy,2202,validation,1,0.4451686906458409,0.872555937185288,1
features_1:2208,features_1.npy,2208,validation,1,1.36105458749242,0.9979613612880801,1
features_1:2212,features_1.npy,2212,validation,1,0.44653512641729015,0.9038428571309864,1
features_1:2216,features_1.npy,2216,validation,1,1.1194173052316203,0.9953995292036598,1
features_1:2229,features_1.npy,2229,validation,1,2.111508144458653,0.9999660605046795,1
features_1:2232,features_1.npy,2232,validation,1,1.376985806240698,0.9990433134282284,1
features_1:2235,features_1.npy,2235,validation,1,1.3903612528623102,0.9983533904441529,1
features_1:2248,features_1.npy,2248,validation,1,0.32631815250690727,0.7923004002364068,1
features_1:2250,features_1.npy,2250,validation,1,1.061718157922078,0.9951461477763603,1
features_1:2263,features_1.npy,2263,validation,1,1.067311117568932,0.9931210088871069,1
features_1:2268,features_1.npy,2268,validation,1,1.0653246267975212,0.992320095830976,1
features_1:2275,features_1.npy,2275,validation,1,1.1146167297946308,0.9952116029742841,1
features_1:2276,features_1.npy,2276,validation,1,-0.1370545141310118,0.30746971523381783,0
features_1:2277,features_1.npy,2277,validation,1,0.17289487541376763,0.6426489727137795,1
features_1:2290,features_1.npy,2290,validation,1,0.1068019586587617,0.6459356286870847,1
features_1:2292,features_1.npy,2292,validation,1,1.3412314074715457,0.9986457112000984,1
features_1:2294,features_1.npy,2294,validation,1,0.5150045199723496,0.9221708311783802,1
features_1:2308,features_1.npy,2308,validation,1,0.9388155733919901,0.9862791317671376,1
features_1:2311,features_1.npy,2311,validation,1,1.1731495150327258,0.9965107044731146,1
features_1:2313,features_1.npy,2313,validation,1,0.10097572385648099,0.5956683890068535,1
features_1:2322,features_1.npy,2322,validation,1,1.4299123217868155,0.9989224356451553,1
features_1:2327,features_1.npy,2327,validation,1,0.5863759113882099,0.8965184168630129,1
features_1:2333,features_1.npy,2333,validation,1,1.3885141019544502,0.9988008944855947,1
features_1:2352,features_1.npy,2352,validation,1,1.8218180620723758,0.999899495879087,1
features_1:2353,features_1.npy,2353,validation,1,1.1141789053985038,0.9954543673625642,1
features_1:2360,features_1.npy,2360,validation,1,1.416319267001047,0.99866342432311,1
features_1:2361,features_1.npy,2361,validation,1,1.833453849309785,0.9998594877511857,1
features_1:2362,features_1.npy,2362,validation,1,0.6734505436003396,0.9578736329926036,1
features_1:2364,features_1.npy,2364,validation,1,0.32632688384854597,0.8183604321489446,1
features_1:2365,features_1.npy,2365,validation,1,1.1941878589496624,0.9961934742043628,1
features_1:2370,features_1.npy,2370,validation,1,1.1914528820101944,0.9964006481746583,1
features_1:2375,features_1.npy,2375,validation,1,1.5413484323812665,0.9992705371463106,1
features_1:2378,features_1.npy,2378,validation,1,0.3899679463417692,0.8340267608073655,1
features_1:2382,features_1.npy,2382,validation,1,1.4596245869016866,0.9992255391936491,1
features_0:1,features_0.npy,1,test,0,-1.683569305889416,0.00016372014661683313,0
features_0:4,features_0.npy,4,test,0,-1.2291446184834536,0.002607995172360239,0
features_0:8,features_0.npy,8,test,0,-1.9669315144856165,6.829294248859332e-05,0
features_0:19,features_0.npy,19,test,0,-0.8982313121880897,0.012348558322376024,0
features_0:21,features_0.npy,21,test,0,-1.2258870967029765,0.002625312737931657,0
features_0:22,features_0.npy,22,test,0,-2.00862358930804,3.946252425923958e-05,0
features_0:26,features_0.npy,26,test,0,-1.6563613213938448,0.000256742845697468,0
features_0:34,features_0.npy,34,test,0,-1.5723660591950206,0.0004395807374591424,0
features_0:35,features_0.npy,35,test,0,-0.043741379040217486,0.3818231117632605,0
features_0:64,features_0.npy,64,test,0,-1.7158639052286164,0.00017963459635571928,0
features_0:87,features_0.npy,87,test,0,-1.8232958094783576,0.00013668599719744037,0
features_0:91,features_0.npy,91,test,0,-0.9972255481902121,0.0048179029076489185,0
features_0:93,features_0.npy,93,test,0,-1.1585739179093542,0.0023719328850379828,0
features_0:112,features_0.npy,112,test,0,-1.639618517702345,0.00021822617628048012,0
features_0:121,features_0.npy,121,test,0,-2.269587870174016,9.42078144322023e-06,0
features_0:127,features_0.npy,127,test,0,-1.644325029123167,0.00023530840013746973,0
features_0:150,features_0.npy,150,test,0,-1.1581494870831213,0.0024448743552780315,0
features_0:152,features_0.npy,152,test,0,-2.3367236064565255,7.5223195391259316e-06,0
features_0:159,features_0.npy,159,test,0,-1.4443847014160238,0.0006482978276616735,0
features_0:161,features_0.npy,161,test,0,-1.6858065516046976,0.0001998902477987893,0
features_0:166,features_0.npy,166,test,0,-1.2602679188130717,0.0016600768908364128,0
features_0:189,features_0.npy,189,test,0,-1.6874367835902275,0.0002116595802052203,0
features_0:197,features_0.npy,197,test,0,-0.9464113431419763,0.007818089458663708,0
features_0:200,features_0.npy,200,test,0,-2.1840348287513143,1.547143216481441e-05,0
features_0:202,features_0.npy,202,test,0,-1.6869375883068725,0.00023362650068072324,0
features_0:205,features_0.npy,205,test,0,-1.078919078153018,0.003440077657740255,0
features_0:216,features_0.npy,216,test,0,-1.2518771880760287,0.0015375829430594875,0
features_0:219,features_0.npy,219,test,0,-1.0436498048436913,0.004557329419043113,0
features_0:229,features_0.npy,229,test,0,-0.8287246309738563,0.01797513190083281,0
features_0:241,features_0.npy,241,test,0,-1.303444103135752,0.001176135820405575,0
features_0:245,features_0.npy,245,test,0,-0.6232253626829194,0.036468318913920106,0
features_0:246,features_0.npy,246,test,0,-1.7173282277351887,0.00018104001631711648,0
features_0:262,features_0.npy,262,test,0,-0.761591599577275,0.022730261903900796,0
features_0:263,features_0.npy,263,test,0,-0.7562892348669332,0.023286872540165305,0
features_0:268,features_0.npy,268,test,0,-0.7614377013893057,0.02534762025216667,0
features_0:269,features_0.npy,269,test,0,-0.8522630591706581,0.01810798371251574,0
features_0:276,features_0.npy,276,test,0,-0.5508966698028006,0.06512534862955428,0
features_0:288,features_0.npy,288,test,0,-1.9972372774042402,4.672911034704064e-05,0
features_0:304,features_0.npy,304,test,0,-1.8968467088090026,7.263933032100455e-05,0
features_0:315,features_0.npy,315,test,0,-1.7468751989829918,0.00017423217441133132,0
features_0:317,features_0.npy,317,test,0,-0.7079563859228426,0.03319706387543174,0
features_0:330,features_0.npy,330,test,0,-1.4494432837493483,0.0006540932658407092,0
features_0:345,features_0.npy,345,test,0,-1.1945058574478,0.0022433573377505602,0
features_0:378,features_0.npy,378,test,0,-0.8649603862000066,0.011966501168294353,0
features_0:379,features_0.npy,379,test,0,-0.6954689857122417,0.02459854279058275,0
features_0:384,features_0.npy,384,test,0,-1.2155497670801376,0.002050312820078406,0
features_0:387,features_0.npy,387,test,0,-1.7620073326383507,0.00016093826823341818,0
features_0:391,features_0.npy,391,test,0,-1.0720827824858745,0.004331710507390238,0
features_0:399,features_0.npy,399,test,0,-0.9407202000394115,0.00823089985243396,0
features_0:400,features_0.npy,400,test,0,-1.2020260162819214,0.002151785594595613,0
features_0:403,features_0.npy,403,test,0,-0.9223431341337031,0.01043654089225898,0
features_0:406,features_0.npy,406,test,0,-1.8776787064159817,8.428913737499446e-05,0
features_0:418,features_0.npy,418,test,0,-0.9791975270084817,0.006937679732238626,0
features_0:437,features_0.npy,437,test,0,-0.9068081025572314,0.01011086463631152,0
features_0:441,features_0.npy,441,test,0,-1.9527631682032744,5.335331901563086e-05,0
features_0:459,features_0.npy,459,test,0,-1.8262034268148257,9.867269688345382e-05,0
features_0:463,features_0.npy,463,test,0,-1.3214426448493883,0.001332764431060837,0
features_0:466,features_0.npy,466,test,0,-0.759491559526593,0.018418936722481793,0
features_0:470,features_0.npy,470,test,0,-1.2669779772788063,0.0016005160443287075,0
features_0:472,features_0.npy,472,test,0,-1.3244917679538761,0.001591158522540616,0
features_0:474,features_0.npy,474,test,0,-1.831211117652508,8.695731977935218e-05,0
features_0:476,features_0.npy,476,test,0,-1.096075150282562,0.004173336312635418,0
features_0:484,features_0.npy,484,test,0,-0.8281574175725803,0.012251374802400714,0
features_0:492,features_0.npy,492,test,0,-1.2012428474087458,0.0023896271352454755,0
features_0:496,features_0.npy,496,test,0,-1.0490157733038548,0.005250411620823136,0
features_0:508,features_0.npy,508,test,0,-1.6075840310353575,0.00027048282689091913,0
features_0:509,features_0.npy,509,test,0,-1.227484161193004,0.0029588762275491107,0
features_0:521,features_0.npy,521,test,0,-1.0440852765475044,0.005130563105250516,0
features_0:537,features_0.npy,537,test,0,-0.8570184995547645,0.015230113441250054,0
features_0:546,features_0.npy,546,test,0,-1.5081708569745453,0.0005775773435304016,0
features_0:556,features_0.npy,556,test,0,-1.7650303027126906,0.00013578605626143105,0
features_0:559,features_0.npy,559,test,0,-1.9954019784560657,4.8184775102562664e-05,0
features_0:563,features_0.npy,563,test,0,-1.0204604782891054,0.004656661897275373,0
features_0:565,features_0.npy,565,test,0,-1.5913662505704058,0.00038213464212794935,0
features_0:569,features_0.npy,569,test,0,-0.9327504275962855,0.01195372672485838,0
features_0:574,features_0.npy,574,test,0,-1.1573052484639808,0.0026236770186610185,0
features_0:577,features_0.npy,577,test,0,-1.549626237060127,0.00041820004277497115,0
features_0:580,features_0.npy,580,test,0,-1.2305278775320465,0.0016971169807513745,0
features_0:592,features_0.npy,592,test,0,-1.4733408988997538,0.0005491284094649972,0
features_0:600,features_0.npy,600,test,0,-1.6148335820789752,0.000353894810803924,0
features_0:606,features_0.npy,606,test,0,-1.509162622700094,0.0004277831137096391,0
features_0:608,features_0.npy,608,test,0,-1.3822827455551407,0.0012028487203457022,0
features_0:612,features_0.npy,612,test,0,-0.5092951915247375,0.06709463782042899,0
features_0:623,features_0.npy,623,test,0,-1.0669721266568941,0.005056883304446947,0
features_0:625,features_0.npy,625,test,0,-2.2791251088525053,1.1493985441194818e-05,0
features_0:627,features_0.npy,627,test,0,-1.3156192298388096,0.001256102126781828,0
features_0:632,features_0.npy,632,test,0,-1.85202626081148,0.00010632633039499688,0
features_0:635,features_0.npy,635,test,0,-1.8725746792481777,5.903629940860433e-05,0
features_0:639,features_0.npy,639,test,0,-0.7413757834083793,0.017067413777554958,0
features_0:640,features_0.npy,640,test,0,-0.76054134892626,0.020207572552200785,0
features_0:642,features_0.npy,642,test,0,-0.7429702492879977,0.017319346813348083,0
features_0:645,features_0.npy,645,test,0,0.1882118678499003,0.6922541562628342,1
features_0:646,features_0.npy,646,test,0,-0.8729077442714722,0.0119003564294566,0
features_0:647,features_0.npy,647,test,0,-0.6979316199774742,0.0339891641727616,0
features_0:648,features_0.npy,648,test,0,-0.8449188221162618,0.018105768196008957,0
features_0:655,features_0.npy,655,test,0,-1.3535365630975356,0.0012757345804691555,0
features_0:658,features_0.npy,658,test,0,-0.9088865546911714,0.008275127151741727,0
features_0:681,features_0.npy,681,test,0,-1.6017918599244771,0.00037699586109399725,0
features_0:683,features_0.npy,683,test,0,-1.1586495233112766,0.0036583889957789205,0
features_0:687,features_0.npy,687,test,0,-0.9729671537986635,0.007254606125375594,0
features_0:699,features_0.npy,699,test,0,-0.43897388154273054,0.1158709186698603,0
features_0:703,features_0.npy,703,test,0,-0.5754003017879494,0.0710921147690821,0
features_0:709,features_0.npy,709,test,0,-1.2322220265390706,0.0021379061324168316,0
features_0:719,features_0.npy,719,test,0,-1.6688109580185355,0.0004330562591083184,0
features_0:726,features_0.npy,726,test,0,-1.3704284725331422,0.0013608996166104598,0
features_0:729,features_0.npy,729,test,0,-2.2014016354796766,1.891617829385486e-05,0
features_0:742,features_0.npy,742,test,0,-0.08696628701225596,0.29281688589380905,0
features_0:747,features_0.npy,747,test,0,-1.074925289457903,0.0042178615915950905,0
features_0:751,features_0.npy,751,test,0,-1.0984060273014353,0.004982551289505727,0
features_0:758,features_0.npy,758,test,0,-1.3334744620860097,0.0013000693359006032,0
features_0:761,features_0.npy,761,test,0,-0.6373318580443036,0.04094265395929706,0
features_0:766,features_0.npy,766,test,0,-1.3103875867491428,0.0011839879544511796,0
features_0:768,features_0.npy,768,test,0,-0.36982123262375555,0.1243318359293295,0
features_0:775,features_0.npy,775,test,0,-0.848377155135413,0.018801802608079798,0
features_0:784,features_0.npy,784,test,0,-1.8424141620415113,0.00011019819303064381,0
features_0:789,features_0.npy,789,test,0,-0.12238341336424095,0.33049868019645656,0
features_0:791,features_0.npy,791,test,0,-1.82724447561902,0.00010043905349623463,0
features_0:794,features_0.npy,794,test,0,-1.7986678688876856,0.00013118400632853954,0
features_0:797,features_0.npy,797,test,0,-0.8749135685126671,0.01455652082881224,0
features_0:800,features_0.npy,800,test,0,-0.7462945098040618,0.01789034600931081,0
features_0:815,features_0.npy,815,test,0,-1.0481504677364204,0.005990054751572376,0
features_0:833,features_0.npy,833,test,0,-0.7839248892663041,0.018517748971950188,0
features_0:840,features_0.npy,840,test,0,-0.5449502986836885,0.07373746812650125,0
features_0:851,features_0.npy,851,test,0,-0.21522028430104226,0.21744657347674723,0
features_0:856,features_0.npy,856,test,0,-1.2960392085234027,0.0013188227009355094,0
features_0:863,features_0.npy,863,test,0,-2.1425919509768168,2.2025691856839532e-05,0
features_0:870,features_0.npy,870,test,0,-1.1657199350923315,0.0028937200509400263,0
features_0:876,features_0.npy,876,test,0,-1.2863838214375711,0.0014141033015111874,0
features_0:878,features_0.npy,878,test,0,-0.8732430456331035,0.011454829017062487,0
features_0:880,features_0.npy,880,test,0,-1.1077128166214987,0.003826350178609833,0
features_0:895,features_0.npy,895,test,0,-0.500604102667527,0.06552220652482518,0
features_0:902,features_0.npy,902,test,0,-0.7479957907921754,0.028526504951728694,0
features_0:911,features_0.npy,911,test,0,-0.9261807611945254,0.012028838002075482,0
features_0:920,features_0.npy,920,test,0,-0.887336390325659,0.010961457195950838,0
features_0:928,features_0.npy,928,test,0,-0.6845862784591485,0.029014700994757853,0
features_0:929,features_0.npy,929,test,0,-0.09885173939649237,0.3399387149879787,0
features_0:935,features_0.npy,935,test,0,-1.3912017900921902,0.0009759297921260047,0
features_0:956,features_0.npy,956,test,0,-1.3291757502456165,0.0013808318694007895,0
features_0:957,features_0.npy,957,test,0,-1.0680613459018473,0.004263883698349567,0
features_0:959,features_0.npy,959,test,0,-0.5695506118412852,0.05748598190771911,0
features_0:980,features_0.npy,980,test,0,-0.4045494537508975,0.12254706304330884,0
features_0:981,features_0.npy,981,test,0,-0.6176353986756417,0.04912793353858706,0
features_0:991,features_0.npy,991,test,0,-0.3292950866607978,0.16117391852477392,0
features_0:992,features_0.npy,992,test,0,-0.6124489347257165,0.03540291425899479,0
features_0:1003,features_0.npy,1003,test,0,-0.8670610629469614,0.013355483720281327,0
features_0:1008,features_0.npy,1008,test,0,-1.6017993974621303,0.00036605441327200943,0
features_0:1015,features_0.npy,1015,test,0,-1.2767531281825157,0.0015695205455782215,0
features_0:1020,features_0.npy,1020,test,0,-0.1966323737089758,0.2250949874886404,0
features_0:1021,features_0.npy,1021,test,0,-1.0166298891302767,0.007184488707569809,0
features_0:1044,features_0.npy,1044,test,0,-0.29367780969381746,0.19344963211974017,0
features_0:1045,features_0.npy,1045,test,0,-1.5183861158064547,0.0005225884160648422,0
features_0:1060,features_0.npy,1060,test,0,-1.5808120623400084,0.00031721500079435853,0
features_0:1064,features_0.npy,1064,test,0,-0.2758565285857536,0.1848515979189809,0
features_0:1071,features_0.npy,1071,test,0,-1.2529080011028495,0.0019483751316795538,0
features_0:1076,features_0.npy,1076,test,0,-0.4956589009290125,0.07838659081757908,0
features_0:1082,features_0.npy,1082,test,0,-0.9969751724080902,0.006316979298424434,0
features_0:1092,features_0.npy,1092,test,0,-1.3591645788949152,0.0012356851981664492,0
features_0:1104,features_0.npy,1104,test,0,-1.2961397659697507,0.0014285067059151332,0
features_0:1126,features_0.npy,1126,test,0,-1.1120223669545053,0.004262452580758752,0
features_0:1130,features_0.npy,1130,test,0,-0.5200510567516923,0.05273064774638496,0
features_0:1135,features_0.npy,1135,test,0,-1.6760041147235611,0.0002536480112330155,0
features_0:1139,features_0.npy,1139,test,0,-1.0029011854057608,0.006282340579358929,0
features_0:1147,features_0.npy,1147,test,0,-0.36788661067589923,0.12209692525507243,0
features_0:1148,features_0.npy,1148,test,0,-1.382191477650607,0.0009375770188077526,0
features_0:1150,features_0.npy,1150,test,0,-0.3428785854580647,0.12909977118419608,0
features_0:1154,features_0.npy,1154,test,0,-1.0245535839225415,0.005381970919106727,0
features_0:1158,features_0.npy,1158,test,0,-0.5198543962476666,0.06764896040363724,0
features_0:1162,features_0.npy,1162,test,0,-0.3303600046216634,0.1239468087366729,0
features_0:1171,features_0.npy,1171,test,0,-0.5546814222705192,0.058611133656809054,0
features_0:1180,features_0.npy,1180,test,0,-1.8223978399955827,0.00010056967614014728,0
features_0:1199,features_0.npy,1199,test,0,-1.1460556269169357,0.0037536546900011425,0
features_0:1213,features_0.npy,1213,test,0,-0.5223022747326276,0.07349005491468519,0
features_0:1224,features_0.npy,1224,test,0,-1.9989301213430526,5.7988776634928325e-05,0
features_0:1238,features_0.npy,1238,test,0,-0.2594390258081894,0.1653618654019749,0
features_0:1243,features_0.npy,1243,test,0,-1.632253257478671,0.0002604756562836632,0
features_0:1248,features_0.npy,1248,test,0,-0.7556687100651133,0.028864305628848435,0
features_0:1250,features_0.npy,1250,test,0,-1.6506584359493095,0.0004351162517427146,0
features_0:1254,features_0.npy,1254,test,0,0.09939093274725945,0.560491357146055,0
features_0:1256,features_0.npy,1256,test,0,-0.9006092738880136,0.00913377649969292,0
features_0:1267,features_0.npy,1267,test,0,-0.40935586222459036,0.1334849386992982,0
features_0:1275,features_0.npy,1275,test,0,-1.69746237200611,0.00017615534834587235,0
features_0:1282,features_0.npy,1282,test,0,-0.4963359207984365,0.0620332688373257,0
features_0:1286,features_0.npy,1286,test,0,-1.221079777764488,0.002189137356310526,0
features_0:1297,features_0.npy,1297,test,0,-0.39083223328642896,0.12465517863748639,0
features_0:1303,features_0.npy,1303,test,0,-0.051979162646374276,0.39635279904479254,0
features_0:1320,features_0.npy,1320,test,0,-0.6958083044025393,0.028200374809397254,0
features_0:1321,features_0.npy,1321,test,0,-0.13243929024386286,0.33168048738483313,0
features_0:1344,features_0.npy,1344,test,0,-1.2621575316802682,0.001693780744389953,0
features_0:1345,features_0.npy,1345,test,0,-1.1542782724930056,0.0021889703250460237,0
features_0:1349,features_0.npy,1349,test,0,-0.4284121523122203,0.08612936335675106,0
features_0:1354,features_0.npy,1354,test,0,-1.7843328281112625,0.00013677617916490453,0
features_0:1363,features_0.npy,1363,test,0,-0.8728249933769252,0.01499971549576829,0
features_0:1369,features_0.npy,1369,test,0,-0.7816103485158385,0.0176874956622639,0
features_0:1370,features_0.npy,1370,test,0,-1.6595012394761912,0.00020583594889405228,0
features_0:1372,features_0.npy,1372,test,0,-1.6083768886442824,0.00038016424147120496,0
features_0:1376,features_0.npy,1376,test,0,-0.42655207733457035,0.10141734870895924,0
features_0:1380,features_0.npy,1380,test,0,-0.34682565560401546,0.17631629653979344,0
features_0:1382,features_0.npy,1382,test,0,-0.7929511754674383,0.02125960375924083,0
features_0:1390,features_0.npy,1390,test,0,-0.47386428289737387,0.07256010204940394,0
features_0:1393,features_0.npy,1393,test,0,-1.368050639591003,0.0006899353553973025,0
features_0:1396,features_0.npy,1396,test,0,-0.3967888319862341,0.11183206465357112,0
features_0:1397,features_0.npy,1397,test,0,-1.6724736840956775,0.0002809553375984401,0
features_0:1400,features_0.npy,1400,test,0,-0.6628051972221575,0.042744113739642306,0
features_0:1407,features_0.npy,1407,test,0,-1.1832216768982575,0.0021475465529479784,0
features_0:1409,features_0.npy,1409,test,0,-0.895243043178521,0.012694100973478293,0
features_0:1417,features_0.npy,1417,test,0,-2.053078495772545,3.869474581601446e-05,0
features_0:1422,features_0.npy,1422,test,0,-0.9657174105010217,0.009117599552424313,0
features_0:1435,features_0.npy,1435,test,0,-1.5263309927089797,0.00037940399886909963,0
features_0:1446,features_0.npy,1446,test,0,-1.2957519512034348,0.0013970278699194632,0
features_0:1451,features_0.npy,1451,test,0,-1.4164403318265002,0.000892263827946382,0
features_0:1452,features_0.npy,1452,test,0,-1.4869173030924878,0.0005775677485062882,0
features_0:1459,features_0.npy,1459,test,0,-0.8177635508977538,0.016569420636318506,0
features_0:1462,features_0.npy,1462,test,0,-0.9922985650843152,0.005548239275798347,0
features_0:1465,features_0.npy,1465,test,0,-1.6183673003039756,0.00025288988204491363,0
features_0:1474,features_0.npy,1474,test,0,-1.088781915225684,0.004074550784554808,0
features_0:1476,features_0.npy,1476,test,0,-1.4981791312169834,0.0005479209204213032,0
features_0:1481,features_0.npy,1481,test,0,-0.6805738162307353,0.03247706713089525,0
features_0:1485,features_0.npy,1485,test,0,-0.4740380512579732,0.0912632139412782,0
features_0:1491,features_0.npy,1491,test,0,-0.32093705305111375,0.1581831897365525,0
features_0:1495,features_0.npy,1495,test,0,-0.03792445937264146,0.4532657397040369,0
features_0:1500,features_0.npy,1500,test,0,-1.140495428834952,0.0032135150752328617,0
features_0:1508,features_0.npy,1508,test,0,-0.5979811325039958,0.054083463504659465,0
features_0:1509,features_0.npy,1509,test,0,-0.2170358604096784,0.18466242069916688,0
features_0:1513,features_0.npy,1513,test,0,-0.029002703428446436,0.45290707499273564,0
features_0:1516,features_0.npy,1516,test,0,-1.5019319521761756,0.0005664172242787791,0
features_0:1518,features_0.npy,1518,test,0,-0.7526731172510143,0.027476004258751942,0
features_0:1526,features_0.npy,1526,test,0,-1.4746586617472484,0.0014803001715581355,0
features_0:1528,features_0.npy,1528,test,0,-0.9337907431496099,0.006758642061559827,0
features_0:1551,features_0.npy,1551,test,0,-0.7027530754324032,0.024950492194733366,0
features_0:1553,features_0.npy,1553,test,0,-0.4050655419672122,0.09705512861640289,0
features_0:1558,features_0.npy,1558,test,0,-0.8457303360375115,0.013173338593439481,0
features_0:1570,features_0.npy,1570,test,0,-0.939881568437882,0.008026760534695837,0
features_0:1571,features_0.npy,1571,test,0,-2.255124302210676,1.3104195290029909e-05,0
features_0:1582,features_0.npy,1582,test,0,-0.3458871959347098,0.17614991142520658,0
features_0:1584,features_0.npy,1584,test,0,-0.8701796684017581,0.012831105539934476,0
features_0:1586,features_0.npy,1586,test,0,-0.9131392481709346,0.014467466104750993,0
features_0:1590,features_0.npy,1590,test,0,-1.2526769395587671,0.0018652725470431693,0
features_0:1596,features_0.npy,1596,test,0,-0.6842107866915538,0.042752902232463294,0
features_0:1602,features_0.npy,1602,test,0,-0.8446183472451033,0.01779810016998658,0
features_0:1611,features_0.npy,1611,test,0,-0.933054680482201,0.010523151126296818,0
features_0:1621,features_0.npy,1621,test,0,-1.1924222488953073,0.002284309247359371,0
features_0:1624,features_0.npy,1624,test,0,-0.7059826670322364,0.023641224056992975,0
features_0:1625,features_0.npy,1625,test,0,-1.058905074277531,0.003714228620756141,0
features_0:1628,features_0.npy,1628,test,0,-1.0344485994524104,0.005132143554540004,0
features_0:1637,features_0.npy,1637,test,0,-0.754987829646571,0.021874105874305706,0
features_0:1638,features_0.npy,1638,test,0,0.6868103507758949,0.9606713700052468,1
features_0:1650,features_0.npy,1650,test,0,-1.0486191053229492,0.005531318159579236,0
features_0:1651,features_0.npy,1651,test,0,-0.032288009631400084,0.483133109846208,0
features_0:1653,features_0.npy,1653,test,0,-0.36654047222272285,0.13998544405257357,0
features_1:11,features_1.npy,11,test,1,2.19537278516221,0.9999800525901806,1
features_1:13,features_1.npy,13,test,1,1.81569991192575,0.9998595100935193,1
features_1:18,features_1.npy,18,test,1,1.7951070128791689,0.9998574312505871,1
features_1:21,features_1.npy,21,test,1,1.5051322222100911,0.9992684153230993,1
features_1:34,features_1.npy,34,test,1,1.2684412930167646,0.9973881314889141,1
features_1:35,features_1.npy,35,test,1,0.8854263497432605,0.9828224741164917,1
features_1:38,features_1.npy,38,test,1,1.8575980024361662,0.9998654478764127,1
features_1:42,features_1.npy,42,test,1,0.06373409642757155,0.4990058672136299,0
features_1:49,features_1.npy,49,test,1,1.5908116030194974,0.9993437293352996,1
features_1:72,features_1.npy,72,test,1,1.3056374200638143,0.9977497824129296,1
features_1:91,features_1.npy,91,test,1,0.7102295638089376,0.9668817697857838,1
features_1:128,features_1.npy,128,test,1,2.0307287245875245,0.9999574412275928,1
features_1:133,features_1.npy,133,test,1,1.08861540654095,0.9940562584814042,1
features_1:142,features_1.npy,142,test,1,1.449339155497731,0.9991650684062201,1
features_1:148,features_1.npy,148,test,1,1.5802390929184655,0.9995307349155669,1
features_1:151,features_1.npy,151,test,1,0.34922403445638867,0.7826491589988663,1
features_1:158,features_1.npy,158,test,1,1.1464032696388409,0.9967745216465094,1
features_1:159,features_1.npy,159,test,1,1.707834583602329,0.9996011533326982,1
features_1:165,features_1.npy,165,test,1,1.7862950816273295,0.9998400214970291,1
features_1:185,features_1.npy,185,test,1,1.0212519981367165,0.9943851183161836,1
features_1:207,features_1.npy,207,test,1,0.34256688531302304,0.6868718927288219,1
features_1:216,features_1.npy,216,test,1,1.6778874262781704,0.9996245121031985,1
features_1:237,features_1.npy,237,test,1,1.5704093871947669,0.9996038787281936,1
features_1:252,features_1.npy,252,test,1,1.417905997726893,0.9986418925473588,1
features_1:261,features_1.npy,261,test,1,0.9723927150862197,0.9892626805254554,1
features_1:262,features_1.npy,262,test,1,2.3472574729524913,0.9999871758773375,1
features_1:269,features_1.npy,269,test,1,1.7683280538103356,0.9998314684140848,1
features_1:281,features_1.npy,281,test,1,1.4748116562417044,0.9992027760336271,1
features_1:284,features_1.npy,284,test,1,1.4423287683380877,0.9985478202805449,1
features_1:285,features_1.npy,285,test,1,1.7869267963330728,0.9998285347710485,1
features_1:287,features_1.npy,287,test,1,1.0108339922603464,0.9928005837967244,1
features_1:294,features_1.npy,294,test,1,1.0034414170840225,0.9919288906097699,1
features_1:306,features_1.npy,306,test,1,1.7320753074090047,0.9997769251280826,1
features_1:311,features_1.npy,311,test,1,1.261240173775539,0.997626299341564,1
features_1:316,features_1.npy,316,test,1,1.4053225265740175,0.997994875086435,1
features_1:320,features_1.npy,320,test,1,1.0716432368514142,0.9927802553615439,1
features_1:340,features_1.npy,340,test,1,1.529223677143399,0.9994511599057434,1
features_1:341,features_1.npy,341,test,1,1.6484478706724854,0.999629075515216,1
features_1:342,features_1.npy,342,test,1,1.5066557427627274,0.9992721830874057,1
features_1:348,features_1.npy,348,test,1,1.6149948835766206,0.9996129455587337,1
features_1:352,features_1.npy,352,test,1,0.06512358127538566,0.5664172419567872,0
features_1:360,features_1.npy,360,test,1,1.774240388263555,0.9997850125059753,1
features_1:372,features_1.npy,372,test,1,2.116045038643687,0.9999673219727665,1
features_1:380,features_1.npy,380,test,1,1.5760748185048383,0.9994366460704642,1
features_1:389,features_1.npy,389,test,1,1.6650645746989372,0.9996191227230675,1
features_1:394,features_1.npy,394,test,1,0.4437106698777573,0.8596339219490862,1
features_1:398,features_1.npy,398,test,1,0.2858822748855936,0.7778043024887022,1
features_1:406,features_1.npy,406,test,1,1.339297344345334,0.9986776397948702,1
features_1:409,features_1.npy,409,test,1,0.7388194969266161,0.9663088165837456,1
features_1:418,features_1.npy,418,test,1,1.3201065497851132,0.9983844305166165,1
features_1:424,features_1.npy,424,test,1,0.4664360063018149,0.888791564383585,1
features_1:444,features_1.npy,444,test,1,1.509646974904191,0.9994853836800411,1
features_1:445,features_1.npy,445,test,1,1.1189410251396645,0.9947167450436911,1
features_1:446,features_1.npy,446,test,1,1.0290566167988557,0.9924460735684715,1
features_1:452,features_1.npy,452,test,1,2.2338993189650425,0.9999788394693111,1
features_1:454,features_1.npy,454,test,1,0.5275761726331157,0.9231865125598036,1
features_1:459,features_1.npy,459,test,1,1.587331386293424,0.9995291458126259,1
features_1:469,features_1.npy,469,test,1,1.5129929813435163,0.9991932644587646,1
features_1:480,features_1.npy,480,test,1,0.8960025787528213,0.985842169388566,1
features_1:482,features_1.npy,482,test,1,0.989283462475528,0.9895963838617614,1
features_1:489,features_1.npy,489,test,1,0.9276267990206349,0.9877426380704083,1
features_1:503,features_1.npy,503,test,1,1.5850599838323847,0.9994628567191052,1
features_1:515,features_1.npy,515,test,1,2.07709047819727,0.999948563790443,1
features_1:520,features_1.npy,520,test,1,1.6516467251654319,0.9996367272210609,1
features_1:525,features_1.npy,525,test,1,1.605326416759064,0.9996105817634741,1
features_1:530,features_1.npy,530,test,1,1.9037269145660862,0.9998839883830598,1
features_1:536,features_1.npy,536,test,1,1.1726984087431274,0.9951164970230117,1
features_1:542,features_1.npy,542,test,1,0.7273582154353182,0.9687393274179431,1
features_1:553,features_1.npy,553,test,1,1.3992368752404032,0.9980885198701591,1
features_1:560,features_1.npy,560,test,1,1.860378817392204,0.9999162337329013,1
features_1:577,features_1.npy,577,test,1,1.3122788068199815,0.9978612930971027,1
features_1:587,features_1.npy,587,test,1,0.9478397833648524,0.9863638123064101,1
features_1:588,features_1.npy,588,test,1,-0.011412730090948368,0.42465663234966905,0
features_1:590,features_1.npy,590,test,1,1.8116484122627532,0.9998511315651182,1
features_1:591,features_1.npy,591,test,1,2.169066200955374,0.9999680787989809,1
features_1:593,features_1.npy,593,test,1,1.8155116117739145,0.9998693375367573,1
features_1:613,features_1.npy,613,test,1,1.751675879516921,0.9998124852617091,1
features_1:617,features_1.npy,617,test,1,1.600062897023752,0.9995631691557779,1
features_1:618,features_1.npy,618,test,1,1.3675501009175453,0.9985891099834898,1
features_1:620,features_1.npy,620,test,1,0.7051784628363286,0.960488863939001,1
features_1:626,features_1.npy,626,test,1,1.6398878258742813,0.9996367437035222,1
features_1:629,features_1.npy,629,test,1,1.4542035836171865,0.9986296759992717,1
features_1:630,features_1.npy,630,test,1,0.955385461563942,0.9882369742383785,1
features_1:634,features_1.npy,634,test,1,0.4834339494671381,0.9070021459127029,1
features_1:643,features_1.npy,643,test,1,1.0447097144071082,0.9934928352653797,1
features_1:649,features_1.npy,649,test,1,1.1051938277792888,0.9948747116662382,1
features_1:660,features_1.npy,660,test,1,-0.02229940732578601,0.45208600951800715,0
features_1:671,features_1.npy,671,test,1,0.025312490525294953,0.5037469998430156,0
features_1:672,features_1.npy,672,test,1,1.096618272367217,0.9945438664173126,1
features_1:686,features_1.npy,686,test,1,1.9376178981749377,0.9998383001327691,1
features_1:692,features_1.npy,692,test,1,0.9153476162332966,0.9884557302344097,1
features_1:699,features_1.npy,699,test,1,0.7894129033094407,0.975184301111501,1
features_1:707,features_1.npy,707,test,1,2.1113846026005847,0.9999583719517664,1
features_1:710,features_1.npy,710,test,1,0.8371924159122026,0.9805739017185825,1
features_1:714,features_1.npy,714,test,1,1.2984294663072768,0.9979421298805823,1
features_1:715,features_1.npy,715,test,1,1.612349038120587,0.9996086147568939,1
features_1:728,features_1.npy,728,test,1,0.18335585150691222,0.6927998819238452,1
features_1:743,features_1.npy,743,test,1,1.5715486605498916,0.9994827330712088,1
features_1:749,features_1.npy,749,test,1,0.18688118215096838,0.6990138570314858,1
features_1:762,features_1.npy,762,test,1,1.0715228011437603,0.9877987307725874,1
features_1:799,features_1.npy,799,test,1,0.35977821479583527,0.8155131463523431,1
features_1:827,features_1.npy,827,test,1,0.9681450539242135,0.9911050523625153,1
features_1:832,features_1.npy,832,test,1,1.1690384404781455,0.9960792084641996,1
features_1:850,features_1.npy,850,test,1,1.6868062066027858,0.999706074654658,1
features_1:856,features_1.npy,856,test,1,1.460363720093214,0.9993078151103848,1
features_1:858,features_1.npy,858,test,1,2.2109919142492362,0.9999751505547874,1
features_1:873,features_1.npy,873,test,1,-0.06668705098500134,0.45761653286130966,0
features_1:885,features_1.npy,885,test,1,0.7686118341846365,0.9734554936952335,1
features_1:890,features_1.npy,890,test,1,1.9798136721294932,0.9999355702243011,1
features_1:894,features_1.npy,894,test,1,1.2534835518290885,0.9971529779552126,1
features_1:899,features_1.npy,899,test,1,0.9036950719799983,0.9859480704728997,1
features_1:914,features_1.npy,914,test,1,0.6981664479858194,0.9616632096441793,1
features_1:916,features_1.npy,916,test,1,1.2789864230605816,0.9978264505233311,1
features_1:917,features_1.npy,917,test,1,1.3686326723930808,0.9981454859141909,1
features_1:918,features_1.npy,918,test,1,1.4111791961356341,0.9987569780547402,1
features_1:930,features_1.npy,930,test,1,0.6487314001316333,0.9433848826877622,1
features_1:933,features_1.npy,933,test,1,1.13074027927819,0.9945029353538996,1
features_1:935,features_1.npy,935,test,1,1.4462133771022565,0.9990714150165105,1
features_1:943,features_1.npy,943,test,1,1.1334639734351384,0.9967324262129775,1
features_1:951,features_1.npy,951,test,1,1.7734912032621812,0.9997446806985918,1
features_1:956,features_1.npy,956,test,1,1.25458388270402,0.9979324088146064,1
features_1:958,features_1.npy,958,test,1,0.7165670543272963,0.9685434207122816,1
features_1:968,features_1.npy,968,test,1,0.8945310995445699,0.9874812525970208,1
features_1:974,features_1.npy,974,test,1,0.6171225849663167,0.938487892356202,1
features_1:977,features_1.npy,977,test,1,1.329026440249233,0.998436180525738,1
features_1:983,features_1.npy,983,test,1,0.5773130733672109,0.8744902191721824,1
features_1:987,features_1.npy,987,test,1,1.165939517965442,0.996058306501452,1
features_1:988,features_1.npy,988,test,1,0.4272105012166516,0.8419987317604332,1
features_1:993,features_1.npy,993,test,1,1.421866977835125,0.9987006861267229,1
features_1:998,features_1.npy,998,test,1,1.1970935792540665,0.9958520686716037,1
features_1:1000,features_1.npy,1000,test,1,1.9755231659190915,0.9999437177163226,1
features_1:1004,features_1.npy,1004,test,1,0.11452132806748551,0.6057697684883699,1
features_1:1005,features_1.npy,1005,test,1,0.6538424849356955,0.9424998588598807,1
features_1:1009,features_1.npy,1009,test,1,1.144502298803166,0.9944002777713605,1
features_1:1013,features_1.npy,1013,test,1,1.5451751570198027,0.9993479596541377,1
features_1:1014,features_1.npy,1014,test,1,1.3739159000195866,0.9982055287931881,1
features_1:1016,features_1.npy,1016,test,1,0.14652453945175842,0.6880531136731178,1
features_1:1050,features_1.npy,1050,test,1,1.022599831245127,0.9923000604256303,1
features_1:1062,features_1.npy,1062,test,1,1.127725670404828,0.9963321352397603,1
features_1:1072,features_1.npy,1072,test,1,0.5951592059694683,0.93793604397503,1
features_1:1082,features_1.npy,1082,test,1,1.5889327646289666,0.9996388472666056,1
features_1:1083,features_1.npy,1083,test,1,0.37302040332637837,0.8264621655430844,1
features_1:1087,features_1.npy,1087,test,1,1.4420316429559226,0.9991324683236258,1
features_1:1093,features_1.npy,1093,test,1,0.5966269342192896,0.934755212647792,1
features_1:1098,features_1.npy,1098,test,1,1.6973990073387986,0.9997138884573346,1
features_1:1107,features_1.npy,1107,test,1,1.021951416456382,0.9915711956122616,1
features_1:1109,features_1.npy,1109,test,1,0.42667790816858225,0.8636485226301602,1
features_1:1111,features_1.npy,1111,test,1,0.8040648230081192,0.9830974246901736,1
features_1:1127,features_1.npy,1127,test,1,1.471279448087596,0.9992597203401588,1
features_1:1133,features_1.npy,1133,test,1,1.222266524374282,0.9971606982387071,1
features_1:1140,features_1.npy,1140,test,1,1.1282664306160175,0.9954671380481985,1
features_1:1141,features_1.npy,1141,test,1,0.2102658310284494,0.7175936502716465,1
features_1:1142,features_1.npy,1142,test,1,1.1777361387783802,0.9956396990353914,1
features_1:1147,features_1.npy,1147,test,1,0.8710407577599654,0.9846239383662025,1
features_1:1177,features_1.npy,1177,test,1,0.4876099738125076,0.8867127396886183,1
features_1:1184,features_1.npy,1184,test,1,0.6083127999855574,0.9537593032194944,1
features_1:1190,features_1.npy,1190,test,1,0.8888560551463774,0.985821747949123,1
features_1:1195,features_1.npy,1195,test,1,1.3540630123218378,0.9988053810346426,1
features_1:1198,features_1.npy,1198,test,1,0.34036211211550327,0.8220646414865673,1
features_1:1219,features_1.npy,1219,test,1,-0.15717722382548444,0.31489878501623536,0
features_1:1225,features_1.npy,1225,test,1,1.561182527059057,0.9994998341666476,1
features_1:1232,features_1.npy,1232,test,1,1.832783178116741,0.9998877303766152,1
features_1:1241,features_1.npy,1241,test,1,0.25810622096912333,0.7379777714904774,1
features_1:1243,features_1.npy,1243,test,1,0.37298997243023385,0.798989871430195,1
features_1:1244,features_1.npy,1244,test,1,1.4320273596081003,0.9989181239501445,1
features_1:1246,features_1.npy,1246,test,1,0.6187541203413307,0.9444509191350658,1
features_1:1249,features_1.npy,1249,test,1,1.7138797549775384,0.99976849342775,1
features_1:1250,features_1.npy,1250,test,1,0.6911953281087587,0.9556970389720452,1
features_1:1253,features_1.npy,1253,test,1,0.25995756887396065,0.7834010907960579,1
features_1:1259,features_1.npy,1259,test,1,1.2991523315884834,0.9977722305254874,1
features_1:1269,features_1.npy,1269,test,1,1.7604636433854803,0.9997636709428066,1
features_1:1273,features_1.npy,1273,test,1,0.9680648331325549,0.9898945202430024,1
features_1:1277,features_1.npy,1277,test,1,1.3323973665509807,0.9984581959005977,1
features_1:1286,features_1.npy,1286,test,1,0.7307471249268471,0.9695423363121479,1
features_1:1287,features_1.npy,1287,test,1,1.2501708298503769,0.9971436000354867,1
features_1:1291,features_1.npy,1291,test,1,1.7212072401832508,0.9997084009695406,1
features_1:1294,features_1.npy,1294,test,1,0.569447143214806,0.9361055910077323,1
features_1:1302,features_1.npy,1302,test,1,-0.2670128990964274,0.19411920379726144,0
features_1:1303,features_1.npy,1303,test,1,0.7830574986968336,0.9701093976062714,1
features_1:1312,features_1.npy,1312,test,1,1.4906666742009085,0.9993356486621922,1
features_1:1316,features_1.npy,1316,test,1,0.9020902304821226,0.9854833964182106,1
features_1:1317,features_1.npy,1317,test,1,0.8067068972795564,0.9727590704600884,1
features_1:1323,features_1.npy,1323,test,1,2.0362218650914494,0.9999626247758983,1
features_1:1333,features_1.npy,1333,test,1,0.14134646469056408,0.6192678720746074,1
features_1:1341,features_1.npy,1341,test,1,0.5512990925711031,0.9089523524810257,1
features_1:1347,features_1.npy,1347,test,1,1.166491787302159,0.996696229535195,1
features_1:1354,features_1.npy,1354,test,1,0.8643594112474097,0.9817045705656758,1
features_1:1355,features_1.npy,1355,test,1,1.0740093354323397,0.9940957674557138,1
features_1:1364,features_1.npy,1364,test,1,1.4511359357299611,0.9989932072049831,1
features_1:1367,features_1.npy,1367,test,1,0.7290367636461997,0.955067371154537,1
features_1:1368,features_1.npy,1368,test,1,1.022405512435868,0.9926840637067189,1
features_1:1376,features_1.npy,1376,test,1,0.8806841564578383,0.9787420170462291,1
features_1:1385,features_1.npy,1385,test,1,1.265570890219519,0.9969629456185476,1
features_1:1388,features_1.npy,1388,test,1,1.1941647350663223,0.9966852995829237,1
features_1:1390,features_1.npy,1390,test,1,0.783400294857357,0.9735434886034083,1
features_1:1394,features_1.npy,1394,test,1,0.7132927357589763,0.9677139685873632,1
features_1:1408,features_1.npy,1408,test,1,1.4896110616831453,0.9993755134993657,1
features_1:1415,features_1.npy,1415,test,1,1.8184269508036095,0.9998230484062296,1
features_1:1423,features_1.npy,1423,test,1,1.8158667136142428,0.9998823380508416,1
features_1:1439,features_1.npy,1439,test,1,1.5113513214109633,0.9991095468655447,1
features_1:1440,features_1.npy,1440,test,1,1.620798833796652,0.9995645489444822,1
features_1:1443,features_1.npy,1443,test,1,1.3652292817171552,0.9987119882497648,1
features_1:1447,features_1.npy,1447,test,1,1.5469841117891572,0.9993108482674119,1
features_1:1452,features_1.npy,1452,test,1,0.7618290928501964,0.9718092617954506,1
features_1:1453,features_1.npy,1453,test,1,0.6033693030875981,0.9440445055193202,1
features_1:1459,features_1.npy,1459,test,1,0.6743166746391267,0.9639572259142918,1
features_1:1465,features_1.npy,1465,test,1,1.2701491036509511,0.9970265236495752,1
features_1:1472,features_1.npy,1472,test,1,1.819161101698047,0.9998111384267929,1
features_1:1473,features_1.npy,1473,test,1,-0.3521301316453725,0.12095957178197696,0
features_1:1478,features_1.npy,1478,test,1,0.3281443193234417,0.8134245278715222,1
features_1:1482,features_1.npy,1482,test,1,0.27895391319952273,0.7650933163611059,1
features_1:1485,features_1.npy,1485,test,1,1.5443037817632936,0.9993751635982008,1
features_1:1489,features_1.npy,1489,test,1,0.3970090286660975,0.8523756052475908,1
features_1:1494,features_1.npy,1494,test,1,1.7946628184354245,0.999828378601463,1
features_1:1500,features_1.npy,1500,test,1,2.145680079382742,0.9999713773007738,1
features_1:1523,features_1.npy,1523,test,1,1.6332663361408406,0.9995145932969658,1
features_1:1525,features_1.npy,1525,test,1,1.1789936962918337,0.9960240522310165,1
features_1:1530,features_1.npy,1530,test,1,0.7952929394400237,0.9707130668342232,1
features_1:1540,features_1.npy,1540,test,1,0.8725893749545621,0.9794122374523543,1
features_1:1546,features_1.npy,1546,test,1,0.960475406956874,0.9881284715480667,1
features_1:1549,features_1.npy,1549,test,1,1.8861341596775125,0.9999024253665617,1
features_1:1555,features_1.npy,1555,test,1,1.464045895044744,0.9989881450073405,1
features_1:1559,features_1.npy,1559,test,1,1.36830660250171,0.9986607008811925,1
features_1:1567,features_1.npy,1567,test,1,0.3631490672141556,0.8496969701422019,1
features_1:1571,features_1.npy,1571,test,1,0.7082569006911935,0.9673210247827925,1
features_1:1579,features_1.npy,1579,test,1,1.8098018904756827,0.9998538987893084,1
features_1:1584,features_1.npy,1584,test,1,1.3032665976952051,0.9984051723197384,1
features_1:1587,features_1.npy,1587,test,1,1.6761759579370799,0.9997074953708225,1
features_1:1601,features_1.npy,1601,test,1,2.083279248175588,0.999968096024543,1
features_1:1606,features_1.npy,1606,test,1,1.7773466048458666,0.9998135210796365,1
features_1:1608,features_1.npy,1608,test,1,0.5879700668510868,0.9318631391109655,1
features_1:1631,features_1.npy,1631,test,1,1.4878006676346862,0.9991622906855164,1
features_1:1660,features_1.npy,1660,test,1,1.5182154474863072,0.9993091147885391,1
features_1:1661,features_1.npy,1661,test,1,0.4900297146666553,0.8555026901254752,1
features_1:1678,features_1.npy,1678,test,1,0.05545086078793122,0.5961365889340462,1
features_1:1679,features_1.npy,1679,test,1,1.8904886354923303,0.9999075654775786,1
features_1:1680,features_1.npy,1680,test,1,0.28226885903428955,0.7731451980302206,1
features_1:1682,features_1.npy,1682,test,1,1.2323695138582726,0.9964558719477006,1
features_1:1686,features_1.npy,1686,test,1,1.1813274088723744,0.9957912109117,1
features_1:1692,features_1.npy,1692,test,1,0.9808105117361711,0.9911415300573274,1
features_1:1693,features_1.npy,1693,test,1,1.0881462531860355,0.9921957111207043,1
features_1:1695,features_1.npy,1695,test,1,0.5242796394080808,0.9224658459841152,1
features_1:1698,features_1.npy,1698,test,1,1.355213550318098,0.9984977492556663,1
features_1:1699,features_1.npy,1699,test,1,1.871042355598647,0.9998752226598391,1
features_1:1708,features_1.npy,1708,test,1,1.4495223744750714,0.999120340708654,1
features_1:1709,features_1.npy,1709,test,1,1.2349639708266553,0.9971019853563596,1
features_1:1710,features_1.npy,1710,test,1,-0.03441622076465054,0.4228970061532989,0
features_1:1712,features_1.npy,1712,test,1,0.9079111499634988,0.9903390736491261,1
features_1:1735,features_1.npy,1735,test,1,0.04958617745525858,0.5444134317515119,0
features_1:1748,features_1.npy,1748,test,1,0.5515175561744732,0.929732187050638,1
features_1:1764,features_1.npy,1764,test,1,-0.3078746990877177,0.1829640921188289,0
features_1:1768,features_1.npy,1768,test,1,0.4038889501525849,0.8530571286443491,1
features_1:1776,features_1.npy,1776,test,1,1.7519851477197952,0.9998374045600071,1
features_1:1799,features_1.npy,1799,test,1,1.2063619565835773,0.9968552468970028,1
features_1:1822,features_1.npy,1822,test,1,1.4995104225570726,0.9992412735418299,1
features_1:1823,features_1.npy,1823,test,1,1.2997209801862428,0.9974838673666138,1
features_1:1826,features_1.npy,1826,test,1,0.9055063826501948,0.9856104604670122,1
features_1:1827,features_1.npy,1827,test,1,1.3607331632289965,0.9982042744978525,1
features_1:1829,features_1.npy,1829,test,1,1.304363988116043,0.9984752423391157,1
features_1:1836,features_1.npy,1836,test,1,1.052727730938615,0.9931167141528163,1
features_1:1845,features_1.npy,1845,test,1,1.0119454828804197,0.9922354968640757,1
features_1:1852,features_1.npy,1852,test,1,1.994447237054578,0.9999418614844044,1
features_1:1855,features_1.npy,1855,test,1,1.0267849999161638,0.989905670675963,1
features_1:1858,features_1.npy,1858,test,1,1.7907456012879603,0.9998365362851308,1
features_1:1863,features_1.npy,1863,test,1,0.3715888913753541,0.8282252532126577,1
features_1:1865,features_1.npy,1865,test,1,1.5291851347698784,0.9991613792225451,1
features_1:1870,features_1.npy,1870,test,1,-0.0008479792241499386,0.43341048883628375,0
features_1:1873,features_1.npy,1873,test,1,0.8221692631403287,0.9879855992808597,1
features_1:1875,features_1.npy,1875,test,1,1.2626356022707554,0.9966861319670464,1
features_1:1906,features_1.npy,1906,test,1,0.6840705610325449,0.957354636003007,1
features_1:1909,features_1.npy,1909,test,1,1.1483128801360634,0.9957036110837418,1
features_1:1913,features_1.npy,1913,test,1,0.6653623068941846,0.9384911359235477,1
features_1:1925,features_1.npy,1925,test,1,0.30755940096175927,0.6781082982560159,1
features_1:1928,features_1.npy,1928,test,1,1.5613506420021452,0.9995344054859021,1
features_1:1934,features_1.npy,1934,test,1,0.7638537990186309,0.9723763614291159,1
features_1:1956,features_1.npy,1956,test,1,1.076944113102913,0.9941956873662823,1
features_1:1961,features_1.npy,1961,test,1,0.5264483334546493,0.9176303236158848,1
features_1:1965,features_1.npy,1965,test,1,0.7260380867020968,0.9740576406314025,1
features_1:1968,features_1.npy,1968,test,1,1.0301679086320699,0.9909261406146704,1
features_1:1969,features_1.npy,1969,test,1,0.9376020634562634,0.9896319484274138,1
features_1:1974,features_1.npy,1974,test,1,0.9779965992663573,0.9895584317313929,1
features_1:1976,features_1.npy,1976,test,1,1.581409892217817,0.9996030926392809,1
features_1:1977,features_1.npy,1977,test,1,0.7709082755590198,0.9803074204367178,1
features_1:1982,features_1.npy,1982,test,1,-0.17675068217142906,0.29229843191919624,0
features_1:1985,features_1.npy,1985,test,1,0.4413681337824822,0.9025631772432442,1
features_1:1986,features_1.npy,1986,test,1,0.6366843252326994,0.9371642778539945,1
features_1:1989,features_1.npy,1989,test,1,0.4482064612606568,0.8789822772406662,1
features_1:1990,features_1.npy,1990,test,1,0.3514470413590054,0.8117191187517985,1
features_1:1999,features_1.npy,1999,test,1,0.6218763195012248,0.9392267241540578,1
features_1:2000,features_1.npy,2000,test,1,1.6522081892065719,0.9996584537960865,1
features_1:2006,features_1.npy,2006,test,1,0.2824011381614368,0.7537964733494138,1
features_1:2009,features_1.npy,2009,test,1,1.9150820721628543,0.9998963605036467,1
features_1:2013,features_1.npy,2013,test,1,0.4383834039588416,0.8689289682412342,1
features_1:2014,features_1.npy,2014,test,1,2.016498682890525,0.9999517952350209,1
features_1:2016,features_1.npy,2016,test,1,0.8788006512600408,0.9819923374450112,1
features_1:2017,features_1.npy,2017,test,1,0.5825181695957562,0.9223248554558555,1
features_1:2018,features_1.npy,2018,test,1,0.6376240801520344,0.9430379342170585,1
features_1:2032,features_1.npy,2032,test,1,0.9042837486650981,0.9890228349330379,1
features_1:2033,features_1.npy,2033,test,1,-0.08446421326975265,0.3782416119380342,0
features_1:2035,features_1.npy,2035,test,1,0.8807110846401633,0.9875806266126437,1
features_1:2040,features_1.npy,2040,test,1,1.915901847965394,0.9998943297512255,1
features_1:2043,features_1.npy,2043,test,1,1.607763412872531,0.9996625566997064,1
features_1:2051,features_1.npy,2051,test,1,0.21523322015020116,0.6853999213820601,1
features_1:2054,features_1.npy,2054,test,1,1.005459359969719,0.9905681291044411,1
features_1:2057,features_1.npy,2057,test,1,1.4498866607860266,0.9990883173547335,1
features_1:2061,features_1.npy,2061,test,1,1.334865203742428,0.9981667864411948,1
features_1:2068,features_1.npy,2068,test,1,1.4406802876185485,0.9989920656730329,1
features_1:2070,features_1.npy,2070,test,1,1.5107499639078046,0.9993216665444873,1
features_1:2096,features_1.npy,2096,test,1,-0.648398738294442,0.041627473696859124,0
features_1:2099,features_1.npy,2099,test,1,1.5063142810939787,0.9992721826734478,1
features_1:2113,features_1.npy,2113,test,1,2.118588620497178,0.9999568431369426,1
features_1:2122,features_1.npy,2122,test,1,0.025660142244254253,0.530862453854808,0
features_1:2126,features_1.npy,2126,test,1,1.646313107884683,0.9995980846970909,1
features_1:2128,features_1.npy,2128,test,1,1.5079072415913122,0.9990758429517003,1
features_1:2132,features_1.npy,2132,test,1,1.3001508147773704,0.9968738783870625,1
features_1:2134,features_1.npy,2134,test,1,1.1771787585818374,0.9952183953824502,1
features_1:2139,features_1.npy,2139,test,1,0.8208967633163062,0.9730149064051323,1
features_1:2140,features_1.npy,2140,test,1,2.060458553903772,0.9999512265214003,1
features_1:2146,features_1.npy,2146,test,1,0.9236918373088805,0.9875787488713799,1
features_1:2147,features_1.npy,2147,test,1,1.6210995055625486,0.9995661946827015,1
features_1:2163,features_1.npy,2163,test,1,0.8197905499270226,0.9824103541657632,1
features_1:2174,features_1.npy,2174,test,1,0.9241804270734205,0.9887268600512413,1
features_1:2204,features_1.npy,2204,test,1,1.0089591648782767,0.9910987303764675,1
features_1:2214,features_1.npy,2214,test,1,0.8943026382468834,0.9856291106665525,1
features_1:2217,features_1.npy,2217,test,1,0.9569710370843122,0.9919236280981245,1
features_1:2219,features_1.npy,2219,test,1,1.4648997187465318,0.9991448681071743,1
features_1:2240,features_1.npy,2240,test,1,0.3005053522798429,0.7803045108981415,1
features_1:2241,features_1.npy,2241,test,1,1.0117582544030266,0.9894233034218649,1
features_1:2242,features_1.npy,2242,test,1,0.9173722320026488,0.9838817748929735,1
features_1:2246,features_1.npy,2246,test,1,1.1536204349629267,0.9943252795893711,1
features_1:2247,features_1.npy,2247,test,1,1.5501534801302077,0.9990483494288529,1
features_1:2252,features_1.npy,2252,test,1,1.74539179588619,0.9997754659487811,1
features_1:2253,features_1.npy,2253,test,1,0.3072620207001898,0.7742698378210727,1
features_1:2255,features_1.npy,2255,test,1,1.004441058469347,0.9882997436933053,1
features_1:2257,features_1.npy,2257,test,1,0.3377004795581478,0.837969501759394,1
features_1:2262,features_1.npy,2262,test,1,1.5909433176156063,0.9995992487387015,1
features_1:2264,features_1.npy,2264,test,1,0.5676113957533707,0.9432123739095729,1
features_1:2265,features_1.npy,2265,test,1,1.7356217775107776,0.9997554600263369,1
features_1:2266,features_1.npy,2266,test,1,0.8543583291701693,0.9688867100281893,1
features_1:2269,features_1.npy,2269,test,1,1.36372475847996,0.9985237330561475,1
features_1:2272,features_1.npy,2272,test,1,1.0920222783942033,0.9909136513257216,1
features_1:2301,features_1.npy,2301,test,1,1.3970932171912347,0.9987159853833253,1
features_1:2302,features_1.npy,2302,test,1,1.697752936634019,0.9998012131262739,1
features_1:2307,features_1.npy,2307,test,1,1.4648639827209295,0.999250904759996,1
features_1:2310,features_1.npy,2310,test,1,1.4554163413246701,0.9991393504098157,1
features_1:2314,features_1.npy,2314,test,1,0.3242914030777368,0.8336697411277925,1
features_1:2319,features_1.npy,2319,test,1,1.1418447804321405,0.9943037214462349,1
features_1:2335,features_1.npy,2335,test,1,1.6188824017048598,0.9995774900377029,1
features_1:2339,features_1.npy,2339,test,1,0.6423105814140574,0.9407019311033876,1
features_1:2350,features_1.npy,2350,test,1,1.5305083260403531,0.9994486082894338,1
features_1:2351,features_1.npy,2351,test,1,0.9905060095802446,0.9913948181422549,1
features_1:2357,features_1.npy,2357,test,1,0.7956047668989398,0.9760813477418347,1
features_1:2358,features_1.npy,2358,test,1,2.161270936737423,0.9999713960280532,1
features_1:2369,features_1.npy,2369,test,1,1.8370841605274333,0.999893043006419,1
features_1:2373,features_1.npy,2373,test,1,0.9634112599566383,0.9904154682519135,1
features_1:2376,features_1.npy,2376,test,1,1.1967516442790518,0.9965807684895708,1
features_1:2380,features_1.npy,2380,test,1,1.478758474415613,0.9991370664868059,1
