sample_id,source_file,source_index,label,split,y_true,raw_score,probability,y_pred
features_0:0,features_0.npy,0,0,train,0,-6.53898650353313,0.0014438654632095412,0
features_0:1,features_0.npy,1,0,test,0,-6.205465387150766,0.002014303658440772,0
features_0:2,features_0.npy,2,0,train,0,-6.380608056402248,0.0016912274437692746,0
features_0:3,features_0.npy,3,0,train,0,-6.342980108367541,0.0017559634202152514,0
features_0:4,features_0.npy,4,0,test,0,-5.4402750736583165,0.004319550296552049,0
features_0:5,features_0.npy,5,0,train,0,-4.105093724636957,0.016221013638031863,0
features_0:6,features_0.npy,6,0,train,0,-5.574841236263834,0.0037777520499173395,0
features_0:7,features_0.npy,7,0,train,0,-6.361471426526726,0.0017238471664395075,0
features_0:8,features_0.npy,8,0,test,0,-6.659106122551551,0.0012806499029988584,0
features_0:9,features_0.npy,9,0,train,0,-6.852997672280389,0.0010551699875942018,0
features_0:10,features_0.npy,10,0,train,0,-5.350163416002725,0.004724944057001409,0
features_0:11,features_0.npy,11,0,train,0,-6.380353498482383,0.0016916572855324586,0
features_0:12,features_0.npy,12,0,train,0,-4.329553618936677,0.013002143760216222,0
features_0:13,features_0.npy,13,0,validation,0,-6.259011407829225,0.0019094830723770716,0
features_0:14,features_0.npy,14,0,validation,0,1.48621501153429,0.8155094867429411,1
features_0:15,features_0.npy,15,0,train,0,-5.5725585379331255,0.0037863526793097866,0
features_0:16,features_0.npy,16,0,validation,0,-6.363893009226084,0.0017196849482956156,0
features_0:17,features_0.npy,17,0,validation,0,-5.386839893264367,0.004555564319654274,0
features_0:18,features_0.npy,18,0,train,0,-6.27120164548256,0.0018863909646519394,0
features_0:19,features_0.npy,19,0,test,0,-4.755290818784659,0.008532609538716044,0
features_0:20,features_0.npy,20,0,validation,0,-3.804774564239819,0.021779316352576638,0
features_0:21,features_0.npy,21,0,test,0,-5.462541154240029,0.004224835560025631,0
features_0:22,features_0.npy,22,0,test,0,-6.267767414934928,0.0018928681192122913,0
features_0:23,features_0.npy,23,0,train,0,-6.199090954910909,0.002027158599768002,0
features_0:24,features_0.npy,24,0,train,0,-5.435806440188837,0.004338812038496974,0
features_0:25,features_0.npy,25,0,train,0,-4.81346840524657,0.008054250883773883,0
features_0:26,features_0.npy,26,0,test,0,-6.073804230702323,0.00229710881916676,0
features_0:27,features_0.npy,27,0,train,0,-5.859369277122073,0.0028449258997782414,0
features_0:28,features_0.npy,28,0,train,0,-5.719812159899898,0.0032696016587613454,0
features_0:29,features_0.npy,29,0,train,0,-6.0505588971496005,0.0023510043258414726,0
features_0:30,features_0.npy,30,0,train,0,-6.437289391775265,0.0015981815109838773,0
features_0:31,features_0.npy,31,0,train,0,-5.877475231989622,0.0027940219431826416,0
features_0:32,features_0.npy,32,0,train,0,-6.217197781513478,0.001990855920680881,0
features_0:33,features_0.npy,33,0,train,0,-6.012607885891124,0.002441719946977061,0
features_0:34,features_0.npy,34,0,test,0,-6.5426110965951585,0.0014386490269707862,0
features_0:35,features_0.npy,35,0,test,0,-0.9510398055648475,0.27867575676488665,0
features_0:36,features_0.npy,36,0,train,0,-3.349961837287246,0.03389641386836155,0
features_0:37,features_0.npy,37,0,validation,0,-6.166665403347349,0.00209382775529184,0
features_0:38,features_0.npy,38,0,train,0,-6.969960055749962,0.0009388082511774321,0
features_0:39,features_0.npy,39,0,train,0,-6.13304018136899,0.002165275217879201,0
features_0:40,features_0.npy,40,0,validation,0,-5.96608972440673,0.002557690205913532,0
features_0:41,features_0.npy,41,0,train,0,-5.955690777247825,0.0025843571681854116,0
features_0:42,features_0.npy,42,0,train,0,-6.037703131379269,0.002381350959579102,0
features_0:43,features_0.npy,43,0,train,0,-5.188702661308939,0.005548285070480496,0
features_0:44,features_0.npy,44,0,train,0,-6.32777239794298,0.0017828237187225131,0
features_0:45,features_0.npy,45,0,train,0,-6.971093317374908,0.0009377459355499588,0
features_0:46,features_0.npy,46,0,validation,0,-5.459671117930364,0.004236926959996443,0
features_0:47,features_0.npy,47,0,train,0,-6.266527425860154,0.001895212259733544,0
features_0:48,features_0.npy,48,0,train,0,-5.849593221424247,0.0028727941540902585,0
features_0:49,features_0.npy,49,0,train,0,-5.633382756012969,0.003563711103575847,0
features_0:50,features_0.npy,50,0,validation,0,-6.372148214266301,0.0017055711456509942,0
features_0:51,features_0.npy,51,0,train,0,-5.444335468471028,0.0043021220788633276,0
features_0:52,features_0.npy,52,0,train,0,-6.309298905858198,0.0018160044266563096,0
features_0:53,features_0.npy,53,0,validation,0,-5.795591365716293,0.003031712362267891,0
features_0:54,features_0.npy,54,0,train,0,-4.429056496191726,0.011785189283811231,0
features_0:55,features_0.npy,55,0,train,0,-5.339467565474088,0.004775509951593666,0
features_0:56,features_0.npy,56,0,train,0,-6.162115096637259,0.0021033569378298652,0
features_0:57,features_0.npy,57,0,train,0,-5.516529696291381,0.004003679714197121,0
features_0:58,features_0.npy,58,0,train,0,-5.688684327537747,0.003372629213060168,0
features_0:59,features_0.npy,59,0,train,0,-5.644700751332575,0.003523745755408571,0
features_0:60,features_0.npy,60,0,train,0,-5.127830201646527,0.005894461463147383,0
features_0:61,features_0.npy,61,0,train,0,-6.315194851257031,0.0018053481390035665,0
features_0:62,features_0.npy,62,0,train,0,-6.426209509328784,0.0016159588630161167,0
features_0:63,features_0.npy,63,0,train,0,-5.500412612178027,0.004068465505053028,0
features_0:64,features_0.npy,64,0,test,0,-6.135804428189984,0.002159311034020853,0
features_0:65,features_0.npy,65,0,train,0,-6.588263652828373,0.0013745358970379444,0
features_0:66,features_0.npy,66,0,train,0,-5.887225453844544,0.00276698700107118,0
features_0:67,features_0.npy,67,0,train,0,-6.188034608414918,0.0020496497346916237,0
features_0:68,features_0.npy,68,0,train,0,-4.493223742882251,0.011060819518638087,0
features_0:69,features_0.npy,69,0,train,0,-5.901908120388773,0.002726767024084412,0
features_0:70,features_0.npy,70,0,train,0,-5.655663297707363,0.003485461400247248,0
features_0:71,features_0.npy,71,0,train,0,-5.937462501297068,0.0026317724013758237,0
features_0:72,features_0.npy,72,0,train,0,-4.366741768239371,0.012533447331030425,0
features_0:73,features_0.npy,73,0,train,0,-5.843751193939245,0.0028895775777604974,0
features_0:74,features_0.npy,74,0,train,0,-5.947317610257674,0.0026060306409338143,0
features_0:75,features_0.npy,75,0,train,0,-6.475192760206584,0.0015388301784504056,0
features_0:76,features_0.npy,76,0,train,0,-5.058200522639497,0.006316832452442309,0
features_0:77,features_0.npy,77,0,train,0,-5.607193330829516,0.0036579296279689965,0
features_0:78,features_0.npy,78,0,train,0,-6.121771798026713,0.0021897586259704473,0
features_0:79,features_0.npy,79,0,train,0,-5.262423570399233,0.005156006593718956,0
features_0:80,features_0.npy,80,0,train,0,-6.245163120629166,0.0019360585346447628,0
features_0:81,features_0.npy,81,0,train,0,-7.105339130978854,0.0008200383047404133,0
features_0:82,features_0.npy,82,0,train,0,-2.9916283234485768,0.04780551372696234,0
features_0:83,features_0.npy,83,0,train,0,-6.011669680160287,0.0024440062561542396,0
features_0:84,features_0.npy,84,0,train,0,-4.752086043504776,0.008559764056089662,0
features_0:85,features_0.npy,85,0,train,0,-6.235834360720271,0.0019541686065150036,0
features_0:86,features_0.npy,86,0,train,0,-6.766935682566291,0.0011498931690851909,0
features_0:87,features_0.npy,87,0,test,0,-6.413447019923243,0.001636680716493927,0
features_0:88,features_0.npy,88,0,train,0,-6.190184295770655,0.0020452573629986775,0
features_0:89,features_0.npy,89,0,train,0,-6.460339913284461,0.0015618208060191653,0
features_0:90,features_0.npy,90,0,train,0,-5.484212108893823,0.004134638747497674,0
features_0:91,features_0.npy,91,0,test,0,-5.442247766704719,0.004311074248084795,0
features_0:92,features_0.npy,92,0,train,0,-5.7431199651844365,0.003194516301816951,0
features_0:93,features_0.npy,93,0,test,0,-5.789826280697236,0.0030491874721952986,0
features_0:94,features_0.npy,94,0,train,0,-5.490947704264271,0.004106997066787206,0
features_0:95,features_0.npy,95,0,validation,0,-6.213284489909749,0.0019986463826185746,0
features_0:96,features_0.npy,96,0,train,0,-6.170995302665487,0.002084800151264594,0
features_0:97,features_0.npy,97,0,train,0,-6.237129134925142,0.0019516449715985466,0
features_0:98,features_0.npy,98,0,validation,0,-6.15567323711723,0.002116921427815374,0
features_0:99,features_0.npy,99,0,train,0,-5.246772087376747,0.005236914642646554,0
features_0:100,features_0.npy,100,0,train,0,-6.438803462241711,0.0015957674409286416,0
features_0:101,features_0.npy,101,0,train,0,-5.380408729215668,0.004584821555146284,0
features_0:102,features_0.npy,102,0,train,0,-5.616160053417031,0.003625394981961588,0
features_0:103,features_0.npy,103,0,validation,0,-6.041895159726735,0.002371412787035939,0
features_0:104,features_0.npy,104,0,train,0,-4.903361606245246,0.007366918351474473,0
features_0:105,features_0.npy,105,0,train,0,-6.234260288192773,0.0019572410066090967,0
features_0:106,features_0.npy,106,0,train,0,-6.145270860737963,0.0021390100258771127,0
features_0:107,features_0.npy,107,0,train,0,-6.131554739064985,0.002168487019467031,0
features_0:108,features_0.npy,108,0,train,0,-5.481361576940544,0.0041463925426379385,0
features_0:109,features_0.npy,109,0,train,0,-5.675488150567627,0.0034172768776631634,0
features_0:110,features_0.npy,110,0,train,0,-6.165080316873144,0.002097142319385875,0
features_0:111,features_0.npy,111,0,train,0,-6.664167789166931,0.001274192296649766,0
features_0:112,features_0.npy,112,0,test,0,-6.304419497864165,0.0018248708969149274,0
features_0:113,features_0.npy,113,0,train,0,-6.29151506922452,0.0018485285985995685,0
features_0:114,features_0.npy,114,0,train,0,-6.455640141271688,0.0015691667383140619,0
features_0:115,features_0.npy,115,0,train,0,-4.4984063878359715,0.011004272688052529,0
features_0:116,features_0.npy,116,0,validation,0,-4.576793646079311,0.01018306821987911,0
features_0:117,features_0.npy,117,0,train,0,-6.205310598601222,0.0020146148455268175,0
features_0:118,features_0.npy,118,0,train,0,-6.165254901874574,0.0020967769893746545,0
features_0:119,features_0.npy,119,0,validation,0,-4.336587410352149,0.012912187008337035,0
features_0:120,features_0.npy,120,0,train,0,-5.2859029368392605,0.005036959641188531,0
features_0:121,features_0.npy,121,0,test,0,-6.247759617521771,0.0019310477800143925,0
features_0:122,features_0.npy,122,0,validation,0,-6.330535393057206,0.0017779133301941408,0
features_0:123,features_0.npy,123,0,train,0,-5.614867555644673,0.0036300668055888677,0
features_0:124,features_0.npy,124,0,train,0,-6.647018927481704,0.0012962031116347849,0
features_0:125,features_0.npy,125,0,train,0,-5.611981694552841,0.003640519611958123,0
features_0:126,features_0.npy,126,0,train,0,-5.033169280587685,0.006475909295276947,0
features_0:127,features_0.npy,127,0,test,0,-6.355302820710119,0.0017344952641305251,0
features_0:128,features_0.npy,128,0,train,0,-5.923521422920241,0.0026686204899377605,0
features_0:129,features_0.npy,129,0,train,0,-4.466089326397255,0.011361600764749579,0
features_0:130,features_0.npy,130,0,validation,0,-6.613310601221464,0.0013405811275797582,0
features_0:131,features_0.npy,131,0,train,0,-6.329941695368013,0.0017789673082945314,0
features_0:132,features_0.npy,132,0,train,0,-6.011345103042207,0.0024447977137179587,0
features_0:133,features_0.npy,133,0,train,0,-4.913294036443302,0.007294640251028217,0
features_0:134,features_0.npy,134,0,validation,0,-5.788901386285701,0.0030520003420718505,0
features_0:135,features_0.npy,135,0,train,0,-5.505228372134733,0.004048998993471813,0
features_0:136,features_0.npy,136,0,train,0,-6.348187202404417,0.0017468596485811494,0
features_0:137,features_0.npy,137,0,train,0,-5.599238326990171,0.003687036804045877,0
features_0:138,features_0.npy,138,0,train,0,-5.327158957276753,0.0048343671510292195,0
features_0:139,features_0.npy,139,0,train,0,-6.1468958377369685,0.002135544423124589,0
features_0:140,features_0.npy,140,0,train,0,-6.239269293507987,0.0019474807338114223,0
features_0:141,features_0.npy,141,0,train,0,-5.077818763821051,0.006194875215428946,0
features_0:142,features_0.npy,142,0,train,0,-5.551809544847133,0.003865429550842036,0
features_0:143,features_0.npy,143,0,validation,0,-5.027919310950832,0.0065097751204761835,0
features_0:144,features_0.npy,144,0,train,0,-6.852970154027316,0.001055198993788837,0
features_0:145,features_0.npy,145,0,train,0,-3.5550283439767845,0.027786413427900815,0
features_0:146,features_0.npy,146,0,validation,0,-6.375423684316776,0.001700003219358655,0
features_0:147,features_0.npy,147,0,train,0,-6.111613950275235,0.002212065761644193,0
features_0:148,features_0.npy,148,0,train,0,-6.397527469821569,0.001662900761829288,0
features_0:149,features_0.npy,149,0,validation,0,-6.364162059358121,0.0017192231244155566,0
features_0:150,features_0.npy,150,0,test,0,-5.721953457231777,0.0032626307777768246,0
features_0:151,features_0.npy,151,0,validation,0,-5.707314705943908,0.003310583630636219,0
features_0:152,features_0.npy,152,0,test,0,-6.06770101647979,0.0023111389356512964,0
features_0:153,features_0.npy,153,0,validation,0,-3.384676748250598,0.03277780147962057,0
features_0:154,features_0.npy,154,0,validation,0,-6.3850049167637675,0.0016838201702064205,0
features_0:155,features_0.npy,155,0,train,0,-6.317832537846834,0.0018006010342257125,0
features_0:156,features_0.npy,156,0,train,0,-5.8286510159077505,0.0029334128468799796,0
features_0:157,features_0.npy,157,0,validation,0,-5.833883242435033,0.0029181493208756694,0
features_0:158,features_0.npy,158,0,train,0,-6.041400676153877,0.0023725829188359715,0
features_0:159,features_0.npy,159,0,test,0,-5.960369275601295,0.0025723255261424476,0
features_0:160,features_0.npy,160,0,validation,0,-6.289753749502837,0.0018517812830222394,0
features_0:161,features_0.npy,161,0,test,0,-6.295744074186517,0.0018407420281951626,0
features_0:162,features_0.npy,162,0,train,0,-6.394349284137116,0.0016681853461001086,0
features_0:163,features_0.npy,163,0,train,0,-5.976222085841423,0.002531970900142672,0
features_0:164,features_0.npy,164,0,train,0,-5.910472885358846,0.002703575501755215,0
features_0:165,features_0.npy,165,0,train,0,-6.4627221513223985,0.001558110395532474,0
features_0:166,features_0.npy,166,0,test,0,-5.837477637932587,0.0029077096104753943,0
features_0:167,features_0.npy,167,0,train,0,-6.334051400237598,0.0017716842064725426,0
features_0:168,features_0.npy,168,0,train,0,-5.543098286275495,0.003899117532437617,0
features_0:169,features_0.npy,169,0,train,0,-4.876025903969184,0.007569530543787538,0
features_0:170,features_0.npy,170,0,train,0,-5.921084174021474,0.0026751150943612797,0
features_0:171,features_0.npy,171,0,train,0,-6.566836968532155,0.0014042636318027876,0
features_0:172,features_0.npy,172,0,train,0,-5.2384095408599585,0.005280659980308557,0
features_0:173,features_0.npy,173,0,train,0,-5.766251501533528,0.003121698349268591,0
features_0:174,features_0.npy,174,0,train,0,-4.101530595083307,0.016277971798241794,0
features_0:175,features_0.npy,175,0,train,0,-5.5519990060891375,0.0038647001011714328,0
features_0:176,features_0.npy,176,0,train,0,-4.827619431156268,0.007941976437734791,0
features_0:177,features_0.npy,177,0,train,0,-5.960491186207239,0.002572012758011293,0
features_0:178,features_0.npy,178,0,train,0,-6.113691852824792,0.002207484212819198,0
features_0:179,features_0.npy,179,0,train,0,-4.865775030854082,0.007646927498408168,0
features_0:180,features_0.npy,180,0,validation,0,-6.045006520917922,0.002364063347451445,0
features_0:181,features_0.npy,181,0,train,0,-6.252869792013937,0.0019212238698517992,0
features_0:182,features_0.npy,182,0,train,0,-5.0311731242521125,0.006488765169748045,0
features_0:183,features_0.npy,183,0,train,0,-6.088982247483348,0.0022625848149754593,0
features_0:184,features_0.npy,184,0,train,0,-5.695807775764973,0.003348769997666347,0
features_0:185,features_0.npy,185,0,train,0,-4.756417881484017,0.008523080088566183,0
features_0:186,features_0.npy,186,0,validation,0,-5.864167677093651,0.002831346065183096,0
features_0:187,features_0.npy,187,0,validation,0,-3.8904330214726075,0.020027208735842413,0
features_0:188,features_0.npy,188,0,train,0,-5.187121038274209,0.005557018506152827,0
features_0:189,features_0.npy,189,0,test,0,-5.821602391680675,0.0029541011174632203,0
features_0:190,features_0.npy,190,0,validation,0,-6.154829157152424,0.0021187052457057125,0
features_0:191,features_0.npy,191,0,train,0,-6.392423514562657,0.001671395607377585,0
features_0:192,features_0.npy,192,0,train,0,-6.732754183371541,0.0011898301395500018,0
features_0:193,features_0.npy,193,0,train,0,-5.356216534558578,0.004696563716651017,0
features_0:194,features_0.npy,194,0,train,0,-6.369166189473185,0.0017106560785319176,0
features_0:195,features_0.npy,195,0,train,0,-5.552985251757424,0.003860905145133322,0
features_0:196,features_0.npy,196,0,train,0,-6.237072106632976,0.0019517560565171961,0
features_0:197,features_0.npy,197,0,test,0,-4.844024419474945,0.007813761008361876,0
features_0:198,features_0.npy,198,0,train,0,-6.075508981955841,0.0022932051285732445,0
features_0:199,features_0.npy,199,0,train,0,-6.152640394933541,0.002123337808997199,0
features_0:200,features_0.npy,200,0,test,0,-6.467630970938599,0.0015504924843469045,0
features_0:201,features_0.npy,201,0,validation,0,-5.53098472575597,0.00394644942928198,0
features_0:202,features_0.npy,202,0,test,0,-6.431839251552222,0.0016069015688885565,0
features_0:203,features_0.npy,203,0,train,0,-6.438890348025964,0.001595629018669775,0
features_0:204,features_0.npy,204,0,train,0,-2.0886008848010635,0.11020970172215315,0
features_0:205,features_0.npy,205,0,test,0,-4.810955318076189,0.008074353734592005,0
features_0:206,features_0.npy,206,0,validation,0,-6.269555581959877,0.0018894927690910033,0
features_0:207,features_0.npy,207,0,validation,0,-6.099992480739048,0.0022378653106499714,0
features_0:208,features_0.npy,208,0,train,0,-6.650606362520776,0.0012915673931612835,0
features_0:209,features_0.npy,209,0,train,0,-6.200105143703234,0.0020251078817821256,0
features_0:210,features_0.npy,210,0,train,0,-6.269179041241384,0.0018902030289437786,0
features_0:211,features_0.npy,211,0,train,0,-4.742395656847636,0.008642394328183025,0
features_0:212,features_0.npy,212,0,train,0,-6.2618136362995855,0.0019041499291211348,0
features_0:213,features_0.npy,213,0,train,0,-5.458487010529249,0.0042419256138137695,0
features_0:214,features_0.npy,214,0,train,0,-3.7888303161406207,0.02212161090301197,0
features_0:215,features_0.npy,215,0,train,0,-6.812498251274557,0.00109873299219422,0
features_0:216,features_0.npy,216,0,test,0,-6.011200814744759,0.0024451496322654585,0
features_0:217,features_0.npy,217,0,validation,0,-5.917007384596861,0.0026860138828778924,0
features_0:218,features_0.npy,218,0,train,0,-6.649262237289187,0.0012933023420062867,0
features_0:219,features_0.npy,219,0,test,0,-5.716925097407766,0.003279023845259698,0
features_0:220,features_0.npy,220,0,train,0,-6.5017764537631715,0.001498521835854157,0
features_0:221,features_0.npy,221,0,train,0,-4.916915949282729,0.007268459177944959,0
features_0:222,features_0.npy,222,0,train,0,-6.733410981169384,0.001189049847225806,0
features_0:223,features_0.npy,223,0,train,0,-5.4888000024357435,0.004115790807918641,0
features_0:224,features_0.npy,224,0,train,0,-4.742982436383952,0.008637368424390618,0
features_0:225,features_0.npy,225,0,validation,0,-6.815844590117997,0.0010950664237822727,0
features_0:226,features_0.npy,226,0,train,0,-6.072976966591949,0.0022990055504548655,0
features_0:227,features_0.npy,227,0,train,0,-5.709224742873498,0.0033042872028837223,0
features_0:228,features_0.npy,228,0,train,0,-6.326276699924218,0.0017854875151271802,0
features_0:229,features_0.npy,229,0,test,0,-4.567292456003432,0.010279281298697356,0
features_0:230,features_0.npy,230,0,validation,0,-6.443974837571782,0.00158754949685752,0
features_0:231,features_0.npy,231,0,train,0,-4.890272964994079,0.007463250728964594,0
features_0:232,features_0.npy,232,0,train,0,-6.211544410793041,0.0020021202439914785,0
features_0:233,features_0.npy,233,0,train,0,-4.552138740303432,0.01043459906327377,0
features_0:234,features_0.npy,234,0,train,0,-6.169708431614782,0.002087479143181624,0
features_0:235,features_0.npy,235,0,train,0,-5.206068341108485,0.00545328798321856,0
features_0:236,features_0.npy,236,0,train,0,-4.345808128936228,0.012795190979156584,0
features_0:237,features_0.npy,237,0,train,0,-6.139332620356824,0.0021517223575912045,0
features_0:238,features_0.npy,238,0,train,0,-6.048795656761031,0.002355143596836197,0
features_0:239,features_0.npy,239,0,train,0,-6.3100637048339605,0.001814618598622743,0
features_0:240,features_0.npy,240,0,train,0,-5.588706045661027,0.0037259294790279772,0
features_0:241,features_0.npy,241,0,test,0,-6.060804009295068,0.0023270967510345005,0
features_0:242,features_0.npy,242,0,train,0,-5.532141916744439,0.0039419032663296286,0
features_0:243,features_0.npy,243,0,train,0,-4.765993511501929,0.00844254147481896,0
features_0:244,features_0.npy,244,0,train,0,-3.5439921571439337,0.028086107400665306,0
features_0:245,features_0.npy,245,0,test,0,-3.609442477007106,0.026353621390967783,0
features_0:246,features_0.npy,246,0,test,0,-6.109642617122669,0.0022164211065345205,0
features_0:247,features_0.npy,247,0,train,0,-5.5409552579142805,0.003907449726433323,0
features_0:248,features_0.npy,248,0,train,0,-5.458887850748639,0.004240232828524687,0
features_0:249,features_0.npy,249,0,train,0,-6.010163996258935,0.0024476799147997736,0
features_0:250,features_0.npy,250,0,train,0,-3.508892712073457,0.029060262523943448,0
features_0:251,features_0.npy,251,0,train,0,-4.777803351820963,0.008344249918312787,0
features_0:252,features_0.npy,252,0,validation,0,-6.058118261052469,0.0023333405445504236,0
features_0:253,features_0.npy,253,0,validation,0,-6.426900290458604,0.0016148447765752868,0
features_0:254,features_0.npy,254,0,train,0,-6.2007372626253545,0.0020238307671813956,0
features_0:255,features_0.npy,255,0,train,0,-5.931484355849819,0.002647510862506821,0
features_0:256,features_0.npy,256,0,train,0,-6.394048401348303,0.001668686512190729,0
features_0:257,features_0.npy,257,0,validation,0,-5.594917991014706,0.0037029413885952666,0
features_0:258,features_0.npy,258,0,train,0,-5.1065426480781255,0.006020521676640063,0
features_0:259,features_0.npy,259,0,train,0,-5.069829863015596,0.006244253405516496,0
features_0:260,features_0.npy,260,0,train,0,-6.385835259509085,0.0016824249539565325,0
features_0:261,features_0.npy,261,0,train,0,-6.617788724436991,0.0013345992558688213,0
features_0:262,features_0.npy,262,0,test,0,-4.374659726646454,0.012435829118006506,0
features_0:263,features_0.npy,263,0,test,0,-4.315221743343145,0.01318735551353048,0
features_0:264,features_0.npy,264,0,train,0,-2.887621514362861,0.052768879047547214,0
features_0:265,features_0.npy,265,0,train,0,-6.253300433597439,0.0019203982776007462,0
features_0:266,features_0.npy,266,0,train,0,-6.49121583321357,0.0015144069209169033,0
features_0:267,features_0.npy,267,0,train,0,-6.063678714633019,0.002320432140603009,0
features_0:268,features_0.npy,268,0,test,0,-4.084366871509089,0.016555108610970412,0
features_0:269,features_0.npy,269,0,test,0,-4.506669393845364,0.010914707322445838,0
features_0:270,features_0.npy,270,0,train,0,-5.984711283530159,0.0025106212120074452,0
features_0:271,features_0.npy,271,0,train,0,-6.522137882416257,0.0014683626768997155,0
features_0:272,features_0.npy,272,0,train,0,-6.2271671452368045,0.001971145887824954,0
features_0:273,features_0.npy,273,0,train,0,-6.3187150077714325,0.0017990156162046593,0
features_0:274,features_0.npy,274,0,train,0,-4.9988636905489034,0.006700409410003968,0
features_0:275,features_0.npy,275,0,train,0,-6.012911440380938,0.0024409806733776745,0
features_0:276,features_0.npy,276,0,test,0,-3.4453781049139516,0.030906993474675994,0
features_0:277,features_0.npy,277,0,train,0,-6.437195428343127,0.0015983314486256218,0
features_0:278,features_0.npy,278,0,train,0,-6.356637805376347,0.0017321852926981786,0
features_0:279,features_0.npy,279,0,validation,0,-5.657703612509819,0.003478381922695362,0
features_0:280,features_0.npy,280,0,train,0,-4.74164069461273,0.008648865020688679,0
features_0:281,features_0.npy,281,0,train,0,-6.002292263841925,0.0024669757097532333,0
features_0:282,features_0.npy,282,0,train,0,-5.755562111193415,0.0031551405372661507,0
features_0:283,features_0.npy,283,0,validation,0,-4.157857225818723,0.015400162729746081,0
features_0:284,features_0.npy,284,0,train,0,-6.072514517213829,0.002300066524076147,0
features_0:285,features_0.npy,285,0,train,0,-6.367960081055061,0.0017127170241001952,0
features_0:286,features_0.npy,286,0,train,0,-6.333272449125193,0.001773062351615923,0
features_0:287,features_0.npy,287,0,train,0,-6.253381633706957,0.0019202426468050056,0
features_0:288,features_0.npy,288,0,test,0,-6.220560184217736,0.001984186362764116,0
features_0:289,features_0.npy,289,0,train,0,-4.870548359966387,0.0076107903164592235,0
features_0:290,features_0.npy,290,0,train,0,-6.188052127791506,0.0020496139000186833,0
features_0:291,features_0.npy,291,0,train,0,-3.3698235011047273,0.03325198215637935,0
features_0:292,features_0.npy,292,0,train,0,-5.271617627366721,0.005109060312517314,0
features_0:293,features_0.npy,293,0,validation,0,-4.684399419574097,0.009153716668047134,0
features_0:294,features_0.npy,294,0,train,0,-6.411121443475951,0.0016404851205642536,0
features_0:295,features_0.npy,295,0,validation,0,-4.982526453185302,0.006810023075974949,0
features_0:296,features_0.npy,296,0,train,0,-5.924607043822528,0.0026657326704970816,0
features_0:297,features_0.npy,297,0,train,0,-6.10939106908846,0.002216977476835263,0
features_0:298,features_0.npy,298,0,train,0,-6.125450976836779,0.0021817344598303373,0
features_0:299,features_0.npy,299,0,train,0,-6.200212007236487,0.0020248919213452458,0
features_0:300,features_0.npy,300,0,train,0,-5.520687622654187,0.003987133505395294,0
features_0:301,features_0.npy,301,0,validation,0,-6.3110747383343435,0.001812788209691411,0
features_0:302,features_0.npy,302,0,train,0,-5.84296704186097,0.0028918377795551426,0
features_0:303,features_0.npy,303,0,train,0,-4.615019683537194,0.009804900487034852,0
features_0:304,features_0.npy,304,0,test,0,-6.189901996689953,0.002045833637397382,0
features_0:305,features_0.npy,305,0,train,0,-5.105067538017173,0.006029355576325297,0
features_0:306,features_0.npy,306,0,train,0,-4.32246448468643,0.013093434031608614,0
features_0:307,features_0.npy,307,0,train,0,-6.208062641478735,0.0020090892848742565,0
features_0:308,features_0.npy,308,0,train,0,-6.20671703790444,0.002011789099883513,0
features_0:309,features_0.npy,309,0,train,0,-5.632076371945469,0.003568353097699204,0
features_0:310,features_0.npy,310,0,train,0,-5.815878731067403,0.002971007492093951,0
features_0:311,features_0.npy,311,0,train,0,-5.8212926607393225,0.0029550135315093225,0
features_0:312,features_0.npy,312,0,train,0,-5.374242168435916,0.004613050661879743,0
features_0:313,features_0.npy,313,0,validation,0,-5.17294879223068,0.005635887639211036,0
features_0:314,features_0.npy,314,0,train,0,-5.726672597928608,0.0032473201174719616,0
features_0:315,features_0.npy,315,0,test,0,-5.675841641102906,0.003416073241911126,0
features_0:316,features_0.npy,316,0,train,0,-4.8272862615083865,0.007944601878943303,0
features_0:317,features_0.npy,317,0,test,0,-1.9669434498079847,0.12271756951765392,0
features_0:318,features_0.npy,318,0,train,0,-4.864089676499795,0.007659727347174719,0
features_0:319,features_0.npy,319,0,train,0,-6.111800211312032,0.002211654689516156,0
features_0:320,features_0.npy,320,0,validation,0,-6.6571901926466035,0.0012831027391601761,0
features_0:321,features_0.npy,321,0,train,0,-6.543792533384208,0.0014369527986240885,0
features_0:322,features_0.npy,322,0,train,0,-6.063689226997413,0.0023204078041049498,0
features_0:323,features_0.npy,323,0,train,0,-5.717657854434709,0.003276629867554237,0
features_0:324,features_0.npy,324,0,train,0,-6.603773787540966,0.0013534097718095291,0
features_0:325,features_0.npy,325,0,train,0,-6.3026752885497155,0.0018280508075328987,0
features_0:326,features_0.npy,326,0,train,0,-5.170618622087075,0.005648961256862624,0
features_0:327,features_0.npy,327,0,train,0,-6.627674886486839,0.001321487546179555,0
features_0:328,features_0.npy,328,0,train,0,-5.509287274434448,0.004032663950524297,0
features_0:329,features_0.npy,329,0,train,0,-5.19382254071456,0.005520107521602506,0
features_0:330,features_0.npy,330,0,test,0,-5.8265546691985435,0.0029395506518632816,0
features_0:331,features_0.npy,331,0,train,0,-5.04362219848996,0.006409001287308758,0
features_0:332,features_0.npy,332,0,train,0,-6.295260769023619,0.0018416302445552779,0
features_0:333,features_0.npy,333,0,train,0,-6.594271903788178,0.001366313350488564,0
features_0:334,features_0.npy,334,0,train,0,-5.062439019149287,0.0062902832993737764,0
features_0:335,features_0.npy,335,0,validation,0,-6.221087075329137,0.0019831432607083778,0
features_0:336,features_0.npy,336,0,train,0,-4.770601008575147,0.008404058123060843,0
features_0:337,features_0.npy,337,0,validation,0,-5.082705622761246,0.006164861761414731,0
features_0:338,features_0.npy,338,0,train,0,-4.780287046206148,0.008323723358604245,0
features_0:339,features_0.npy,339,0,train,0,-6.183689472035379,0.0020585567458723704,0
features_0:340,features_0.npy,340,0,validation,0,-6.567560134923439,0.0014032499071528458,0
features_0:341,features_0.npy,341,0,train,0,-6.348252684770212,0.0017467454636248378,0
features_0:342,features_0.npy,342,0,train,0,-6.601169798504993,0.0013569338401494741,0
features_0:343,features_0.npy,343,0,validation,0,-6.698560488676388,0.0012311674484939874,0
features_0:344,features_0.npy,344,0,train,0,-4.09949358482526,0.01631062260342174,0
features_0:345,features_0.npy,345,0,test,0,-5.7178706769387935,0.003275934885379723,0
features_0:346,features_0.npy,346,0,train,0,-2.777457280254646,0.058554568099137276,0
features_0:347,features_0.npy,347,0,train,0,-3.9421457994724505,0.01903708382748182,0
features_0:348,features_0.npy,348,0,train,0,-6.21592919089069,0.001993378066842341,0
features_0:349,features_0.npy,349,0,train,0,-3.467212463989395,0.030259671990224158,0
features_0:350,features_0.npy,350,0,train,0,-3.585559616066846,0.026973415975050298,0
features_0:351,features_0.npy,351,0,train,0,-5.3774519234461255,0.00459833561435092,0
features_0:352,features_0.npy,352,0,train,0,-2.6600500735503414,0.06537227392816869,0
features_0:353,features_0.npy,353,0,train,0,-6.093939110214654,0.0022514224311156903,0
features_0:354,features_0.npy,354,0,train,0,-6.24357595709681,0.001939127852625375,0
features_0:355,features_0.npy,355,0,train,0,-6.368622164908172,0.0017115853773507178,0
features_0:356,features_0.npy,356,0,validation,0,-6.091991586974537,0.0022558015004018987,0
features_0:357,features_0.npy,357,0,train,0,-4.6424617949039915,0.009542024198383417,0
features_0:358,features_0.npy,358,0,train,0,-6.316472292334281,0.0018030475411189256,0
features_0:359,features_0.npy,359,0,train,0,-6.137191801520451,0.0021563237960176953,0
features_0:360,features_0.npy,360,0,train,0,-5.294349103227615,0.004994807399067004,0
features_0:361,features_0.npy,361,0,train,0,-6.376122594978703,0.0016988175018375616,0
features_0:362,features_0.npy,362,0,train,0,-5.3250806584261,0.004844376135245274,0
features_0:363,features_0.npy,363,0,train,0,-6.116722563045595,0.002200818797443214,0
features_0:364,features_0.npy,364,0,train,0,-6.050404246236361,0.0023513670839354836,0
features_0:365,features_0.npy,365,0,train,0,-4.695280435602417,0.009055551913632153,0
features_0:366,features_0.npy,366,0,train,0,-5.579204642558321,0.003761365960281873,0
features_0:367,features_0.npy,367,0,train,0,-6.1961845769051225,0.0020330468634716203,0
features_0:368,features_0.npy,368,0,train,0,-6.99271027501473,0.0009177106555818806,0
features_0:369,features_0.npy,369,0,validation,0,-4.666308896143229,0.009319261850579401,0
features_0:370,features_0.npy,370,0,train,0,-5.765711572422333,0.0031233790343260046,0
features_0:371,features_0.npy,371,0,train,0,-6.087497086186581,0.0022659399950024986,0
features_0:372,features_0.npy,372,0,train,0,-6.46945082765501,0.0015476777392210608,0
features_0:373,features_0.npy,373,0,train,0,-6.4263234998722645,0.0016157749671007352,0
features_0:374,features_0.npy,374,0,train,0,-6.7921993433913785,0.001121238712913618,0
features_0:375,features_0.npy,375,0,train,0,-6.149540348644497,0.0021299164261739324,0
features_0:376,features_0.npy,376,0,train,0,-2.268874627909865,0.09373376636429158,0
features_0:377,features_0.npy,377,0,train,0,-4.61529468734471,0.0098022308997468,0
features_0:378,features_0.npy,378,0,test,0,-4.6674863731460405,0.009308397174832936,0
features_0:379,features_0.npy,379,0,test,0,-4.334376672175607,0.012940394251457264,0
features_0:380,features_0.npy,380,0,train,0,-5.479126709243289,0.004155630992171417,0
features_0:381,features_0.npy,381,0,train,0,-5.992614982556337,0.002490905461414029,0
features_0:382,features_0.npy,382,0,train,0,-5.4119431553250825,0.004443130046818214,0
features_0:383,features_0.npy,383,0,train,0,-5.687292304274831,0.003377311393749775,0
features_0:384,features_0.npy,384,0,test,0,-5.752978091184434,0.0031632782029257438,0
features_0:385,features_0.npy,385,0,validation,0,-6.484922471230951,0.0015239531148219744,0
features_0:386,features_0.npy,386,0,train,0,-1.0639465093460159,0.25655599426154546,0
features_0:387,features_0.npy,387,0,test,0,-6.117548370764761,0.0021990060894594853,0
features_0:388,features_0.npy,388,0,train,0,-6.017062247056951,0.0024308942123738935,0
features_0:389,features_0.npy,389,0,train,0,-6.7537063075394945,0.0011651887642811103,0
features_0:390,features_0.npy,390,0,train,0,-6.174702037704387,0.0020771026759967095,0
features_0:391,features_0.npy,391,0,test,0,-5.0612629447568285,0.006297638876056574,0
features_0:392,features_0.npy,392,0,validation,0,-5.87008335966232,0.0028146931700702305,0
features_0:393,features_0.npy,393,0,train,0,-5.232255798202163,0.0053130828084476354,0
features_0:394,features_0.npy,394,0,train,0,-5.805572782465975,0.003001692480993628,0
features_0:395,features_0.npy,395,0,train,0,-5.394202874090243,0.004522296103101689,0
features_0:396,features_0.npy,396,0,train,0,-6.024214155294603,0.0024136125141926497,0
features_0:397,features_0.npy,397,0,validation,0,-4.91396110872132,0.007289811282156222,0
features_0:398,features_0.npy,398,0,train,0,-6.461305220422718,0.0015603162479337507,0
features_0:399,features_0.npy,399,0,test,0,-5.048756421919194,0.006376389648759214,0
features_0:400,features_0.npy,400,0,test,0,-5.518764298787719,0.003994778770071399,0
features_0:401,features_0.npy,401,0,validation,0,-5.647477992117734,0.0035140073832385173,0
features_0:402,features_0.npy,402,0,validation,0,-6.1835645077138475,0.00205881347843849,0
features_0:403,features_0.npy,403,0,test,0,-4.546959377695371,0.010488215534083703,0
features_0:404,features_0.npy,404,0,train,0,-5.790600151419685,0.0030468358948574077,0
features_0:405,features_0.npy,405,0,train,0,-5.461991512080063,0.004227148527298865,0
features_0:406,features_0.npy,406,0,test,0,-6.513763346659098,0.0014806928825867043,0
features_0:407,features_0.npy,407,0,validation,0,-6.687813036059941,0.0012444541670956137,0
features_0:408,features_0.npy,408,0,train,0,-5.181144278579832,0.0055901447001457435,0
features_0:409,features_0.npy,409,0,train,0,-5.748618500610419,0.003177054996042986,0
features_0:410,features_0.npy,410,0,train,0,-6.5401924773847595,0.001442127758364689,0
features_0:411,features_0.npy,411,0,train,0,-5.263224429755035,0.005151900275523643,0
features_0:412,features_0.npy,412,0,train,0,-6.064621990693121,0.0023182494363269877,0
features_0:413,features_0.npy,413,0,train,0,-6.166603271146101,0.002093957581040864,0
features_0:414,features_0.npy,414,0,train,0,-6.084226946849804,0.002273345190576105,0
features_0:415,features_0.npy,415,0,train,0,-6.608808097600475,0.0013466225613681646,0
features_0:416,features_0.npy,416,0,train,0,-6.302272998183591,0.001828785017532736,0
features_0:417,features_0.npy,417,0,train,0,-6.504444905848989,0.001494534400886399,0
features_0:418,features_0.npy,418,0,test,0,-5.240250077503267,0.005271000853994193,0
features_0:419,features_0.npy,419,0,train,0,-5.958152074824755,0.0025780204960247875,0
features_0:420,features_0.npy,420,0,train,0,-6.457131199475001,0.001566832426054236,0
features_0:421,features_0.npy,421,0,train,0,-6.513076078225468,0.0014817093574833046,0
features_0:422,features_0.npy,422,0,train,0,-6.133178255857024,0.0021649769164679843,0
features_0:423,features_0.npy,423,0,train,0,-6.490531421991488,0.001515442181518848,0
features_0:424,features_0.npy,424,0,train,0,-5.738051147785619,0.003210697708315019,0
features_0:425,features_0.npy,425,0,train,0,-5.468083749081112,0.004201581897152236,0
features_0:426,features_0.npy,426,0,train,0,-6.034989010194056,0.002387807559644799,0
features_0:427,features_0.npy,427,0,train,0,-5.749595811055617,0.003173961394013246,0
features_0:428,features_0.npy,428,0,train,0,-6.229139959633232,0.001967268658751614,0
features_0:429,features_0.npy,429,0,train,0,-6.06826580332697,0.0023098370174984427,0
features_0:430,features_0.npy,430,0,train,0,-6.871456683852804,0.0010358912496773445,0
features_0:431,features_0.npy,431,0,validation,0,-6.312766408092153,0.0018097297082040734,0
features_0:432,features_0.npy,432,0,train,0,-5.247395227763774,0.005233669400061331,0
features_0:433,features_0.npy,433,0,train,0,-5.192508889109131,0.005527323677052574,0
features_0:434,features_0.npy,434,0,train,0,-6.438772159338585,0.0015958173141483285,0
features_0:435,features_0.npy,435,0,train,0,-6.2010609767214815,0.002023177055916738,0
features_0:436,features_0.npy,436,0,train,0,-5.741939844497487,0.0031982763775953776,0
features_0:437,features_0.npy,437,0,test,0,-5.153939308277748,0.005743426522030477,0
features_0:438,features_0.npy,438,0,train,0,-3.182033840072995,0.039847447122424634,0
features_0:439,features_0.npy,439,0,train,0,-5.834387326343481,0.0029166829887865035,0
features_0:440,features_0.npy,440,0,train,0,-6.350777119290658,0.0017423491534775098,0
features_0:441,features_0.npy,441,0,test,0,-6.903150329435277,0.0010036073290732982,0
features_0:442,features_0.npy,442,0,train,0,-6.025270198549808,0.0024110711226513174,0
features_0:443,features_0.npy,443,0,validation,0,-6.074711357200057,0.0022950307758676123,0
features_0:444,features_0.npy,444,0,train,0,-5.964020474705629,0.002562974606551969,0
features_0:445,features_0.npy,445,0,train,0,-6.221848878873627,0.001981636063097799,0
features_0:446,features_0.npy,446,0,train,0,-5.862725837210258,0.0028354197738062726,0
features_0:447,features_0.npy,447,0,train,0,-6.5026810642473585,0.0014971688988534842,0
features_0:448,features_0.npy,448,0,train,0,-5.0538813841450185,0.006344001272236161,0
features_0:449,features_0.npy,449,0,train,0,-4.671175850692735,0.009274435254920877,0
features_0:450,features_0.npy,450,0,train,0,-2.4225897898376245,0.0814662526029407,0
features_0:451,features_0.npy,451,0,train,0,-5.250358303946272,0.005218265395418297,0
features_0:452,features_0.npy,452,0,validation,0,-4.139093832558128,0.015687274224897695,0
features_0:453,features_0.npy,453,0,train,0,-6.333572750410939,0.0017725309222997097,0
features_0:454,features_0.npy,454,0,train,0,-5.861841320046341,0.0028379217401723424,0
features_0:455,features_0.npy,455,0,validation,0,-6.326172103621809,0.0017856739467848844,0
features_0:456,features_0.npy,456,0,train,0,-6.193554634853226,0.0020383897827626406,0
features_0:457,features_0.npy,457,0,train,0,-5.675904810278562,0.0034158581952825366,0
features_0:458,features_0.npy,458,0,train,0,-6.572418687346961,0.001396458176985588,0
features_0:459,features_0.npy,459,0,test,0,-6.295844514226591,0.0018405574935495797,0
features_0:460,features_0.npy,460,0,train,0,-6.569962433764902,0.0013998876407850017,0
features_0:461,features_0.npy,461,0,train,0,-5.752740596096168,0.0031640271778805096,0
features_0:462,features_0.npy,462,0,train,0,-6.427168683826827,0.0016144121207183366,0
features_0:463,features_0.npy,463,0,test,0,-6.222734951248941,0.0019798844426957736,0
features_0:464,features_0.npy,464,0,train,0,-6.452709332327668,0.0015737651638546173,0
features_0:465,features_0.npy,465,0,train,0,-6.6308006046105,0.0013173688304523208,0
features_0:466,features_0.npy,466,0,test,0,-4.592793113684747,0.010023060972284014,0
features_0:467,features_0.npy,467,0,train,0,-5.046360622749906,0.006391586753731027,0
features_0:468,features_0.npy,468,0,train,0,-6.034170333992824,0.002389758527765138,0
features_0:469,features_0.npy,469,0,validation,0,-6.333444628884241,0.0017727576335984452,0
features_0:470,features_0.npy,470,0,test,0,-5.868693173283048,0.0028185978026047925,0
features_0:471,features_0.npy,471,0,train,0,-6.247597218405081,0.0019313608002089427,0
features_0:472,features_0.npy,472,0,test,0,-5.829373990288973,0.0029312990453936117,0
features_0:473,features_0.npy,473,0,validation,0,-6.100100422319227,0.002237624305457245,0
features_0:474,features_0.npy,474,0,test,0,-6.2950341586351035,0.0018420468555568027,0
features_0:475,features_0.npy,475,0,train,0,-5.218704825652849,0.005385179918295346,0
features_0:476,features_0.npy,476,0,test,0,-5.620348025360643,0.003610298378982273,0
features_0:477,features_0.npy,477,0,train,0,-6.40508114635022,0.0016504077217644815,0
features_0:478,features_0.npy,478,0,train,0,-5.546660367516993,0.003885307133428737,0
features_0:479,features_0.npy,479,0,train,0,-5.513521105011626,0.004015694844522572,0
features_0:480,features_0.npy,480,0,train,0,-3.6961464000210613,0.02421792065635052,0
features_0:481,features_0.npy,481,0,train,0,-5.826426405588682,0.0029399266048890696,0
features_0:482,features_0.npy,482,0,train,0,-5.988711370871902,0.002500623629832278,0
features_0:483,features_0.npy,483,0,train,0,-6.745479259980313,0.001174803060331083,0
features_0:484,features_0.npy,484,0,test,0,-4.648115567524055,0.00948873844054093,0
features_0:485,features_0.npy,485,0,train,0,-4.535245869678823,0.010610480470711647,0
features_0:486,features_0.npy,486,0,train,0,-6.543618071897166,0.0014372031530874585,0
features_0:487,features_0.npy,487,0,validation,0,-6.398720049907322,0.001660922093435837,0
features_0:488,features_0.npy,488,0,validation,0,-2.6894039762226565,0.06360150610688808,0
features_0:489,features_0.npy,489,0,validation,0,-5.585757896952779,0.003736889172462474,0
features_0:490,features_0.npy,490,0,train,0,-5.756333910607603,0.0031527140154485106,0
features_0:491,features_0.npy,491,0,train,0,-5.083132750446304,0.006162245363410214,0
features_0:492,features_0.npy,492,0,test,0,-6.0546311669173125,0.0023414722408620836,0
features_0:493,features_0.npy,493,0,train,0,-4.35379796001415,0.012694659507166495,0
features_0:494,features_0.npy,494,0,train,0,-5.899921565454138,0.0027321744660429386,0
features_0:495,features_0.npy,495,0,train,0,-5.706042481795818,0.0033147841452843296,0
features_0:496,features_0.npy,496,0,test,0,-5.261075769036983,0.005162924648893203,0
features_0:497,features_0.npy,497,0,train,0,-5.632928222254452,0.0035653255222435664,0
features_0:498,features_0.npy,498,0,train,0,-5.803457864501557,0.003008028416007961,0
features_0:499,features_0.npy,499,0,train,0,-5.526425476731859,0.003964411860423495,0
features_0:500,features_0.npy,500,0,train,0,-6.235299986664423,0.001955211100292197,0
features_0:501,features_0.npy,501,0,train,0,-6.513028124268727,0.0014817803077247335,0
features_0:502,features_0.npy,502,0,validation,0,-4.109270040730255,0.016154502911248772,0
features_0:503,features_0.npy,503,0,train,0,-5.9904380962650965,0.0024963202348087807,0
features_0:504,features_0.npy,504,0,train,0,-6.245512064538666,0.0019353843839368156,0
features_0:505,features_0.npy,505,0,train,0,-5.991734637599444,0.0024930938135902716,0
features_0:506,features_0.npy,506,0,train,0,-5.835818538950546,0.0029125237304436277,0
features_0:507,features_0.npy,507,0,train,0,-6.444547920989736,0.0015866414023211406,0
features_0:508,features_0.npy,508,0,test,0,-6.717405214658924,0.0012082114461527862,0
features_0:509,features_0.npy,509,0,test,0,-6.064098734282785,0.0023194599782944752,0
features_0:510,features_0.npy,510,0,validation,0,-4.972293979820832,0.006879582337886333,0
features_0:511,features_0.npy,511,0,validation,0,-6.186300175678598,0.0020532004935896984,0
features_0:512,features_0.npy,512,0,validation,0,-3.999774519720057,0.01799019298690968,0
features_0:513,features_0.npy,513,0,train,0,-6.207580237249348,0.0020100567632482798,0
features_0:514,features_0.npy,514,0,train,0,-5.222444678018563,0.005365185605277977,0
features_0:515,features_0.npy,515,0,validation,0,-2.602877270011382,0.0689534735462258,0
features_0:516,features_0.npy,516,0,train,0,-6.354491738043231,0.001735900210764496,0
features_0:517,features_0.npy,517,0,validation,0,-6.5811504986840905,0.0013843344557313787,0
features_0:518,features_0.npy,518,0,train,0,-5.44943190582325,0.004280345969336514,0
features_0:519,features_0.npy,519,0,train,0,-6.238087238717669,0.0019497796327373178,0
features_0:520,features_0.npy,520,0,validation,0,-5.543560702191978,0.003897321960538977,0
features_0:521,features_0.npy,521,0,test,0,-5.205968250509134,0.005453830856423464,0
features_0:522,features_0.npy,522,0,train,0,-7.324959319449335,0.0006584526212040459,0
features_0:523,features_0.npy,523,0,train,0,-5.571934274846446,0.0037887081393630645,0
features_0:524,features_0.npy,524,0,validation,0,-2.2991174158268985,0.09119608263644159,0
features_0:525,features_0.npy,525,0,train,0,-6.208812172833934,0.0020075869957124942,0
features_0:526,features_0.npy,526,0,train,0,-5.2689763741763835,0.005122503254952001,0
features_0:527,features_0.npy,527,0,train,0,-2.832307385341003,0.05560310957070718,0
features_0:528,features_0.npy,528,0,train,0,-5.818094574365418,0.0029644509876618915,0
features_0:529,features_0.npy,529,0,train,0,-6.39360492649633,0.0016694254611261642,0
features_0:530,features_0.npy,530,0,train,0,-4.799920882113448,0.00816321171203183,0
features_0:531,features_0.npy,531,0,train,0,-6.395390762001875,0.0016664517661439278,0
features_0:532,features_0.npy,532,0,train,0,-5.207650558155752,0.005444713461714334,0
features_0:533,features_0.npy,533,0,train,0,-6.232431685905946,0.001960816272071111,0
features_0:534,features_0.npy,534,0,train,0,-5.93532504999287,0.0026373888509680574,0
features_0:535,features_0.npy,535,0,train,0,-5.507489756699015,0.00403988994368268,0
features_0:536,features_0.npy,536,0,train,0,-5.479641469466004,0.004153501271807986,0
features_0:537,features_0.npy,537,0,test,0,-4.67445558407292,0.009244348137440607,0
features_0:538,features_0.npy,538,0,train,0,-5.978284919291162,0.0025267664330836637,0
features_0:539,features_0.npy,539,0,train,0,-5.387138434510133,0.004554210691709199,0
features_0:540,features_0.npy,540,0,validation,0,-3.0061674367642386,0.04714802540108271,0
features_0:541,features_0.npy,541,0,train,0,-5.699292828105253,0.003337158550723203,0
features_0:542,features_0.npy,542,0,train,0,-5.227847833847666,0.0053364291266192465,0
features_0:543,features_0.npy,543,0,train,0,-5.438531832243676,0.004327054271440464,0
features_0:544,features_0.npy,544,0,train,0,-4.714847040468056,0.008881646135591423,0
features_0:545,features_0.npy,545,0,train,0,-5.1874434013725566,0.005555237367080144,0
features_0:546,features_0.npy,546,0,test,0,-6.858313064793024,0.0010495820957491372,0
features_0:547,features_0.npy,547,0,train,0,-6.301609183499756,0.0018299971725899793,0
features_0:548,features_0.npy,548,0,train,0,-5.131792140460808,0.005871291012918294,0
features_0:549,features_0.npy,549,0,train,0,-5.503613218580188,0.004055517489265963,0
features_0:550,features_0.npy,550,0,validation,0,-0.5726455252131034,0.3606266080820187,0
features_0:551,features_0.npy,551,0,train,0,-5.440483452565289,0.004318654173986715,0
features_0:552,features_0.npy,552,0,train,0,-6.112682072527217,0.0022097094846071294,0
features_0:553,features_0.npy,553,0,train,0,-6.440345028473956,0.0015933132713663598,0
features_0:554,features_0.npy,554,0,train,0,-6.555759937315397,0.0014198829657234818,0
features_0:555,features_0.npy,555,0,train,0,-5.454703916488438,0.004257935151369158,0
features_0:556,features_0.npy,556,0,test,0,-6.77052390578356,0.0011457792086058845,0
features_0:557,features_0.npy,557,0,train,0,-6.233593154560007,0.0019585446253550256,0
features_0:558,features_0.npy,558,0,train,0,-2.8092094821821765,0.05682853697522823,0
features_0:559,features_0.npy,559,0,test,0,-6.281263721328791,0.0018675404004385695,0
features_0:560,features_0.npy,560,0,train,0,-6.156607961052551,0.002114947798156474,0
features_0:561,features_0.npy,561,0,train,0,-4.856823745497613,0.007715154130024017,0
features_0:562,features_0.npy,562,0,validation,0,-6.316112752664505,0.001803694755303066,0
features_0:563,features_0.npy,563,0,test,0,-5.320598383315705,0.004866032800937845,0
features_0:564,features_0.npy,564,0,validation,0,-6.472421166613959,0.0015430945157719291,0
features_0:565,features_0.npy,565,0,test,0,-6.294551421087747,0.0018429346562241844,0
features_0:566,features_0.npy,566,0,train,0,-5.7560593544824314,0.0031535770011293348,0
features_0:567,features_0.npy,567,0,train,0,-6.0055440836465035,0.002458986272810203,0
features_0:568,features_0.npy,568,0,train,0,-5.193661311917848,0.005520992679565389,0
features_0:569,features_0.npy,569,0,test,0,-2.0940108466532092,0.10968029947018024,0
features_0:570,features_0.npy,570,0,train,0,-6.177937797313438,0.0020704064258361453,0
features_0:571,features_0.npy,571,0,train,0,-5.142140497828826,0.005811197344951144,0
features_0:572,features_0.npy,572,0,train,0,-6.258066736461975,0.0019112843093767578,0
features_0:573,features_0.npy,573,0,train,0,-6.255879549487783,0.0019154612044105894,0
features_0:574,features_0.npy,574,0,test,0,-5.45206728121735,0.004269128595508463,0
features_0:575,features_0.npy,575,0,train,0,-5.702439758543684,0.0033267081333375375,0
features_0:576,features_0.npy,576,0,train,0,-5.549068718744456,0.0038759974326612674,0
features_0:577,features_0.npy,577,0,test,0,-6.298847437932439,0.0018350488573804565,0
features_0:578,features_0.npy,578,0,train,0,-4.263489128525027,0.013877809749543212,0
features_0:579,features_0.npy,579,0,train,0,-5.888757997352211,0.0027627614274387466,0
features_0:580,features_0.npy,580,0,test,0,-5.788074357761944,0.0030545177643739713,0
features_0:581,features_0.npy,581,0,train,0,-6.41653547100873,0.0016316419408070868,0
features_0:582,features_0.npy,582,0,train,0,-5.678036842322679,0.0034086080316239166,0
features_0:583,features_0.npy,583,0,train,0,-6.124161426071725,0.00218454358191546,0
features_0:584,features_0.npy,584,0,train,0,-5.8399305966388715,0.0029006065227747215,0
features_0:585,features_0.npy,585,0,train,0,-5.346830112658755,0.004740645219050377,0
features_0:586,features_0.npy,586,0,validation,0,-5.8828332471093265,0.0027791330591850185,0
features_0:587,features_0.npy,587,0,train,0,-6.437083969566256,0.0015985093218351533,0
features_0:588,features_0.npy,588,0,train,0,-6.090260448960835,0.0022597011542087927,0
features_0:589,features_0.npy,589,0,train,0,-5.112773004640952,0.005983352025740067,0
features_0:590,features_0.npy,590,0,train,0,-6.452239854190779,0.0015745030220633014,0
features_0:591,features_0.npy,591,0,train,0,-6.34787791298215,0.0017473990731136139,0
features_0:592,features_0.npy,592,0,test,0,-6.0529392430882005,0.002345427887294261,0
features_0:593,features_0.npy,593,0,train,0,-5.843911430364633,0.002889115936871084,0
features_0:594,features_0.npy,594,0,train,0,-6.346044668492041,0.0017505998079162808,0
features_0:595,features_0.npy,595,0,train,0,-5.276613087428102,0.0050837312710875545,0
features_0:596,features_0.npy,596,0,train,0,-5.229815048847233,0.005325997399093163,0
features_0:597,features_0.npy,597,0,train,0,-5.801496398075821,0.003013916553007385,0
features_0:598,features_0.npy,598,0,train,0,-5.267797784789172,0.005128513161318526,0
features_0:599,features_0.npy,599,0,train,0,-2.680421127602849,0.0641385936501699,0
features_0:600,features_0.npy,600,0,test,0,-6.237505473211073,0.0019509120636978933,0
features_0:601,features_0.npy,601,0,train,0,-6.214828793732551,0.001995568402006093,0
features_0:602,features_0.npy,602,0,train,0,-5.230158382933132,0.005324178850621886,0
features_0:603,features_0.npy,603,0,train,0,-5.60734565553267,0.0036573745150676744,0
features_0:604,features_0.npy,604,0,train,0,-6.075649352724165,0.002292883990224154,0
features_0:605,features_0.npy,605,0,train,0,-5.440475122711236,0.0043186899925353565,0
features_0:606,features_0.npy,606,0,test,0,-6.214233562362341,0.001996754208005424,0
features_0:607,features_0.npy,607,0,train,0,-6.26950261051652,0.001889592671768425,0
features_0:608,features_0.npy,608,0,test,0,-5.987629522122911,0.0025033236143692937,0
features_0:609,features_0.npy,609,0,train,0,-6.414720067688833,0.0016346018730909264,0
features_0:610,features_0.npy,610,0,train,0,-3.956632232615094,0.018768430942032087,0
features_0:611,features_0.npy,611,0,train,0,-5.426294474292658,0.004380097945006767,0
features_0:612,features_0.npy,612,0,test,0,-3.101515072097274,0.04304480294538983,0
features_0:613,features_0.npy,613,0,train,0,-6.537319817566562,0.001446270456735533,0
features_0:614,features_0.npy,614,0,train,0,-5.0092336003182965,0.006631744201439504,0
features_0:615,features_0.npy,615,0,train,0,-4.629448402079592,0.009665801701145275,0
features_0:616,features_0.npy,616,0,train,0,-6.252164032682709,0.0019225776623302477,0
features_0:617,features_0.npy,617,0,train,0,-5.790772275844276,0.0030463131025689656,0
features_0:618,features_0.npy,618,0,train,0,-5.246875021602183,0.005236378435202048,0
features_0:619,features_0.npy,619,0,train,0,-6.212314091817366,0.002000582924616135,0
features_0:620,features_0.npy,620,0,train,0,-6.213877225985398,0.0019974644294686863,0
features_0:621,features_0.npy,621,0,train,0,-4.49053157675095,0.011090306514157775,0
features_0:622,features_0.npy,622,0,train,0,-6.398489659107522,0.0016613041628997093,0
features_0:623,features_0.npy,623,0,test,0,-5.455985386211814,0.004252505419584345,0
features_0:624,features_0.npy,624,0,train,0,-4.5628294878747075,0.010324785208311116,0
features_0:625,features_0.npy,625,0,test,0,-6.440124061817116,0.0015936648182317218,0
features_0:626,features_0.npy,626,0,train,0,-6.028577042717032,0.002403130383049181,0
features_0:627,features_0.npy,627,0,test,0,-5.913226912842378,0.0026961600712125983,0
features_0:628,features_0.npy,628,0,train,0,-5.952589339884493,0.0025923640216533373,0
features_0:629,features_0.npy,629,0,train,0,-6.224243579145707,0.0019769056861129435,0
features_0:630,features_0.npy,630,0,train,0,-5.35695873359106,0.004693095577910731,0
features_0:631,features_0.npy,631,0,train,0,-5.075700018840047,0.006207932922931684,0
features_0:632,features_0.npy,632,0,test,0,-6.316349186206172,0.0018032691206943344,0
features_0:633,features_0.npy,633,0,validation,0,-6.813310809678021,0.0010978415498279581,0
features_0:634,features_0.npy,634,0,train,0,-6.263907790081507,0.0019001740879116323,0
features_0:635,features_0.npy,635,0,test,0,-6.592039079701976,0.0013693633140279067,0
features_0:636,features_0.npy,636,0,train,0,-6.154908090919241,0.002118538369204896,0
features_0:637,features_0.npy,637,0,train,0,-4.479356537444473,0.0112135386594051,0
features_0:638,features_0.npy,638,0,train,0,-4.544991523940004,0.010508658024652836,0
features_0:639,features_0.npy,639,0,test,0,-4.587716977003022,0.010073554921786063,0
features_0:640,features_0.npy,640,0,test,0,-3.922932085640594,0.01939922912969903,0
features_0:641,features_0.npy,641,0,validation,0,-6.561894642735766,0.0014112113206337243,0
features_0:642,features_0.npy,642,0,test,0,-4.577689554430348,0.010174041986724617,0
features_0:643,features_0.npy,643,0,train,0,-4.50541858756902,0.010928218761145858,0
features_0:644,features_0.npy,644,0,train,0,-4.312439403421418,0.01322361243849669,0
features_0:645,features_0.npy,645,0,test,0,0.18355713887337718,0.5457608708757937,0
features_0:646,features_0.npy,646,0,test,0,-4.806627928657083,0.008109086365561777,0
features_0:647,features_0.npy,647,0,test,0,-3.7872855314677722,0.022155052744648455,0
features_0:648,features_0.npy,648,0,test,0,-3.522079465245276,0.02869048992051552,0
features_0:649,features_0.npy,649,0,train,0,-2.0939909893078608,0.10968223856553456,0
features_0:650,features_0.npy,650,0,train,0,-5.14774840367515,0.005778887702910556,0
features_0:651,features_0.npy,651,0,train,0,-5.558263169844775,0.0038406593420708987,0
features_0:652,features_0.npy,652,0,train,0,-4.2072705171265055,0.0146685762879475,0
features_0:653,features_0.npy,653,0,validation,0,-0.8392017936570748,0.3017029221058518,0
features_0:654,features_0.npy,654,0,train,0,-5.448241974059897,0.004285420480509571,0
features_0:655,features_0.npy,655,0,test,0,-5.908499815936862,0.0027089006454163508,0
features_0:656,features_0.npy,656,0,validation,0,-3.182265929224793,0.03983856842604819,0
features_0:657,features_0.npy,657,0,train,0,-5.384154290548089,0.004567759239633132,0
features_0:658,features_0.npy,658,0,test,0,-5.006092314130206,0.006652470358618821,0
features_0:659,features_0.npy,659,0,validation,0,-1.0265487385730854,0.2637537500587325,0
features_0:660,features_0.npy,660,0,train,0,-5.890929488900748,0.0027567851442382406,0
features_0:661,features_0.npy,661,0,train,0,-4.920574299140735,0.00724210941085709,0
features_0:662,features_0.npy,662,0,train,0,-6.15707839027884,0.00211395520163599,0
features_0:663,features_0.npy,663,0,validation,0,-4.6637529911979545,0.009342888639438602,0
features_0:664,features_0.npy,664,0,train,0,-5.696019483219941,0.0033480634865240082,0
features_0:665,features_0.npy,665,0,train,0,-6.491195114321487,0.0015144382505567463,0
features_0:666,features_0.npy,666,0,train,0,-5.5020186352115505,0.004061963219616509,0
features_0:667,features_0.npy,667,0,train,0,-5.326680564952321,0.004836669239892974,0
features_0:668,features_0.npy,668,0,train,0,-4.245279545224185,0.014129230482699729,0
features_0:669,features_0.npy,669,0,train,0,-4.53065909878254,0.01065874016931832,0
features_0:670,features_0.npy,670,0,train,0,-5.220259172566573,0.005376860954142606,0
features_0:671,features_0.npy,671,0,train,0,-7.0601139915020505,0.0008579435070412828,0
features_0:672,features_0.npy,672,0,train,0,-4.738400893046391,0.008676687546477966,0
features_0:673,features_0.npy,673,0,train,0,-5.534473059434152,0.003932760926223286,0
features_0:674,features_0.npy,674,0,train,0,-3.589944319968216,0.026858574066099837,0
features_0:675,features_0.npy,675,0,train,0,-5.785277441225216,0.0030630467491734896,0
features_0:676,features_0.npy,676,0,train,0,-6.1599808283870745,0.002107841387198128,0
features_0:677,features_0.npy,677,0,train,0,-5.518838563258617,0.0039944832959553185,0
features_0:678,features_0.npy,678,0,train,0,-4.436615668534977,0.011697477025297746,0
features_0:679,features_0.npy,679,0,train,0,-5.688848352532909,0.0033720779282016013,0
features_0:680,features_0.npy,680,0,train,0,-6.011399228675891,0.002444665714558163,0
features_0:681,features_0.npy,681,0,test,0,-6.62559968379889,0.0013242291128511923,0
features_0:682,features_0.npy,682,0,train,0,-4.846808817864281,0.007792203942500619,0
features_0:683,features_0.npy,683,0,test,0,-4.889469317214301,0.007469206147561339,0
features_0:684,features_0.npy,684,0,validation,0,-0.6172061681926483,0.35041713122453666,0
features_0:685,features_0.npy,685,0,validation,0,-3.074887992496799,0.044155067638215466,0
features_0:686,features_0.npy,686,0,validation,0,-2.7806811405746306,0.05837710251404425,0
features_0:687,features_0.npy,687,0,test,0,-4.884879553266922,0.007503309015204296,0
features_0:688,features_0.npy,688,0,train,0,-5.853018499477527,0.0028629989927252413,0
features_0:689,features_0.npy,689,0,validation,0,-3.32698060048739,0.03465710547579463,0
features_0:690,features_0.npy,690,0,validation,0,-1.1267792887364145,0.24475596140106715,0
features_0:691,features_0.npy,691,0,train,0,-4.996062396381041,0.006719079249560616,0
features_0:692,features_0.npy,692,0,train,0,-5.125958355642544,0.005905440101421426,0
features_0:693,features_0.npy,693,0,train,0,-4.539256194240646,0.010568463012044817,0
features_0:694,features_0.npy,694,0,train,0,-6.296602043094631,0.001839166309416931,0
features_0:695,features_0.npy,695,0,train,0,-5.928148139764405,0.002656334779370818,0
features_0:696,features_0.npy,696,0,validation,0,-4.887976409473137,0.007480281837280146,0
features_0:697,features_0.npy,697,0,train,0,-6.285834015751039,0.0018590404965899625,0
features_0:698,features_0.npy,698,0,validation,0,-0.7396722485008449,0.32307581814755565,0
features_0:699,features_0.npy,699,0,test,0,-0.5517984248586649,0.36544726141832623,0
features_0:700,features_0.npy,700,0,train,0,-5.219287155398812,0.005382061753708676,0
features_0:701,features_0.npy,701,0,train,0,-6.204923415874072,0.002015393448262504,0
features_0:702,features_0.npy,702,0,validation,0,-2.6752941361432456,0.06444702903566663,0
features_0:703,features_0.npy,703,0,test,0,-2.6832153153047518,0.06397107711971241,0
features_0:704,features_0.npy,704,0,train,0,-6.010997531508371,0.0024456455249702845,0
features_0:705,features_0.npy,705,0,train,0,-4.77270980800427,0.008386502796494843,0
features_0:706,features_0.npy,706,0,train,0,-6.369572741319806,0.001709961938483667,0
features_0:707,features_0.npy,707,0,train,0,-6.146575248523459,0.002136227702620851,0
features_0:708,features_0.npy,708,0,train,0,-3.065861702453868,0.044537597153085404,0
features_0:709,features_0.npy,709,0,test,0,-5.184126667154283,0.005573590337311373,0
features_0:710,features_0.npy,710,0,train,0,-2.7848946353409976,0.05814592052822548,0
features_0:711,features_0.npy,711,0,train,0,-6.139026629738741,0.0021523794478305624,0
features_0:712,features_0.npy,712,0,train,0,-4.717376335203089,0.008859408989214262,0
features_0:713,features_0.npy,713,0,train,0,-4.887463057257734,0.007484094095899722,0
features_0:714,features_0.npy,714,0,train,0,-4.924043503928611,0.007217209594246031,0
features_0:715,features_0.npy,715,0,train,0,-4.855105485183998,0.0077283196292417845,0
features_0:716,features_0.npy,716,0,train,0,-4.39318472767369,0.01221036314446147,0
features_0:717,features_0.npy,717,0,train,0,-5.280520152628524,0.005064007940512689,0
features_0:718,features_0.npy,718,0,train,0,-4.98796432407413,0.006773341704975656,0
features_0:719,features_0.npy,719,0,test,0,-5.5710952390195905,0.0037918762762829206,0
features_0:720,features_0.npy,720,0,train,0,-5.744941042780566,0.003188722666952858,0
features_0:721,features_0.npy,721,0,train,0,-5.588249903416868,0.0037276230837989905,0
features_0:722,features_0.npy,722,0,train,0,-6.213327076203159,0.0019985614395934587,0
features_0:723,features_0.npy,723,0,train,0,-6.554373966817237,0.0014218494459716986,0
features_0:724,features_0.npy,724,0,train,0,-4.667055768648756,0.009312368941399703,0
features_0:725,features_0.npy,725,0,validation,0,-5.624834970126151,0.0035941935504203086,0
features_0:726,features_0.npy,726,0,test,0,-2.015927656974052,0.11754073684344826,0
features_0:727,features_0.npy,727,0,train,0,-4.849848577984184,0.007768737210054694,0
features_0:728,features_0.npy,728,0,train,0,-4.485304055926767,0.011147785136155138,0
features_0:729,features_0.npy,729,0,test,0,-6.501885708958156,0.0014983583688019406,0
features_0:730,features_0.npy,730,0,train,0,-6.587264047047029,0.0013759086865868444,0
features_0:731,features_0.npy,731,0,train,0,-4.887509397472208,0.007483749884822808,0
features_0:732,features_0.npy,732,0,train,0,-4.697155381804842,0.009038742470136064,0
features_0:733,features_0.npy,733,0,train,0,-5.346614885699123,0.004741660805008369,0
features_0:734,features_0.npy,734,0,train,0,-2.7061444072609646,0.06261176075848103,0
features_0:735,features_0.npy,735,0,train,0,-4.284882471987647,0.013588061587805065,0
features_0:736,features_0.npy,736,0,train,0,-5.9207085413398195,0.0026761174541405255,0
features_0:737,features_0.npy,737,0,train,0,-2.6145430432810652,0.06820829938012955,0
features_0:738,features_0.npy,738,0,train,0,-3.6020260218408597,0.026544590973527623,0
features_0:739,features_0.npy,739,0,train,0,-3.9318614753623313,0.01923009321633176,0
features_0:740,features_0.npy,740,0,validation,0,-1.5960037944129575,0.1685408810099868,0
features_0:741,features_0.npy,741,0,train,0,-4.847294800824978,0.007788447470925867,0
features_0:742,features_0.npy,742,0,test,0,-1.7845296934238475,0.14374470941355896,0
features_0:743,features_0.npy,743,0,train,0,-6.00448854949865,0.0024615767946110172,0
features_0:744,features_0.npy,744,0,train,0,-2.0483270354012166,0.1142215342221226,0
features_0:745,features_0.npy,745,0,train,0,-4.636861763354584,0.009595095576901956,0
features_0:746,features_0.npy,746,0,train,0,-4.460003090565702,0.011430168204510698,0
features_0:747,features_0.npy,747,0,test,0,-5.309006442427296,0.004922488487191334,0
features_0:748,features_0.npy,748,0,validation,0,-6.005935171092139,0.002458027145545712,0
features_0:749,features_0.npy,749,0,validation,0,-5.679938805268574,0.0034021531821549567,0
features_0:750,features_0.npy,750,0,train,0,-6.045237916706321,0.002363517669210835,0
features_0:751,features_0.npy,751,0,test,0,-3.09174830902393,0.04344891527102711,0
features_0:752,features_0.npy,752,0,train,0,-4.743767363567676,0.008630649869514027,0
features_0:753,features_0.npy,753,0,train,0,-2.801567677392484,0.05723952033403655,0
features_0:754,features_0.npy,754,0,train,0,-5.291889104789671,0.005007048144707033,0
features_0:755,features_0.npy,755,0,train,0,-5.265384590854338,0.005140840502784622,0
features_0:756,features_0.npy,756,0,train,0,-3.6355759416992948,0.025691295969739587,0
features_0:757,features_0.npy,757,0,train,0,-5.08319472471994,0.00616186582771145,0
features_0:758,features_0.npy,758,0,test,0,-5.979423088229608,0.00252389943633739,0
features_0:759,features_0.npy,759,0,train,0,-5.650376567632623,0.003503872152535647,0
features_0:760,features_0.npy,760,0,train,0,-5.028905887015685,0.006503397645948987,0
features_0:761,features_0.npy,761,0,test,0,-2.247614225712079,0.09555545565185278,0
features_0:762,features_0.npy,762,0,train,0,-6.287777579036542,0.0018554375401536143,0
features_0:763,features_0.npy,763,0,validation,0,-5.2010853640325925,0.0054803801141962896,0
features_0:764,features_0.npy,764,0,train,0,-3.4210535873956633,0.0316439277969859,0
features_0:765,features_0.npy,765,0,train,0,-4.100679728243431,0.016291602337742208,0
features_0:766,features_0.npy,766,0,test,0,-5.9985213875217225,0.0024762728522851147,0
features_0:767,features_0.npy,767,0,train,0,-4.421641896181029,0.011871855256141733,0
features_0:768,features_0.npy,768,0,test,0,-2.755218495274978,0.05979260486111432,0
features_0:769,features_0.npy,769,0,validation,0,-4.535630131408795,0.01060644728870217,0
features_0:770,features_0.npy,770,0,train,0,-5.45338608042416,0.004263526171329699,0
features_0:771,features_0.npy,771,0,train,0,-3.575144055334647,0.027248132226790185,0
features_0:772,features_0.npy,772,0,train,0,-6.611439259982953,0.0013430887885539028,0
features_0:773,features_0.npy,773,0,validation,0,-5.140154691350765,0.005822681463889574,0
features_0:774,features_0.npy,774,0,train,0,-6.124236862505969,0.0021843791539121675,0
features_0:775,features_0.npy,775,0,test,0,-2.806997207104018,0.056947229146839126,0
features_0:776,features_0.npy,776,0,validation,0,-5.590847935902898,0.0037179871274093043,0
features_0:777,features_0.npy,777,0,train,0,-5.278161262335457,0.005075906774256204,0
features_0:778,features_0.npy,778,0,train,0,-4.023987788995018,0.017567383434125967,0
features_0:779,features_0.npy,779,0,validation,0,0.03804249548193903,0.5095094770302844,0
features_0:780,features_0.npy,780,0,train,0,-4.224403848596508,0.014422989385255772,0
features_0:781,features_0.npy,781,0,train,0,-5.044945537948199,0.006400579861586254,0
features_0:782,features_0.npy,782,0,train,0,-5.127168173011589,0.005898342032692334,0
features_0:783,features_0.npy,783,0,train,0,-5.38960874709231,0.004543025299637598,0
features_0:784,features_0.npy,784,0,test,0,-6.544176011976638,0.0014364026549946115,0
features_0:785,features_0.npy,785,0,train,0,-6.038406893883455,0.0023796796303610585,0
features_0:786,features_0.npy,786,0,train,0,-3.9897521691837383,0.018168111314365756,0
features_0:787,features_0.npy,787,0,train,0,-3.325441942458676,0.034708619678400734,0
features_0:788,features_0.npy,788,0,train,0,-5.238407916733638,0.005280668511484914,0
features_0:789,features_0.npy,789,0,test,0,-1.6449856286971303,0.16178780835857454,0
features_0:790,features_0.npy,790,0,validation,0,-4.258513542772437,0.013946066671131274,0
features_0:791,features_0.npy,791,0,test,0,-6.7539684518046235,0.0011648837125251713,0
features_0:792,features_0.npy,792,0,train,0,-3.504629693701492,0.0291807886314975,0
features_0:793,features_0.npy,793,0,train,0,-6.323674500706181,0.0017901314316219924,0
features_0:794,features_0.npy,794,0,test,0,-6.232751360894291,0.0019601907768295756,0
features_0:795,features_0.npy,795,0,validation,0,-0.5575547919165569,0.3641134222409706,0
features_0:796,features_0.npy,796,0,train,0,-2.6195082203355082,0.06789340869640322,0
features_0:797,features_0.npy,797,0,test,0,-4.665821348072585,0.009323764172830283,0
features_0:798,features_0.npy,798,0,train,0,-6.101705129463166,0.002234044468666173,0
features_0:799,features_0.npy,799,0,train,0,-5.43867805161434,0.004326424355667154,0
features_0:800,features_0.npy,800,0,test,0,-4.395464031825921,0.012182902384604061,0
features_0:801,features_0.npy,801,0,validation,0,-5.887246004711584,0.002766930295010575,0
features_0:802,features_0.npy,802,0,train,0,-4.809749082472103,0.008084020401607064,0
features_0:803,features_0.npy,803,0,train,0,-5.5956790363680025,0.0037001347777457505,0
features_0:804,features_0.npy,804,0,validation,0,-5.272106467538061,0.00510657615957014,0
features_0:805,features_0.npy,805,0,validation,0,-5.436390305114707,0.004336290479562972,0
features_0:806,features_0.npy,806,0,train,0,-7.103965997007278,0.0008211641753540367,0
features_0:807,features_0.npy,807,0,train,0,-5.638871972021609,0.0035442718584301996,0
features_0:808,features_0.npy,808,0,train,0,-5.768607147170579,0.0031143762636017284,0
features_0:809,features_0.npy,809,0,train,0,-5.896939652942456,0.002740311371402876,0
features_0:810,features_0.npy,810,0,train,0,-6.224398841284163,0.0019765993779828897,0
features_0:811,features_0.npy,811,0,train,0,-4.714813440571304,0.008881941912383208,0
features_0:812,features_0.npy,812,0,train,0,-6.06090270923618,0.0023268676124753667,0
features_0:813,features_0.npy,813,0,train,0,-5.41378416202243,0.004434993983722605,0
features_0:814,features_0.npy,814,0,train,0,-3.6989117980230004,0.02415265630577318,0
features_0:815,features_0.npy,815,0,test,0,-5.448058097790767,0.00428620516230465,0
features_0:816,features_0.npy,816,0,train,0,-6.283031427935776,0.0018642482019862179,0
features_0:817,features_0.npy,817,0,train,0,-6.175067765073065,0.00207634473861034,0
features_0:818,features_0.npy,818,0,train,0,-5.599657644582827,0.003685496785473405,0
features_0:819,features_0.npy,819,0,train,0,-4.140220659242168,0.015669884179347848,0
features_0:820,features_0.npy,820,0,train,0,-5.677403695680204,0.0034107595004541236,0
features_0:821,features_0.npy,821,0,validation,0,-4.954093286991225,0.007005056774567673,0
features_0:822,features_0.npy,822,0,validation,0,-6.358305185277929,0.001729304478724522,0
features_0:823,features_0.npy,823,0,train,0,-5.887865335523195,0.002765221917514539,0
features_0:824,features_0.npy,824,0,train,0,-5.394786757456189,0.004519668311022564,0
features_0:825,features_0.npy,825,0,train,0,-3.1065717761288094,0.04283698809439061,0
features_0:826,features_0.npy,826,0,train,0,-6.560701975257987,0.0014128930511048343,0
features_0:827,features_0.npy,827,0,validation,0,-2.0159242741061165,0.11754108773158127,0
features_0:828,features_0.npy,828,0,train,0,-1.7863238116858224,0.14352402656011182,0
features_0:829,features_0.npy,829,0,train,0,-6.299078226938408,0.0018346261740368505,0
features_0:830,features_0.npy,830,0,validation,0,-1.9024452050250504,0.12983197564428195,0
features_0:831,features_0.npy,831,0,validation,0,-4.4854120048611295,0.01114659522257354,0
features_0:832,features_0.npy,832,0,train,0,-2.7871227489623105,0.05802401801072328,0
features_0:833,features_0.npy,833,0,test,0,-3.635972197577154,0.025681379052487435,0
features_0:834,features_0.npy,834,0,train,0,-5.48376141775267,0.004136494902666997,0
features_0:835,features_0.npy,835,0,validation,0,-1.4154276874321727,0.19537937881776815,0
features_0:836,features_0.npy,836,0,train,0,-4.263578435138576,0.013876587622291665,0
features_0:837,features_0.npy,837,0,validation,0,-5.4041725873715185,0.004477634985405144,0
features_0:838,features_0.npy,838,0,train,0,-4.825276553173935,0.007960457039035713,0
features_0:839,features_0.npy,839,0,train,0,-3.1061639226549085,0.04285371401300089,0
features_0:840,features_0.npy,840,0,test,0,-2.778738281107678,0.058483991655009365,0
features_0:841,features_0.npy,841,0,train,0,-5.268323292590278,0.005125832606528611,0
features_0:842,features_0.npy,842,0,train,0,-5.414423464733344,0.004432172148699412,0
features_0:843,features_0.npy,843,0,train,0,-3.1513269344284622,0.041039025115150465,0
features_0:844,features_0.npy,844,0,train,0,-5.247666647200698,0.005232256504734949,0
features_0:845,features_0.npy,845,0,train,0,-3.23352950568671,0.03792326251570146,0
features_0:846,features_0.npy,846,0,train,0,-6.00523624405534,0.002459741500418903,0
features_0:847,features_0.npy,847,0,train,0,-5.460971900484081,0.004231442527962255,0
features_0:848,features_0.npy,848,0,train,0,-6.135873187819918,0.002159162886264907,0
features_0:849,features_0.npy,849,0,train,0,-5.741479553777485,0.003199744141843667,0
features_0:850,features_0.npy,850,0,train,0,-1.9158801704395736,0.12832168559555823,0
features_0:851,features_0.npy,851,0,test,0,-1.7629285417460165,0.14642393989706284,0
features_0:852,features_0.npy,852,0,train,0,-5.284128752249596,0.005045858937226162,0
features_0:853,features_0.npy,853,0,validation,0,-2.7657628662190596,0.059202571453376256,0
features_0:854,features_0.npy,854,0,validation,0,-2.446377722016437,0.07970384322408933,0
features_0:855,features_0.npy,855,0,train,0,-5.019660102538644,0.00656340900619498,0
features_0:856,features_0.npy,856,0,test,0,-6.033464650953638,0.0023914415006230007,0
features_0:857,features_0.npy,857,0,train,0,-3.100635098004836,0.04308106537144376,0
features_0:858,features_0.npy,858,0,train,0,-4.150440886177241,0.015513021764027746,0
features_0:859,features_0.npy,859,0,train,0,-6.370334215761616,0.0017086625657897708,0
features_0:860,features_0.npy,860,0,validation,0,-3.0745773240226097,0.044168181381721815,0
features_0:861,features_0.npy,861,0,train,0,-3.0913504016307103,0.04346545574739411,0
features_0:862,features_0.npy,862,0,train,0,-4.979699922892513,0.006829167402914042,0
features_0:863,features_0.npy,863,0,test,0,-6.287680280125872,0.0018556177459733824,0
features_0:864,features_0.npy,864,0,train,0,-4.910120101873624,0.007317660050570882,0
features_0:865,features_0.npy,865,0,train,0,-5.099021525351441,0.006065697772210365,0
features_0:866,features_0.npy,866,0,validation,0,-3.052400900719295,0.04511393285256251,0
features_0:867,features_0.npy,867,0,train,0,-4.274436055990137,0.013728793167515152,0
features_0:868,features_0.npy,868,0,train,0,-6.882797925719358,0.0010242212903210633,0
features_0:869,features_0.npy,869,0,train,0,-5.996522038330717,0.002481216442404548,0
features_0:870,features_0.npy,870,0,test,0,-5.276382530580276,0.0050848975346317144,0
features_0:871,features_0.npy,871,0,validation,0,-5.231573068997516,0.005316692151457316,0
features_0:872,features_0.npy,872,0,train,0,-4.214248936511146,0.014568055194725704,0
features_0:873,features_0.npy,873,0,train,0,-4.3968170685032835,0.012166630035546295,0
features_0:874,features_0.npy,874,0,train,0,-5.3502762814093225,0.004724413323668593,0
features_0:875,features_0.npy,875,0,train,0,-2.436058398732737,0.08046406783575002,0
features_0:876,features_0.npy,876,0,test,0,-5.796464120393739,0.0030290755866752613,0
features_0:877,features_0.npy,877,0,validation,0,-1.7160043711240067,0.15238654208395583,0
features_0:878,features_0.npy,878,0,test,0,-4.68050141707524,0.009189138992193025,0
features_0:879,features_0.npy,879,0,train,0,-5.158277457464214,0.005718706824961545,0
features_0:880,features_0.npy,880,0,test,0,-5.190298739710109,0.005539485651569138,0
features_0:881,features_0.npy,881,0,train,0,-3.3307248185792564,0.034532056974580005,0
features_0:882,features_0.npy,882,0,train,0,-2.355911669887806,0.08659702707946591,0
features_0:883,features_0.npy,883,0,validation,0,-5.096847690267351,0.006078817699713567,0
features_0:884,features_0.npy,884,0,train,0,-6.006130747676476,0.002457547641306958,0
features_0:885,features_0.npy,885,0,train,0,-2.3939927191214707,0.08363193023124947,0
features_0:886,features_0.npy,886,0,train,0,-5.276173992388094,0.005085952646862308,0
features_0:887,features_0.npy,887,0,train,0,-5.483696365378682,0.004136762887040201,0
features_0:888,features_0.npy,888,0,train,0,-4.695933374649368,0.009049694610976367,0
features_0:889,features_0.npy,889,0,train,0,-5.280764392549625,0.0050627775196877,0
features_0:890,features_0.npy,890,0,train,0,-3.1375937450484224,0.04158291192915398,0
features_0:891,features_0.npy,891,0,validation,0,-5.988829098605131,0.0025003299904447947,0
features_0:892,features_0.npy,892,0,train,0,-4.837289478571312,0.007866148484460347,0
features_0:893,features_0.npy,893,0,train,0,-5.623087772800653,0.0036004561751864224,0
features_0:894,features_0.npy,894,0,train,0,-5.0973714987298395,0.006075653737996556,0
features_0:895,features_0.npy,895,0,test,0,-2.830736868158532,0.05568563721441325,0
features_0:896,features_0.npy,896,0,validation,0,-5.0206258711129585,0.006557114875670419,0
features_0:897,features_0.npy,897,0,validation,0,-0.3295328009916782,0.4183543042140712,0
features_0:898,features_0.npy,898,0,train,0,-2.9728419006927074,0.0486679757950402,0
features_0:899,features_0.npy,899,0,train,0,-6.2187908211721785,0.0019876932320513387,0
features_0:900,features_0.npy,900,0,train,0,-3.9660695005389948,0.01859541956327958,0
features_0:901,features_0.npy,901,0,train,0,-5.157148660164016,0.005725128752432132,0
features_0:902,features_0.npy,902,0,test,0,-4.010952090621905,0.017793784153580888,0
features_0:903,features_0.npy,903,0,train,0,-6.459610877733831,0.0015629580637909393,0
features_0:904,features_0.npy,904,0,train,0,-5.791902271241132,0.003042883195617206,0
features_0:905,features_0.npy,905,0,train,0,-5.8298462675622655,0.0029299190415098017,0
features_0:906,features_0.npy,906,0,train,0,-5.570750642717948,0.0037931782107129748,0
features_0:907,features_0.npy,907,0,train,0,-5.304245201224239,0.004945865332423435,0
features_0:908,features_0.npy,908,0,train,0,-4.146267319551695,0.015576891062553274,0
features_0:909,features_0.npy,909,0,train,0,-4.441746699785826,0.011638307368227092,0
features_0:910,features_0.npy,910,0,train,0,-5.447958484229628,0.004286630317402382,0
features_0:911,features_0.npy,911,0,test,0,-3.216515236596469,0.03854893350016934,0
features_0:912,features_0.npy,912,0,train,0,-3.955280854910494,0.018793334344486014,0
features_0:913,features_0.npy,913,0,validation,0,-3.24200476848714,0.037615249890341804,0
features_0:914,features_0.npy,914,0,train,0,-4.97455705599684,0.006864137669707593,0
features_0:915,features_0.npy,915,0,train,0,-5.9459110930536045,0.002609689074461734,0
features_0:916,features_0.npy,916,0,train,0,-4.820824266918342,0.007995694272151577,0
features_0:917,features_0.npy,917,0,train,0,-4.861916273002946,0.007676265198585243,0
features_0:918,features_0.npy,918,0,train,0,-5.019121298121035,0.006566923123362007,0
features_0:919,features_0.npy,919,0,train,0,-6.110952715717565,0.0022135257008860936,0
features_0:920,features_0.npy,920,0,test,0,-5.05369413909317,0.006345181728264599,0
features_0:921,features_0.npy,921,0,train,0,-4.162372922035077,0.015331840863548657,0
features_0:922,features_0.npy,922,0,train,0,-4.7223103173731324,0.008816188909169265,0
features_0:923,features_0.npy,923,0,train,0,-5.701825569034379,0.003328745186688432,0
features_0:924,features_0.npy,924,0,train,0,-5.958398626479642,0.0025773865971789236,0
features_0:925,features_0.npy,925,0,train,0,-4.615512372256042,0.009800118243407973,0
features_0:926,features_0.npy,926,0,train,0,-6.4065871698192804,0.001647928132642678,0
features_0:927,features_0.npy,927,0,validation,0,-5.58934467011099,0.0037235596262645064,0
features_0:928,features_0.npy,928,0,test,0,-2.466200534408649,0.07826187820468564,0
features_0:929,features_0.npy,929,0,test,0,0.06719375867436234,0.5167921221063435,0
features_0:930,features_0.npy,930,0,train,0,-6.4814530451502606,0.0015292414404565178,0
features_0:931,features_0.npy,931,0,train,0,-3.6948237835429802,0.024249195628620563,0
features_0:932,features_0.npy,932,0,train,0,-4.811801566205601,0.008067578819895383,0
features_0:933,features_0.npy,933,0,train,0,-5.558592968278221,0.0038393977698281687,0
features_0:934,features_0.npy,934,0,train,0,-5.095752660199432,0.0060854373039021525,0
features_0:935,features_0.npy,935,0,test,0,-6.4422008806166495,0.0015903637579269218,0
features_0:936,features_0.npy,936,0,train,0,-6.140779112517946,0.0021486188406832966,0
features_0:937,features_0.npy,937,0,train,0,-4.362814301115067,0.012582148253910371,0
features_0:938,features_0.npy,938,0,train,0,-2.42434568052635,0.08133495669965686,0
features_0:939,features_0.npy,939,0,train,0,-3.2155060239022086,0.038586355286918436,0
features_0:940,features_0.npy,940,0,train,0,-6.982523158646803,0.0009270985501397895,0
features_0:941,features_0.npy,941,0,train,0,-4.890986853467693,0.00745796442293695,0
features_0:942,features_0.npy,942,0,train,0,-4.845894603239546,0.007799275361145514,0
features_0:943,features_0.npy,943,0,train,0,-4.074668509221316,0.016713750575128777,0
features_0:944,features_0.npy,944,0,train,0,-5.445775317465367,0.004295958721844181,0
features_0:945,features_0.npy,945,0,train,0,-5.999376166098074,0.0024741623264191914,0
features_0:946,features_0.npy,946,0,train,0,-5.411631206377695,0.004444510131583002,0
features_0:947,features_0.npy,947,0,train,0,-4.583748420575582,0.01011320672064785,0
features_0:948,features_0.npy,948,0,train,0,-1.867862499610804,0.13378924292514083,0
features_0:949,features_0.npy,949,0,train,0,-4.907727291020279,0.007335062203388991,0
features_0:950,features_0.npy,950,0,train,0,-5.328206113237961,0.004829331899158037,0
features_0:951,features_0.npy,951,0,validation,0,-5.7604713907098635,0.0031397375430531438,0
features_0:952,features_0.npy,952,0,train,0,-5.41200159566056,0.00444287154998829,0
features_0:953,features_0.npy,953,0,train,0,-6.2102550350411585,0.0020046982158174955,0
features_0:954,features_0.npy,954,0,validation,0,-3.491653466328425,0.029550650146244226,0
features_0:955,features_0.npy,955,0,validation,0,-6.836741254789676,0.0010724449092163917,0
features_0:956,features_0.npy,956,0,test,0,-5.997105946210244,0.00247977165512312,0
features_0:957,features_0.npy,957,0,test,0,-5.28470878869386,0.005042947759135384,0
features_0:958,features_0.npy,958,0,train,0,-3.007376120987737,0.04709375486650358,0
features_0:959,features_0.npy,959,0,test,0,-3.0394762546988656,0.04567399430066296,0
features_0:960,features_0.npy,960,0,validation,0,-1.0883816742395838,0.2519231421629863,0
features_0:961,features_0.npy,961,0,validation,0,-5.914582901759742,0.0026925164227092823,0
features_0:962,features_0.npy,962,0,train,0,-5.134304391977424,0.0058566456437536395,0
features_0:963,features_0.npy,963,0,train,0,-6.009607601430505,0.00244903883397046,0
features_0:964,features_0.npy,964,0,train,0,-5.404889857810848,0.004474438827028267,0
features_0:965,features_0.npy,965,0,train,0,-4.380608369851736,0.012362984254442856,0
features_0:966,features_0.npy,966,0,train,0,-5.115497758435039,0.005967168206785185,0
features_0:967,features_0.npy,967,0,train,0,-5.343699618763573,0.004755438349416432,0
features_0:968,features_0.npy,968,0,train,0,-4.851709495858841,0.007754405672462836,0
features_0:969,features_0.npy,969,0,train,0,-5.181692071334696,0.005587100402325244,0
features_0:970,features_0.npy,970,0,train,0,-5.74508953794298,0.003188250701773915,0
features_0:971,features_0.npy,971,0,validation,0,-7.181198930224144,0.0007601768942316268,0
features_0:972,features_0.npy,972,0,validation,0,1.3461275627518972,0.793495810975753,1
features_0:973,features_0.npy,973,0,train,0,-6.326972229175374,0.0017842483031213388,0
features_0:974,features_0.npy,974,0,train,0,-6.211353383614646,0.002002501973956069,0
features_0:975,features_0.npy,975,0,validation,0,-2.389914453127395,0.08394501006782126,0
features_0:976,features_0.npy,976,0,train,0,-4.407202850105873,0.012042437788247656,0
features_0:977,features_0.npy,977,0,train,0,-5.460276202928575,0.004234374886913754,0
features_0:978,features_0.npy,978,0,train,0,-2.765375569390994,0.05922414665067503,0
features_0:979,features_0.npy,979,0,train,0,-5.873777593051913,0.002804343325657223,0
features_0:980,features_0.npy,980,0,test,0,-0.05545934777913996,0.48613871568112976,0
features_0:981,features_0.npy,981,0,test,0,-3.4790901672498125,0.029913070294741738,0
features_0:982,features_0.npy,982,0,train,0,-3.982934520899298,0.018290125073880965,0
features_0:983,features_0.npy,983,0,train,0,-6.703793277113183,0.0012247497060691886,0
features_0:984,features_0.npy,984,0,train,0,-3.07442629027751,0.044174558065670985,0
features_0:985,features_0.npy,985,0,train,0,-6.221926858916079,0.0019814818472409855,0
features_0:986,features_0.npy,986,0,train,0,-5.208327397230569,0.005441049558296298,0
features_0:987,features_0.npy,987,0,train,0,-6.232262790965102,0.001961146822455935,0
features_0:988,features_0.npy,988,0,train,0,-5.8805421392690755,0.002785489896012863,0
features_0:989,features_0.npy,989,0,train,0,-4.875847247838308,0.0075708727683046935,0
features_0:990,features_0.npy,990,0,train,0,-6.141844079281245,0.0021463367596810633,0
features_0:991,features_0.npy,991,0,test,0,-1.906646773612806,0.1293580385754175,0
features_0:992,features_0.npy,992,0,test,0,-3.524357237769716,0.02862708254363814,0
features_0:993,features_0.npy,993,0,train,0,-5.311244378505518,0.004911538636278019,0
features_0:994,features_0.npy,994,0,train,0,-4.8972469422971585,0.007411767688908014,0
features_0:995,features_0.npy,995,0,validation,0,-6.379607695316529,0.0016929172628228518,0
features_0:996,features_0.npy,996,0,validation,0,-4.892016140538274,0.007450349148166344,0
features_0:997,features_0.npy,997,0,train,0,-6.583413675893278,0.0013812093265565327,0
features_0:998,features_0.npy,998,0,train,0,-6.093820068750477,0.0022516898561740863,0
features_0:999,features_0.npy,999,0,train,0,-5.137415353901723,0.005838560365455298,0
features_0:1000,features_0.npy,1000,0,train,0,-5.2040582620696005,0.005464200590961752,0
features_0:1001,features_0.npy,1001,0,train,0,-6.277898513744667,0.0018738238518392243,0
features_0:1002,features_0.npy,1002,0,validation,0,-1.275393541965987,0.21833536480005306,0
features_0:1003,features_0.npy,1003,0,test,0,-4.412870845967201,0.011975189446769376,0
features_0:1004,features_0.npy,1004,0,train,0,-5.342809053126717,0.004759655099484216,0
features_0:1005,features_0.npy,1005,0,train,0,-6.3318564593363345,0.001775570307186904,0
features_0:1006,features_0.npy,1006,0,train,0,-5.572768007493739,0.003785562638852086,0
features_0:1007,features_0.npy,1007,0,train,0,-5.125643799957822,0.005907287008322592,0
features_0:1008,features_0.npy,1008,0,test,0,-5.921474900146615,0.002674072855675195,0
features_0:1009,features_0.npy,1009,0,train,0,-6.1651424266481,0.0020970123435270238,0
features_0:1010,features_0.npy,1010,0,train,0,-4.781135504115925,0.008316722735400387,0
features_0:1011,features_0.npy,1011,0,validation,0,-5.378936643783038,0.004591544762043179,0
features_0:1012,features_0.npy,1012,0,validation,0,-6.461928891065563,0.0015593449448495658,0
features_0:1013,features_0.npy,1013,0,train,0,-4.62045176292531,0.009752301895726359,0
features_0:1014,features_0.npy,1014,0,validation,0,0.3477007849944507,0.5860599144533198,0
features_0:1015,features_0.npy,1015,0,test,0,-5.398833802295899,0.0045014961455122696,0
features_0:1016,features_0.npy,1016,0,validation,0,-1.3161607932980448,0.21145774657910255,0
features_0:1017,features_0.npy,1017,0,validation,0,-6.532269017970435,0.0014535831126419728,0
features_0:1018,features_0.npy,1018,0,train,0,-5.9806343046054495,0.002520852000149133,0
features_0:1019,features_0.npy,1019,0,validation,0,-2.149458620237823,0.1043818238486187,0
features_0:1020,features_0.npy,1020,0,test,0,-1.2151763077872952,0.2287864446452061,0
features_0:1021,features_0.npy,1021,0,test,0,-5.217668501511677,0.005390733502846912,0
features_0:1022,features_0.npy,1022,0,train,0,-3.871998059174418,0.020392235028814654,0
features_0:1023,features_0.npy,1023,0,train,0,-2.1284947728361314,0.10635797268124851,0
features_0:1024,features_0.npy,1024,0,train,0,-5.59891681872709,0.0036882180346613277,0
features_0:1025,features_0.npy,1025,0,validation,0,-6.272985075549102,0.0018830360458062943,0
features_0:1026,features_0.npy,1026,0,train,0,-6.273938245783212,0.001881245421978611,0
features_0:1027,features_0.npy,1027,0,train,0,-6.559566524816706,0.0014144959617502907,0
features_0:1028,features_0.npy,1028,0,validation,0,-4.5864052346184945,0.0100866441297002,0
features_0:1029,features_0.npy,1029,0,train,0,-4.841203090091197,0.007835664346892651,0
features_0:1030,features_0.npy,1030,0,train,0,-5.391444209803814,0.004534732172400824,0
features_0:1031,features_0.npy,1031,0,train,0,-5.626028463861587,0.0035899218520628598,0
features_0:1032,features_0.npy,1032,0,train,0,-6.706681509855395,0.0012212217609865303,0
features_0:1033,features_0.npy,1033,0,train,0,-3.753468802425107,0.02289962606133824,0
features_0:1034,features_0.npy,1034,0,train,0,-6.132343560603527,0.002166780849605659,0
features_0:1035,features_0.npy,1035,0,train,0,-5.669380196094587,0.003438141341132886,0
features_0:1036,features_0.npy,1036,0,train,0,-5.748545902170798,0.003177284920785941,0
features_0:1037,features_0.npy,1037,0,train,0,-3.3708129667521534,0.03322018919444375,0
features_0:1038,features_0.npy,1038,0,validation,0,-4.742933270714225,0.008637789428602312,0
features_0:1039,features_0.npy,1039,0,validation,0,-4.041391170401142,0.017269530745592978,0
features_0:1040,features_0.npy,1040,0,train,0,-2.0647519482654664,0.11257024438741997,0
features_0:1041,features_0.npy,1041,0,train,0,-2.9718409314646967,0.048714341016166424,0
features_0:1042,features_0.npy,1042,0,train,0,-5.83692056896092,0.002909325142707922,0
features_0:1043,features_0.npy,1043,0,train,0,-5.356352754096237,0.004695927000564326,0
features_0:1044,features_0.npy,1044,0,test,0,-1.1406424006347882,0.2422024349912944,0
features_0:1045,features_0.npy,1045,0,test,0,-6.3202894991340335,0.001796190394154616,0
features_0:1046,features_0.npy,1046,0,train,0,-6.433973678122437,0.0016034809069989668,0
features_0:1047,features_0.npy,1047,0,train,0,-5.202515001832959,0.005472593600442211,0
features_0:1048,features_0.npy,1048,0,train,0,-4.674213384626493,0.009246566679255141,0
features_0:1049,features_0.npy,1049,0,train,0,-6.155307280540803,0.002117694630023431,0
features_0:1050,features_0.npy,1050,0,train,0,-4.24295820927716,0.014161602249648709,0
features_0:1051,features_0.npy,1051,0,validation,0,-0.9328238357488121,0.282352170794281,0
features_0:1052,features_0.npy,1052,0,train,0,-5.2142690418866975,0.0054089909760262145,0
features_0:1053,features_0.npy,1053,0,train,0,-4.5854558250084025,0.01009612830391354,0
features_0:1054,features_0.npy,1054,0,train,0,-6.351784057541496,0.0017405986507129914,0
features_0:1055,features_0.npy,1055,0,train,0,-5.183820147804999,0.00557528948609381,0
features_0:1056,features_0.npy,1056,0,validation,0,-5.887975174918546,0.002764919043634853,0
features_0:1057,features_0.npy,1057,0,train,0,-2.4421311380703936,0.08001589148212054,0
features_0:1058,features_0.npy,1058,0,train,0,-6.083688954945805,0.002274565778299444,0
features_0:1059,features_0.npy,1059,0,validation,0,-3.965291561384886,0.01860962198309293,0
features_0:1060,features_0.npy,1060,0,test,0,-6.154797877175715,0.0021187713793733337,0
features_0:1061,features_0.npy,1061,0,train,0,-5.707207991390759,0.003310935767165673,0
features_0:1062,features_0.npy,1062,0,validation,0,-3.6893685622144297,0.024378608106159664,0
features_0:1063,features_0.npy,1063,0,train,0,-5.355614450668431,0.0046993790008843135,0
features_0:1064,features_0.npy,1064,0,test,0,-1.977117969953591,0.12162639940963095,0
features_0:1065,features_0.npy,1065,0,train,0,-5.722542418089446,0.0032607160455296698,0
features_0:1066,features_0.npy,1066,0,train,0,-5.733697274405788,0.0032246619794156993,0
features_0:1067,features_0.npy,1067,0,train,0,-5.08441201238201,0.006154415762635713,0
features_0:1068,features_0.npy,1068,0,train,0,-5.508852211615924,0.004034411714612161,0
features_0:1069,features_0.npy,1069,0,validation,0,-4.005345628307131,0.017892034582589277,0
features_0:1070,features_0.npy,1070,0,validation,0,-5.034537902536392,0.006467109565258118,0
features_0:1071,features_0.npy,1071,0,test,0,-5.669469357695739,0.003437835858434014,0
features_0:1072,features_0.npy,1072,0,validation,0,-5.340574350481091,0.004770252611680417,0
features_0:1073,features_0.npy,1073,0,train,0,-5.0018173629740215,0.006680779817530807,0
features_0:1074,features_0.npy,1074,0,train,0,-5.602656768233332,0.0036745006377588863,0
features_0:1075,features_0.npy,1075,0,train,0,-5.244340133887841,0.00524959913473648,0
features_0:1076,features_0.npy,1076,0,test,0,-3.1488482366524453,0.0411366848789576,0
features_0:1077,features_0.npy,1077,0,validation,0,-5.694063399557224,0.0033545969972099262,0
features_0:1078,features_0.npy,1078,0,train,0,-6.644304682738202,0.0012997215241768868,0
features_0:1079,features_0.npy,1079,0,train,0,-4.816291891213392,0.008031724286120546,0
features_0:1080,features_0.npy,1080,0,train,0,-5.642600804329238,0.0035311270529946462,0
features_0:1081,features_0.npy,1081,0,validation,0,2.749045015930055,0.939859393248416,1
features_0:1082,features_0.npy,1082,0,test,0,-4.518848021957601,0.010784012097990148,0
features_0:1083,features_0.npy,1083,0,train,0,-5.67865116375665,0.003406521824708391,0
features_0:1084,features_0.npy,1084,0,train,0,-2.737502146793183,0.06079637479768567,0
features_0:1085,features_0.npy,1085,0,train,0,-2.469233757510674,0.07804335043525196,0
features_0:1086,features_0.npy,1086,0,validation,0,-3.360452824151024,0.03355453571313188,0
features_0:1087,features_0.npy,1087,0,train,0,-5.284146312780422,0.0050457707771342855,0
features_0:1088,features_0.npy,1088,0,train,0,-4.973768071122274,0.006869518289584974,0
features_0:1089,features_0.npy,1089,0,train,0,-1.8294373890029751,0.13830530979248243,0
features_0:1090,features_0.npy,1090,0,train,0,-6.105731438405114,0.0022250875737171616,0
features_0:1091,features_0.npy,1091,0,train,0,-6.298187851036829,0.0018362574075291404,0
features_0:1092,features_0.npy,1092,0,test,0,-6.205417020850638,0.0020144008889555563,0
features_0:1093,features_0.npy,1093,0,train,0,-6.163693605985402,0.0021000463553290894,0
features_0:1094,features_0.npy,1094,0,train,0,-5.0483401241558505,0.006379027741605354,0
features_0:1095,features_0.npy,1095,0,validation,0,-2.5074549515425897,0.07533720990918567,0
features_0:1096,features_0.npy,1096,0,train,0,-6.096351447882337,0.0022460099694560113,0
features_0:1097,features_0.npy,1097,0,train,0,-5.6483646844435755,0.003510903855425869,0
features_0:1098,features_0.npy,1098,0,train,0,-5.010381797619802,0.006624184431716113,0
features_0:1099,features_0.npy,1099,0,validation,0,-4.513909941565285,0.010836817602627136,0
features_0:1100,features_0.npy,1100,0,train,0,-5.432233274937327,0.00435427543548443,0
features_0:1101,features_0.npy,1101,0,train,0,-6.357127089457273,0.0017313394363214574,0
features_0:1102,features_0.npy,1102,0,train,0,-2.776449917589175,0.05861012460461535,0
features_0:1103,features_0.npy,1103,0,train,0,-4.8121143014909205,0.008065076542948552,0
features_0:1104,features_0.npy,1104,0,test,0,-5.876483289471113,0.002796787072222534,0
features_0:1105,features_0.npy,1105,0,train,0,-2.056839791756472,0.11336308068601905,0
features_0:1106,features_0.npy,1106,0,train,0,-6.149982028795701,0.002128977894463956,0
features_0:1107,features_0.npy,1107,0,train,0,-3.464874000904758,0.030328367336167797,0
features_0:1108,features_0.npy,1108,0,train,0,-6.558470845401431,0.0014160444493926847,0
features_0:1109,features_0.npy,1109,0,validation,0,-2.118628571394945,0.10729936370526956,0
features_0:1110,features_0.npy,1110,0,train,0,-3.666698463465053,0.02492365389484927,0
features_0:1111,features_0.npy,1111,0,train,0,-4.558630982622367,0.010367774626548849,0
features_0:1112,features_0.npy,1112,0,train,0,-5.01428901685314,0.006598523239405152,0
features_0:1113,features_0.npy,1113,0,train,0,-5.1293703011259035,0.005885443780357786,0
features_0:1114,features_0.npy,1114,0,train,0,-6.264003428348335,0.0018999927125129988,0
features_0:1115,features_0.npy,1115,0,validation,0,-5.892006251667249,0.002753826508268582,0
features_0:1116,features_0.npy,1116,0,train,0,-5.600799470523797,0.0036813064740553636,0
features_0:1117,features_0.npy,1117,0,train,0,-5.573541826360687,0.003782645508524944,0
features_0:1118,features_0.npy,1118,0,train,0,-4.074766308482056,0.016712143378814305,0
features_0:1119,features_0.npy,1119,0,validation,0,-5.654741655343194,0.0034886640179337923,0
features_0:1120,features_0.npy,1120,0,train,0,-6.144248044455461,0.002141194272475674,0
features_0:1121,features_0.npy,1121,0,train,0,-6.120591002047276,0.002192340139330065,0
features_0:1122,features_0.npy,1122,0,validation,0,-4.109551126973707,0.01615003606474623,0
features_0:1123,features_0.npy,1123,0,validation,0,-4.782377698960299,0.008306483920117928,0
features_0:1124,features_0.npy,1124,0,train,0,-6.162198132961035,0.0021031826573694886,0
features_0:1125,features_0.npy,1125,0,train,0,-5.906132458331548,0.002715303745113631,0
features_0:1126,features_0.npy,1126,0,test,0,-5.473058696864123,0.004180818328452429,0
features_0:1127,features_0.npy,1127,0,validation,0,1.2407526961752924,0.7756950047572327,1
features_0:1128,features_0.npy,1128,0,train,0,-5.520428325540263,0.003988163367948981,0
features_0:1129,features_0.npy,1129,0,validation,0,-7.016221424360473,0.0008964050061029321,0
features_0:1130,features_0.npy,1130,0,test,0,-3.5959496383554197,0.026702057104191896,0
features_0:1131,features_0.npy,1131,0,train,0,-5.090963802433627,0.006114470871213588,0
features_0:1132,features_0.npy,1132,0,train,0,-5.505870619896303,0.004046409886973817,0
features_0:1133,features_0.npy,1133,0,train,0,-4.867611220225884,0.007633006252962341,0
features_0:1134,features_0.npy,1134,0,train,0,-4.993108678666035,0.006738820913852504,0
features_0:1135,features_0.npy,1135,0,test,0,-6.47189697623669,0.0015439023539558425,0
features_0:1136,features_0.npy,1136,0,validation,0,2.1120853316018366,0.8920722717898348,1
features_0:1137,features_0.npy,1137,0,train,0,-5.797378318723524,0.003026316052807252,0
features_0:1138,features_0.npy,1138,0,train,0,-5.629792915565299,0.0035764814113303147,0
features_0:1139,features_0.npy,1139,0,test,0,-4.296281953170845,0.013436113656367796,0
features_0:1140,features_0.npy,1140,0,train,0,-3.5004886161149855,0.029298331342309476,0
features_0:1141,features_0.npy,1141,0,validation,0,-2.100616270119611,0.10903693743127066,0
features_0:1142,features_0.npy,1142,0,train,0,-5.087531955366892,0.006135361883014925,0
features_0:1143,features_0.npy,1143,0,validation,0,-6.414465682065831,0.0016350170652424775,0
features_0:1144,features_0.npy,1144,0,train,0,-4.257013297766681,0.013966712452220273,0
features_0:1145,features_0.npy,1145,0,train,0,-6.208986168894728,0.002007238414963183,0
features_0:1146,features_0.npy,1146,0,train,0,-5.06247963529065,0.006290029424514791,0
features_0:1147,features_0.npy,1147,0,test,0,-1.1725573018941686,0.2363930510403408,0
features_0:1148,features_0.npy,1148,0,test,0,-5.511758210987967,0.004022751829451929,0
features_0:1149,features_0.npy,1149,0,train,0,-4.13220612292529,0.015793984155984764,0
features_0:1150,features_0.npy,1150,0,test,0,-2.4019829038161373,0.08302161508788657,0
features_0:1151,features_0.npy,1151,0,train,0,-5.623976483140039,0.0035972693392617968,0
features_0:1152,features_0.npy,1152,0,validation,0,-5.670124638163806,0.0034355915866551767,0
features_0:1153,features_0.npy,1153,0,validation,0,-2.8056913926718856,0.05701739750698437,0
features_0:1154,features_0.npy,1154,0,test,0,-5.142805400108446,0.005807357182318842,0
features_0:1155,features_0.npy,1155,0,train,0,-5.0504012641251235,0.006365976827365718,0
features_0:1156,features_0.npy,1156,0,train,0,-5.437725538272255,0.004330529441341626,0
features_0:1157,features_0.npy,1157,0,train,0,-4.49575079711182,0.011033211518542805,0
features_0:1158,features_0.npy,1158,0,test,0,-2.95131837789963,0.04967423831496124,0
features_0:1159,features_0.npy,1159,0,train,0,-6.6551150686226785,0.0012857646739730156,0
features_0:1160,features_0.npy,1160,0,train,0,-5.625707354121815,0.0035910706557321734,0
features_0:1161,features_0.npy,1161,0,train,0,-5.501692688853289,0.004063282036942749,0
features_0:1162,features_0.npy,1162,0,test,0,-2.1815600009826395,0.10141867202106415,0
features_0:1163,features_0.npy,1163,0,train,0,-5.382257061492196,0.004576393854092951,0
features_0:1164,features_0.npy,1164,0,train,0,-5.073121557850013,0.006223860736804422,0
features_0:1165,features_0.npy,1165,0,train,0,-2.3661676615483622,0.08578923085741433,0
features_0:1166,features_0.npy,1166,0,validation,0,-5.672368452505322,0.0034279177947176692,0
features_0:1167,features_0.npy,1167,0,train,0,-4.306997862820346,0.013294806136475164,0
features_0:1168,features_0.npy,1168,0,train,0,-5.19249800236055,0.005527383519353523,0
features_0:1169,features_0.npy,1169,0,train,0,-5.593856170752278,0.0037068607524031374,0
features_0:1170,features_0.npy,1170,0,train,0,-3.1688945808733524,0.04035320083570686,0
features_0:1171,features_0.npy,1171,0,test,0,-2.685703461384748,0.06382225151015979,0
features_0:1172,features_0.npy,1172,0,train,0,-5.6165788001559935,0.0036238826777909594,0
features_0:1173,features_0.npy,1173,0,train,0,-5.430141671759154,0.004363352602561661,0
features_0:1174,features_0.npy,1174,0,train,0,-5.136904631398493,0.005841525588006241,0
features_0:1175,features_0.npy,1175,0,train,0,-6.55735680094808,0.0014176206273121166,0
features_0:1176,features_0.npy,1176,0,train,0,-3.3993202314318376,0.032316715899236015,0
features_0:1177,features_0.npy,1177,0,train,0,-3.801812483010799,0.02184251290070604,0
features_0:1178,features_0.npy,1178,0,train,0,-5.212111264989089,0.0054206116385797035,0
features_0:1179,features_0.npy,1179,0,train,0,-4.441240639755977,0.011644129943338695,0
features_0:1180,features_0.npy,1180,0,test,0,-6.287168671856791,0.0018565655752650705,0
features_0:1181,features_0.npy,1181,0,train,0,-5.385453571589503,0.004561855346602738,0
features_0:1182,features_0.npy,1182,0,train,0,-4.408674234400249,0.012024944677762063,0
features_0:1183,features_0.npy,1183,0,validation,0,-3.645930176362903,0.0254333854289496,0
features_0:1184,features_0.npy,1184,0,validation,0,-0.0014204515161709333,0.499644887180666,0
features_0:1185,features_0.npy,1185,0,train,0,-4.023791227927061,0.01757077615819435,0
features_0:1186,features_0.npy,1186,0,validation,0,1.3253481238777804,0.7900701188487521,1
features_0:1187,features_0.npy,1187,0,train,0,-6.848088307646829,0.0010603574320442873,0
features_0:1188,features_0.npy,1188,0,train,0,-6.1709209061601165,0.0020849549354875164,0
features_0:1189,features_0.npy,1189,0,train,0,-5.3224044698018655,0.004857294906147031,0
features_0:1190,features_0.npy,1190,0,train,0,-5.315568307659295,0.004890450974029645,0
features_0:1191,features_0.npy,1191,0,train,0,-4.356023782882248,0.012666792382568539,0
features_0:1192,features_0.npy,1192,0,train,0,-4.843514153050656,0.007817717947690274,0
features_0:1193,features_0.npy,1193,0,train,0,-2.603667677698948,0.06890274753355004,0
features_0:1194,features_0.npy,1194,0,validation,0,-6.045687215219144,0.002362458490952124,0
features_0:1195,features_0.npy,1195,0,validation,0,-1.6542992367679832,0.1605287416898502,0
features_0:1196,features_0.npy,1196,0,train,0,-6.766906739423074,0.001149926412817652,0
features_0:1197,features_0.npy,1197,0,train,0,-3.508748211221723,0.029064340003295747,0
features_0:1198,features_0.npy,1198,0,train,0,-5.192082254560804,0.005529669284841713,0
features_0:1199,features_0.npy,1199,0,test,0,-5.392562789747743,0.004529685511665287,0
features_0:1200,features_0.npy,1200,0,train,0,-6.339640584951869,0.0017618269549345893,0
features_0:1201,features_0.npy,1201,0,train,0,-2.4678841958240225,0.07814051020193888,0
features_0:1202,features_0.npy,1202,0,train,0,-5.497620502443439,0.004079794570989019,0
features_0:1203,features_0.npy,1203,0,train,0,-4.967761052843038,0.006910621773578627,0
features_0:1204,features_0.npy,1204,0,train,0,-4.193031731009831,0.014875803840740241,0
features_0:1205,features_0.npy,1205,0,train,0,-5.3570452906270845,0.0046926912812324684,0
features_0:1206,features_0.npy,1206,0,train,0,-6.185861563107179,0.002054099400420512,0
features_0:1207,features_0.npy,1207,0,validation,0,-6.418740222773044,0.0016280543883505079,0
features_0:1208,features_0.npy,1208,0,train,0,-5.610044853840391,0.0036475518072030923,0
features_0:1209,features_0.npy,1209,0,train,0,-4.989410245818614,0.0067636212531481145,0
features_0:1210,features_0.npy,1210,0,train,0,-4.388064206786293,0.012272277641176995,0
features_0:1211,features_0.npy,1211,0,train,0,-2.0149158230755813,0.11764572984733768,0
features_0:1212,features_0.npy,1212,0,train,0,-4.303967174786884,0.013334621565899778,0
features_0:1213,features_0.npy,1213,0,test,0,-1.5659327351449415,0.1727969857329052,0
features_0:1214,features_0.npy,1214,0,train,0,-5.938484555140014,0.002629091030528825,0
features_0:1215,features_0.npy,1215,0,validation,0,-1.2872717921827994,0.2163149462669789,0
features_0:1216,features_0.npy,1216,0,validation,0,-5.87013058084597,0.0028145606341485035,0
features_0:1217,features_0.npy,1217,0,train,0,-5.9248613564828165,0.00266505663361673,0
features_0:1218,features_0.npy,1218,0,validation,0,-2.7760238256357472,0.05863363864072031,0
features_0:1219,features_0.npy,1219,0,validation,0,-1.478187300928809,0.18570137291760114,0
features_0:1220,features_0.npy,1220,0,train,0,-5.363130156725001,0.004664356365546077,0
features_0:1221,features_0.npy,1221,0,train,0,-2.843704259310205,0.055007665929482086,0
features_0:1222,features_0.npy,1222,0,train,0,-5.982204993936925,0.0025169055905349723,0
features_0:1223,features_0.npy,1223,0,train,0,-5.897463225716803,0.0027388809230962014,0
features_0:1224,features_0.npy,1224,0,test,0,-6.360662851098529,0.0017252391848576745,0
features_0:1225,features_0.npy,1225,0,train,0,-4.642536527861252,0.00954131792503709,0
features_0:1226,features_0.npy,1226,0,train,0,-5.743297334478312,0.003193951552524313,0
features_0:1227,features_0.npy,1227,0,train,0,-4.486100776788237,0.011139005893952732,0
features_0:1228,features_0.npy,1228,0,train,0,-6.264339727865009,0.0018993550667325992,0
features_0:1229,features_0.npy,1229,0,train,0,-3.1674400009989614,0.040409566855531556,0
features_0:1230,features_0.npy,1230,0,train,0,-6.177837918334876,0.0020706127980389343,0
features_0:1231,features_0.npy,1231,0,train,0,-6.073992512198888,0.0022966773500206587,0
features_0:1232,features_0.npy,1232,0,train,0,-5.189081014294783,0.005546197897762006,0
features_0:1233,features_0.npy,1233,0,train,0,-5.1695582305664916,0.005654920652967406,0
features_0:1234,features_0.npy,1234,0,train,0,-5.6367325884402035,0.0035518355714131943,0
features_0:1235,features_0.npy,1235,0,train,0,-5.427629973088599,0.004374277804578809,0
features_0:1236,features_0.npy,1236,0,train,0,-4.35201592052465,0.0127170141150115,0
features_0:1237,features_0.npy,1237,0,train,0,-4.412085452505497,0.01198448561545124,0
features_0:1238,features_0.npy,1238,0,test,0,-2.309136160319385,0.09036912940459835,0
features_0:1239,features_0.npy,1239,0,train,0,-3.4022914847787806,0.03222392684563791,0
features_0:1240,features_0.npy,1240,0,train,0,-6.073696210777214,0.0022973563960096122,0
features_0:1241,features_0.npy,1241,0,validation,0,-5.610746128213816,0.003645004089705973,0
features_0:1242,features_0.npy,1242,0,train,0,-6.142399373955873,0.002145147797144347,0
features_0:1243,features_0.npy,1243,0,test,0,-6.563814681031534,0.0014085081532427986,0
features_0:1244,features_0.npy,1244,0,train,0,-6.2245314423179146,0.001976337814200656,0
features_0:1245,features_0.npy,1245,0,train,0,-5.851983502818131,0.0028659552243171273,0
features_0:1246,features_0.npy,1246,0,train,0,-4.958003540523694,0.006977909473317706,0
features_0:1247,features_0.npy,1247,0,train,0,-4.517114502967301,0.010802520479986501,0
features_0:1248,features_0.npy,1248,0,test,0,-3.6163552800342833,0.026176824607637976,0
features_0:1249,features_0.npy,1249,0,train,0,-3.1337377850875177,0.04173685841444157,0
features_0:1250,features_0.npy,1250,0,test,0,-5.832448143160615,0.002922327914255592,0
features_0:1251,features_0.npy,1251,0,train,0,-6.259963235806238,0.0019076699032055365,0
features_0:1252,features_0.npy,1252,0,train,0,-6.567577077713649,0.0014032261657468382,0
features_0:1253,features_0.npy,1253,0,train,0,-5.975393164984835,0.002534065253031558,0
features_0:1254,features_0.npy,1254,0,test,0,-0.5303595738227863,0.37043302705250153,0
features_0:1255,features_0.npy,1255,0,train,0,-5.437027327539279,0.0043335410117195435,0
features_0:1256,features_0.npy,1256,0,test,0,-4.95203379519715,0.0070193971255225925,0
features_0:1257,features_0.npy,1257,0,validation,0,-3.465102799008855,0.03032163943698349,0
features_0:1258,features_0.npy,1258,0,train,0,-4.459979836047641,0.011430430972375463,0
features_0:1259,features_0.npy,1259,0,train,0,-5.911981355022675,0.0026995113155618166,0
features_0:1260,features_0.npy,1260,0,train,0,-2.8897388984615504,0.05266314320089765,0
features_0:1261,features_0.npy,1261,0,train,0,-4.898877828969344,0.007399779161093002,0
features_0:1262,features_0.npy,1262,0,train,0,-3.9381023144156364,0.019112741623431614,0
features_0:1263,features_0.npy,1263,0,train,0,-2.966191601234814,0.04897680651093762,0
features_0:1264,features_0.npy,1264,0,validation,0,-6.236968689651171,0.001951957517662532,0
features_0:1265,features_0.npy,1265,0,train,0,-6.315859787923855,0.0018041502609082924,0
features_0:1266,features_0.npy,1266,0,validation,0,-5.35360218658878,0.004708800340116841,0
features_0:1267,features_0.npy,1267,0,test,0,-1.6027477737134683,0.1675979258777545,0
features_0:1268,features_0.npy,1268,0,train,0,-6.026917112834397,0.0024071131135546204,0
features_0:1269,features_0.npy,1269,0,train,0,-7.031224410272931,0.0008830684250210432,0
features_0:1270,features_0.npy,1270,0,train,0,-5.661383914540023,0.003465648238400505,0
features_0:1271,features_0.npy,1271,0,train,0,-4.732573813200626,0.008726952371414352,0
features_0:1272,features_0.npy,1272,0,train,0,-4.374180144653016,0.012441720327854618,0
features_0:1273,features_0.npy,1273,0,train,0,-4.245582637304024,0.014125009154360485,0
features_0:1274,features_0.npy,1274,0,train,0,-6.176908853998399,0.0020725334356040863,0
features_0:1275,features_0.npy,1275,0,test,0,-6.488260460115071,0.0015188823704784572,0
features_0:1276,features_0.npy,1276,0,train,0,-5.625117524933411,0.003593181785780341,0
features_0:1277,features_0.npy,1277,0,train,0,-5.9731611640461955,0.002539713225140163,0
features_0:1278,features_0.npy,1278,0,train,0,-3.137048298072835,0.041604655485569395,0
features_0:1279,features_0.npy,1279,0,validation,0,-6.530216510641658,0.0014565653164362372,0
features_0:1280,features_0.npy,1280,0,train,0,-6.028384108187619,0.002403592960082604,0
features_0:1281,features_0.npy,1281,0,train,0,-4.903094602773823,0.00736887111041689,0
features_0:1282,features_0.npy,1282,0,test,0,-3.314738960973716,0.035069002905850195,0
features_0:1283,features_0.npy,1283,0,validation,0,-4.0741472999508055,0.01672231849535366,0
features_0:1284,features_0.npy,1284,0,train,0,-3.7222685677112652,0.02360822911936598,0
features_0:1285,features_0.npy,1285,0,train,0,-4.8441004542294435,0.007813171555312803,0
features_0:1286,features_0.npy,1286,0,test,0,-5.898894243292001,0.002734975051136068,0
features_0:1287,features_0.npy,1287,0,train,0,-6.3954404236623255,0.001666369147340318,0
features_0:1288,features_0.npy,1288,0,train,0,-3.907077164993788,0.01970314512351968,0
features_0:1289,features_0.npy,1289,0,train,0,-6.317439386670416,0.0018013078064046783,0
features_0:1290,features_0.npy,1290,0,train,0,-4.859434074763792,0.007695196071556341,0
features_0:1291,features_0.npy,1291,0,validation,0,-3.3545719213845344,0.03374576935197573,0
features_0:1292,features_0.npy,1292,0,train,0,-5.814870674049262,0.0029739950356500173,0
features_0:1293,features_0.npy,1293,0,train,0,-2.418776168763586,0.08175207984059438,0
features_0:1294,features_0.npy,1294,0,validation,0,0.33876628769697337,0.583890808374523,0
features_0:1295,features_0.npy,1295,0,train,0,-6.004779048749311,0.0024608635717267248,0
features_0:1296,features_0.npy,1296,0,train,0,-5.9817192265969785,0.0025181254385887196,0
features_0:1297,features_0.npy,1297,0,test,0,-1.8163157599269368,0.13987654009083256,0
features_0:1298,features_0.npy,1298,0,train,0,-5.900929761287727,0.0027294288018400808,0
features_0:1299,features_0.npy,1299,0,train,0,-5.772102806543352,0.0031035421997950294,0
features_0:1300,features_0.npy,1300,0,validation,0,-3.842780855776327,0.02098414149014563,0
features_0:1301,features_0.npy,1301,0,train,0,-5.34936609968991,0.004728695012831239,0
features_0:1302,features_0.npy,1302,0,train,0,-5.30736370317478,0.004930541594857059,0
features_0:1303,features_0.npy,1303,0,test,0,-0.5653243725642425,0.362316399947763,0
features_0:1304,features_0.npy,1304,0,train,0,-3.2863661919731966,0.03604188215644331,0
features_0:1305,features_0.npy,1305,0,train,0,-3.2095385261854217,0.03880834481200359,0
features_0:1306,features_0.npy,1306,0,validation,0,-4.463336639628589,0.011392561985009174,0
features_0:1307,features_0.npy,1307,0,train,0,-6.174682670532107,0.002077142820432339,0
features_0:1308,features_0.npy,1308,0,train,0,-5.3173579555891735,0.004881749303329067,0
features_0:1309,features_0.npy,1309,0,train,0,-5.653882150902619,0.0034916533548388744,0
features_0:1310,features_0.npy,1310,0,train,0,-6.557361275203217,0.0014176142935215512,0
features_0:1311,features_0.npy,1311,0,train,0,-5.664595292199315,0.0034545749705223215,0
features_0:1312,features_0.npy,1312,0,train,0,-6.04093872234533,0.0023736765935397294,0
features_0:1313,features_0.npy,1313,0,train,0,-4.866834099534743,0.007638894995746716,0
features_0:1314,features_0.npy,1314,0,train,0,-5.432309255843432,0.0043539460466725174,0
features_0:1315,features_0.npy,1315,0,train,0,-6.586573057368046,0.001376858444354507,0
features_0:1316,features_0.npy,1316,0,train,0,-6.775474360348982,0.001140127548326783,0
features_0:1317,features_0.npy,1317,0,train,0,-6.059894513813614,0.0023292092657960714,0
features_0:1318,features_0.npy,1318,0,train,0,-3.4231280648250393,0.03158042216089553,0
features_0:1319,features_0.npy,1319,0,train,0,-6.214500530713413,0.00199622227296165,0
features_0:1320,features_0.npy,1320,0,test,0,-4.209036018000324,0.014643080634101354,0
features_0:1321,features_0.npy,1321,0,test,0,-0.130537598805103,0.4674118624927796,0
features_0:1322,features_0.npy,1322,0,train,0,-4.700441556370382,0.009009355500184363,0
features_0:1323,features_0.npy,1323,0,train,0,-5.33853936318113,0.004779923451197649,0
features_0:1324,features_0.npy,1324,0,train,0,-5.6031974321607105,0.003672521798893204,0
features_0:1325,features_0.npy,1325,0,train,0,-4.6720542352123635,0.009266367766915293,0
features_0:1326,features_0.npy,1326,0,train,0,-1.8175512474861015,0.13972796335628854,0
features_0:1327,features_0.npy,1327,0,validation,0,-2.7560131476450325,0.05974794715596192,0
features_0:1328,features_0.npy,1328,0,train,0,-2.821235277660174,0.05618739042028101,0
features_0:1329,features_0.npy,1329,0,train,0,-6.308940077781239,0.0018166549929531956,0
features_0:1330,features_0.npy,1330,0,train,0,-6.259760798573273,0.0019080553887798005,0
features_0:1331,features_0.npy,1331,0,train,0,-4.788957446439974,0.008252458320325862,0
features_0:1332,features_0.npy,1332,0,validation,0,-4.404622853253732,0.012073171762738484,0
features_0:1333,features_0.npy,1333,0,train,0,-3.6871159052872473,0.024432243398134726,0
features_0:1334,features_0.npy,1334,0,train,0,-6.183387710969218,0.0020591767525482926,0
features_0:1335,features_0.npy,1335,0,train,0,-5.555903641187147,0.003849697259754685,0
features_0:1336,features_0.npy,1336,0,train,0,-5.534872929378858,0.003931194828636772,0
features_0:1337,features_0.npy,1337,0,validation,0,-2.8762882720093734,0.053338243283666854,0
features_0:1338,features_0.npy,1338,0,train,0,-5.118526397084184,0.005949230504499827,0
features_0:1339,features_0.npy,1339,0,train,0,-5.9422385195976615,0.002619265820408792,0
features_0:1340,features_0.npy,1340,0,train,0,-5.5784547470520085,0.003764177028228927,0
features_0:1341,features_0.npy,1341,0,train,0,-5.609307621422237,0.0036502320726950485,0
features_0:1342,features_0.npy,1342,0,train,0,-4.671991625576418,0.009266942572476058,0
features_0:1343,features_0.npy,1343,0,train,0,-6.361139663665486,0.0017244181834142993,0
features_0:1344,features_0.npy,1344,0,test,0,-5.010652007064504,0.006622406608281849,0
features_0:1345,features_0.npy,1345,0,test,0,-6.08656974408923,0.002268037503122696,0
features_0:1346,features_0.npy,1346,0,train,0,-5.483193668639738,0.004138834338005475,0
features_0:1347,features_0.npy,1347,0,train,0,-5.172725137618509,0.005637141166075698,0
features_0:1348,features_0.npy,1348,0,train,0,-4.027295137880616,0.017510393642154808,0
features_0:1349,features_0.npy,1349,0,test,0,-3.1184340858172717,0.04235323895190883,0
features_0:1350,features_0.npy,1350,0,train,0,-4.524176795992486,0.010727314184835716,0
features_0:1351,features_0.npy,1351,0,train,0,-5.113984149715637,0.005976152986256289,0
features_0:1352,features_0.npy,1352,0,train,0,-6.388171233592435,0.0016785060286013697,0
features_0:1353,features_0.npy,1353,0,train,0,-5.230239718557684,0.005323748128151326,0
features_0:1354,features_0.npy,1354,0,test,0,-7.039245371252355,0.0008760198783890584,0
features_0:1355,features_0.npy,1355,0,train,0,-6.3653676968425,0.0017171551706747965,0
features_0:1356,features_0.npy,1356,0,validation,0,-6.693880810646127,0.001236935274450411,0
features_0:1357,features_0.npy,1357,0,train,0,-5.384691244348026,0.004565318416560926,0
features_0:1358,features_0.npy,1358,0,train,0,-5.8176381651034434,0.0029658002857056195,0
features_0:1359,features_0.npy,1359,0,train,0,-3.6249921315002926,0.02595755614232413,0
features_0:1360,features_0.npy,1360,0,train,0,-3.1776866524545757,0.040014102012802755,0
features_0:1361,features_0.npy,1361,0,train,0,-4.909154320097021,0.007324678936675271,0
features_0:1362,features_0.npy,1362,0,train,0,-2.39914659466604,0.08323779607029679,0
features_0:1363,features_0.npy,1363,0,test,0,-4.580678918934349,0.010143981538194704,0
features_0:1364,features_0.npy,1364,0,train,0,-6.524384629956523,0.0014650721678549233,0
features_0:1365,features_0.npy,1365,0,train,0,-3.890747744440002,0.020021032878195486,0
features_0:1366,features_0.npy,1366,0,train,0,-2.9297685011625116,0.050701466002973226,0
features_0:1367,features_0.npy,1367,0,validation,0,0.3882574878744782,0.5958631546945277,0
features_0:1368,features_0.npy,1368,0,train,0,-4.996004556994009,0.006719465276781021,0
features_0:1369,features_0.npy,1369,0,test,0,-3.593778002012323,0.02675855393242908,0
features_0:1370,features_0.npy,1370,0,test,0,-6.266343920499029,0.0018955594139543255,0
features_0:1371,features_0.npy,1371,0,validation,0,-3.126939916224911,0.04200958701000651,0
features_0:1372,features_0.npy,1372,0,test,0,-6.18493866670862,0.0020559920970192706,0
features_0:1373,features_0.npy,1373,0,train,0,-4.852931039378613,0.007745012430181112,0
features_0:1374,features_0.npy,1374,0,train,0,-6.053213123732964,0.0023447871139585285,0
features_0:1375,features_0.npy,1375,0,train,0,-5.336068859342761,0.004791690215160377,0
features_0:1376,features_0.npy,1376,0,test,0,-2.998772385124125,0.047481363539834905,0
features_0:1377,features_0.npy,1377,0,validation,0,-5.445696399684955,0.0042962963061290655,0
features_0:1378,features_0.npy,1378,0,validation,0,-6.318713903065927,0.0017990176000128749,0
features_0:1379,features_0.npy,1379,0,train,0,-5.029322332615026,0.006500707500746789,0
features_0:1380,features_0.npy,1380,0,test,0,-0.06958512768974988,0.48261073421052886,0
features_0:1381,features_0.npy,1381,0,train,0,-4.777769855885752,0.008344527089127031,0
features_0:1382,features_0.npy,1382,0,test,0,-4.252991756385505,0.014022204075325999,0
features_0:1383,features_0.npy,1383,0,train,0,-5.015121426570675,0.006593069048499633,0
features_0:1384,features_0.npy,1384,0,train,0,-5.202729543447708,0.005471426050619021,0
features_0:1385,features_0.npy,1385,0,train,0,-2.4031255339937974,0.08293466919980289,0
features_0:1386,features_0.npy,1386,0,train,0,-5.055294426146549,0.006335100012380902,0
features_0:1387,features_0.npy,1387,0,train,0,-4.9595466359377145,0.006967225158943342,0
features_0:1388,features_0.npy,1388,0,train,0,-4.79842554766973,0.00817532770611878,0
features_0:1389,features_0.npy,1389,0,train,0,-4.185132203109364,0.014992012321215357,0
features_0:1390,features_0.npy,1390,0,test,0,-2.7053127660473977,0.06266058881059101,0
features_0:1391,features_0.npy,1391,0,train,0,-3.8835683431172145,0.020162380575890988,0
features_0:1392,features_0.npy,1392,0,train,0,-6.01674553480365,0.0024316623558690207,0
features_0:1393,features_0.npy,1393,0,test,0,-6.454344744866218,0.0015711975525750286,0
features_0:1394,features_0.npy,1394,0,validation,0,-3.8379031322183947,0.021084582986071854,0
features_0:1395,features_0.npy,1395,0,train,0,-6.110222027669256,0.0022151401046408333,0
features_0:1396,features_0.npy,1396,0,test,0,-2.884635794380618,0.05291831767928207,0
features_0:1397,features_0.npy,1397,0,test,0,-5.881610833852035,0.00278252292684431,0
features_0:1398,features_0.npy,1398,0,train,0,-6.269551753641113,0.0018894999890175961,0
features_0:1399,features_0.npy,1399,0,train,0,-5.944293764301589,0.002613902173137421,0
features_0:1400,features_0.npy,1400,0,test,0,-3.7059770584508054,0.023986691685334474,0
features_0:1401,features_0.npy,1401,0,train,0,-6.3559806849365446,0.001733321947516925,0
features_0:1402,features_0.npy,1402,0,validation,0,-3.783999971982898,0.022226343645137536,0
features_0:1403,features_0.npy,1403,0,train,0,-5.164341458061916,0.005684330041686756,0
features_0:1404,features_0.npy,1404,0,train,0,-5.403928622342305,0.0044787226119257385,0
features_0:1405,features_0.npy,1405,0,train,0,-5.663514282838836,0.0034582984958558788,0
features_0:1406,features_0.npy,1406,0,train,0,-4.00839642367343,0.01783850505538631,0
features_0:1407,features_0.npy,1407,0,test,0,-5.474358824610532,0.004175408943592689,0
features_0:1408,features_0.npy,1408,0,validation,0,-5.194719064901447,0.005515188111378884,0
features_0:1409,features_0.npy,1409,0,test,0,-4.899410422209346,0.007395868277933749,0
features_0:1410,features_0.npy,1410,0,validation,0,-6.12879081566319,0.00217447579113694,0
features_0:1411,features_0.npy,1411,0,validation,0,-5.456577439025414,0.00424999915403584,0
features_0:1412,features_0.npy,1412,0,validation,0,-5.189045907818967,0.005546391528699385,0
features_0:1413,features_0.npy,1413,0,validation,0,-1.46223705132236,0.18812541247364845,0
features_0:1414,features_0.npy,1414,0,train,0,-5.012207261426109,0.006612183135987821,0
features_0:1415,features_0.npy,1415,0,train,0,-4.317489881075907,0.013157871785776383,0
features_0:1416,features_0.npy,1416,0,validation,0,-4.26141474192691,0.013906226824249279,0
features_0:1417,features_0.npy,1417,0,test,0,-6.512156182722415,0.0014830709799851685,0
features_0:1418,features_0.npy,1418,0,train,0,-4.742347666519419,0.008642805504774424,0
features_0:1419,features_0.npy,1419,0,train,0,-5.5840068162597625,0.0037434139826285446,0
features_0:1420,features_0.npy,1420,0,validation,0,-4.769746056742878,0.008411185799511724,0
features_0:1421,features_0.npy,1421,0,train,0,-3.1490077595372465,0.041130393045792746,0
features_0:1422,features_0.npy,1422,0,test,0,-4.66498191519903,0.009331521067448166,0
features_0:1423,features_0.npy,1423,0,train,0,-5.063816291350494,0.006281680213714538,0
features_0:1424,features_0.npy,1424,0,train,0,-4.369707085007091,0.012496800502690662,0
features_0:1425,features_0.npy,1425,0,validation,0,-6.0772879160687765,0.0022891386242874256,0
features_0:1426,features_0.npy,1426,0,validation,0,-4.633591778117386,0.009626220228067016,0
features_0:1427,features_0.npy,1427,0,validation,0,-3.549577537994507,0.027934042916760344,0
features_0:1428,features_0.npy,1428,0,train,0,-6.149053125477314,0.002130952211725589,0
features_0:1429,features_0.npy,1429,0,train,0,-4.857365829119092,0.00771100524537445,0
features_0:1430,features_0.npy,1430,0,validation,0,-6.016931810750018,0.002431210538986677,0
features_0:1431,features_0.npy,1431,0,train,0,-5.444479934966564,0.004301503284499888,0
features_0:1432,features_0.npy,1432,0,train,0,-3.294477793640132,0.035761120047494654,0
features_0:1433,features_0.npy,1433,0,train,0,-5.861795770777077,0.0028380506415081348,0
features_0:1434,features_0.npy,1434,0,validation,0,-5.9610797561612365,0.002570503284091816,0
features_0:1435,features_0.npy,1435,0,test,0,-6.5801041239062785,0.0013857817381076414,0
features_0:1436,features_0.npy,1436,0,train,0,-4.011722568590767,0.017780323384418317,0
features_0:1437,features_0.npy,1437,0,validation,0,-3.3397791615334063,0.03423145778722477,0
features_0:1438,features_0.npy,1438,0,train,0,-3.4978676941475464,0.02937296223085099,0
features_0:1439,features_0.npy,1439,0,train,0,-5.433962933495864,0.0043467832444510765,0
features_0:1440,features_0.npy,1440,0,train,0,-5.337636425968215,0.004784220713186839,0
features_0:1441,features_0.npy,1441,0,train,0,-3.4041042752655386,0.032167441899215096,0
features_0:1442,features_0.npy,1442,0,train,0,-4.313436519400771,0.013210607636095384,0
features_0:1443,features_0.npy,1443,0,train,0,-5.578632505529153,0.0037635104913147114,0
features_0:1444,features_0.npy,1444,0,train,0,-4.924369535185952,0.007214873915957751,0
features_0:1445,features_0.npy,1445,0,validation,0,-4.250026800334793,0.01406325543889228,0
features_0:1446,features_0.npy,1446,0,test,0,-4.510617374830006,0.01087216878464987,0
features_0:1447,features_0.npy,1447,0,validation,0,-3.2449969025775975,0.0375070833413443,0
features_0:1448,features_0.npy,1448,0,train,0,-5.480036803356668,0.004151866392620085,0
features_0:1449,features_0.npy,1449,0,train,0,-5.854540559377772,0.0028586570989575467,0
features_0:1450,features_0.npy,1450,0,train,0,-6.046769750259418,0.0023599084626849485,0
features_0:1451,features_0.npy,1451,0,test,0,-6.112858110800378,0.0022093213847380186,0
features_0:1452,features_0.npy,1452,0,test,0,-6.247129734602509,0.001932262146165231,0
features_0:1453,features_0.npy,1453,0,train,0,-5.448008025829007,0.004286418866410228,0
features_0:1454,features_0.npy,1454,0,train,0,-6.697764607747586,0.0012321464934019301,0
features_0:1455,features_0.npy,1455,0,train,0,-5.134194360786523,0.005857286318179425,0
features_0:1456,features_0.npy,1456,0,train,0,-5.072197086976296,0.0062295813149964565,0
features_0:1457,features_0.npy,1457,0,train,0,-5.703169058484978,0.0033242909121263655,0
features_0:1458,features_0.npy,1458,0,train,0,-3.283955115389743,0.03612574363447118,0
features_0:1459,features_0.npy,1459,0,test,0,-4.570674464153027,0.010244930965928904,0
features_0:1460,features_0.npy,1460,0,validation,0,-3.3531703479177586,0.033791500324585784,0
features_0:1461,features_0.npy,1461,0,train,0,-4.72539430258943,0.008789280398672633,0
features_0:1462,features_0.npy,1462,0,test,0,-5.091008564120581,0.0061141988566902495,0
features_0:1463,features_0.npy,1463,0,train,0,-2.7239376044597843,0.061575542566900496,0
features_0:1464,features_0.npy,1464,0,train,0,-5.162878115699733,0.005692606865281271,0
features_0:1465,features_0.npy,1465,0,test,0,-6.520748203716626,0.0014704016452309167,0
features_0:1466,features_0.npy,1466,0,train,0,-6.23530320758376,0.0019552048150381324,0
features_0:1467,features_0.npy,1467,0,train,0,-2.4777875057208854,0.07743010327128373,0
features_0:1468,features_0.npy,1468,0,validation,0,-4.104129454047735,0.016236408544731754,0
features_0:1469,features_0.npy,1469,0,train,0,-3.6998024548572133,0.02413167303719923,0
features_0:1470,features_0.npy,1470,0,train,0,-5.450048182162592,0.004277720186673561,0
features_0:1471,features_0.npy,1471,0,train,0,-2.9033611667651633,0.05198765849954866,0
features_0:1472,features_0.npy,1472,0,train,0,-4.454707929945868,0.01149015602664887,0
features_0:1473,features_0.npy,1473,0,train,0,-5.33443547934237,0.004799485666961152,0
features_0:1474,features_0.npy,1474,0,test,0,-4.951927207778529,0.007020140092212884,0
features_0:1475,features_0.npy,1475,0,train,0,-4.759213083013143,0.008499491833959455,0
features_0:1476,features_0.npy,1476,0,test,0,-5.713240712813677,0.0032910874798503732,0
features_0:1477,features_0.npy,1477,0,train,0,-4.893415355822884,0.007440009300722236,0
features_0:1478,features_0.npy,1478,0,validation,0,-4.16376812775192,0.015310791992947121,0
features_0:1479,features_0.npy,1479,0,train,0,-6.031026040856721,0.0023972664131087437,0
features_0:1480,features_0.npy,1480,0,validation,0,-1.845275006765897,0.1364286204166622,0
features_0:1481,features_0.npy,1481,0,test,0,-3.7047879969351745,0.024014544959157516,0
features_0:1482,features_0.npy,1482,0,validation,0,-3.8524179251714328,0.020787070658673145,0
features_0:1483,features_0.npy,1483,0,train,0,-4.535333820126997,0.010609557215601646,0
features_0:1484,features_0.npy,1484,0,validation,0,-1.552344639297208,0.17474788734431868,0
features_0:1485,features_0.npy,1485,0,test,0,-3.0790847459018984,0.04397828045746616,0
features_0:1486,features_0.npy,1486,0,train,0,-3.639294610366199,0.025598377029687015,0
features_0:1487,features_0.npy,1487,0,train,0,-4.148373502095096,0.015544627259822504,0
features_0:1488,features_0.npy,1488,0,train,0,-4.363907475898647,0.012568574061840952,0
features_0:1489,features_0.npy,1489,0,train,0,-3.7617624328366714,0.022714786596611587,0
features_0:1490,features_0.npy,1490,0,train,0,-4.710402336451612,0.008920857338049015,0
features_0:1491,features_0.npy,1491,0,test,0,-2.402233063753659,0.08300257264181105,0
features_0:1492,features_0.npy,1492,0,train,0,-5.696979084045155,0.0033448629642876876,0
features_0:1493,features_0.npy,1493,0,train,0,-3.174320883580187,0.04014359155817333,0
features_0:1494,features_0.npy,1494,0,validation,0,-3.857923660359631,0.020675296781888133,0
features_0:1495,features_0.npy,1495,0,test,0,0.8500762441518107,0.7005831361802258,1
features_0:1496,features_0.npy,1496,0,train,0,-3.7720593530380344,0.022487326941949482,0
features_0:1497,features_0.npy,1497,0,train,0,-6.150254173660874,0.0021283998159004618,0
features_0:1498,features_0.npy,1498,0,train,0,-6.208052961171679,0.0020091086944950282,0
features_0:1499,features_0.npy,1499,0,validation,0,-5.282965521157312,0.005051702184127598,0
features_0:1500,features_0.npy,1500,0,test,0,-5.66466827474485,0.003454323726932335,0
features_0:1501,features_0.npy,1501,0,train,0,-6.028084088871081,0.002404312458517862,0
features_0:1502,features_0.npy,1502,0,validation,0,-5.862796276336257,0.0028352206225926613,0
features_0:1503,features_0.npy,1503,0,validation,0,-2.4728714034209114,0.07778201382675042,0
features_0:1504,features_0.npy,1504,0,train,0,-5.337571691079133,0.004784528947363391,0
features_0:1505,features_0.npy,1505,0,train,0,-6.459601009966561,0.0015629734626677477,0
features_0:1506,features_0.npy,1506,0,train,0,-5.93042023901011,0.0026503221522550793,0
features_0:1507,features_0.npy,1507,0,train,0,-4.960511001128807,0.006960556193322562,0
features_0:1508,features_0.npy,1508,0,test,0,-3.0607353579157826,0.04475625366936705,0
features_0:1509,features_0.npy,1509,0,test,0,-1.9523418881690509,0.1242982235697411,0
features_0:1510,features_0.npy,1510,0,train,0,-6.407180757866138,0.001646951843019203,0
features_0:1511,features_0.npy,1511,0,train,0,-4.004508002536992,0.017906759212296914,0
features_0:1512,features_0.npy,1512,0,validation,0,-6.029052547852648,0.0024019906979518054,0
features_0:1513,features_0.npy,1513,0,test,0,-1.1479883716990906,0.2408567069657444,0
features_0:1514,features_0.npy,1514,0,train,0,-4.625325606874083,0.00970534652441419,0
features_0:1515,features_0.npy,1515,0,validation,0,-3.645203945784916,0.025451392368954873,0
features_0:1516,features_0.npy,1516,0,test,0,-6.040585746712606,0.002374512601588394,0
features_0:1517,features_0.npy,1517,0,train,0,-5.7610355604129255,0.0031379722546945425,0
features_0:1518,features_0.npy,1518,0,test,0,-4.140933004815693,0.015658900509746214,0
features_0:1519,features_0.npy,1519,0,train,0,-5.304314940893359,0.004945522127203674,0
features_0:1520,features_0.npy,1520,0,train,0,-6.164993477963163,0.0020973240588787454,0
features_0:1521,features_0.npy,1521,0,train,0,-6.6340173448577415,0.0013131435611761272,0
features_0:1522,features_0.npy,1522,0,validation,0,-5.973776108928705,0.0025381558844281113,0
features_0:1523,features_0.npy,1523,0,validation,0,-5.4994357371833535,0.004072425635857029,0
features_0:1524,features_0.npy,1524,0,train,0,-6.51962402638261,0.0014720531322482472,0
features_0:1525,features_0.npy,1525,0,train,0,-4.888733633292295,0.007474662056020057,0
features_0:1526,features_0.npy,1526,0,test,0,-3.852620488266305,0.020782947893502147,0
features_0:1527,features_0.npy,1527,0,validation,0,-5.826264038274251,0.00294040258792227,0
features_0:1528,features_0.npy,1528,0,test,0,-4.749545983829017,0.008581347188897075,0
features_0:1529,features_0.npy,1529,0,train,0,-6.321756131968532,0.0017935626946268875,0
features_0:1530,features_0.npy,1530,0,train,0,-5.498931448637266,0.004074471461609093,0
features_0:1531,features_0.npy,1531,0,train,0,-4.877988769016741,0.007554799288277753,0
features_0:1532,features_0.npy,1532,0,train,0,-3.900994001478499,0.01982098494033973,0
features_0:1533,features_0.npy,1533,0,train,0,-5.786143774103316,0.003060402397816387,0
features_0:1534,features_0.npy,1534,0,train,0,-5.9583565457253815,0.0025774947782762226,0
features_0:1535,features_0.npy,1535,0,train,0,-6.208567491831282,0.002008077287687126,0
features_0:1536,features_0.npy,1536,0,train,0,-5.892754551561801,0.002751772259420096,0
features_0:1537,features_0.npy,1537,0,train,0,-5.873511818356018,0.0028050866572297793,0
features_0:1538,features_0.npy,1538,0,train,0,-5.143444892708023,0.005803666154130522,0
features_0:1539,features_0.npy,1539,0,train,0,-5.244245893198902,0.005250091286409765,0
features_0:1540,features_0.npy,1540,0,train,0,-5.418199141375016,0.004415543004415138,0
features_0:1541,features_0.npy,1541,0,train,0,-6.382191126208072,0.0016885567480004302,0
features_0:1542,features_0.npy,1542,0,train,0,-3.946518275383817,0.01895560075708619,0
features_0:1543,features_0.npy,1543,0,train,0,-6.540882166399212,0.0014411349144895567,0
features_0:1544,features_0.npy,1544,0,train,0,-3.5177721254286842,0.02881076803773665,0
features_0:1545,features_0.npy,1545,0,train,0,-2.4497503182240212,0.07945680984678699,0
features_0:1546,features_0.npy,1546,0,validation,0,0.4399635774009775,0.6082503519360452,0
features_0:1547,features_0.npy,1547,0,train,0,-3.679795849153384,0.024607327916502306,0
features_0:1548,features_0.npy,1548,0,validation,0,-5.1855882004480085,0.005565495602730293,0
features_0:1549,features_0.npy,1549,0,train,0,-6.026194002403036,0.002408850157252711,0
features_0:1550,features_0.npy,1550,0,validation,0,-6.490313883467411,0.0015157713846803377,0
features_0:1551,features_0.npy,1551,0,test,0,-3.737809852536117,0.023252628748046577,0
features_0:1552,features_0.npy,1552,0,validation,0,-6.213624758936436,0.0019979677793925,0
features_0:1553,features_0.npy,1553,0,test,0,-2.96688531905861,0.04894450457539866,0
features_0:1554,features_0.npy,1554,0,train,0,-5.958959209913079,0.0025759458826392994,0
features_0:1555,features_0.npy,1555,0,train,0,-4.569935102308809,0.010252430789981152,0
features_0:1556,features_0.npy,1556,0,validation,0,-7.088599109629439,0.0008338697630140678,0
features_0:1557,features_0.npy,1557,0,train,0,-4.953173058357284,0.007011460776859376,0
features_0:1558,features_0.npy,1558,0,test,0,-4.199729014852611,0.014777976606644207,0
features_0:1559,features_0.npy,1559,0,train,0,-4.512287020225454,0.010854228132715232,0
features_0:1560,features_0.npy,1560,0,train,0,-4.8293967932948965,0.007927985016701746,0
features_0:1561,features_0.npy,1561,0,validation,0,-3.9236046295799722,0.019386439528643648,0
features_0:1562,features_0.npy,1562,0,train,0,-5.78890844086407,0.0030519788772828318,0
features_0:1563,features_0.npy,1563,0,train,0,-5.225407957421223,0.005349395515660459,0
features_0:1564,features_0.npy,1564,0,train,0,-3.2393761376515045,0.0377105229716017,0
features_0:1565,features_0.npy,1565,0,train,0,-6.160687288695662,0.00210635594227485,0
features_0:1566,features_0.npy,1566,0,validation,0,-4.200465286160663,0.014767260628553824,0
features_0:1567,features_0.npy,1567,0,train,0,-5.8898128896279935,0.002759856587534415,0
features_0:1568,features_0.npy,1568,0,train,0,-6.767076089056757,0.0011497319135688846,0
features_0:1569,features_0.npy,1569,0,train,0,-5.833374741605686,0.0029196292460818138,0
features_0:1570,features_0.npy,1570,0,test,0,-5.100674617927576,0.006055739567308377,0
features_0:1571,features_0.npy,1571,0,test,0,-6.332942448488271,0.001773646521922903,0
features_0:1572,features_0.npy,1572,0,train,0,-6.437946545614758,0.0015971332817204063,0
features_0:1573,features_0.npy,1573,0,train,0,-4.693304083713124,0.00907330402266095,0
features_0:1574,features_0.npy,1574,0,train,0,-2.300712944538501,0.09106393246660384,0
features_0:1575,features_0.npy,1575,0,train,0,-2.5005098573371516,0.07582244485557015,0
features_0:1576,features_0.npy,1576,0,validation,0,-5.388928165711874,0.004546104189573714,0
features_0:1577,features_0.npy,1577,0,train,0,-4.1599371035510195,0.015368657314368834,0
features_0:1578,features_0.npy,1578,0,train,0,-5.973486070317019,0.0025388902850965794,0
features_0:1579,features_0.npy,1579,0,train,0,-4.869720730757768,0.007617043837175423,0
features_0:1580,features_0.npy,1580,0,train,0,-5.827599203045841,0.00293649080642384,0
features_0:1581,features_0.npy,1581,0,train,0,-6.411803131517228,0.0016393690352348,0
features_0:1582,features_0.npy,1582,0,test,0,-1.6891973921091146,0.15588142003260938,0
features_0:1583,features_0.npy,1583,0,train,0,-5.56294876491132,0.003822774295155134,0
features_0:1584,features_0.npy,1584,0,test,0,-4.846899495456301,0.00779150290130223,0
features_0:1585,features_0.npy,1585,0,train,0,-3.1969346838759827,0.03928123915318688,0
features_0:1586,features_0.npy,1586,0,test,0,-4.227176452992725,0.014383629921288464,0
features_0:1587,features_0.npy,1587,0,train,0,-5.5832012105509055,0.003746419610680227,0
features_0:1588,features_0.npy,1588,0,train,0,-5.0768699907596115,0.00620071907304443,0
features_0:1589,features_0.npy,1589,0,validation,0,-4.228377765618373,0.014366609154772555,0
features_0:1590,features_0.npy,1590,0,test,0,-5.573183372729149,0.0037839965229355286,0
features_0:1591,features_0.npy,1591,0,train,0,-4.581612428618689,0.010134612376735515,0
features_0:1592,features_0.npy,1592,0,train,0,-5.2562004974822685,0.005188025860433367,0
features_0:1593,features_0.npy,1593,0,train,0,-4.919132150789964,0.007252485340637334,0
features_0:1594,features_0.npy,1594,0,train,0,-3.7111443836642803,0.023866014827221727,0
features_0:1595,features_0.npy,1595,0,train,0,-3.774379164009824,0.02243639012345147,0
features_0:1596,features_0.npy,1596,0,test,0,-3.3429374910487026,0.034127197929406966,0
features_0:1597,features_0.npy,1597,0,train,0,-5.6696012421422,0.0034373840496486193,0
features_0:1598,features_0.npy,1598,0,train,0,-4.966377396164004,0.006920124104289312,0
features_0:1599,features_0.npy,1599,0,train,0,-3.8707971847541893,0.020416237988299613,0
features_0:1600,features_0.npy,1600,0,train,0,-3.1153799494093954,0.04247728630722072,0
features_0:1601,features_0.npy,1601,0,train,0,-5.308857664070421,0.004923217295588127,0
features_0:1602,features_0.npy,1602,0,test,0,-1.2545119271301843,0.22192007993980184,0
features_0:1603,features_0.npy,1603,0,train,0,-5.732657926574312,0.003228004442737807,0
features_0:1604,features_0.npy,1604,0,train,0,-4.997609300415557,0.006708763189143033,0
features_0:1605,features_0.npy,1605,0,train,0,-5.057202778284202,0.006323098309849463,0
features_0:1606,features_0.npy,1606,0,train,0,-2.3348735974153323,0.08827563342253608,0
features_0:1607,features_0.npy,1607,0,validation,0,-6.15500074608829,0.002118342500565348,0
features_0:1608,features_0.npy,1608,0,validation,0,-3.296560177262134,0.035689384123868725,0
features_0:1609,features_0.npy,1609,0,train,0,-5.691580973233523,0.003362906842382118,0
features_0:1610,features_0.npy,1610,0,validation,0,-5.8336942421876605,0.0029186992940371044,0
features_0:1611,features_0.npy,1611,0,test,0,-4.27633831476819,0.013703059798959206,0
features_0:1612,features_0.npy,1612,0,train,0,-5.568021860659588,0.0038035036797877493,0
features_0:1613,features_0.npy,1613,0,validation,0,0.074761924782426,0.5186817804291463,0
features_0:1614,features_0.npy,1614,0,train,0,-6.413782638821444,0.0016361324062610673,0
features_0:1615,features_0.npy,1615,0,train,0,-5.8727633035615066,0.002807181195796558,0
features_0:1616,features_0.npy,1616,0,train,0,-2.7107873385595855,0.06233981277593846,0
features_0:1617,features_0.npy,1617,0,train,0,-4.911077103361068,0.0073107115614029555,0
features_0:1618,features_0.npy,1618,0,train,0,-5.574985349688027,0.0037772097206196674,0
features_0:1619,features_0.npy,1619,0,train,0,-5.681578060418394,0.0033965996809036435,0
features_0:1620,features_0.npy,1620,0,train,0,-5.434520338034489,0.004344371526006403,0
features_0:1621,features_0.npy,1621,0,test,0,-5.730934550334808,0.0032335543012925122,0
features_0:1622,features_0.npy,1622,0,train,0,-6.42598172914546,0.0016163263933357279,0
features_0:1623,features_0.npy,1623,0,train,0,-5.992020372353413,0.002492383327036035,0
features_0:1624,features_0.npy,1624,0,test,0,-4.315911636055312,0.013178380644341531,0
features_0:1625,features_0.npy,1625,0,test,0,-5.195678634661736,0.005509927587649685,0
features_0:1626,features_0.npy,1626,0,train,0,-5.402546641546044,0.004484888620982024,0
features_0:1627,features_0.npy,1627,0,validation,0,-2.6347140279407197,0.06693742571790308,0
features_0:1628,features_0.npy,1628,0,test,0,-5.522517735785235,0.003979872287215391,0
features_0:1629,features_0.npy,1629,0,train,0,-5.4366302187564095,0.004335254778685215,0
features_0:1630,features_0.npy,1630,0,train,0,-3.913907767876018,0.019571644426692868,0
features_0:1631,features_0.npy,1631,0,train,0,-2.6563969495466453,0.06559582990302269,0
features_0:1632,features_0.npy,1632,0,train,0,-5.9885751689770075,0.0025009633908442894,0
features_0:1633,features_0.npy,1633,0,train,0,-1.6599517270868838,0.1597684771142997,0
features_0:1634,features_0.npy,1634,0,train,0,-6.5256407283220526,0.001463235739464097,0
features_0:1635,features_0.npy,1635,0,train,0,-3.09709108616627,0.04322740438586728,0
features_0:1636,features_0.npy,1636,0,train,0,-4.291127804335143,0.013504606528167304,0
features_0:1637,features_0.npy,1637,0,test,0,-3.2462729867342324,0.03746104349589879,0
features_0:1638,features_0.npy,1638,0,test,0,3.706430504450131,0.9760239217976691,1
features_0:1639,features_0.npy,1639,0,train,0,-4.283428731119483,0.013607560480764922,0
features_0:1640,features_0.npy,1640,0,train,0,-3.0692566244462687,0.04439335282168634,0
features_0:1641,features_0.npy,1641,0,train,0,-5.3373324853869635,0.004785668093028776,0
features_0:1642,features_0.npy,1642,0,train,0,-4.256766996108937,0.013970104836906387,0
features_0:1643,features_0.npy,1643,0,train,0,-5.92972573476265,0.002652158568150294,0
features_0:1644,features_0.npy,1644,0,train,0,-4.747113797697467,0.008602064268791015,0
features_0:1645,features_0.npy,1645,0,train,0,-3.690492622161077,0.024351887425053006,0
features_0:1646,features_0.npy,1646,0,validation,0,-0.9821013414298028,0.27247503062912315,0
features_0:1647,features_0.npy,1647,0,train,0,-4.075783748412552,0.016695432162071394,0
features_0:1648,features_0.npy,1648,0,train,0,-3.3294862799378717,0.034573373163559344,0
features_0:1649,features_0.npy,1649,0,train,0,-2.8103886842800487,0.05676536587770535,0
features_0:1650,features_0.npy,1650,0,test,0,-5.055003286908945,0.00633693298756616,0
features_0:1651,features_0.npy,1651,0,test,0,0.7325090084655614,0.6753556155572855,1
features_0:1652,features_0.npy,1652,0,train,0,-5.552382469258466,0.003863224139211599,0
features_0:1653,features_0.npy,1653,0,test,0,-2.5125423262167903,0.07498358043391273,0
features_1:0,features_1.npy,0,1,train,1,6.046903518187149,0.9976404064514399,1
features_1:1,features_1.npy,1,1,validation,1,6.066392549455824,0.9976858420386738,1
features_1:2,features_1.npy,2,1,train,1,6.603943763560067,0.9986468199445767,1
features_1:3,features_1.npy,3,1,train,1,6.185459772585469,0.9979450768123903,1
features_1:4,features_1.npy,4,1,train,1,2.0127409648969565,0.8821283207352897,1
features_1:5,features_1.npy,5,1,train,1,5.069421044361272,0.9937532092551915,1
features_1:6,features_1.npy,6,1,train,1,5.2961127783057576,0.995013950170043,1
features_1:7,features_1.npy,7,1,train,1,6.273843098159974,0.9981185759102584,1
features_1:8,features_1.npy,8,1,train,1,5.4473778541707185,0.9957108906919285,1
features_1:9,features_1.npy,9,1,validation,1,2.804181194373458,0.9429013502045951,1
features_1:10,features_1.npy,10,1,train,1,5.597046249204063,0.9963049019570616,1
features_1:11,features_1.npy,11,1,test,1,6.935843753069334,0.9990286421141111,1
features_1:12,features_1.npy,12,1,train,1,6.077839014505537,0.9977121196834182,1
features_1:13,features_1.npy,13,1,test,1,6.1231248230511515,0.9978131956941029,1
features_1:14,features_1.npy,14,1,train,1,6.637085697438482,0.9986908741844631,1
features_1:15,features_1.npy,15,1,train,1,6.438209677483188,0.9984032862487162,1
features_1:16,features_1.npy,16,1,train,1,5.916459454982818,0.9973125179236678,1
features_1:17,features_1.npy,17,1,train,1,3.645522117658191,0.9745564982535089,1
features_1:18,features_1.npy,18,1,test,1,5.872895608418368,0.9971931891409506,1
features_1:19,features_1.npy,19,1,train,1,5.2698333005533184,0.9948818620159579,1
features_1:20,features_1.npy,20,1,validation,1,6.587712576920356,0.9986247074626283,1
features_1:21,features_1.npy,21,1,test,1,6.011098258524041,0.9975546002028228,1
features_1:22,features_1.npy,22,1,train,1,6.434517567821508,0.998397389575341,1
features_1:23,features_1.npy,23,1,train,1,6.816525732542717,0.9989056784024714,1
features_1:24,features_1.npy,24,1,train,1,6.297792758558944,0.9981630182906226,1
features_1:25,features_1.npy,25,1,train,1,5.144804872974843,0.9942041756380677,1
features_1:26,features_1.npy,26,1,train,1,6.408428027590495,0.9983550976927773,1
features_1:27,features_1.npy,27,1,validation,1,5.614533947428504,0.996368726370553,1
features_1:28,features_1.npy,28,1,validation,1,5.985683430562879,0.9974918121762405,1
features_1:29,features_1.npy,29,1,train,1,4.095177683190058,0.983619985789652,1
features_1:30,features_1.npy,30,1,train,1,4.684164278027813,0.9908441503693226,1
features_1:31,features_1.npy,31,1,train,1,4.986942100222507,0.993219777852888,1
features_1:32,features_1.npy,32,1,train,1,6.032002040975711,0.9976050665770081,1
features_1:33,features_1.npy,33,1,train,1,4.703291387515977,0.9910160527557856,1
features_1:34,features_1.npy,34,1,test,1,5.670928409651232,0.9965671592586797,1
features_1:35,features_1.npy,35,1,test,1,4.348442640935978,0.9872380441128248,1
features_1:36,features_1.npy,36,1,train,1,6.126610300423315,0.9978207879020291,1
features_1:37,features_1.npy,37,1,train,1,6.305977216141929,0.9981779643496229,1
features_1:38,features_1.npy,38,1,test,1,6.188315468964076,0.9979509246708083,1
features_1:39,features_1.npy,39,1,train,1,5.6600469919254035,0.9965297314490907,1
features_1:40,features_1.npy,40,1,train,1,4.324554944802613,0.9869335514084924,1
features_1:41,features_1.npy,41,1,validation,1,5.816838146288285,0.9970318331142856,1
features_1:42,features_1.npy,42,1,test,1,-0.2322626170635901,0.44219397898599366,0
features_1:43,features_1.npy,43,1,train,1,5.7292072566131385,0.9967608736812801,1
features_1:44,features_1.npy,44,1,train,1,5.72887259568475,0.9967597930038525,1
features_1:45,features_1.npy,45,1,train,1,4.031243018288866,0.9825573956091194,1
features_1:46,features_1.npy,46,1,train,1,4.380462664808375,0.98763523654004,1
features_1:47,features_1.npy,47,1,train,1,5.336166101289901,0.9952087734830927,1
features_1:48,features_1.npy,48,1,train,1,4.58415426321861,0.9898908553338883,1
features_1:49,features_1.npy,49,1,test,1,5.987171318938988,0.9974955319653138,1
features_1:50,features_1.npy,50,1,validation,1,3.2833715750778154,0.9638539315972761,1
features_1:51,features_1.npy,51,1,train,1,4.6482048513756675,0.9905121006750497,1
features_1:52,features_1.npy,52,1,train,1,6.078525968702732,0.9977136872206027,1
features_1:53,features_1.npy,53,1,train,1,5.138628605703303,0.9941684776996635,1
features_1:54,features_1.npy,54,1,validation,1,4.241161846167027,0.9858132967329021,1
features_1:55,features_1.npy,55,1,train,1,6.236678452568996,0.9980474769759853,1
features_1:56,features_1.npy,56,1,train,1,5.117485761127249,0.99404461217882,1
features_1:57,features_1.npy,57,1,validation,1,1.0776381505794268,0.7460467651074449,1
features_1:58,features_1.npy,58,1,train,1,6.049020293008902,0.997645384148796,1
features_1:59,features_1.npy,59,1,train,1,6.2878285374419445,0.9981446568321573,1
features_1:60,features_1.npy,60,1,train,1,4.776844378007237,0.9916478111920581,1
features_1:61,features_1.npy,61,1,train,1,6.532256153642893,0.9985463982150501,1
features_1:62,features_1.npy,62,1,train,1,6.508647197817026,0.9985117235638403,1
features_1:63,features_1.npy,63,1,train,1,4.786469137703349,0.9917271515377383,1
features_1:64,features_1.npy,64,1,train,1,5.1548019051451295,0.9942614971857578,1
features_1:65,features_1.npy,65,1,train,1,5.102089800786294,0.9939527725623823,1
features_1:66,features_1.npy,66,1,validation,1,5.9252487286919475,0.997335972785603,1
features_1:67,features_1.npy,67,1,train,1,3.8216338887011743,0.9785769900278338,1
features_1:68,features_1.npy,68,1,train,1,6.054690871194323,0.9976586672235731,1
features_1:69,features_1.npy,69,1,train,1,6.126451474883299,0.9978204425144399,1
features_1:70,features_1.npy,70,1,train,1,4.9300043475677935,0.9928253753593665,1
features_1:71,features_1.npy,71,1,validation,1,4.502405793555539,0.9890391685433834,1
features_1:72,features_1.npy,72,1,test,1,5.528056635944608,0.9960420238816222,1
features_1:73,features_1.npy,73,1,train,1,4.376051855951569,0.9875812562720513,1
features_1:74,features_1.npy,74,1,train,1,6.653884586161339,0.9987126542793443,1
features_1:75,features_1.npy,75,1,train,1,5.75997334623051,0.9968587032518891,1
features_1:76,features_1.npy,76,1,train,1,5.6201534819859065,0.9963890017295293,1
features_1:77,features_1.npy,77,1,train,1,4.894722257353829,0.9925696355069379,1
features_1:78,features_1.npy,78,1,train,1,5.8031398714978,0.9969910177785447,1
features_1:79,features_1.npy,79,1,train,1,6.510361433206791,0.9985142688472655,1
features_1:80,features_1.npy,80,1,train,1,4.570007509559777,0.9897483039233985,1
features_1:81,features_1.npy,81,1,train,1,5.005116627963289,0.9933410789928977,1
features_1:82,features_1.npy,82,1,train,1,5.513695093538395,0.9959850009745544,1
features_1:83,features_1.npy,83,1,validation,1,4.015084579351475,0.9822782962973148,1
features_1:84,features_1.npy,84,1,train,1,6.726398555497737,0.998802592744626,1
features_1:85,features_1.npy,85,1,validation,1,5.935769490241444,0.9973637799609594,1
features_1:86,features_1.npy,86,1,train,1,6.56672336849592,0.9985955770587889,1
features_1:87,features_1.npy,87,1,train,1,5.646280043240958,0.9964817953122262,1
features_1:88,features_1.npy,88,1,train,1,6.664254848990418,0.9987259184881491,1
features_1:89,features_1.npy,89,1,validation,1,4.000217683839347,0.9820176345202065,1
features_1:90,features_1.npy,90,1,train,1,6.019970717017185,0.9975761485864976,1
features_1:91,features_1.npy,91,1,test,1,3.200142216749202,0.9608396287203445,1
features_1:92,features_1.npy,92,1,train,1,5.01799026733533,0.9934256941401022,1
features_1:93,features_1.npy,93,1,train,1,5.812738807850177,0.9970196769577456,1
features_1:94,features_1.npy,94,1,validation,1,4.906558542450122,0.9926564229335877,1
features_1:95,features_1.npy,95,1,train,1,5.823780235579422,0.9970523065094978,1
features_1:96,features_1.npy,96,1,train,1,4.456578314617539,0.9885310686507773,1
features_1:97,features_1.npy,97,1,train,1,6.06303630947456,0.9976780801852138,1
features_1:98,features_1.npy,98,1,train,1,5.8475994489560925,0.9971214889380474,1
features_1:99,features_1.npy,99,1,train,1,6.821272282332016,0.9989108547026229,1
features_1:100,features_1.npy,100,1,train,1,6.613724623305216,0.9986599730441291,1
features_1:101,features_1.npy,101,1,validation,1,5.824597732933285,0.9970547081619574,1
features_1:102,features_1.npy,102,1,train,1,6.023914940960024,0.9975856669341517,1
features_1:103,features_1.npy,103,1,train,1,5.829381465690634,0.9970687228029305,1
features_1:104,features_1.npy,104,1,train,1,4.263887236066272,0.9861276373839584,1
features_1:105,features_1.npy,105,1,validation,1,4.605268685677843,0.9900999754429455,1
features_1:106,features_1.npy,106,1,train,1,3.3419608495223776,0.9658405948413143,1
features_1:107,features_1.npy,107,1,train,1,6.463430463790596,0.9984429911249709,1
features_1:108,features_1.npy,108,1,train,1,5.751377843502175,0.9968316717670581,1
features_1:109,features_1.npy,109,1,train,1,6.395799651338992,0.9983342283541102,1
features_1:110,features_1.npy,110,1,validation,1,4.498396858439344,0.9889956236013381,1
features_1:111,features_1.npy,111,1,train,1,5.76068100940291,0.9968609184698892,1
features_1:112,features_1.npy,112,1,train,1,4.847793522954614,0.9922154056018221,1
features_1:113,features_1.npy,113,1,validation,1,6.365318982050357,0.9982827613200824,1
features_1:114,features_1.npy,114,1,train,1,5.8527114838227945,0.9971361244045112,1
features_1:115,features_1.npy,115,1,validation,1,5.684123293748322,0.9966120052127513,1
features_1:116,features_1.npy,116,1,validation,1,5.726883479442304,0.9967533623870468,1
features_1:117,features_1.npy,117,1,train,1,6.61681311897011,0.998664099806702,1
features_1:118,features_1.npy,118,1,train,1,5.6879511485798355,0.9966249054882597,1
features_1:119,features_1.npy,119,1,train,1,5.057315497168303,0.9936776098766489,1
features_1:120,features_1.npy,120,1,train,1,5.063342320571627,0.993715360463625,1
features_1:121,features_1.npy,121,1,train,1,4.912370380559889,0.992698668116136,1
features_1:122,features_1.npy,122,1,train,1,6.001723004250916,0.9975316230083187,1
features_1:123,features_1.npy,123,1,train,1,4.7974089451887965,0.9918164250582524,1
features_1:124,features_1.npy,124,1,train,1,5.375272218411376,0.9953916766784807,1
features_1:125,features_1.npy,125,1,validation,1,5.348316625172444,0.9952663632409455,1
features_1:126,features_1.npy,126,1,train,1,5.784146461489076,0.99693349767641,1
features_1:127,features_1.npy,127,1,validation,1,4.394518178121915,0.9878057095049325,1
features_1:128,features_1.npy,128,1,test,1,6.422884181697939,0.9983786673268199,1
features_1:129,features_1.npy,129,1,validation,1,6.244981692534447,0.9980635908583142,1
features_1:130,features_1.npy,130,1,train,1,6.625420552801501,0.9986755339696253,1
features_1:131,features_1.npy,131,1,train,1,5.30828950194096,0.9950739985068671,1
features_1:132,features_1.npy,132,1,train,1,6.675178624647145,0.9987397430829152,1
features_1:133,features_1.npy,133,1,test,1,5.099197557311652,0.9939353634154982,1
features_1:134,features_1.npy,134,1,train,1,2.0635061836328057,0.8873052459094619,1
features_1:135,features_1.npy,135,1,train,1,4.59857855956431,0.9900341832566009,1
features_1:136,features_1.npy,136,1,train,1,1.9969683572253532,0.8804784072909669,1
features_1:137,features_1.npy,137,1,train,1,4.17109247335214,0.9847992414492877,1
features_1:138,features_1.npy,138,1,train,1,5.774292267508368,0.9969032244315124,1
features_1:139,features_1.npy,139,1,train,1,4.974299997640984,0.9931341097358519,1
features_1:140,features_1.npy,140,1,validation,1,6.591679344758702,0.9986301446644461,1
features_1:141,features_1.npy,141,1,train,1,4.075182717659731,0.9832946980328572,1
features_1:142,features_1.npy,142,1,test,1,5.589807514823805,0.9962781569919914,1
features_1:143,features_1.npy,143,1,train,1,5.3935688924516345,0.9954748489131432,1
features_1:144,features_1.npy,144,1,train,1,5.447806162702566,0.9957127194863665,1
features_1:145,features_1.npy,145,1,validation,1,5.163049490940115,0.9943083630708739,1
features_1:146,features_1.npy,146,1,train,1,5.0598035577812235,0.9936932217281127,1
features_1:147,features_1.npy,147,1,train,1,4.441222792162567,0.9883556646550538,1
features_1:148,features_1.npy,148,1,test,1,6.292441626956528,0.9981531802149122,1
features_1:149,features_1.npy,149,1,train,1,5.8210770810760915,0.9970443512420691,1
features_1:150,features_1.npy,150,1,train,1,6.07265011932481,0.9977002446314231,1
features_1:151,features_1.npy,151,1,test,1,1.1186566899379586,0.7537394612208463,1
features_1:152,features_1.npy,152,1,train,1,6.182516721747434,0.997939032643397,1
features_1:153,features_1.npy,153,1,train,1,4.5920236300796375,0.9899693008708639,1
features_1:154,features_1.npy,154,1,train,1,6.514958867364088,0.9985210736422493,1
features_1:155,features_1.npy,155,1,train,1,5.953102661555659,0.9974089629064428,1
features_1:156,features_1.npy,156,1,train,1,4.961122484252936,0.9930436691693525,1
features_1:157,features_1.npy,157,1,train,1,4.910230697346053,0.9926831432835435,1
features_1:158,features_1.npy,158,1,test,1,5.483416715790899,0.9958620848947449,1
features_1:159,features_1.npy,159,1,test,1,6.01878231329212,0.9975732733545392,1
features_1:160,features_1.npy,160,1,train,1,4.59853145834343,0.9900337185217143,1
features_1:161,features_1.npy,161,1,train,1,5.933129462150848,0.9973568294909827,1
features_1:162,features_1.npy,162,1,train,1,6.319489373324056,0.9982023744369786,1
features_1:163,features_1.npy,163,1,validation,1,5.9469221020978145,0.9973929411364733,1
features_1:164,features_1.npy,164,1,train,1,5.526765826665033,0.9960369318508917,1
features_1:165,features_1.npy,165,1,test,1,6.2272185267192315,0.9980289551903478,1
features_1:166,features_1.npy,166,1,train,1,5.828960826960274,0.9970674931514171,1
features_1:167,features_1.npy,167,1,train,1,3.667939295231509,0.9751064836065696,1
features_1:168,features_1.npy,168,1,train,1,5.126531903468806,0.9940979259948775,1
features_1:169,features_1.npy,169,1,train,1,5.641873089628645,0.9964663114423836,1
features_1:170,features_1.npy,170,1,train,1,6.512237447693888,0.9985170493581182,1
features_1:171,features_1.npy,171,1,train,1,2.1236070050727167,0.8931765701398465,1
features_1:172,features_1.npy,172,1,train,1,4.553014076695929,0.9895744355414344,1
features_1:173,features_1.npy,173,1,train,1,5.616820470121142,0.9963769898274032,1
features_1:174,features_1.npy,174,1,train,1,4.813176000540069,0.9919434126478557,1
features_1:175,features_1.npy,175,1,train,1,6.980736190963928,0.9990712448136396,1
features_1:176,features_1.npy,176,1,train,1,3.4691593862547503,0.9697974063250431,1
features_1:177,features_1.npy,177,1,train,1,5.098579680237657,0.9939316378040903,1
features_1:178,features_1.npy,178,1,train,1,5.410986880358579,0.995552637972191,1
features_1:179,features_1.npy,179,1,train,1,6.219210474552839,0.9980131390781556,1
features_1:180,features_1.npy,180,1,train,1,6.823247356562791,0.9989130013865162,1
features_1:181,features_1.npy,181,1,train,1,5.46117106379441,0.9957693965712444,1
features_1:182,features_1.npy,182,1,train,1,6.650911872618897,0.9987088266240485,1
features_1:183,features_1.npy,183,1,train,1,4.920520038077669,0.9927575004600487,1
features_1:184,features_1.npy,184,1,train,1,5.649457168549296,0.9964929162123773,1
features_1:185,features_1.npy,185,1,test,1,5.421158379511268,0.9955974468826807,1
features_1:186,features_1.npy,186,1,train,1,4.543243404861442,0.9894731490750296,1
features_1:187,features_1.npy,187,1,train,1,6.380790129955927,0.9983090799353566,1
features_1:188,features_1.npy,188,1,train,1,5.807175257944566,0.9970030994016316,1
features_1:189,features_1.npy,189,1,train,1,5.974349058669209,0.9974632942468932,1
features_1:190,features_1.npy,190,1,train,1,5.695330934600577,0.9966496381414094,1
features_1:191,features_1.npy,191,1,train,1,2.899510809384923,0.9478222491849667,1
features_1:192,features_1.npy,192,1,train,1,6.026024284845287,0.9975907419689338,1
features_1:193,features_1.npy,193,1,train,1,6.498793291342787,0.9984970078845259,1
features_1:194,features_1.npy,194,1,train,1,5.2356676587764,0.9947049179771793,1
features_1:195,features_1.npy,195,1,train,1,5.039799245886888,0.9935666084393217,1
features_1:196,features_1.npy,196,1,train,1,6.242286402450015,0.9980583747813927,1
features_1:197,features_1.npy,197,1,validation,1,1.9377293665598394,0.8741024785095824,1
features_1:198,features_1.npy,198,1,train,1,6.2102036434808445,0.997995198963515,1
features_1:199,features_1.npy,199,1,train,1,6.052933775370369,0.9976545593186111,1
features_1:200,features_1.npy,200,1,train,1,5.2818797447360835,0.9949428375716206,1
features_1:201,features_1.npy,201,1,train,1,5.870075374438562,0.9971852844171489,1
features_1:202,features_1.npy,202,1,train,1,3.746578081353875,0.9769456845082927,1
features_1:203,features_1.npy,203,1,train,1,6.032542838484126,0.9976063583015413,1
features_1:204,features_1.npy,204,1,train,1,4.047907480628948,0.9828407122984401,1
features_1:205,features_1.npy,205,1,train,1,6.137433116848888,0.9978441953735415,1
features_1:206,features_1.npy,206,1,train,1,4.848082191615541,0.9922176349601893,1
features_1:207,features_1.npy,207,1,test,1,0.5352711580468476,0.6307116845181046,1
features_1:208,features_1.npy,208,1,train,1,5.9397626021679635,0.9973742581080542,1
features_1:209,features_1.npy,209,1,train,1,5.919887183508303,0.9973216894823693,1
features_1:210,features_1.npy,210,1,train,1,6.125700788718286,0.997818809306638,1
features_1:211,features_1.npy,211,1,train,1,6.192359248500603,0.997959177072724,1
features_1:212,features_1.npy,212,1,train,1,3.6930896027577433,0.9757097377500709,1
features_1:213,features_1.npy,213,1,validation,1,4.153474121751744,0.9845332349130804,1
features_1:214,features_1.npy,214,1,train,1,5.111494971162532,0.994009042003152,1
features_1:215,features_1.npy,215,1,train,1,5.821810032471449,0.9970465103992922,1
features_1:216,features_1.npy,216,1,test,1,6.2002017606551325,0.9979750873723422,1
features_1:217,features_1.npy,217,1,train,1,4.398913178571973,0.9878585365361724,1
features_1:218,features_1.npy,218,1,train,1,5.2228429323367935,0.9946369392206221,1
features_1:219,features_1.npy,219,1,train,1,5.543459694111865,0.9961022858930256,1
features_1:220,features_1.npy,220,1,train,1,5.453427414642708,0.995736649303238,1
features_1:221,features_1.npy,221,1,train,1,6.121706622441457,0.9978100989631288,1
features_1:222,features_1.npy,222,1,train,1,6.22941319884792,0.9980332677457178,1
features_1:223,features_1.npy,223,1,train,1,5.494085729280012,0.9959058179101292,1
features_1:224,features_1.npy,224,1,train,1,2.6639256534260296,0.9348641206309244,1
features_1:225,features_1.npy,225,1,train,1,5.283246463929176,0.9949497096891795,1
features_1:226,features_1.npy,226,1,train,1,2.5848922634571396,0.9298829196085439,1
features_1:227,features_1.npy,227,1,train,1,6.058541236155911,0.9976676438902903,1
features_1:228,features_1.npy,228,1,train,1,5.405729989650812,0.9955293019140344,1
features_1:229,features_1.npy,229,1,train,1,5.834487423981231,0.9970836080982723,1
features_1:230,features_1.npy,230,1,train,1,5.700746302861346,0.9966676722500386,1
features_1:231,features_1.npy,231,1,train,1,6.043868215612461,0.9976332504671224,1
features_1:232,features_1.npy,232,1,train,1,5.004458134295122,0.9933367219187059,1
features_1:233,features_1.npy,233,1,train,1,5.662252292736711,0.9965373495323557,1
features_1:234,features_1.npy,234,1,train,1,7.111077257092167,0.9991846498782972,1
features_1:235,features_1.npy,235,1,train,1,5.5721262701691625,0.9962120164498846,1
features_1:236,features_1.npy,236,1,validation,1,5.447638894512031,0.9957120053760213,1
features_1:237,features_1.npy,237,1,test,1,6.315205853027338,0.9981946716870554,1
features_1:238,features_1.npy,238,1,train,1,6.311159790699277,0.9981873656862128,1
features_1:239,features_1.npy,239,1,train,1,6.38011812985977,0.9983079451783541,1
features_1:240,features_1.npy,240,1,train,1,6.3672981531845485,0.9982861508490979,1
features_1:241,features_1.npy,241,1,validation,1,5.454859153912072,0.9957427229744082,1
features_1:242,features_1.npy,242,1,train,1,6.191944966551496,0.9979583331480051,1
features_1:243,features_1.npy,243,1,validation,1,6.297806519430119,0.9981630435224822,1
features_1:244,features_1.npy,244,1,train,1,4.588696804563206,0.9899362113064802,1
features_1:245,features_1.npy,245,1,train,1,6.189527735690822,0.9979534021108859,1
features_1:246,features_1.npy,246,1,train,1,5.707538535817234,0.9966901548416092,1
features_1:247,features_1.npy,247,1,train,1,3.8955769754849494,0.980073498257663,1
features_1:248,features_1.npy,248,1,train,1,6.072755734221827,0.9977004869485281,1
features_1:249,features_1.npy,249,1,train,1,5.453321834813684,0.9957362010749764,1
features_1:250,features_1.npy,250,1,validation,1,6.276242341565147,0.998123076031572,1
features_1:251,features_1.npy,251,1,train,1,4.242893823246896,0.9858374988255625,1
features_1:252,features_1.npy,252,1,test,1,5.934530154976665,0.9973605194040617,1
features_1:253,features_1.npy,253,1,train,1,5.54115087242967,0.9960933115668964,1
features_1:254,features_1.npy,254,1,train,1,4.273375916026067,0.986256844802613,1
features_1:255,features_1.npy,255,1,train,1,5.913522548977424,0.9973046347452083,1
features_1:256,features_1.npy,256,1,train,1,3.7777384867396795,0.9776371718131366,1
features_1:257,features_1.npy,257,1,train,1,2.1405005559673245,0.8947777474008529,1
features_1:258,features_1.npy,258,1,train,1,5.278096775232395,0.9949237675463254,1
features_1:259,features_1.npy,259,1,train,1,5.177486134301206,0.9943894832373249,1
features_1:260,features_1.npy,260,1,validation,1,6.751510375227704,0.9988322527398348,1
features_1:261,features_1.npy,261,1,test,1,4.889908157364491,0.9925340464544383,1
features_1:262,features_1.npy,262,1,test,1,7.095610077277773,0.9991719512008124,1
features_1:263,features_1.npy,263,1,train,1,5.871515899719326,0.9971893247789263,1
features_1:264,features_1.npy,264,1,train,1,4.59942900111272,0.9900425706415821,1
features_1:265,features_1.npy,265,1,validation,1,5.177866770372337,0.9943916064211873,1
features_1:266,features_1.npy,266,1,train,1,5.367103028719263,0.9953540518407359,1
features_1:267,features_1.npy,267,1,train,1,5.89001495829992,0.9972406994980271,1
features_1:268,features_1.npy,268,1,train,1,6.294330868707474,0.9981566595846576,1
features_1:269,features_1.npy,269,1,test,1,6.681049650820122,0.9987471111638717,1
features_1:270,features_1.npy,270,1,train,1,4.917417474963082,0.992735158751008,1
features_1:271,features_1.npy,271,1,train,1,2.215232209494942,0.9016090533171276,1
features_1:272,features_1.npy,272,1,train,1,6.39188098167805,0.9983276988763493,1
features_1:273,features_1.npy,273,1,validation,1,4.838537228266109,0.9921435833166149,1
features_1:274,features_1.npy,274,1,train,1,5.616313148905982,0.9963751579954236,1
features_1:275,features_1.npy,275,1,validation,1,3.238696329089414,0.9622648000823371,1
features_1:276,features_1.npy,276,1,train,1,3.421754781186156,0.968377551541713,1
features_1:277,features_1.npy,277,1,train,1,5.655039688397933,0.9965123719386615,1
features_1:278,features_1.npy,278,1,train,1,6.362596334777045,0.9982780875759717,1
features_1:279,features_1.npy,279,1,train,1,5.485897003767536,0.9958722930873982,1
features_1:280,features_1.npy,280,1,train,1,6.325012628792027,0.9982122581120079,1
features_1:281,features_1.npy,281,1,test,1,6.280628829121155,0.9981312757526677,1
features_1:282,features_1.npy,282,1,train,1,3.9114489677248185,0.9803811188767839,1
features_1:283,features_1.npy,283,1,train,1,4.758120079501446,0.991491292201673,1
features_1:284,features_1.npy,284,1,test,1,5.790226808137945,0.9969520298448236,1
features_1:285,features_1.npy,285,1,test,1,6.1571324933490805,0.9978861589249803,1
features_1:286,features_1.npy,286,1,validation,1,2.944048518959381,0.9499814498810129,1
features_1:287,features_1.npy,287,1,test,1,5.1994343538224825,0.9945106139587494,1
features_1:288,features_1.npy,288,1,train,1,3.5947679034812694,0.9732672135367646,1
features_1:289,features_1.npy,289,1,train,1,4.4980381817075035,0.9889917193372683,1
features_1:290,features_1.npy,290,1,validation,1,2.0908041896026384,0.8900061766202975,1
features_1:291,features_1.npy,291,1,train,1,5.330259110262204,0.9951805248003225,1
features_1:292,features_1.npy,292,1,train,1,6.5613723470599945,0.9985880524582537,1
features_1:293,features_1.npy,293,1,train,1,4.762815383330674,0.9915308119664621,1
features_1:294,features_1.npy,294,1,test,1,5.087881031134446,0.9938667663160863,1
features_1:295,features_1.npy,295,1,train,1,6.402875009547615,0.9983459532628401,1
features_1:296,features_1.npy,296,1,train,1,5.347317036963365,0.9952616516193905,1
features_1:297,features_1.npy,297,1,validation,1,6.51046553735692,0.9985144232802304,1
features_1:298,features_1.npy,298,1,train,1,6.2847536143141145,0.998138953647947,1
features_1:299,features_1.npy,299,1,train,1,2.7217240804879403,0.938296426978153,1
features_1:300,features_1.npy,300,1,validation,1,5.489807726027972,0.9958883376376173,1
features_1:301,features_1.npy,301,1,validation,1,7.005011337709365,0.9990934988416907,1
features_1:302,features_1.npy,302,1,validation,1,6.526400205922461,0.9985378735091726,1
features_1:303,features_1.npy,303,1,validation,1,6.1220756284708715,0.997810905132087,1
features_1:304,features_1.npy,304,1,validation,1,5.987788135603325,0.997497072421278,1
features_1:305,features_1.npy,305,1,train,1,6.644097981598082,0.9987000101434182,1
features_1:306,features_1.npy,306,1,test,1,6.294936728120061,0.9981577739947693,1
features_1:307,features_1.npy,307,1,validation,1,5.890268848740161,0.9972413980368001,1
features_1:308,features_1.npy,308,1,train,1,6.122471704954432,0.9978117701124715,1
features_1:309,features_1.npy,309,1,train,1,5.5813818822187296,0.9962467838230586,1
features_1:310,features_1.npy,310,1,validation,1,6.654514203948243,0.998713463517542,1
features_1:311,features_1.npy,311,1,test,1,5.726435151458113,0.996751911231061,1
features_1:312,features_1.npy,312,1,train,1,5.561377286295493,0.996171236593083,1
features_1:313,features_1.npy,313,1,train,1,6.236168002476777,0.9980464820035114,1
features_1:314,features_1.npy,314,1,train,1,5.9892965349027945,0.9975008355612311,1
features_1:315,features_1.npy,315,1,train,1,4.217353892805762,0.985476451901712,1
features_1:316,features_1.npy,316,1,test,1,5.215137876755891,0.9945956811163041,1
features_1:317,features_1.npy,317,1,train,1,3.7073779035782657,0.9760460821030466,1
features_1:318,features_1.npy,318,1,train,1,6.252037785093408,0.9980771800682904,1
features_1:319,features_1.npy,319,1,train,1,5.930082646300687,0.9973487853397849,1
features_1:320,features_1.npy,320,1,test,1,4.623716806750894,0.9902791788489875,1
features_1:321,features_1.npy,321,1,train,1,4.197024344634411,0.9851825927859309,1
features_1:322,features_1.npy,322,1,train,1,4.371770731806349,0.9875286405962501,1
features_1:323,features_1.npy,323,1,validation,1,6.349611944399137,0.9982556230652381,1
features_1:324,features_1.npy,324,1,train,1,6.7637243921360914,0.9988464125211935,1
features_1:325,features_1.npy,325,1,train,1,6.113519900816213,0.9977921370113354,1
features_1:326,features_1.npy,326,1,train,1,4.945080277143243,0.9929319694662232,1
features_1:327,features_1.npy,327,1,train,1,5.196132089859667,0.9944925565940035,1
features_1:328,features_1.npy,328,1,train,1,5.602777632134386,0.9963259418182812,1
features_1:329,features_1.npy,329,1,train,1,6.612000908421664,0.9986576643310707,1
features_1:330,features_1.npy,330,1,train,1,2.7008320871633766,0.9370757256519879,1
features_1:331,features_1.npy,331,1,train,1,4.344421463386411,0.9871872815523353,1
features_1:332,features_1.npy,332,1,train,1,4.732277334786249,0.991270482481691,1
features_1:333,features_1.npy,333,1,train,1,5.85856611846519,0.997152794763801,1
features_1:334,features_1.npy,334,1,train,1,6.413846170374882,0.9983639713664172,1
features_1:335,features_1.npy,335,1,validation,1,2.6209469409323205,0.9321975825617841,1
features_1:336,features_1.npy,336,1,train,1,5.876093626765466,0.9972021259615317,1
features_1:337,features_1.npy,337,1,validation,1,5.921513091041677,0.9973260289945358,1
features_1:338,features_1.npy,338,1,train,1,6.674633687990648,0.9987390570017716,1
features_1:339,features_1.npy,339,1,train,1,4.846412150969021,0.992204728634299,1
features_1:340,features_1.npy,340,1,test,1,6.065598267924121,0.9976840074742693,1
features_1:341,features_1.npy,341,1,test,1,6.139665235620408,0.9978489916798841,1
features_1:342,features_1.npy,342,1,test,1,5.7443011526237315,0.9968092427604416,1
features_1:343,features_1.npy,343,1,train,1,5.6152704146360515,0.9963713899995023,1
features_1:344,features_1.npy,344,1,validation,1,7.280932090736993,0.9993119302864151,1
features_1:345,features_1.npy,345,1,train,1,6.042278971894636,0.9976294950582354,1
features_1:346,features_1.npy,346,1,train,1,6.037104502504753,0.9976172264659735,1
features_1:347,features_1.npy,347,1,validation,1,3.8764807480556045,0.9796971206621763,1
features_1:348,features_1.npy,348,1,test,1,6.081528482954229,0.997720525987546,1
features_1:349,features_1.npy,349,1,validation,1,5.389586181056595,0.9954568726468924,1
features_1:350,features_1.npy,350,1,train,1,5.379942446601219,0.995413049932152,1
features_1:351,features_1.npy,351,1,train,1,5.909059138969882,0.9972926099805021,1
features_1:352,features_1.npy,352,1,test,1,0.20324344744341122,0.5506366738639832,0
features_1:353,features_1.npy,353,1,validation,1,5.42616440754854,0.9956193348087127,1
features_1:354,features_1.npy,354,1,train,1,4.8844386454485855,0.9924934068270543,1
features_1:355,features_1.npy,355,1,train,1,6.417052440808471,0.9983691999755634,1
features_1:356,features_1.npy,356,1,train,1,4.310372135205113,0.9867493851355874,1
features_1:357,features_1.npy,357,1,train,1,4.089480417095918,0.9835279397276628,1
features_1:358,features_1.npy,358,1,train,1,5.422953046715917,0.9956053062228248,1
features_1:359,features_1.npy,359,1,train,1,6.4649434430524595,0.9984453414063539,1
features_1:360,features_1.npy,360,1,test,1,6.341402920844349,0.9982412697856586,1
features_1:361,features_1.npy,361,1,train,1,5.79120140872521,0.9969549899102863,1
features_1:362,features_1.npy,362,1,train,1,5.235590869724533,0.9947045135104898,1
features_1:363,features_1.npy,363,1,validation,1,4.767646971215957,0.991571288830547,1
features_1:364,features_1.npy,364,1,train,1,5.168114294465257,0.9943369543791126,1
features_1:365,features_1.npy,365,1,train,1,5.201127407090428,0.9945198490302326,1
features_1:366,features_1.npy,366,1,train,1,4.86384574012566,0.9923384182561003,1
features_1:367,features_1.npy,367,1,train,1,2.8887720812345035,0.9472886016761107,1
features_1:368,features_1.npy,368,1,train,1,5.844436505763643,0.9971123962892756,1
features_1:369,features_1.npy,369,1,train,1,4.732122782460566,0.9912691449904865,1
features_1:370,features_1.npy,370,1,train,1,6.632479987747258,0.9986848387727025,1
features_1:371,features_1.npy,371,1,train,1,5.5186463910931876,0.9960047520689377,1
features_1:372,features_1.npy,372,1,test,1,6.6043846207208325,0.9986474155654959,1
features_1:373,features_1.npy,373,1,train,1,5.484630672843447,0.9958670843501202,1
features_1:374,features_1.npy,374,1,validation,1,5.475229679002814,0.9958282104840501,1
features_1:375,features_1.npy,375,1,train,1,3.139271624106021,0.9584839064722598,1
features_1:376,features_1.npy,376,1,train,1,4.814602099209711,0.9919548015783461,1
features_1:377,features_1.npy,377,1,validation,1,6.142358690739632,0.9978547651167904,1
features_1:378,features_1.npy,378,1,train,1,6.233901716084711,0.9980420584298704,1
features_1:379,features_1.npy,379,1,train,1,6.1285201944958905,0.9978249369501633,1
features_1:380,features_1.npy,380,1,test,1,5.877467847047918,0.9972059574807036,1
features_1:381,features_1.npy,381,1,train,1,6.49121946988783,0.9984855985781373,1
features_1:382,features_1.npy,382,1,train,1,4.121643270494829,0.984040978658786,1
features_1:383,features_1.npy,383,1,train,1,4.66611608399949,0.9906789578596116,1
features_1:384,features_1.npy,384,1,train,1,5.710440157651868,0.9966997131908392,1
features_1:385,features_1.npy,385,1,train,1,5.637641825787923,0.9964513809674923,1
features_1:386,features_1.npy,386,1,train,1,5.253320587821414,0.9947970894076419,1
features_1:387,features_1.npy,387,1,train,1,6.43335974330593,0.9983955359379659,1
features_1:388,features_1.npy,388,1,train,1,5.156583657520744,0.9942716541554966,1
features_1:389,features_1.npy,389,1,test,1,6.128513961945738,0.9978249234234173,1
features_1:390,features_1.npy,390,1,train,1,6.975734573130091,0.9990665922455907,1
features_1:391,features_1.npy,391,1,train,1,6.310311644800503,0.9981858304459568,1
features_1:392,features_1.npy,392,1,train,1,5.764886480747857,0.9968740508873095,1
features_1:393,features_1.npy,393,1,train,1,6.145672372876887,0.9978618468042599,1
features_1:394,features_1.npy,394,1,test,1,2.6298138532168776,0.9327558747884357,1
features_1:395,features_1.npy,395,1,train,1,4.541083298419566,0.9894506255221324,1
features_1:396,features_1.npy,396,1,train,1,4.180517520718531,0.9849396887589794,1
features_1:397,features_1.npy,397,1,train,1,5.460268618638009,0.9957655931342223,1
features_1:398,features_1.npy,398,1,test,1,1.552913006604629,0.8253340623577334,1
features_1:399,features_1.npy,399,1,train,1,5.848796783036852,0.9971249235118029,1
features_1:400,features_1.npy,400,1,train,1,5.16394389001754,0.9943134224547387,1
features_1:401,features_1.npy,401,1,train,1,6.44096276396376,0.9984076691040868,1
features_1:402,features_1.npy,402,1,train,1,6.2713107583647965,0.9981138144654628,1
features_1:403,features_1.npy,403,1,validation,1,4.946278996662671,0.9929403771988621,1
features_1:404,features_1.npy,404,1,train,1,6.380713789360946,0.9983089510628842,1
features_1:405,features_1.npy,405,1,validation,1,6.199914470866302,0.9979745067305226,1
features_1:406,features_1.npy,406,1,test,1,5.53610277372497,0.9960736179858779,1
features_1:407,features_1.npy,407,1,train,1,4.917993144060918,0.9927393093355612,1
features_1:408,features_1.npy,408,1,train,1,4.2764927911021875,0.9862990278360373,1
features_1:409,features_1.npy,409,1,test,1,3.902847255061289,0.9802149882579936,1
features_1:410,features_1.npy,410,1,train,1,5.751870581418244,0.9968332275953458,1
features_1:411,features_1.npy,411,1,train,1,3.6990856382797475,0.9758514406494299,1
features_1:412,features_1.npy,412,1,train,1,6.660448664003068,0.9987210660715358,1
features_1:413,features_1.npy,413,1,train,1,5.6817773802324725,0.9966040749624022,1
features_1:414,features_1.npy,414,1,train,1,6.087264805929523,0.9977335348037941,1
features_1:415,features_1.npy,415,1,train,1,6.0900765693516,0.9977398842338152,1
features_1:416,features_1.npy,416,1,train,1,5.811796449950268,0.9970168754851925,1
features_1:417,features_1.npy,417,1,train,1,4.491894906647345,0.9889246355877501,1
features_1:418,features_1.npy,418,1,test,1,5.369782595673332,0.9953664266989064,1
features_1:419,features_1.npy,419,1,train,1,4.178901298686564,0.9849156957324736,1
features_1:420,features_1.npy,420,1,train,1,6.664605768126985,0.9987263649399526,1
features_1:421,features_1.npy,421,1,train,1,3.1120039407052627,0.957385189114067,1
features_1:422,features_1.npy,422,1,train,1,6.2498356211797415,0.9980729492066445,1
features_1:423,features_1.npy,423,1,train,1,5.544222721993154,0.996105247244376,1
features_1:424,features_1.npy,424,1,test,1,2.7555755674008764,0.9402274656679921,1
features_1:425,features_1.npy,425,1,train,1,4.250851755330604,0.9859481783741494,1
features_1:426,features_1.npy,426,1,validation,1,4.96690285994462,0.9930834860713498,1
features_1:427,features_1.npy,427,1,validation,1,6.3100578756239685,0.9981853708427484,1
features_1:428,features_1.npy,428,1,train,1,5.980349077354826,0.9974784306949209,1
features_1:429,features_1.npy,429,1,train,1,6.058171792250062,0.9976667840671941,1
features_1:430,features_1.npy,430,1,train,1,6.070128918417121,0.9976944525555742,1
features_1:431,features_1.npy,431,1,train,1,4.3871926490265185,0.9877171531321535,1
features_1:432,features_1.npy,432,1,train,1,6.2776556896004285,0.9981257219361576,1
features_1:433,features_1.npy,433,1,train,1,2.3244225821349502,0.9108796097874061,1
features_1:434,features_1.npy,434,1,train,1,4.892759622664466,0.9925551467714054,1
features_1:435,features_1.npy,435,1,train,1,5.958174038190644,0.9974220359793929,1
features_1:436,features_1.npy,436,1,train,1,6.499429379219096,0.9984979621800478,1
features_1:437,features_1.npy,437,1,train,1,6.514677726422574,0.9985206584122249,1
features_1:438,features_1.npy,438,1,train,1,6.383380267772204,0.9983134466071533,1
features_1:439,features_1.npy,439,1,train,1,5.960363043035702,0.9974276584828604,1
features_1:440,features_1.npy,440,1,validation,1,5.8358839131977,0.9970876661128769,1
features_1:441,features_1.npy,441,1,train,1,5.9532789662617915,0.9974094184949049,1
features_1:442,features_1.npy,442,1,train,1,6.122974168486306,0.9978128669378435,1
features_1:443,features_1.npy,443,1,train,1,5.8541880250304015,0.9971403378309728,1
features_1:444,features_1.npy,444,1,test,1,6.184803174725671,0.9979437298865166,1
features_1:445,features_1.npy,445,1,test,1,5.0648547818490055,0.9937247989505887,1
features_1:446,features_1.npy,446,1,test,1,4.869928836051865,0.9923845290746591,1
features_1:447,features_1.npy,447,1,train,1,4.906528201398288,0.9926562017546652,1
features_1:448,features_1.npy,448,1,validation,1,5.978029213069605,0.9974725890075988,1
features_1:449,features_1.npy,449,1,train,1,5.587319151634187,0.9962689187602337,1
features_1:450,features_1.npy,450,1,train,1,4.3884894896983715,0.9877328764283012,1
features_1:451,features_1.npy,451,1,train,1,5.544044211270413,0.9961045546357579,1
features_1:452,features_1.npy,452,1,test,1,6.369661777488301,0.9982901900428937,1
features_1:453,features_1.npy,453,1,validation,1,6.826921302094824,0.9989169833159337,1
features_1:454,features_1.npy,454,1,test,1,1.9920696434423442,0.8799619237402639,1
features_1:455,features_1.npy,455,1,validation,1,5.039177645444288,0.993562633948156,1
features_1:456,features_1.npy,456,1,train,1,5.704356371273396,0.9966796406211751,1
features_1:457,features_1.npy,457,1,train,1,5.789170693573724,0.9969488189656908,1
features_1:458,features_1.npy,458,1,validation,1,4.265566294005608,0.9861505880239905,1
features_1:459,features_1.npy,459,1,test,1,6.461186170490935,0.9984394982753549,1
features_1:460,features_1.npy,460,1,train,1,5.937885652489976,0.9973693380716856,1
features_1:461,features_1.npy,461,1,train,1,6.475160481901029,0.9984611202263559,1
features_1:462,features_1.npy,462,1,train,1,3.8803709436219225,0.9797743550421831,1
features_1:463,features_1.npy,463,1,train,1,5.597289483395122,0.9963057973020972,1
features_1:464,features_1.npy,464,1,train,1,5.772844896704807,0.9968987529141337,1
features_1:465,features_1.npy,465,1,train,1,5.962485835266857,0.9974330992359304,1
features_1:466,features_1.npy,466,1,train,1,5.0085923750625865,0.9933640302211362,1
features_1:467,features_1.npy,467,1,train,1,5.886770884705595,0.9972317584087609,1
features_1:468,features_1.npy,468,1,train,1,5.821684686814868,0.997046141262604,1
features_1:469,features_1.npy,469,1,test,1,5.800866712700152,0.9969841907554388,1
features_1:470,features_1.npy,470,1,train,1,5.688270258748176,0.9966259787100784,1
features_1:471,features_1.npy,471,1,train,1,4.817365051592078,0.9919768213015316,1
features_1:472,features_1.npy,472,1,train,1,4.65534454437682,0.9905789641994548,1
features_1:473,features_1.npy,473,1,validation,1,6.209066456461463,0.9979929224114156,1
features_1:474,features_1.npy,474,1,train,1,6.12041392607579,0.9978072724668523,1
features_1:475,features_1.npy,475,1,train,1,5.8781448428218,0.9972078431158075,1
features_1:476,features_1.npy,476,1,train,1,4.9114449278698125,0.9926919573548522,1
features_1:477,features_1.npy,477,1,validation,1,6.430509447808025,0.9983909635865326,1
features_1:478,features_1.npy,478,1,train,1,6.039516726826003,0.9976229536770588,1
features_1:479,features_1.npy,479,1,train,1,5.766065574498696,0.996877723001017,1
features_1:480,features_1.npy,480,1,test,1,4.637782723052663,0.9904136523789051,1
features_1:481,features_1.npy,481,1,validation,1,4.331662554994647,0.9870248926241725,1
features_1:482,features_1.npy,482,1,test,1,4.810115681962343,0.9919189187083058,1
features_1:483,features_1.npy,483,1,train,1,6.461601240881441,0.9984401448488728,1
features_1:484,features_1.npy,484,1,train,1,6.0371636139194305,0.9976173669753433,1
features_1:485,features_1.npy,485,1,train,1,6.364591718027299,0.9982815141268999,1
features_1:486,features_1.npy,486,1,train,1,6.006368834049111,0.9975430359602292,1
features_1:487,features_1.npy,487,1,train,1,5.806976542146287,0.9970025055962418,1
features_1:488,features_1.npy,488,1,validation,1,0.4625616268674989,0.6136216890279877,1
features_1:489,features_1.npy,489,1,test,1,3.2435317967377495,0.9624399900416507,1
features_1:490,features_1.npy,490,1,train,1,4.36939426911047,0.9874993385631647,1
features_1:491,features_1.npy,491,1,train,1,5.04838528627514,0.9936212585046884,1
features_1:492,features_1.npy,492,1,train,1,6.313611328075843,0.9981917959590845,1
features_1:493,features_1.npy,493,1,validation,1,6.879578781332366,0.9989724796741282,1
features_1:494,features_1.npy,494,1,train,1,4.14664837450265,0.9844289510514332,1
features_1:495,features_1.npy,495,1,train,1,6.5974782144138855,0.9986380545019924,1
features_1:496,features_1.npy,496,1,train,1,4.098412096845419,0.9836720162894915,1
features_1:497,features_1.npy,497,1,validation,1,5.673555952001197,0.996576136510864,1
features_1:498,features_1.npy,498,1,train,1,4.877538704271283,0.9924418255023473,1
features_1:499,features_1.npy,499,1,train,1,5.787653291653214,0.996944199741958,1
features_1:500,features_1.npy,500,1,train,1,3.5021770199183995,0.9707496486163485,1
features_1:501,features_1.npy,501,1,train,1,5.669052490191277,0.9965607356506715,1
features_1:502,features_1.npy,502,1,train,1,6.075492687431384,0.9977067575901268,1
features_1:503,features_1.npy,503,1,test,1,4.134276862110563,0.9842381722665527,1
features_1:504,features_1.npy,504,1,train,1,5.944578687846867,0.9973868405371413,1
features_1:505,features_1.npy,505,1,train,1,5.821560273223273,0.9970457748253133,1
features_1:506,features_1.npy,506,1,train,1,6.226956910804692,0.9980284404829803,1
features_1:507,features_1.npy,507,1,train,1,5.3263839105826465,0.9951619026710227,1
features_1:508,features_1.npy,508,1,validation,1,6.110215089789741,0.9977848445609742,1
features_1:509,features_1.npy,509,1,train,1,3.331340914384905,0.96548847752007,1
features_1:510,features_1.npy,510,1,train,1,5.295022755360002,0.9950085394410786,1
features_1:511,features_1.npy,511,1,train,1,6.062415487936534,0.99767664158999,1
features_1:512,features_1.npy,512,1,train,1,6.370603859245114,0.9982917973149121,1
features_1:513,features_1.npy,513,1,train,1,4.964225262977978,0.9930650702229076,1
features_1:514,features_1.npy,514,1,validation,1,3.307995566995188,0.9647020894460424,1
features_1:515,features_1.npy,515,1,test,1,6.605583797252036,0.9986490343909341,1
features_1:516,features_1.npy,516,1,validation,1,6.16081619304024,0.9978939149868541,1
features_1:517,features_1.npy,517,1,train,1,6.881883492939954,0.9989748426603893,1
features_1:518,features_1.npy,518,1,train,1,6.254379619238054,0.9980816690972274,1
features_1:519,features_1.npy,519,1,validation,1,4.487462624213333,0.9888759847755668,1
features_1:520,features_1.npy,520,1,test,1,6.437458515536978,0.9984020883247664,1
features_1:521,features_1.npy,521,1,train,1,5.200603671291691,0.9945169938684342,1
features_1:522,features_1.npy,522,1,train,1,4.032447343390128,0.9825780237755175,1
features_1:523,features_1.npy,523,1,train,1,6.6208542480446475,0.9986694802900071,1
features_1:524,features_1.npy,524,1,train,1,3.6375534251432056,0.9743581565197393,1
features_1:525,features_1.npy,525,1,test,1,6.274685876049549,0.9981201578854415,1
features_1:526,features_1.npy,526,1,validation,1,6.567901929868477,0.9985972289619276,1
features_1:527,features_1.npy,527,1,train,1,6.236811228069209,0.9980477356999109,1
features_1:528,features_1.npy,528,1,train,1,3.3815791569426654,0.9671238520361662,1
features_1:529,features_1.npy,529,1,validation,1,6.184454046430119,0.9979430133360749,1
features_1:530,features_1.npy,530,1,test,1,5.996707329608691,0.9975192421223528,1
features_1:531,features_1.npy,531,1,train,1,5.973314758780388,0.9974606758410013,1
features_1:532,features_1.npy,532,1,train,1,6.053950140681754,0.9976569363495364,1
features_1:533,features_1.npy,533,1,train,1,7.083726578529417,0.9991620606787539,1
features_1:534,features_1.npy,534,1,train,1,2.9445337536196723,0.9500045015945389,1
features_1:535,features_1.npy,535,1,train,1,1.5586437221798017,0.8261586497937135,1
features_1:536,features_1.npy,536,1,test,1,5.117206456976687,0.9940429584920849,1
features_1:537,features_1.npy,537,1,train,1,4.616827738385281,0.9902126379424505,1
features_1:538,features_1.npy,538,1,train,1,5.188350876671681,0.994449773619567,1
features_1:539,features_1.npy,539,1,train,1,6.295438041010381,0.9981586955948855,1
features_1:540,features_1.npy,540,1,train,1,5.469566891805718,0.9958046189052875,1
features_1:541,features_1.npy,541,1,train,1,5.230244080417583,0.9946762749696172,1
features_1:542,features_1.npy,542,1,test,1,3.5474269648355814,0.9720075016735592,1
features_1:543,features_1.npy,543,1,train,1,4.917445058569552,0.992735357683021,1
features_1:544,features_1.npy,544,1,train,1,5.372880577477587,0.9953806930060067,1
features_1:545,features_1.npy,545,1,train,1,5.711792202852272,0.9967041576160705,1
features_1:546,features_1.npy,546,1,train,1,3.9204602374892454,0.9805536932495477,1
features_1:547,features_1.npy,547,1,train,1,5.148088515823176,0.994223066080338,1
features_1:548,features_1.npy,548,1,validation,1,2.800227585035531,0.9426881211284639,1
features_1:549,features_1.npy,549,1,train,1,5.8646580843777105,0.9971700381786636,1
features_1:550,features_1.npy,550,1,train,1,2.848774144056116,0.945255282130288,1
features_1:551,features_1.npy,551,1,train,1,6.365636227652035,0.9982833050850105,1
features_1:552,features_1.npy,552,1,validation,1,5.984330694761881,0.9974884254922077,1
features_1:553,features_1.npy,553,1,test,1,5.184945515990646,0.9944309463162206,1
features_1:554,features_1.npy,554,1,train,1,5.787574812945588,0.9969439606502062,1
features_1:555,features_1.npy,555,1,train,1,5.5205822680849055,0.9960124480848532,1
features_1:556,features_1.npy,556,1,train,1,6.048766174516205,0.9976447871307565,1
features_1:557,features_1.npy,557,1,train,1,4.941825375968558,0.9929090896413979,1
features_1:558,features_1.npy,558,1,validation,1,5.120547861507348,0.9940627121756316,1
features_1:559,features_1.npy,559,1,train,1,5.048633546890632,0.9936228318008546,1
features_1:560,features_1.npy,560,1,test,1,6.736935729220024,0.9988151289191152,1
features_1:561,features_1.npy,561,1,train,1,5.434364299995441,0.9956549534795702,1
features_1:562,features_1.npy,562,1,train,1,5.456835744015106,0.9957510938363512,1
features_1:563,features_1.npy,563,1,train,1,6.646359983289805,0.998702943589595,1
features_1:564,features_1.npy,564,1,train,1,5.614329850963935,0.9963679878568754,1
features_1:565,features_1.npy,565,1,train,1,6.312450608373883,0.9981896997241847,1
features_1:566,features_1.npy,566,1,train,1,3.6655647532963282,0.9750487793085408,1
features_1:567,features_1.npy,567,1,train,1,5.948248963565071,0.9973963890480393,1
features_1:568,features_1.npy,568,1,train,1,5.648576908700938,0.9964898385493389,1
features_1:569,features_1.npy,569,1,validation,1,4.640594101007741,0.9904403080962839,1
features_1:570,features_1.npy,570,1,train,1,2.160290257791907,0.8966264548952326,1
features_1:571,features_1.npy,571,1,train,1,5.014957703935561,0.9934058585470209,1
features_1:572,features_1.npy,572,1,train,1,5.907776255578889,0.9972891439075282,1
features_1:573,features_1.npy,573,1,train,1,6.283388590083561,0.9981364162773886,1
features_1:574,features_1.npy,574,1,validation,1,5.118340443108441,0.9940496696929317,1
features_1:575,features_1.npy,575,1,validation,1,5.717460371303126,0.9967227251102863,1
features_1:576,features_1.npy,576,1,train,1,6.370945238128557,0.9982923793640929,1
features_1:577,features_1.npy,577,1,test,1,5.659050066854586,0.9965262821499755,1
features_1:578,features_1.npy,578,1,train,1,6.292266087211034,0.9981528565950598,1
features_1:579,features_1.npy,579,1,train,1,2.7490142090138816,0.9398576519034955,1
features_1:580,features_1.npy,580,1,validation,1,4.038638722447344,0.9826836945312167,1
features_1:581,features_1.npy,581,1,train,1,6.290398565808871,0.998149410181852,1
features_1:582,features_1.npy,582,1,train,1,4.628109004157333,0.990321368657054,1
features_1:583,features_1.npy,583,1,validation,1,5.961794487233557,0.9974313285605498,1
features_1:584,features_1.npy,584,1,train,1,5.94055203174866,0.9973763246921017,1
features_1:585,features_1.npy,585,1,train,1,5.303575647757445,0.995050838432171,1
features_1:586,features_1.npy,586,1,train,1,6.3404625407265485,0.9982396180456741,1
features_1:587,features_1.npy,587,1,test,1,4.357711908665077,0.9873543025410823,1
features_1:588,features_1.npy,588,1,test,1,-0.07029978093608688,0.48243228922566794,0
features_1:589,features_1.npy,589,1,validation,1,5.138480136248883,0.9941676168825226,1
features_1:590,features_1.npy,590,1,test,1,5.75386702347507,0.9968395236046496,1
features_1:591,features_1.npy,591,1,test,1,6.7396211357920865,0.998818302756278,1
features_1:592,features_1.npy,592,1,train,1,6.184802147054613,0.9979437277776915,1
features_1:593,features_1.npy,593,1,test,1,6.769107393921499,0.998852598495068,1
features_1:594,features_1.npy,594,1,train,1,5.711541841194348,0.9967033350807971,1
features_1:595,features_1.npy,595,1,train,1,6.58110212253037,0.9986155986665862,1
features_1:596,features_1.npy,596,1,train,1,6.109470627305946,0.9977831985039438,1
features_1:597,features_1.npy,597,1,train,1,4.01699350102475,0.982311495553622,1
features_1:598,features_1.npy,598,1,train,1,6.966985338818681,0.9990583975356891,1
features_1:599,features_1.npy,599,1,train,1,5.8013291132612625,0.996985580742292,1
features_1:600,features_1.npy,600,1,train,1,5.810243490230278,0.997012253065947,1
features_1:601,features_1.npy,601,1,train,1,4.201184716825109,0.9852432028507371,1
features_1:602,features_1.npy,602,1,train,1,5.491996828450301,0.9958972917554766,1
features_1:603,features_1.npy,603,1,train,1,5.8241322756706815,0.9970533409759191,1
features_1:604,features_1.npy,604,1,train,1,4.888796062204352,0.9925258010768205,1
features_1:605,features_1.npy,605,1,train,1,6.063896834133779,0.9976800727616423,1
features_1:606,features_1.npy,606,1,validation,1,5.952077294922711,0.9974063116752677,1
features_1:607,features_1.npy,607,1,validation,1,6.296484383086643,0.9981606176795883,1
features_1:608,features_1.npy,608,1,train,1,6.600181836138842,0.9986417267196344,1
features_1:609,features_1.npy,609,1,train,1,3.8956162580450697,0.98007426540945,1
features_1:610,features_1.npy,610,1,train,1,5.50354282379481,0.9959441981713227,1
features_1:611,features_1.npy,611,1,train,1,5.870873472235097,0.9971875236237833,1
features_1:612,features_1.npy,612,1,train,1,4.096311248149633,0.9836382394499252,1
features_1:613,features_1.npy,613,1,test,1,6.606762951729648,0.9986506243009705,1
features_1:614,features_1.npy,614,1,train,1,5.204137496010453,0.9945362299765866,1
features_1:615,features_1.npy,615,1,train,1,6.459781056810272,0.9984373074807239,1
features_1:616,features_1.npy,616,1,train,1,5.916377040335124,0.9973122970219703,1
features_1:617,features_1.npy,617,1,test,1,6.306445105374969,0.99817881510886,1
features_1:618,features_1.npy,618,1,test,1,6.0012641963167965,0.9975304930349136,1
features_1:619,features_1.npy,619,1,validation,1,4.154844069046874,0.9845540820049101,1
features_1:620,features_1.npy,620,1,test,1,3.714926133359689,0.9762219279765472,1
features_1:621,features_1.npy,621,1,train,1,5.7302008434456315,0.9967640800270503,1
features_1:622,features_1.npy,622,1,train,1,5.075623126388354,0.9937915926791883,1
features_1:623,features_1.npy,623,1,train,1,4.239717115943147,0.9857930773561633,1
features_1:624,features_1.npy,624,1,train,1,6.467087623834264,0.9984486661384221,1
features_1:625,features_1.npy,625,1,train,1,6.144195053884617,0.9978586925043771,1
features_1:626,features_1.npy,626,1,test,1,5.783204323197981,0.9969306161176136,1
features_1:627,features_1.npy,627,1,train,1,5.575534006420168,0.9962248542810762,1
features_1:628,features_1.npy,628,1,validation,1,2.463533787112808,0.9215455342782289,1
features_1:629,features_1.npy,629,1,test,1,5.088819295131744,0.993872482964794,1
features_1:630,features_1.npy,630,1,test,1,4.570292556473274,0.9897511957763443,1
features_1:631,features_1.npy,631,1,train,1,4.92323408902574,0.9927769885357969,1
features_1:632,features_1.npy,632,1,validation,1,6.180308835960908,0.9979344866450598,1
features_1:633,features_1.npy,633,1,train,1,4.974785266533788,0.9931374178713145,1
features_1:634,features_1.npy,634,1,test,1,2.9028704096852436,0.9479881492477489,1
features_1:635,features_1.npy,635,1,train,1,4.614376117627932,0.9901888493116144,1
features_1:636,features_1.npy,636,1,validation,1,2.413873179174476,0.9178791036358536,1
features_1:637,features_1.npy,637,1,train,1,5.353390616991649,0.9952902080080727,1
features_1:638,features_1.npy,638,1,train,1,3.665839168938856,0.9750554546024208,1
features_1:639,features_1.npy,639,1,train,1,6.328154678921984,0.9982178564762516,1
features_1:640,features_1.npy,640,1,train,1,5.799883554441934,0.9969812332347546,1
features_1:641,features_1.npy,641,1,train,1,4.472261015067613,0.9887075141685879,1
features_1:642,features_1.npy,642,1,train,1,6.638142668983018,0.9986922553536038,1
features_1:643,features_1.npy,643,1,test,1,5.2991436029029035,0.9950289641271709,1
features_1:644,features_1.npy,644,1,train,1,5.963174455715205,0.9974348617151855,1
features_1:645,features_1.npy,645,1,train,1,5.974247240380548,0.9974630366059931,1
features_1:646,features_1.npy,646,1,train,1,5.058661074868214,0.9936860577445095,1
features_1:647,features_1.npy,647,1,validation,1,5.5622837014136115,0.9961746922002391,1
features_1:648,features_1.npy,648,1,train,1,5.407523112254548,0.9955372754974094,1
features_1:649,features_1.npy,649,1,test,1,4.537220340315854,0.9894102273046401,1
features_1:650,features_1.npy,650,1,train,1,5.0680506722642,0.993744696544073,1
features_1:651,features_1.npy,651,1,train,1,4.126578225718063,0.9841182939873538,1
features_1:652,features_1.npy,652,1,train,1,5.731659694702089,0.9967687820686508,1
features_1:653,features_1.npy,653,1,train,1,4.720421326458254,0.9911672888871719,1
features_1:654,features_1.npy,654,1,train,1,4.483299740736734,0.9888300986088396,1
features_1:655,features_1.npy,655,1,train,1,3.778514509436571,0.9776541315023806,1
features_1:656,features_1.npy,656,1,validation,1,6.18448632299085,0.9979430795908967,1
features_1:657,features_1.npy,657,1,train,1,5.961271292953003,0.9974299877494983,1
features_1:658,features_1.npy,658,1,train,1,5.135393280620493,0.9941496908318941,1
features_1:659,features_1.npy,659,1,train,1,5.576418110285537,0.9962281778436823,1
features_1:660,features_1.npy,660,1,test,1,-0.717436303503774,0.3279577759974849,0
features_1:661,features_1.npy,661,1,validation,1,5.142711924452673,0.994192103098732,1
features_1:662,features_1.npy,662,1,train,1,5.960463034334599,0.9974279150202334,1
features_1:663,features_1.npy,663,1,validation,1,5.455761763377382,0.9957465475620685,1
features_1:664,features_1.npy,664,1,validation,1,4.452257441604404,0.9884819776579902,1
features_1:665,features_1.npy,665,1,train,1,5.489135204454486,0.9958855829068822,1
features_1:666,features_1.npy,666,1,train,1,5.78278004084373,0.9969293175556398,1
features_1:667,features_1.npy,667,1,train,1,5.034892504229213,0.9935351684533609,1
features_1:668,features_1.npy,668,1,train,1,4.973832801522456,0.993130923308341,1
features_1:669,features_1.npy,669,1,validation,1,4.895666970390981,0.9925765996700391,1
features_1:670,features_1.npy,670,1,train,1,5.546432052957282,0.9961138091408357,1
features_1:671,features_1.npy,671,1,test,1,-0.27989029595631915,0.4304806716738105,0
features_1:672,features_1.npy,672,1,test,1,5.440206862309243,0.995680156323898,1
features_1:673,features_1.npy,673,1,train,1,6.083560786276507,0.9977251433381754,1
features_1:674,features_1.npy,674,1,train,1,6.4621382127108555,0.9984409809168227,1
features_1:675,features_1.npy,675,1,train,1,6.220870265299465,0.9980164275802885,1
features_1:676,features_1.npy,676,1,train,1,4.216180609907984,0.9854596495870305,1
features_1:677,features_1.npy,677,1,validation,1,6.550643045950546,0.9985728434229655,1
features_1:678,features_1.npy,678,1,train,1,5.1851742979478255,0.9944322131763875,1
features_1:679,features_1.npy,679,1,train,1,6.750414163508194,0.9988309734370063,1
features_1:680,features_1.npy,680,1,train,1,6.226910703902152,0.998028349560838,1
features_1:681,features_1.npy,681,1,validation,1,4.809417184783617,0.9919133177861235,1
features_1:682,features_1.npy,682,1,train,1,5.2929714296022,0.9949983410855103,1
features_1:683,features_1.npy,683,1,train,1,6.205085993181391,0.9979849335221467,1
features_1:684,features_1.npy,684,1,validation,1,4.199984264530461,0.9852257392632651,1
features_1:685,features_1.npy,685,1,train,1,6.065492236173171,0.9976837624613328,1
features_1:686,features_1.npy,686,1,test,1,6.072088169738805,0.9976989548962445,1
features_1:687,features_1.npy,687,1,validation,1,5.470399078680358,0.9958080941647623,1
features_1:688,features_1.npy,688,1,train,1,6.0155795907121155,0.9975655077145549,1
features_1:689,features_1.npy,689,1,train,1,5.693334623440007,0.9966429655716632,1
features_1:690,features_1.npy,690,1,train,1,4.112790956431436,0.9839013616580624,1
features_1:691,features_1.npy,691,1,train,1,4.75575093894158,0.9914712821075776,1
features_1:692,features_1.npy,692,1,test,1,4.440154088323554,0.9883433587939536,1
features_1:693,features_1.npy,693,1,train,1,4.788607895914065,0.9917446803421837,1
features_1:694,features_1.npy,694,1,validation,1,6.025177085635914,0.997588704906404,1
features_1:695,features_1.npy,695,1,train,1,6.084301722675494,0.9977268244079266,1
features_1:696,features_1.npy,696,1,train,1,4.752046745726613,0.9914399024370915,1
features_1:697,features_1.npy,697,1,train,1,6.172309013669851,0.9979179311767334,1
features_1:698,features_1.npy,698,1,train,1,4.962256427113837,0.9930514980011218,1
features_1:699,features_1.npy,699,1,test,1,3.8767035258767217,0.9797015513893286,1
features_1:700,features_1.npy,700,1,train,1,5.638286501161304,0.9964536598271625,1
features_1:701,features_1.npy,701,1,train,1,5.318449934000982,0.9951235525710345,1
features_1:702,features_1.npy,702,1,train,1,5.060664925784724,0.9936986176288707,1
features_1:703,features_1.npy,703,1,validation,1,4.423185617136496,0.9881462403628524,1
features_1:704,features_1.npy,704,1,train,1,5.926708067745602,0.997339847334803,1
features_1:705,features_1.npy,705,1,train,1,4.975833766763219,0.9931445602174596,1
features_1:706,features_1.npy,706,1,train,1,5.617673439263353,0.9963800676437201,1
features_1:707,features_1.npy,707,1,test,1,6.038111515558803,0.9976196190334654,1
features_1:708,features_1.npy,708,1,train,1,6.826202433006626,0.9989162053329024,1
features_1:709,features_1.npy,709,1,train,1,5.265809526855598,0.9948613323381654,1
features_1:710,features_1.npy,710,1,test,1,4.507468341359599,0.9890939144071234,1
features_1:711,features_1.npy,711,1,train,1,5.85689792608228,0.9971480546709643,1
features_1:712,features_1.npy,712,1,train,1,6.115580391010071,0.9977966715944786,1
features_1:713,features_1.npy,713,1,validation,1,7.153516886803175,0.9992185025646163,1
features_1:714,features_1.npy,714,1,test,1,5.389027394363847,0.9954543448413757,1
features_1:715,features_1.npy,715,1,test,1,6.182766457758143,0.9979395462165204,1
features_1:716,features_1.npy,716,1,train,1,4.628695405690549,0.9903269876738489,1
features_1:717,features_1.npy,717,1,train,1,5.515979020017847,0.9959941237815327,1
features_1:718,features_1.npy,718,1,train,1,6.0026153351630835,0.997533819205366,1
features_1:719,features_1.npy,719,1,validation,1,3.71537747955371,0.9762324026775833,1
features_1:720,features_1.npy,720,1,train,1,5.130798983036443,0.9941229092612773,1
features_1:721,features_1.npy,721,1,train,1,5.706792620385448,0.9966876932367051,1
features_1:722,features_1.npy,722,1,train,1,6.077928330933795,0.9977123235521359,1
features_1:723,features_1.npy,723,1,train,1,4.988795146864367,0.993232245335259,1
features_1:724,features_1.npy,724,1,train,1,5.92571585039917,0.9973372136070758,1
features_1:725,features_1.npy,725,1,validation,1,5.250831004927227,0.9947841878381491,1
features_1:726,features_1.npy,726,1,validation,1,3.6829051982650505,0.9754671918694574,1
features_1:727,features_1.npy,727,1,train,1,6.982539958544177,0.9990729170104505,1
features_1:728,features_1.npy,728,1,test,1,1.6671961701020608,0.8412016397306181,1
features_1:729,features_1.npy,729,1,train,1,5.864620866443723,0.9971699331494546,1
features_1:730,features_1.npy,730,1,train,1,5.479091786784925,0.995844224483561,1
features_1:731,features_1.npy,731,1,train,1,5.793226108844735,0.9969611301890314,1
features_1:732,features_1.npy,732,1,train,1,5.31386144483959,0.9951012354956204,1
features_1:733,features_1.npy,733,1,train,1,5.608519605712226,0.9963469008655113,1
features_1:734,features_1.npy,734,1,train,1,2.7085418985855236,0.9375288042025403,1
features_1:735,features_1.npy,735,1,validation,1,5.13365804623081,0.9941395899059098,1
features_1:736,features_1.npy,736,1,train,1,7.009178759121504,0.9990972653499373,1
features_1:737,features_1.npy,737,1,validation,1,2.2616141809160064,0.9056476531246005,1
features_1:738,features_1.npy,738,1,train,1,7.226417583491297,0.9992734072675208,1
features_1:739,features_1.npy,739,1,train,1,3.6379984627604953,0.9743692731436071,1
features_1:740,features_1.npy,740,1,train,1,2.239999943484858,0.903784453374857,1
features_1:741,features_1.npy,741,1,train,1,3.5953844879384906,0.9732832512398677,1
features_1:742,features_1.npy,742,1,train,1,2.6728601386713002,0.9354060607992204,1
features_1:743,features_1.npy,743,1,test,1,6.658017012655568,0.9987179563578428,1
features_1:744,features_1.npy,744,1,train,1,5.586944359781422,0.9962675253396917,1
features_1:745,features_1.npy,745,1,train,1,5.487401847069547,0.9958784743863176,1
features_1:746,features_1.npy,746,1,train,1,6.192958056532307,0.9979603962762927,1
features_1:747,features_1.npy,747,1,train,1,6.957110743136736,0.9990490624194293,1
features_1:748,features_1.npy,748,1,validation,1,5.404515249876796,0.9955238922027756,1
features_1:749,features_1.npy,749,1,test,1,1.2416038682983388,0.7758430673683855,1
features_1:750,features_1.npy,750,1,validation,1,0.6749129852970028,0.6626023843979001,1
features_1:751,features_1.npy,751,1,train,1,6.6511627408779574,0.9987091500797665,1
features_1:752,features_1.npy,752,1,train,1,4.567357917448408,0.9897213846596669,1
features_1:753,features_1.npy,753,1,train,1,6.165654734819332,0.9979040594467612,1
features_1:754,features_1.npy,754,1,validation,1,3.4559945308058797,0.9694094083906947,1
features_1:755,features_1.npy,755,1,train,1,4.836779288198082,0.9921298688511082,1
features_1:756,features_1.npy,756,1,train,1,5.625538548934731,0.9964083252791729,1
features_1:757,features_1.npy,757,1,train,1,6.66877175876404,0.9987316531389585,1
features_1:758,features_1.npy,758,1,train,1,5.082848167542309,0.9938360115284912,1
features_1:759,features_1.npy,759,1,train,1,6.982779934682168,0.9990731392553722,1
features_1:760,features_1.npy,760,1,validation,1,4.117651079897197,0.9839781626751454,1
features_1:761,features_1.npy,761,1,train,1,5.593712429472847,0.9962926083559405,1
features_1:762,features_1.npy,762,1,test,1,4.66651358988688,0.9906826277768439,1
features_1:763,features_1.npy,763,1,train,1,6.865345194318074,0.9989577651453185,1
features_1:764,features_1.npy,764,1,train,1,6.470234310332264,0.9984535324901053,1
features_1:765,features_1.npy,765,1,train,1,4.8681872197913565,0.9923713555588398,1
features_1:766,features_1.npy,766,1,train,1,6.4365050197644536,0.9984005664341966,1
features_1:767,features_1.npy,767,1,train,1,5.605853497439698,0.9963371840345904,1
features_1:768,features_1.npy,768,1,train,1,7.079185653442735,0.9991582502169803,1
features_1:769,features_1.npy,769,1,validation,1,3.0222701978090494,0.9535701400727483,1
features_1:770,features_1.npy,770,1,train,1,4.899089752869173,0.9926017772622179,1
features_1:771,features_1.npy,771,1,train,1,5.168780939354371,0.9943407070033681,1
features_1:772,features_1.npy,772,1,train,1,6.687664787059576,0.9987553615597815,1
features_1:773,features_1.npy,773,1,train,1,6.042407689091328,0.9976297994401894,1
features_1:774,features_1.npy,774,1,train,1,1.9303820167494794,0.8732916973235767,1
features_1:775,features_1.npy,775,1,validation,1,6.313023628836861,0.9981907348898515,1
features_1:776,features_1.npy,776,1,train,1,6.7939212626227325,0.9988806881491268,1
features_1:777,features_1.npy,777,1,train,1,6.336780078737356,0.9982331350304104,1
features_1:778,features_1.npy,778,1,validation,1,3.5393921149216125,0.971788051010094,1
features_1:779,features_1.npy,779,1,train,1,6.329997830888988,0.9982211323745207,1
features_1:780,features_1.npy,780,1,train,1,3.8442737099239914,0.9790465054964085,1
features_1:781,features_1.npy,781,1,train,1,3.304959888639152,0.9645985726734342,1
features_1:782,features_1.npy,782,1,validation,1,4.101106094363916,0.9837152292759879,1
features_1:783,features_1.npy,783,1,validation,1,6.29339133397814,0.9981549300854283,1
features_1:784,features_1.npy,784,1,train,1,5.0990129173453775,0.9939342503307175,1
features_1:785,features_1.npy,785,1,train,1,6.571985821191394,0.9986029380573618,1
features_1:786,features_1.npy,786,1,validation,1,4.265852099829757,0.9861544909049507,1
features_1:787,features_1.npy,787,1,train,1,6.999992161007635,0.9990889416703546,1
features_1:788,features_1.npy,788,1,validation,1,4.845663988843977,0.992198939839072,1
features_1:789,features_1.npy,789,1,train,1,6.643008475286286,0.9986985948686703,1
features_1:790,features_1.npy,790,1,train,1,5.416511668416047,0.9955770325796912,1
features_1:791,features_1.npy,791,1,validation,1,6.085751317767051,0.9977301097306315,1
features_1:792,features_1.npy,792,1,validation,1,5.7105681453186286,0.996700134166057,1
features_1:793,features_1.npy,793,1,validation,1,5.710933481013135,0.9967013355286356,1
features_1:794,features_1.npy,794,1,train,1,5.3649531591737345,0.9953440994679439,1
features_1:795,features_1.npy,795,1,train,1,5.135465278388274,0.9941501095619933,1
features_1:796,features_1.npy,796,1,train,1,7.155892010073322,0.9992203550693861,1
features_1:797,features_1.npy,797,1,train,1,6.14860389879515,0.9978680923339246,1
features_1:798,features_1.npy,798,1,train,1,6.142221357067937,0.9978544711157202,1
features_1:799,features_1.npy,799,1,test,1,1.8759070319524807,0.8671402919476918,1
features_1:800,features_1.npy,800,1,train,1,2.4771326991578335,0.9225231078849918,1
features_1:801,features_1.npy,801,1,train,1,5.543947071005194,0.996104177687051,1
features_1:802,features_1.npy,802,1,train,1,3.1954429654002414,0.9606624273362464,1
features_1:803,features_1.npy,803,1,train,1,4.258646519239623,0.986055761846397,1
features_1:804,features_1.npy,804,1,validation,1,4.5902803967467225,0.9899519756234403,1
features_1:805,features_1.npy,805,1,train,1,5.716992143290417,0.9967211952716137,1
features_1:806,features_1.npy,806,1,train,1,5.267305698313262,0.9948689754978882,1
features_1:807,features_1.npy,807,1,train,1,6.1766385111271385,0.9979269073557132,1
features_1:808,features_1.npy,808,1,validation,1,2.5243423816267776,0.9258307900236656,1
features_1:809,features_1.npy,809,1,train,1,6.162111313610501,0.9978966351218361,1
features_1:810,features_1.npy,810,1,train,1,3.949562247945846,0.9811009230165103,1
features_1:811,features_1.npy,811,1,train,1,2.291864085975101,0.9082009808706163,1
features_1:812,features_1.npy,812,1,train,1,5.631756044846463,0.9964305077597385,1
features_1:813,features_1.npy,813,1,validation,1,4.802131896543135,0.9918546704758029,1
features_1:814,features_1.npy,814,1,train,1,5.422813807570206,0.9956046969565466,1
features_1:815,features_1.npy,815,1,train,1,5.22337458363389,0.994639774461601,1
features_1:816,features_1.npy,816,1,train,1,5.165244595020471,0.9943207722268743,1
features_1:817,features_1.npy,817,1,train,1,6.166626814317816,0.9979060916135566,1
features_1:818,features_1.npy,818,1,train,1,6.359997335138263,0.998273614241632,1
features_1:819,features_1.npy,819,1,train,1,5.578091801041051,0.9962344616761629,1
features_1:820,features_1.npy,820,1,train,1,5.205275287810808,0.9945424091654986,1
features_1:821,features_1.npy,821,1,validation,1,4.882614239481628,0.992479802337054,1
features_1:822,features_1.npy,822,1,train,1,5.341045465234356,0.9952319834825949,1
features_1:823,features_1.npy,823,1,train,1,5.914728673650824,0.9973078749853318,1
features_1:824,features_1.npy,824,1,train,1,7.04592610193921,0.9991298079928421,1
features_1:825,features_1.npy,825,1,train,1,4.001696505092791,0.9820437304183585,1
features_1:826,features_1.npy,826,1,train,1,5.732002341367177,0.996769885469377,1
features_1:827,features_1.npy,827,1,test,1,4.734086411236489,0.991286123081748,1
features_1:828,features_1.npy,828,1,train,1,4.957788963007598,0.9930206035149337,1
features_1:829,features_1.npy,829,1,train,1,1.9395305125985902,0.8743005563111389,1
features_1:830,features_1.npy,830,1,train,1,5.36214900623517,0.9953310863305687,1
features_1:831,features_1.npy,831,1,train,1,5.388326247834064,0.9954511710564142,1
features_1:832,features_1.npy,832,1,test,1,5.688268981172201,0.9966259744140511,1
features_1:833,features_1.npy,833,1,train,1,7.074081022916969,0.9991539460544523,1
features_1:834,features_1.npy,834,1,validation,1,6.494791380584488,0.9984909900873508,1
features_1:835,features_1.npy,835,1,train,1,5.909690286743922,0.9972943135826401,1
features_1:836,features_1.npy,836,1,train,1,6.484671353063941,0.9984756647282353,1
features_1:837,features_1.npy,837,1,validation,1,4.410761368342021,0.987999825957204,1
features_1:838,features_1.npy,838,1,train,1,6.331390056865132,0.9982236028407145,1
features_1:839,features_1.npy,839,1,train,1,6.369660882738393,0.9982901885156564,1
features_1:840,features_1.npy,840,1,train,1,4.745689730995349,0.9913857826900127,1
features_1:841,features_1.npy,841,1,train,1,6.135437986473941,0.9978398992688631,1
features_1:842,features_1.npy,842,1,train,1,6.62060480840632,0.9986691488059997,1
features_1:843,features_1.npy,843,1,train,1,5.994083701608914,0.9975127412007908,1
features_1:844,features_1.npy,844,1,train,1,6.763260808234552,0.998845878229981,1
features_1:845,features_1.npy,845,1,validation,1,6.256608637439614,0.9980859321542018,1
features_1:846,features_1.npy,846,1,train,1,5.742293556788426,0.9968028510758228,1
features_1:847,features_1.npy,847,1,train,1,5.331878779206989,0.9951882869069026,1
features_1:848,features_1.npy,848,1,train,1,6.873142846377575,0.9989658521547565,1
features_1:849,features_1.npy,849,1,train,1,4.700155424909131,0.9909880895056908,1
features_1:850,features_1.npy,850,1,test,1,7.158204174768268,0.9992221542538651,1
features_1:851,features_1.npy,851,1,train,1,2.222645126060788,0.902264699470354,1
features_1:852,features_1.npy,852,1,train,1,5.810720866873913,0.9970136747478467,1
features_1:853,features_1.npy,853,1,train,1,2.032089858868395,0.8841253511295811,1
features_1:854,features_1.npy,854,1,train,1,4.344474181603462,0.9871879483443557,1
features_1:855,features_1.npy,855,1,train,1,5.887348111088341,0.9972333514301964,1
features_1:856,features_1.npy,856,1,test,1,6.326844885681085,0.9982155248754782,1
features_1:857,features_1.npy,857,1,train,1,4.7912288761656585,0.99176611111799,1
features_1:858,features_1.npy,858,1,test,1,6.78511940110856,0.9988708038096167,1
features_1:859,features_1.npy,859,1,train,1,6.34648738700342,0.9982501736876361,1
features_1:860,features_1.npy,860,1,train,1,4.303204152781391,0.986655335770261,1
features_1:861,features_1.npy,861,1,validation,1,4.803221926731688,0.9918634720915702,1
features_1:862,features_1.npy,862,1,train,1,5.23368324384113,0.9946944557087708,1
features_1:863,features_1.npy,863,1,train,1,5.9888492836355285,0.9974997203520968,1
features_1:864,features_1.npy,864,1,train,1,6.635788492111088,0.9986891771050347,1
features_1:865,features_1.npy,865,1,train,1,3.760415385753712,0.9772552913076791,1
features_1:866,features_1.npy,866,1,train,1,3.726167681343562,0.9764814821307519,1
features_1:867,features_1.npy,867,1,train,1,6.801290390305078,0.9988888970529259,1
features_1:868,features_1.npy,868,1,validation,1,3.56801490039247,0.9725622665200114,1
features_1:869,features_1.npy,869,1,train,1,5.517054079172457,0.9959984107975632,1
features_1:870,features_1.npy,870,1,train,1,4.0990247756712295,0.9836818538418095,1
features_1:871,features_1.npy,871,1,train,1,5.931213563691008,0.9973517740140706,1
features_1:872,features_1.npy,872,1,train,1,6.966752553604667,0.9990581785255067,1
features_1:873,features_1.npy,873,1,test,1,0.5242215594384234,0.6281343770618975,1
features_1:874,features_1.npy,874,1,train,1,3.770545476797713,0.9774793714976553,1
features_1:875,features_1.npy,875,1,train,1,2.606153139819076,0.9312565369322826,1
features_1:876,features_1.npy,876,1,train,1,3.6900333011104705,0.9756371972398996,1
features_1:877,features_1.npy,877,1,train,1,5.515195268042704,0.9959909955291316,1
features_1:878,features_1.npy,878,1,train,1,5.340470436012966,0.995229254029274,1
features_1:879,features_1.npy,879,1,train,1,3.8074085879459605,0.9782767308318885,1
features_1:880,features_1.npy,880,1,train,1,6.00126195504377,0.9975304875137364,1
features_1:881,features_1.npy,881,1,train,1,2.3570926983033114,0.913496344286312,1
features_1:882,features_1.npy,882,1,train,1,6.554404577463547,0.9985781940152113,1
features_1:883,features_1.npy,883,1,train,1,6.436199300834715,0.998400078164771,1
features_1:884,features_1.npy,884,1,train,1,6.204696582338888,0.9979841502627315,1
features_1:885,features_1.npy,885,1,test,1,4.270956377611929,0.9862240110859297,1
features_1:886,features_1.npy,886,1,validation,1,2.8620028103944546,0.9459358172664818,1
features_1:887,features_1.npy,887,1,train,1,5.632152854243618,0.9964319188339613,1
features_1:888,features_1.npy,888,1,train,1,7.470524550624062,0.9994306948739192,1
features_1:889,features_1.npy,889,1,train,1,5.948277888065653,0.997396464159032,1
features_1:890,features_1.npy,890,1,test,1,6.5672666958678185,0.9985963388421673,1
features_1:891,features_1.npy,891,1,validation,1,6.771095330410968,0.998854874581294,1
features_1:892,features_1.npy,892,1,train,1,6.515231133535313,0.9985214756537917,1
features_1:893,features_1.npy,893,1,train,1,4.770344367489571,0.9915938029065866,1
features_1:894,features_1.npy,894,1,test,1,5.36829681581821,0.9953595690827528,1
features_1:895,features_1.npy,895,1,train,1,7.120162776076181,0.9991920182484559,1
features_1:896,features_1.npy,896,1,train,1,4.85905499138044,0.9923019087150158,1
features_1:897,features_1.npy,897,1,train,1,4.89863676037094,0.9925984499743623,1
features_1:898,features_1.npy,898,1,validation,1,5.976993325653152,0.9974699761651729,1
features_1:899,features_1.npy,899,1,test,1,4.330727743252299,0.9870129152680476,1
features_1:900,features_1.npy,900,1,train,1,6.406177074919007,0.9983513970362085,1
features_1:901,features_1.npy,901,1,validation,1,6.520777050091586,0.998529640707549,1
features_1:902,features_1.npy,902,1,validation,1,4.4551830476472025,0.9885152391707555,1
features_1:903,features_1.npy,903,1,train,1,5.03381342971977,0.9935282338248804,1
features_1:904,features_1.npy,904,1,train,1,5.317968244210905,0.9951212145329864,1
features_1:905,features_1.npy,905,1,train,1,5.937858021089713,0.9973692655730364,1
features_1:906,features_1.npy,906,1,validation,1,5.736459380334804,0.9967842039859139,1
features_1:907,features_1.npy,907,1,train,1,6.87098395282981,0.9989636194442599,1
features_1:908,features_1.npy,908,1,validation,1,6.737455284045819,0.9988157436358651,1
features_1:909,features_1.npy,909,1,train,1,5.03076785353099,0.9935086216646485,1
features_1:910,features_1.npy,910,1,train,1,6.772037749105937,0.9988559520264723,1
features_1:911,features_1.npy,911,1,validation,1,2.5759860024514234,0.9292999974238869,1
features_1:912,features_1.npy,912,1,train,1,4.794103773707498,0.9917895546356232,1
features_1:913,features_1.npy,913,1,train,1,5.613799710213818,0.9963660688676643,1
features_1:914,features_1.npy,914,1,test,1,3.390267234131547,0.9673989738293158,1
features_1:915,features_1.npy,915,1,train,1,6.322101506196185,0.9982070555382965,1
features_1:916,features_1.npy,916,1,test,1,5.850460974769217,0.9971296904891339,1
features_1:917,features_1.npy,917,1,test,1,5.896858997769929,0.9972594682051348,1
features_1:918,features_1.npy,918,1,test,1,6.509344319802359,0.9985127591700228,1
features_1:919,features_1.npy,919,1,train,1,6.346057955005128,0.9982494234105794,1
features_1:920,features_1.npy,920,1,validation,1,5.088491049595104,0.9938704836350398,1
features_1:921,features_1.npy,921,1,train,1,5.299717145994474,0.9950318002522054,1
features_1:922,features_1.npy,922,1,train,1,6.691510608246691,0.9987601331007201,1
features_1:923,features_1.npy,923,1,train,1,5.17484315929387,0.9943747186934112,1
features_1:924,features_1.npy,924,1,train,1,6.057446989554445,0.9976650962830204,1
features_1:925,features_1.npy,925,1,train,1,5.4731669566269625,0.995819632369457,1
features_1:926,features_1.npy,926,1,train,1,4.729829454762902,0.9912492747163013,1
features_1:927,features_1.npy,927,1,train,1,6.309541541866863,0.998184435348066,1
features_1:928,features_1.npy,928,1,train,1,5.543333203895645,0.9961017947611681,1
features_1:929,features_1.npy,929,1,train,1,4.475875826200897,0.9887478021944175,1
features_1:930,features_1.npy,930,1,test,1,3.4781918508907825,0.9700608511000561,1
features_1:931,features_1.npy,931,1,train,1,7.144096721744239,0.9992111117808998,1
features_1:932,features_1.npy,932,1,train,1,4.188904979805505,0.985063599396795,1
features_1:933,features_1.npy,933,1,test,1,5.626973914300058,0.9964134584698549,1
features_1:934,features_1.npy,934,1,train,1,5.18798024917775,0.9944477275953334,1
features_1:935,features_1.npy,935,1,test,1,6.513353796304327,0.9985187014733921,1
features_1:936,features_1.npy,936,1,train,1,3.690541247221112,0.9756492678248538,1
features_1:937,features_1.npy,937,1,train,1,4.5585084291419316,0.9896309678644952,1
features_1:938,features_1.npy,938,1,train,1,5.558284488742457,0.996159422221222,1
features_1:939,features_1.npy,939,1,validation,1,7.420091890915743,0.9994012646071562,1
features_1:940,features_1.npy,940,1,train,1,6.236077725855918,0.9980463059831104,1
features_1:941,features_1.npy,941,1,train,1,4.279708514722253,0.9863424148448807,1
features_1:942,features_1.npy,942,1,train,1,6.58714835900148,0.9986239323470685,1
features_1:943,features_1.npy,943,1,test,1,4.059970098261751,0.9830429660501837,1
features_1:944,features_1.npy,944,1,train,1,6.667160671388965,0.9987296106724252,1
features_1:945,features_1.npy,945,1,train,1,5.362275503674843,0.9953316741418753,1
features_1:946,features_1.npy,946,1,train,1,6.578487126297458,0.9986119787562718,1
features_1:947,features_1.npy,947,1,validation,1,6.593263515817531,0.9986323100659837,1
features_1:948,features_1.npy,948,1,train,1,3.7371933634982137,0.9767333654714565,1
features_1:949,features_1.npy,949,1,train,1,5.8862400222913775,0.9972302925345309,1
features_1:950,features_1.npy,950,1,train,1,6.376249090687113,0.9983013970126998,1
features_1:951,features_1.npy,951,1,test,1,7.040633280631421,0.9991251940515884,1
features_1:952,features_1.npy,952,1,train,1,5.964598686126994,0.9974385031113926,1
features_1:953,features_1.npy,953,1,train,1,2.6149652446309415,0.931818529126842,1
features_1:954,features_1.npy,954,1,train,1,6.134551037614166,0.9978379866641156,1
features_1:955,features_1.npy,955,1,validation,1,0.6285863311313798,0.6521688480075175,1
features_1:956,features_1.npy,956,1,test,1,5.512242506922822,0.9959791880697701,1
features_1:957,features_1.npy,957,1,train,1,6.961754754230142,0.9990534641752321,1
features_1:958,features_1.npy,958,1,test,1,3.7289489490995527,0.9765452704745772,1
features_1:959,features_1.npy,959,1,validation,1,6.7527045364437255,0.9988336447605517,1
features_1:960,features_1.npy,960,1,train,1,4.981837153859474,0.9931853131616539,1
features_1:961,features_1.npy,961,1,validation,1,1.4751488266059591,0.8138387211648603,1
features_1:962,features_1.npy,962,1,train,1,5.0533648061985605,0.9936527415164373,1
features_1:963,features_1.npy,963,1,validation,1,6.060157504883371,0.997671401788677,1
features_1:964,features_1.npy,964,1,train,1,2.797353288679971,0.9425326331271079,1
features_1:965,features_1.npy,965,1,train,1,6.038808350418393,0.9976212732438081,1
features_1:966,features_1.npy,966,1,train,1,6.403077766080597,0.998346288043078,1
features_1:967,features_1.npy,967,1,train,1,3.928802075592722,0.9807121206455234,1
features_1:968,features_1.npy,968,1,test,1,4.45224653649383,0.9884818534987463,1
features_1:969,features_1.npy,969,1,train,1,5.6531610136176775,0.9965058365769665,1
features_1:970,features_1.npy,970,1,validation,1,5.264012221489118,0.9948521358656529,1
features_1:971,features_1.npy,971,1,train,1,4.4785625054164795,0.9887776538582504,1
features_1:972,features_1.npy,972,1,train,1,4.893237298760062,0.9925586756938709,1
features_1:973,features_1.npy,973,1,validation,1,7.2229530410354625,0.9992708874290311,1
features_1:974,features_1.npy,974,1,test,1,3.350926936761106,0.9661351764625734,1
features_1:975,features_1.npy,975,1,train,1,3.3201730325267356,0.965114417696344,1
features_1:976,features_1.npy,976,1,train,1,7.220544564345563,0.999269130546988,1
features_1:977,features_1.npy,977,1,test,1,6.094228185944406,0.9977492268417433,1
features_1:978,features_1.npy,978,1,train,1,3.139596318711601,0.958496824961536,1
features_1:979,features_1.npy,979,1,validation,1,4.7557663308427065,0.9914714122601836,1
features_1:980,features_1.npy,980,1,train,1,3.30530434314614,0.9646103332810088,1
features_1:981,features_1.npy,981,1,train,1,5.699349572931556,0.9966630301784941,1
features_1:982,features_1.npy,982,1,train,1,5.163560380787385,0.9943112535902299,1
features_1:983,features_1.npy,983,1,test,1,1.149275756609101,0.7593786060740427,1
features_1:984,features_1.npy,984,1,validation,1,1.9417957563277906,0.8745492935374602,1
features_1:985,features_1.npy,985,1,train,1,5.489912349663936,0.9958887660237149,1
features_1:986,features_1.npy,986,1,validation,1,5.644667376304918,0.996476137051948,1
features_1:987,features_1.npy,987,1,test,1,5.559686020981774,0.9961647805151973,1
features_1:988,features_1.npy,988,1,test,1,1.2422558126929808,0.7759564270206751,1
features_1:989,features_1.npy,989,1,train,1,4.489029570430364,0.9888932084118359,1
features_1:990,features_1.npy,990,1,train,1,3.9033888002859074,0.980225488019731,1
features_1:991,features_1.npy,991,1,train,1,6.83559550079556,0.9989263269485897,1
features_1:992,features_1.npy,992,1,validation,1,7.288281608662489,0.9993169652879348,1
features_1:993,features_1.npy,993,1,test,1,6.656183681662988,0.9987156068132624,1
features_1:994,features_1.npy,994,1,train,1,3.998306030447646,0.9819838455083235,1
features_1:995,features_1.npy,995,1,train,1,6.249185033887302,0.9980716975023004,1
features_1:996,features_1.npy,996,1,train,1,5.949768668155819,0.9974003324842123,1
features_1:997,features_1.npy,997,1,train,1,3.8184672323258653,0.9785105033346807,1
features_1:998,features_1.npy,998,1,test,1,4.301256206244872,0.9866296636397244,1
features_1:999,features_1.npy,999,1,train,1,6.822818834508464,0.998912535990472,1
features_1:1000,features_1.npy,1000,1,test,1,6.9221850980083,0.9990152968042811,1
features_1:1001,features_1.npy,1001,1,train,1,3.9022380245361004,0.9802031696488654,1
features_1:1002,features_1.npy,1002,1,train,1,4.046965842837962,0.9828248244992024,1
features_1:1003,features_1.npy,1003,1,train,1,4.6927481977587515,0.9909216966541158,1
features_1:1004,features_1.npy,1004,1,test,1,0.4892658200722573,0.6199334630695336,1
features_1:1005,features_1.npy,1005,1,test,1,1.972248840688683,0.8778524557649549,1
features_1:1006,features_1.npy,1006,1,train,1,3.6251554117961002,0.9740465718781945,1
features_1:1007,features_1.npy,1007,1,validation,1,5.271375601041227,0.994889709330518,1
features_1:1008,features_1.npy,1008,1,validation,1,5.024337489734093,0.9934670188222634,1
features_1:1009,features_1.npy,1009,1,test,1,3.770934880926425,0.9774879420322437,1
features_1:1010,features_1.npy,1010,1,train,1,6.653001844499852,0.9987115188487936,1
features_1:1011,features_1.npy,1011,1,train,1,6.9573506867678825,0.9990492903465746,1
features_1:1012,features_1.npy,1012,1,validation,1,4.1536289515061116,0.9845355924131538,1
features_1:1013,features_1.npy,1013,1,test,1,6.792509275064801,0.998879108351173,1
features_1:1014,features_1.npy,1014,1,test,1,5.9773070128161505,0.9974707676697332,1
features_1:1015,features_1.npy,1015,1,train,1,5.116379292969621,0.9940380583926185,1
features_1:1016,features_1.npy,1016,1,test,1,1.3618955542921927,0.7960676022419325,1
features_1:1017,features_1.npy,1017,1,train,1,6.0645616969215554,0.9976816111075221,1
features_1:1018,features_1.npy,1018,1,train,1,6.315154933857661,0.9981945799248653,1
features_1:1019,features_1.npy,1019,1,train,1,5.146370061136437,0.9942131876437731,1
features_1:1020,features_1.npy,1020,1,train,1,5.973686243788755,0.9974616165925994,1
features_1:1021,features_1.npy,1021,1,train,1,5.503274071956273,0.9959431124432598,1
features_1:1022,features_1.npy,1022,1,train,1,4.993974237975869,0.9932669701559604,1
features_1:1023,features_1.npy,1023,1,train,1,5.025408665303895,0.9934739674008815,1
features_1:1024,features_1.npy,1024,1,train,1,7.346873316151281,0.9993558105597066,1
features_1:1025,features_1.npy,1025,1,train,1,6.8704457838182105,0.9989630621247579,1
features_1:1026,features_1.npy,1026,1,validation,1,5.085142414113693,0.9938500501569091,1
features_1:1027,features_1.npy,1027,1,train,1,4.80283124035231,0.9918603185196211,1
features_1:1028,features_1.npy,1028,1,train,1,5.6308594656911435,0.9964273174311951,1
features_1:1029,features_1.npy,1029,1,train,1,4.097538844738354,0.9836579847294044,1
features_1:1030,features_1.npy,1030,1,validation,1,3.5360232768507003,0.9716955438866324,1
features_1:1031,features_1.npy,1031,1,train,1,5.1136718889440615,0.9940219917616246,1
features_1:1032,features_1.npy,1032,1,train,1,5.502623356528438,0.9959404824249702,1
features_1:1033,features_1.npy,1033,1,train,1,3.885740941013373,0.9798804962460737,1
features_1:1034,features_1.npy,1034,1,train,1,3.346945620051144,0.9660046737346226,1
features_1:1035,features_1.npy,1035,1,validation,1,4.808239311479716,0.9919038642489832,1
features_1:1036,features_1.npy,1036,1,train,1,5.050279298730238,0.9936332516400348,1
features_1:1037,features_1.npy,1037,1,train,1,5.146095321102112,0.9942116067603788,1
features_1:1038,features_1.npy,1038,1,train,1,7.158439461008829,0.9992223371064292,1
features_1:1039,features_1.npy,1039,1,train,1,6.378643746018044,0.9983054528306303,1
features_1:1040,features_1.npy,1040,1,train,1,6.515041938511008,0.9985211963115828,1
features_1:1041,features_1.npy,1041,1,train,1,6.9783997399598725,0.9990690743080998,1
features_1:1042,features_1.npy,1042,1,train,1,6.276499971098261,0.9981235586130962,1
features_1:1043,features_1.npy,1043,1,validation,1,5.191741564358907,0.9944684569127352,1
features_1:1044,features_1.npy,1044,1,train,1,6.012477985604984,0.9975579636269171,1
features_1:1045,features_1.npy,1045,1,train,1,6.517631469075728,0.9985250151240155,1
features_1:1046,features_1.npy,1046,1,train,1,3.9600366880839704,0.9812941635013714,1
features_1:1047,features_1.npy,1047,1,train,1,6.971125714217979,0.9990622844154785,1
features_1:1048,features_1.npy,1048,1,validation,1,3.424878230994785,0.9684730594859574,1
features_1:1049,features_1.npy,1049,1,validation,1,6.439261309536874,0.9984049618445512,1
features_1:1050,features_1.npy,1050,1,test,1,4.910536429642425,0.9926853635806867,1
features_1:1051,features_1.npy,1051,1,train,1,3.6819880371010063,0.9754452337580429,1
features_1:1052,features_1.npy,1052,1,train,1,3.2390242820860844,0.96227670666194,1
features_1:1053,features_1.npy,1053,1,train,1,6.63465156371029,0.9986876879026133,1
features_1:1054,features_1.npy,1054,1,train,1,6.822509536502393,0.9989121999539392,1
features_1:1055,features_1.npy,1055,1,train,1,6.339517776697239,0.9982379570461569,1
features_1:1056,features_1.npy,1056,1,train,1,6.490814758499917,0.9984849864873293,1
features_1:1057,features_1.npy,1057,1,train,1,6.42801081426531,0.998386944660473,1
features_1:1058,features_1.npy,1058,1,validation,1,4.274908455599142,0.9862776018021084,1
features_1:1059,features_1.npy,1059,1,train,1,4.697790749090728,0.9909669467674523,1
features_1:1060,features_1.npy,1060,1,train,1,6.301847600021055,0.9981704382788178,1
features_1:1061,features_1.npy,1061,1,train,1,6.63249787621953,0.9986848622677773,1
features_1:1062,features_1.npy,1062,1,test,1,5.934375913602214,0.9973601133303739,1
features_1:1063,features_1.npy,1063,1,train,1,6.546609796566026,0.9985670839857406,1
features_1:1064,features_1.npy,1064,1,train,1,4.030989325642512,0.982553047200917,1
features_1:1065,features_1.npy,1065,1,train,1,5.31249973423398,0.9950945929969828,1
features_1:1066,features_1.npy,1066,1,train,1,6.1993220394885915,0.997973308841916,1
features_1:1067,features_1.npy,1067,1,train,1,6.445572210702349,0.998414980371477,1
features_1:1068,features_1.npy,1068,1,train,1,7.28486189880423,0.9993146271126151,1
features_1:1069,features_1.npy,1069,1,train,1,5.813212355145452,0.9970210837443293,1
features_1:1070,features_1.npy,1070,1,train,1,3.063963290025973,0.955381547917856,1
features_1:1071,features_1.npy,1071,1,train,1,4.7575985226364885,0.9914868910583471,1
features_1:1072,features_1.npy,1072,1,test,1,2.755784040662845,0.9402391807439308,1
features_1:1073,features_1.npy,1073,1,train,1,4.597231780540296,0.9900208864889558,1
features_1:1074,features_1.npy,1074,1,train,1,4.340284456227709,0.9871348487959986,1
features_1:1075,features_1.npy,1075,1,train,1,5.026849035207911,0.9934832993231656,1
features_1:1076,features_1.npy,1076,1,train,1,4.927010988769203,0.9928040217324369,1
features_1:1077,features_1.npy,1077,1,train,1,4.619512107417853,0.9902386194867481,1
features_1:1078,features_1.npy,1078,1,train,1,6.321799165698761,0.9982065143489807,1
features_1:1079,features_1.npy,1079,1,train,1,5.894924371954576,0.9972541757418547,1
features_1:1080,features_1.npy,1080,1,train,1,5.791878362873681,0.9969570442745224,1
features_1:1081,features_1.npy,1081,1,train,1,6.724086294652132,0.9987998241500387,1
features_1:1082,features_1.npy,1082,1,test,1,6.688588823718909,0.998756509690661,1
features_1:1083,features_1.npy,1083,1,test,1,1.8192592511615793,0.8604772193111299,1
features_1:1084,features_1.npy,1084,1,train,1,5.755366467747324,0.9968442440679623,1
features_1:1085,features_1.npy,1085,1,train,1,3.6746038615946244,0.9752677469347326,1
features_1:1086,features_1.npy,1086,1,train,1,6.283144144331317,0.9981359615258385,1
features_1:1087,features_1.npy,1087,1,test,1,6.351568476010158,0.9982590267212689,1
features_1:1088,features_1.npy,1088,1,train,1,5.497808087602201,0.9959209675447204,1
features_1:1089,features_1.npy,1089,1,train,1,6.248339801578827,0.9980700700965802,1
features_1:1090,features_1.npy,1090,1,validation,1,6.0992044982187155,0.9977603745465653,1
features_1:1091,features_1.npy,1091,1,train,1,4.509404961653064,0.9891147852318097,1
features_1:1092,features_1.npy,1092,1,validation,1,6.698978512283449,0.9987693464677772,1
features_1:1093,features_1.npy,1093,1,test,1,3.414625753950979,0.9681585126648508,1
features_1:1094,features_1.npy,1094,1,train,1,6.5187294954934325,0.9985266314226163,1
features_1:1095,features_1.npy,1095,1,train,1,4.80506302141505,0.9918783168765491,1
features_1:1096,features_1.npy,1096,1,train,1,5.343370237620552,0.9952430024932313,1
features_1:1097,features_1.npy,1097,1,train,1,5.5106742929769865,0.9959729030424149,1
features_1:1098,features_1.npy,1098,1,test,1,6.108110664276297,0.9977801883817188,1
features_1:1099,features_1.npy,1099,1,train,1,2.5449233269991596,0.9272317180431695,1
features_1:1100,features_1.npy,1100,1,validation,1,2.455138878029173,0.9209364357801819,1
features_1:1101,features_1.npy,1101,1,train,1,5.22028766787273,0.9946232914351912,1
features_1:1102,features_1.npy,1102,1,validation,1,4.333564539340397,0.9870492283199075,1
features_1:1103,features_1.npy,1103,1,train,1,6.476909352598318,0.9984638050453496,1
features_1:1104,features_1.npy,1104,1,train,1,6.347006260623782,0.9982510798033374,1
features_1:1105,features_1.npy,1105,1,train,1,3.8327342730946485,0.9788084671303597,1
features_1:1106,features_1.npy,1106,1,train,1,5.969156464543999,0.9974501215801553,1
features_1:1107,features_1.npy,1107,1,test,1,4.267796778480171,0.9861810180921056,1
features_1:1108,features_1.npy,1108,1,train,1,4.453896558195792,0.988500624651943,1
features_1:1109,features_1.npy,1109,1,test,1,1.9731694120781809,0.8779511320230392,1
features_1:1110,features_1.npy,1110,1,train,1,6.28146312569722,0.998132831262893,1
features_1:1111,features_1.npy,1111,1,test,1,4.550318844605284,0.9895465924542073,1
features_1:1112,features_1.npy,1112,1,validation,1,4.790681512169743,0.9917616400898883,1
features_1:1113,features_1.npy,1113,1,train,1,5.3964206338267715,0.9954876769443728,1
features_1:1114,features_1.npy,1114,1,train,1,2.6923620105197204,0.9365744363831796,1
features_1:1115,features_1.npy,1115,1,train,1,6.582542741967222,0.9986175888710732,1
features_1:1116,features_1.npy,1116,1,train,1,4.940398156144539,0.9928990340433156,1
features_1:1117,features_1.npy,1117,1,train,1,5.5844906294340655,0.9962583899174839,1
features_1:1118,features_1.npy,1118,1,train,1,6.789406796968213,0.9988756293254198,1
features_1:1119,features_1.npy,1119,1,train,1,4.654336931240202,0.9905695562219509,1
features_1:1120,features_1.npy,1120,1,train,1,6.309416933341488,0.9981842095099567,1
features_1:1121,features_1.npy,1121,1,train,1,5.406416857560875,0.9955323579242857,1
features_1:1122,features_1.npy,1122,1,train,1,4.019660394408368,0.9823577749276338,1
features_1:1123,features_1.npy,1123,1,train,1,5.320149128712492,0.9951317912650203,1
features_1:1124,features_1.npy,1124,1,validation,1,3.3318072502965608,0.9655040126826654,1
features_1:1125,features_1.npy,1125,1,validation,1,1.3714990858638687,0.7976222454733033,1
features_1:1126,features_1.npy,1126,1,train,1,4.727880611425681,0.9912323539626604,1
features_1:1127,features_1.npy,1127,1,test,1,6.521614823081345,0.9985308702100414,1
features_1:1128,features_1.npy,1128,1,train,1,4.088854927398149,0.9835178032716546,1
features_1:1129,features_1.npy,1129,1,train,1,5.185608891699513,0.9944346189122613,1
features_1:1130,features_1.npy,1130,1,train,1,6.188924949235441,0.9979521706045966,1
features_1:1131,features_1.npy,1131,1,validation,1,6.679212568218565,0.9987448102797996,1
features_1:1132,features_1.npy,1132,1,train,1,5.288329991432712,0.9949751891577907,1
features_1:1133,features_1.npy,1133,1,test,1,5.799068006405988,0.9969787777223863,1
features_1:1134,features_1.npy,1134,1,train,1,5.686762067463022,0.9966209034093787,1
features_1:1135,features_1.npy,1135,1,train,1,5.046675667950717,0.9936104137035491,1
features_1:1136,features_1.npy,1136,1,train,1,6.114464588066151,0.9977942171679575,1
features_1:1137,features_1.npy,1137,1,train,1,3.7638471863021614,0.9773314464612209,1
features_1:1138,features_1.npy,1138,1,train,1,2.2359957308174154,0.9034356911620957,1
features_1:1139,features_1.npy,1139,1,train,1,5.119264280667069,0.9940551316284311,1
features_1:1140,features_1.npy,1140,1,test,1,5.55157161081415,0.996133654178859,1
features_1:1141,features_1.npy,1141,1,test,1,1.0665771259193666,0.7439454350244391,1
features_1:1142,features_1.npy,1142,1,test,1,4.7870504773660185,0.9917319197226035,1
features_1:1143,features_1.npy,1143,1,train,1,6.576692561990318,0.9986094890932427,1
features_1:1144,features_1.npy,1144,1,train,1,6.2476826063236555,0.9980688037891597,1
features_1:1145,features_1.npy,1145,1,train,1,4.802306612704073,0.991856081883427,1
features_1:1146,features_1.npy,1146,1,train,1,4.292659733390842,0.9865157869835286,1
features_1:1147,features_1.npy,1147,1,test,1,4.835238604692092,0.9921178297723526,1
features_1:1148,features_1.npy,1148,1,train,1,4.788603856777383,0.9917446472730219,1
features_1:1149,features_1.npy,1149,1,train,1,5.333419379487666,0.9951956585393865,1
features_1:1150,features_1.npy,1150,1,train,1,3.1883695622126575,0.9603942497988611,1
features_1:1151,features_1.npy,1151,1,train,1,6.947212675214464,0.999039612322566,1
features_1:1152,features_1.npy,1152,1,train,1,6.1784894191215525,0.9979307329779399,1
features_1:1153,features_1.npy,1153,1,validation,1,3.3021290776167045,0.9645017784297045,1
features_1:1154,features_1.npy,1154,1,train,1,5.871444661723203,0.9971891251077565,1
features_1:1155,features_1.npy,1155,1,train,1,5.933638055745332,0.9973581698982714,1
features_1:1156,features_1.npy,1156,1,validation,1,4.019888208369471,0.9823617227323136,1
features_1:1157,features_1.npy,1157,1,train,1,5.288598981807159,0.9949765338128367,1
features_1:1158,features_1.npy,1158,1,train,1,6.298608840479674,0.9981645140561402,1
features_1:1159,features_1.npy,1159,1,train,1,4.870884961550833,0.992391751568953,1
features_1:1160,features_1.npy,1160,1,train,1,6.800166743259717,0.9988876492532265,1
features_1:1161,features_1.npy,1161,1,train,1,5.2734719673090105,0.994900356574646,1
features_1:1162,features_1.npy,1162,1,train,1,6.692218231901126,0.998761009062864,1
features_1:1163,features_1.npy,1163,1,train,1,5.206079986769379,0.9945467751772376,1
features_1:1164,features_1.npy,1164,1,train,1,2.853393343326434,0.9454938241851494,1
features_1:1165,features_1.npy,1165,1,train,1,1.8395627366295646,0.8628969848493837,1
features_1:1166,features_1.npy,1166,1,train,1,5.653512140051295,0.9965070589700225,1
features_1:1167,features_1.npy,1167,1,validation,1,6.840123616815377,0.9989311724895328,1
features_1:1168,features_1.npy,1168,1,train,1,6.754968808534133,0.9988362796486682,1
features_1:1169,features_1.npy,1169,1,train,1,4.076947364673867,0.9833236598317169,1
features_1:1170,features_1.npy,1170,1,train,1,5.116861333368134,0.9940409144751017,1
features_1:1171,features_1.npy,1171,1,train,1,6.459246390042423,0.9984364730442703,1
features_1:1172,features_1.npy,1172,1,train,1,6.508460235434509,0.9985114457003506,1
features_1:1173,features_1.npy,1173,1,train,1,5.409047743273557,0.9955440440261888,1
features_1:1174,features_1.npy,1174,1,train,1,5.145326981673109,0.9942071833737753,1
features_1:1175,features_1.npy,1175,1,train,1,6.345173430654846,0.998247877012182,1
features_1:1176,features_1.npy,1176,1,train,1,5.633431734671559,0.996436462815954,1
features_1:1177,features_1.npy,1177,1,test,1,2.6130752062568146,0.9316983517289522,1
features_1:1178,features_1.npy,1178,1,train,1,5.463227934799232,0.9957780527328501,1
features_1:1179,features_1.npy,1179,1,validation,1,5.8091529576471,0.9970090028040018,1
features_1:1180,features_1.npy,1180,1,train,1,6.832415680029396,0.9989229111100019,1
features_1:1181,features_1.npy,1181,1,validation,1,2.4797241448607403,0.9227081267646716,1
features_1:1182,features_1.npy,1182,1,train,1,6.7393001377505914,0.9988179238213498,1
features_1:1183,features_1.npy,1183,1,validation,1,4.915069930753139,0.9927182085146427,1
features_1:1184,features_1.npy,1184,1,test,1,3.3825345719848845,0.9671542161968629,1
features_1:1185,features_1.npy,1185,1,train,1,6.817492673250811,0.9989067348788824,1
features_1:1186,features_1.npy,1186,1,train,1,4.8941047743479285,0.992565080089167,1
features_1:1187,features_1.npy,1187,1,train,1,4.626230987921698,0.9903033513695328,1
features_1:1188,features_1.npy,1188,1,train,1,5.636864496822774,0.9964486312508064,1
features_1:1189,features_1.npy,1189,1,train,1,6.152799321464769,0.9978769989025418,1
features_1:1190,features_1.npy,1190,1,test,1,4.05043069649526,0.9828832141438009,1
features_1:1191,features_1.npy,1191,1,train,1,3.163913971229728,0.9594534837908881,1
features_1:1192,features_1.npy,1192,1,train,1,6.848701141013932,0.998940291502884,1
features_1:1193,features_1.npy,1193,1,train,1,5.936665193821274,0.9973661339590125,1
features_1:1194,features_1.npy,1194,1,train,1,5.648868820656594,0.9964908594627477,1
features_1:1195,features_1.npy,1195,1,test,1,5.936767976763091,0.9973664039486793,1
features_1:1196,features_1.npy,1196,1,validation,1,4.079093284265496,0.9833588126627905,1
features_1:1197,features_1.npy,1197,1,train,1,6.786152550517117,0.9988719685202357,1
features_1:1198,features_1.npy,1198,1,test,1,1.1476629259910356,0.7590837819754683,1
features_1:1199,features_1.npy,1199,1,train,1,6.502642973862322,0.9985027741577056,1
features_1:1200,features_1.npy,1200,1,train,1,5.814406178205224,0.9970246273462962,1
features_1:1201,features_1.npy,1201,1,train,1,6.667262258099712,0.9987297395566187,1
features_1:1202,features_1.npy,1202,1,train,1,5.857108414892026,0.9971486531988774,1
features_1:1203,features_1.npy,1203,1,validation,1,4.324962133149312,0.9869388013529804,1
features_1:1204,features_1.npy,1204,1,train,1,4.488542283517126,0.9888878550545287,1
features_1:1205,features_1.npy,1205,1,train,1,4.7347660027779135,0.9912919913967839,1
features_1:1206,features_1.npy,1206,1,train,1,6.395326133303846,0.998333440709263,1
features_1:1207,features_1.npy,1207,1,train,1,5.464527815106035,0.9957835140684639,1
features_1:1208,features_1.npy,1208,1,validation,1,6.228552269982264,0.9980315771344717,1
features_1:1209,features_1.npy,1209,1,train,1,6.352261577537813,0.9982602308758297,1
features_1:1210,features_1.npy,1210,1,train,1,6.073602390525208,0.9977024285505616,1
features_1:1211,features_1.npy,1211,1,train,1,6.049790284544194,0.9976471922211596,1
features_1:1212,features_1.npy,1212,1,train,1,5.807165908334476,0.9970030714656224,1
features_1:1213,features_1.npy,1213,1,train,1,4.302310448146014,0.9866435636137245,1
features_1:1214,features_1.npy,1214,1,train,1,4.162803773052904,0.9846746622394726,1
features_1:1215,features_1.npy,1215,1,train,1,6.716799542528056,0.9987910574371399,1
features_1:1216,features_1.npy,1216,1,train,1,6.359646373772019,0.9982730092871505,1
features_1:1217,features_1.npy,1217,1,train,1,4.7428990048321085,0.9913619171416086,1
features_1:1218,features_1.npy,1218,1,train,1,6.371463786521825,0.9982932631075901,1
features_1:1219,features_1.npy,1219,1,test,1,-0.13533594616850633,0.46621756047657587,0
features_1:1220,features_1.npy,1220,1,train,1,3.9037086805448227,0.9802316874601642,1
features_1:1221,features_1.npy,1221,1,train,1,6.250161842364012,0.9980735765380704,1
features_1:1222,features_1.npy,1222,1,train,1,6.869030522616535,0.9989615950728272,1
features_1:1223,features_1.npy,1223,1,train,1,6.583159998763328,0.9986184407319139,1
features_1:1224,features_1.npy,1224,1,train,1,7.470162635004314,0.9994304889135761,1
features_1:1225,features_1.npy,1225,1,test,1,5.791045459105248,0.9969545164514063,1
features_1:1226,features_1.npy,1226,1,train,1,5.10546881200016,0.9939730487830184,1
features_1:1227,features_1.npy,1227,1,train,1,4.808286570395727,0.9919042437570605,1
features_1:1228,features_1.npy,1228,1,train,1,5.01336535327807,0.9933954194016797,1
features_1:1229,features_1.npy,1229,1,validation,1,4.6978466929201605,0.9909674475324917,1
features_1:1230,features_1.npy,1230,1,validation,1,4.917251754961043,0.992733963470259,1
features_1:1231,features_1.npy,1231,1,train,1,6.215873571995196,0.9980065112816112,1
features_1:1232,features_1.npy,1232,1,test,1,6.947800486759863,0.9990401761419584,1
features_1:1233,features_1.npy,1233,1,train,1,4.187593568446679,0.9850442919230322,1
features_1:1234,features_1.npy,1234,1,train,1,5.362393668412129,0.9953322231660429,1
features_1:1235,features_1.npy,1235,1,train,1,5.384803698505941,0.9954351926002216,1
features_1:1236,features_1.npy,1236,1,train,1,6.327375736759559,0.9982164702255594,1
features_1:1237,features_1.npy,1237,1,train,1,6.502123429934235,0.9985019972465663,1
features_1:1238,features_1.npy,1238,1,train,1,3.165539033176842,0.9595166555766553,1
features_1:1239,features_1.npy,1239,1,validation,1,1.745919673826417,0.8514374141653225,1
features_1:1240,features_1.npy,1240,1,train,1,7.112062927096474,0.9991854524942088,1
features_1:1241,features_1.npy,1241,1,test,1,1.426488729047202,0.8063536294519013,1
features_1:1242,features_1.npy,1242,1,train,1,7.264984435686895,0.9993008769564345,1
features_1:1243,features_1.npy,1243,1,test,1,2.0392835991043246,0.884860299325987,1
features_1:1244,features_1.npy,1244,1,test,1,5.75070447545505,0.9968295443638927,1
features_1:1245,features_1.npy,1245,1,train,1,5.272804838053378,0.9948969706851611,1
features_1:1246,features_1.npy,1246,1,test,1,2.018724683685545,0.8827490742920864,1
features_1:1247,features_1.npy,1247,1,train,1,6.026119836197182,0.997590971611247,1
features_1:1248,features_1.npy,1248,1,train,1,4.980734205782883,0.993177844074663,1
features_1:1249,features_1.npy,1249,1,test,1,6.273871529192252,0.9981186292996924,1
features_1:1250,features_1.npy,1250,1,test,1,3.7293335260409894,0.9765540774434384,1
features_1:1251,features_1.npy,1251,1,train,1,4.681012105906984,0.9908155095105022,1
features_1:1252,features_1.npy,1252,1,validation,1,4.337711739607386,0.9871021352429024,1
features_1:1253,features_1.npy,1253,1,test,1,1.487104842981039,0.8156433276485293,1
features_1:1254,features_1.npy,1254,1,train,1,6.629456135193791,0.9986808611542543,1
features_1:1255,features_1.npy,1255,1,train,1,7.249896842350025,0.9992902564411542,1
features_1:1256,features_1.npy,1256,1,train,1,5.2109551106406045,0.9945731517035321,1
features_1:1257,features_1.npy,1257,1,train,1,5.803654950898456,0.9969925625842997,1
features_1:1258,features_1.npy,1258,1,train,1,6.314936103003505,0.9981941855135391,1
features_1:1259,features_1.npy,1259,1,test,1,6.0914160638463795,0.9977429027911552,1
features_1:1260,features_1.npy,1260,1,train,1,6.797648401348231,0.9988848475712584,1
features_1:1261,features_1.npy,1261,1,train,1,5.354529348179461,0.9952955429261235,1
features_1:1262,features_1.npy,1262,1,validation,1,6.249521248657379,0.9980723444675706,1
features_1:1263,features_1.npy,1263,1,train,1,3.179251969886145,0.9600459832093874,1
features_1:1264,features_1.npy,1264,1,validation,1,6.6947017866488645,0.9987640785484367,1
features_1:1265,features_1.npy,1265,1,train,1,3.74200886184458,0.9768425482447491,1
features_1:1266,features_1.npy,1266,1,validation,1,6.767669558776002,0.9988509494312754,1
features_1:1267,features_1.npy,1267,1,train,1,7.500406390303451,0.9994474458372113,1
features_1:1268,features_1.npy,1268,1,train,1,5.562882581912198,0.9961769736610725,1
features_1:1269,features_1.npy,1269,1,test,1,6.557747683159685,0.9985829326020139,1
features_1:1270,features_1.npy,1270,1,train,1,5.617471606537907,0.996379339594767,1
features_1:1271,features_1.npy,1271,1,validation,1,1.6858474009425652,0.8436772717550951,1
features_1:1272,features_1.npy,1272,1,train,1,7.165023213721835,0.9992274362868441,1
features_1:1273,features_1.npy,1273,1,test,1,5.113625139195185,0.994021713955501,1
features_1:1274,features_1.npy,1274,1,validation,1,5.820386598095417,0.9970423157503661,1
features_1:1275,features_1.npy,1275,1,train,1,6.722891734101794,0.9987983913344183,1
features_1:1276,features_1.npy,1276,1,train,1,6.649175559516708,0.9987065856975679,1
features_1:1277,features_1.npy,1277,1,test,1,5.506171533316493,0.9959548026241158,1
features_1:1278,features_1.npy,1278,1,train,1,2.5801308223375723,0.9295718342704369,1
features_1:1279,features_1.npy,1279,1,train,1,4.838550833493381,0.99214368936448,1
features_1:1280,features_1.npy,1280,1,validation,1,6.3826005352552455,0.9983121332543128,1
features_1:1281,features_1.npy,1281,1,train,1,6.891215955604889,0.9989843557268581,1
features_1:1282,features_1.npy,1282,1,validation,1,0.6694663205933081,0.6613836491577254,1
features_1:1283,features_1.npy,1283,1,train,1,3.3365888846013467,0.96566291586203,1
features_1:1284,features_1.npy,1284,1,train,1,3.6597223449243814,0.9749062461724224,1
features_1:1285,features_1.npy,1285,1,train,1,6.188696583917694,0.9979517038559858,1
features_1:1286,features_1.npy,1286,1,test,1,1.9509107299425537,0.8755459136898716,1
features_1:1287,features_1.npy,1287,1,test,1,5.5736403830207015,0.9962177258680309,1
features_1:1288,features_1.npy,1288,1,train,1,5.225285035600507,0.9946499504046684,1
features_1:1289,features_1.npy,1289,1,train,1,6.482865404388993,0.9984729135773726,1
features_1:1290,features_1.npy,1290,1,train,1,6.178433420730126,0.9979306173388685,1
features_1:1291,features_1.npy,1291,1,test,1,5.793049278036488,0.9969605944091294,1
features_1:1292,features_1.npy,1292,1,train,1,5.816921879409068,0.9970320809001594,1
features_1:1293,features_1.npy,1293,1,train,1,4.773525756697852,0.9916202800498471,1
features_1:1294,features_1.npy,1294,1,test,1,3.1248230003830533,0.9579051355272828,1
features_1:1295,features_1.npy,1295,1,train,1,3.266985910235637,0.9632787035508674,1
features_1:1296,features_1.npy,1296,1,train,1,5.333631687331742,0.995196673531625,1
features_1:1297,features_1.npy,1297,1,train,1,4.460116042153641,0.9885711080237255,1
features_1:1298,features_1.npy,1298,1,train,1,4.5127133695652955,0.9891503483757618,1
features_1:1299,features_1.npy,1299,1,train,1,5.176529710054997,0.9943841447854254,1
features_1:1300,features_1.npy,1300,1,validation,1,3.1604686504690873,0.9593192398423482,1
features_1:1301,features_1.npy,1301,1,train,1,4.7486598587123146,0.9914111106338406,1
features_1:1302,features_1.npy,1302,1,test,1,-0.45371647803216114,0.38847750430284933,0
features_1:1303,features_1.npy,1303,1,test,1,4.037524278644447,0.9826647204481669,1
features_1:1304,features_1.npy,1304,1,train,1,5.503449210376924,0.9959438200161915,1
features_1:1305,features_1.npy,1305,1,train,1,5.096181969605105,0.9939171587826295,1
features_1:1306,features_1.npy,1306,1,train,1,4.46267702506575,0.9886000065320383,1
features_1:1307,features_1.npy,1307,1,validation,1,-0.36585263001935775,0.40954355120790176,0
features_1:1308,features_1.npy,1308,1,train,1,6.309833594374416,0.9981849645485895,1
features_1:1309,features_1.npy,1309,1,train,1,5.047988604089187,0.9936187438195399,1
features_1:1310,features_1.npy,1310,1,validation,1,6.562630946078044,0.9985898259117895,1
features_1:1311,features_1.npy,1311,1,train,1,6.728490719470517,0.998805092307837,1
features_1:1312,features_1.npy,1312,1,test,1,6.2233018439122345,0.9980212354008937,1
features_1:1313,features_1.npy,1313,1,train,1,3.4669632122105964,0.9697330131031188,1
features_1:1314,features_1.npy,1314,1,train,1,5.140789451741851,0.9941809918706086,1
features_1:1315,features_1.npy,1315,1,train,1,2.857050288385103,0.9456819790310554,1
features_1:1316,features_1.npy,1316,1,test,1,4.394879223452822,0.9878100577430198,1
features_1:1317,features_1.npy,1317,1,test,1,3.824370776387581,0.9786342912285999,1
features_1:1318,features_1.npy,1318,1,train,1,3.3402628784475774,0.9657845301295623,1
features_1:1319,features_1.npy,1319,1,train,1,6.538324047249265,0.9985551791045781,1
features_1:1320,features_1.npy,1320,1,train,1,6.9007187765193985,0.9989939518353753,1
features_1:1321,features_1.npy,1321,1,train,1,4.924044667333542,0.9927827987416868,1
features_1:1322,features_1.npy,1322,1,train,1,5.342144857064918,0.9952371975680937,1
features_1:1323,features_1.npy,1323,1,test,1,6.181004558776263,0.9979359202049545,1
features_1:1324,features_1.npy,1324,1,validation,1,1.9192727293370424,0.8720573116057949,1
features_1:1325,features_1.npy,1325,1,train,1,4.799184646592427,0.9918308251437904,1
features_1:1326,features_1.npy,1326,1,validation,1,6.062136291422479,0.9976759943335904,1
features_1:1327,features_1.npy,1327,1,validation,1,0.5633967869062358,0.6372381263534662,1
features_1:1328,features_1.npy,1328,1,validation,1,6.706732391213531,0.9987788402989767,1
features_1:1329,features_1.npy,1329,1,train,1,6.914157021487038,0.9990073675931345,1
features_1:1330,features_1.npy,1330,1,train,1,3.76241699088984,0.9772997392845446,1
features_1:1331,features_1.npy,1331,1,train,1,4.673617636823387,0.9907479740388551,1
features_1:1332,features_1.npy,1332,1,train,1,6.950354821806521,0.9990426223808767,1
features_1:1333,features_1.npy,1333,1,test,1,0.18765312048655772,0.5467760973498309,0
features_1:1334,features_1.npy,1334,1,train,1,6.214046240165294,0.9980028724676429,1
features_1:1335,features_1.npy,1335,1,train,1,5.432432014113728,0.995646586076726,1
features_1:1336,features_1.npy,1336,1,train,1,6.588237662497839,0.9986254284269622,1
features_1:1337,features_1.npy,1337,1,train,1,6.231996670938841,0.9980383322315814,1
features_1:1338,features_1.npy,1338,1,train,1,3.4063500861835507,0.967902402840247,1
features_1:1339,features_1.npy,1339,1,validation,1,6.820574706344419,0.9989100955043155,1
features_1:1340,features_1.npy,1340,1,train,1,6.228412939497997,0.9980313033940281,1
features_1:1341,features_1.npy,1341,1,test,1,2.70059271044137,0.9370616093721864,1
features_1:1342,features_1.npy,1342,1,train,1,6.6035562649913775,0.9986462961975948,1
features_1:1343,features_1.npy,1343,1,validation,1,6.309356417569786,0.9981840998222133,1
features_1:1344,features_1.npy,1344,1,train,1,6.419097868463791,0.9983725268267217,1
features_1:1345,features_1.npy,1345,1,train,1,6.984077997496071,0.9990743404853512,1
features_1:1346,features_1.npy,1346,1,train,1,6.681931024386012,0.9987482135587891,1
features_1:1347,features_1.npy,1347,1,test,1,5.665428994319399,0.9965482939786521,1
features_1:1348,features_1.npy,1348,1,train,1,3.8261954851041713,0.9786724111526371,1
features_1:1349,features_1.npy,1349,1,validation,1,4.530679207685118,0.9893414718796156,1
features_1:1350,features_1.npy,1350,1,train,1,2.458923608841392,0.9212115728989841,1
features_1:1351,features_1.npy,1351,1,train,1,6.090174856883012,0.9977401058621072,1
features_1:1352,features_1.npy,1352,1,train,1,1.8569096346733407,0.8649363340037947,1
features_1:1353,features_1.npy,1353,1,train,1,5.128694929416917,0.994110603432308,1
features_1:1354,features_1.npy,1354,1,test,1,4.395459952289939,0.987817048520207,1
features_1:1355,features_1.npy,1355,1,test,1,5.299804654039282,0.9950322328309504,1
features_1:1356,features_1.npy,1356,1,train,1,4.699476057189329,0.9909820202549031,1
features_1:1357,features_1.npy,1357,1,validation,1,4.443758565491424,0.9883848121125218,1
features_1:1358,features_1.npy,1358,1,train,1,5.529093146320071,0.9960461080271636,1
features_1:1359,features_1.npy,1359,1,validation,1,5.451981214331978,0.9957305055268882,1
features_1:1360,features_1.npy,1360,1,train,1,4.3425608105532385,0.9871637256406127,1
features_1:1361,features_1.npy,1361,1,train,1,4.671756673969202,0.9907309000724996,1
features_1:1362,features_1.npy,1362,1,train,1,6.5605626106315125,0.9985869103061283,1
features_1:1363,features_1.npy,1363,1,train,1,6.1386778476512225,0.9978468713265001,1
features_1:1364,features_1.npy,1364,1,test,1,5.457270252675341,0.995752931782665,1
features_1:1365,features_1.npy,1365,1,train,1,5.199373633120484,0.9945102824591403,1
features_1:1366,features_1.npy,1366,1,train,1,4.937982119386571,0.9928819793726358,1
features_1:1367,features_1.npy,1367,1,test,1,1.7389979624396308,0.8505597433484696,1
features_1:1368,features_1.npy,1368,1,test,1,5.223004845742006,0.9946378028458656,1
features_1:1369,features_1.npy,1369,1,train,1,6.048100892635506,0.997643223423001,1
features_1:1370,features_1.npy,1370,1,train,1,6.76645727786861,0.9988495572180377,1
features_1:1371,features_1.npy,1371,1,train,1,4.609751600100417,0.99014382062855,1
features_1:1372,features_1.npy,1372,1,train,1,5.890641139766501,0.997242422016895,1
features_1:1373,features_1.npy,1373,1,train,1,6.235995828528743,0.9980461462868742,1
features_1:1374,features_1.npy,1374,1,validation,1,4.742495755897619,0.9913584632486026,1
features_1:1375,features_1.npy,1375,1,train,1,2.958009657336656,0.9506406848430461,1
features_1:1376,features_1.npy,1376,1,test,1,3.3081598223547397,0.964707682237391,1
features_1:1377,features_1.npy,1377,1,train,1,4.756876441297834,0.9914807940691475,1
features_1:1378,features_1.npy,1378,1,train,1,6.245193709303275,0.9980640005712621,1
features_1:1379,features_1.npy,1379,1,train,1,5.509611049819818,0.9959686362526419,1
features_1:1380,features_1.npy,1380,1,train,1,4.991014137313914,0.9932471449694775,1
features_1:1381,features_1.npy,1381,1,validation,1,-0.6666953793219296,0.33923719511002987,0
features_1:1382,features_1.npy,1382,1,train,1,5.414977128740314,0.9955702702390332,1
features_1:1383,features_1.npy,1383,1,train,1,4.991641496211064,0.9932513515231105,1
features_1:1384,features_1.npy,1384,1,train,1,5.12335724166499,0.9940792702460317,1
features_1:1385,features_1.npy,1385,1,test,1,5.938958871232392,0.9973721524177592,1
features_1:1386,features_1.npy,1386,1,train,1,5.89811525603644,0.9972628994418129,1
features_1:1387,features_1.npy,1387,1,validation,1,6.812396632672032,0.9989011554731155,1
features_1:1388,features_1.npy,1388,1,test,1,5.368336963193401,0.9953597545156686,1
features_1:1389,features_1.npy,1389,1,validation,1,3.9083812449395414,0.9803220273206918,1
features_1:1390,features_1.npy,1390,1,test,1,4.107751486682919,0.9838213441553124,1
features_1:1391,features_1.npy,1391,1,train,1,6.092122703964618,0.9977444935870352,1
features_1:1392,features_1.npy,1392,1,train,1,6.6035025448133515,0.9986462235728831,1
features_1:1393,features_1.npy,1393,1,train,1,5.537950194657745,0.9960808365679094,1
features_1:1394,features_1.npy,1394,1,test,1,3.4916741871704526,0.9704499440680295,1
features_1:1395,features_1.npy,1395,1,train,1,3.8708085802930965,0.9795839899145691,1
features_1:1396,features_1.npy,1396,1,train,1,5.13511165509876,0.994148052646503,1
features_1:1397,features_1.npy,1397,1,validation,1,6.269617571606951,0.9981106241349748,1
features_1:1398,features_1.npy,1398,1,train,1,6.233762744375223,0.9980417868453393,1
features_1:1399,features_1.npy,1399,1,validation,1,4.529107711190317,0.9893248878189677,1
features_1:1400,features_1.npy,1400,1,train,1,5.83845106873444,0.9970951112482899,1
features_1:1401,features_1.npy,1401,1,train,1,6.308283187410757,0.9981821534418692,1
features_1:1402,features_1.npy,1402,1,train,1,5.662215606169317,0.99653722293716,1
features_1:1403,features_1.npy,1403,1,train,1,5.298939914322789,0.9950279565157253,1
features_1:1404,features_1.npy,1404,1,train,1,5.0207838465555135,0.9934439141149666,1
features_1:1405,features_1.npy,1405,1,train,1,6.158070611654412,0.9978881368421878,1
features_1:1406,features_1.npy,1406,1,train,1,7.181971010604434,0.9992404093512733,1
features_1:1407,features_1.npy,1407,1,train,1,5.12696047432095,0.9941004399903295,1
features_1:1408,features_1.npy,1408,1,test,1,6.325763154759511,0.9982135969593349,1
features_1:1409,features_1.npy,1409,1,train,1,5.6622390650758865,0.996537303887889,1
features_1:1410,features_1.npy,1410,1,validation,1,6.629077285699507,0.9986803619641125,1
features_1:1411,features_1.npy,1411,1,train,1,6.091246398207334,0.9977425206714053,1
features_1:1412,features_1.npy,1412,1,train,1,5.681332029669635,0.9966025673878001,1
features_1:1413,features_1.npy,1413,1,train,1,4.828500064714969,0.9920649589815624,1
features_1:1414,features_1.npy,1414,1,train,1,5.0767888463318505,0.9937987808730336,1
features_1:1415,features_1.npy,1415,1,test,1,6.785382688167702,0.9988711007376456,1
features_1:1416,features_1.npy,1416,1,train,1,6.424933873157233,0.9983819817835361,1
features_1:1417,features_1.npy,1417,1,train,1,3.0136851431771383,0.9531885607674438,1
features_1:1418,features_1.npy,1418,1,train,1,3.913053674863212,0.980411960001648,1
features_1:1419,features_1.npy,1419,1,train,1,6.094582110343812,0.9977500215123057,1
features_1:1420,features_1.npy,1420,1,train,1,6.325693847868594,0.9982134733662013,1
features_1:1421,features_1.npy,1421,1,train,1,3.3070668007177386,0.964670449472897,1
features_1:1422,features_1.npy,1422,1,train,1,5.787283055984776,0.9969430716253909,1
features_1:1423,features_1.npy,1423,1,test,1,6.470466297349365,0.9984538906542608,1
features_1:1424,features_1.npy,1424,1,train,1,5.813486268643909,0.9970218971682647,1
features_1:1425,features_1.npy,1425,1,train,1,6.314001225061819,0.9981924995609032,1
features_1:1426,features_1.npy,1426,1,train,1,4.749920120003946,0.9914218352671522,1
features_1:1427,features_1.npy,1427,1,train,1,4.426310142934785,0.988182782943066,1
features_1:1428,features_1.npy,1428,1,validation,1,6.607514664349424,0.9986516368953723,1
features_1:1429,features_1.npy,1429,1,train,1,6.547080896823638,0.9985677579072584,1
features_1:1430,features_1.npy,1430,1,validation,1,3.1621322349025465,0.959384113029848,1
features_1:1431,features_1.npy,1431,1,train,1,5.296846910785575,0.9950175910168586,1
features_1:1432,features_1.npy,1432,1,train,1,6.1545692739138165,0.9978807452338064,1
features_1:1433,features_1.npy,1433,1,train,1,6.674238327342352,0.9987385590049553,1
features_1:1434,features_1.npy,1434,1,train,1,4.72532378042735,0.991210105188926,1
features_1:1435,features_1.npy,1435,1,train,1,6.9564354818356415,0.9990484206824746,1
features_1:1436,features_1.npy,1436,1,train,1,4.87537976061365,0.9924256139321701,1
features_1:1437,features_1.npy,1437,1,train,1,5.50022238643926,0.9959307636440664,1
features_1:1438,features_1.npy,1438,1,train,1,4.002940643878378,0.9820656562127157,1
features_1:1439,features_1.npy,1439,1,test,1,6.219935541075985,0.9980145763031774,1
features_1:1440,features_1.npy,1440,1,test,1,6.714703709926595,0.9987885241116841,1
features_1:1441,features_1.npy,1441,1,validation,1,3.416757351257023,0.9682241591737484,1
features_1:1442,features_1.npy,1442,1,validation,1,3.000559337045047,0.9525993894061259,1
features_1:1443,features_1.npy,1443,1,test,1,6.616628003910056,0.9986638528190205,1
features_1:1444,features_1.npy,1444,1,train,1,6.019233971095045,0.9975743664990663,1
features_1:1445,features_1.npy,1445,1,train,1,4.009301393227546,0.9821773433597679,1
features_1:1446,features_1.npy,1446,1,train,1,5.294776867084141,0.9950073180770207,1
features_1:1447,features_1.npy,1447,1,test,1,6.669557451393256,0.9987326480158983,1
features_1:1448,features_1.npy,1448,1,train,1,5.952764033305392,0.9974080876340374,1
features_1:1449,features_1.npy,1449,1,train,1,5.307575899203171,0.9950704993785907,1
features_1:1450,features_1.npy,1450,1,train,1,6.7133545824662955,0.9987868905573559,1
features_1:1451,features_1.npy,1451,1,train,1,3.6665386388696697,0.975072461678524,1
features_1:1452,features_1.npy,1452,1,test,1,4.019271739477656,0.98235103789507,1
features_1:1453,features_1.npy,1453,1,test,1,3.3077749521893343,0.9646945763075012,1
features_1:1454,features_1.npy,1454,1,train,1,5.023749612248252,0.9934632022131511,1
features_1:1455,features_1.npy,1455,1,validation,1,4.813153316487796,0.9919432313621741,1
features_1:1456,features_1.npy,1456,1,train,1,4.207561656946619,0.9853356310804667,1
features_1:1457,features_1.npy,1457,1,train,1,6.748241417668892,0.9988284336570322,1
features_1:1458,features_1.npy,1458,1,train,1,4.521118847430554,0.9892401855337917,1
features_1:1459,features_1.npy,1459,1,test,1,3.4903515349449923,0.9704119909579172,1
features_1:1460,features_1.npy,1460,1,train,1,3.953216058663376,0.981168552658175,1
features_1:1461,features_1.npy,1461,1,train,1,4.0131682397486665,0.9822449064890189,1
features_1:1462,features_1.npy,1462,1,validation,1,-0.006400359543091424,0.4983999155764586,0
features_1:1463,features_1.npy,1463,1,train,1,6.538014003425596,0.9985547317248523,1
features_1:1464,features_1.npy,1464,1,train,1,6.316279903544578,0.9981966061650087,1
features_1:1465,features_1.npy,1465,1,test,1,5.112501938263506,0.9940150355771052,1
features_1:1466,features_1.npy,1466,1,train,1,5.134882752851278,0.9941467208107847,1
features_1:1467,features_1.npy,1467,1,train,1,7.165726301709486,0.9992279788570042,1
features_1:1468,features_1.npy,1468,1,train,1,4.470728238588848,0.9886903879463905,1
features_1:1469,features_1.npy,1469,1,train,1,2.697862005254183,0.9369003678244125,1
features_1:1470,features_1.npy,1470,1,train,1,5.689014509796363,0.9966284804316037,1
features_1:1471,features_1.npy,1471,1,train,1,6.3472694981552085,0.9982515393193302,1
features_1:1472,features_1.npy,1472,1,test,1,6.307336243262737,0.9981804343610995,1
features_1:1473,features_1.npy,1473,1,test,1,-1.1873014486150186,0.23374191690409063,0
features_1:1474,features_1.npy,1474,1,train,1,6.875142890716219,0.9989679162967223,1
features_1:1475,features_1.npy,1475,1,validation,1,5.224794870533619,0.9946473413947318,1
features_1:1476,features_1.npy,1476,1,train,1,4.9089000747030695,0.9926734722063639,1
features_1:1477,features_1.npy,1477,1,train,1,4.335695204404573,0.9870764364709901,1
features_1:1478,features_1.npy,1478,1,test,1,2.2575300233426874,0.9052980832788919,1
features_1:1479,features_1.npy,1479,1,train,1,4.124440512083448,0.9840848480396723,1
features_1:1480,features_1.npy,1480,1,train,1,6.456157311437644,0.9984316433056625,1
features_1:1481,features_1.npy,1481,1,train,1,7.013985477482575,0.9991015902401914,1
features_1:1482,features_1.npy,1482,1,test,1,1.3979626738302762,0.8018603966191784,1
features_1:1483,features_1.npy,1483,1,train,1,4.903112309009669,0.99263125840197,1
features_1:1484,features_1.npy,1484,1,train,1,5.1566980380300285,0.9942723055765069,1
features_1:1485,features_1.npy,1485,1,test,1,6.362489235008469,0.9982779034672736,1
features_1:1486,features_1.npy,1486,1,train,1,6.906541956162883,0.9989997873677564,1
features_1:1487,features_1.npy,1487,1,train,1,6.327225479149741,0.9982162026945776,1
features_1:1488,features_1.npy,1488,1,train,1,4.986573441110098,0.9932172947585165,1
features_1:1489,features_1.npy,1489,1,test,1,2.248919799626267,0.9045573185008132,1
features_1:1490,features_1.npy,1490,1,train,1,6.7821548871168025,0.9988674551217616,1
features_1:1491,features_1.npy,1491,1,train,1,7.155166304783642,0.9992197895131844,1
features_1:1492,features_1.npy,1492,1,train,1,4.535559995081211,0.9893928166788799,1
features_1:1493,features_1.npy,1493,1,train,1,3.8554866561678915,0.9792753014917331,1
features_1:1494,features_1.npy,1494,1,test,1,6.476484528452217,0.998463153297176,1
features_1:1495,features_1.npy,1495,1,train,1,3.7388052782609775,0.9767699685794742,1
features_1:1496,features_1.npy,1496,1,validation,1,4.38493643841256,0.9876897506915827,1
features_1:1497,features_1.npy,1497,1,train,1,4.267721703102472,0.9861799949261881,1
features_1:1498,features_1.npy,1498,1,train,1,5.331163935967088,0.9951848626248047,1
features_1:1499,features_1.npy,1499,1,train,1,4.254731565937218,0.9860018294774233,1
features_1:1500,features_1.npy,1500,1,test,1,7.000959033800997,0.9990898213207872,1
features_1:1501,features_1.npy,1501,1,train,1,6.238673055185199,0.9980513600206712,1
features_1:1502,features_1.npy,1502,1,train,1,5.213998321892178,0.9945895524274478,1
features_1:1503,features_1.npy,1503,1,train,1,6.228879774992232,0.9980322204289098,1
features_1:1504,features_1.npy,1504,1,train,1,3.372400237629405,0.9668307508100169,1
features_1:1505,features_1.npy,1505,1,train,1,6.660837057638522,0.998721562069968,1
features_1:1506,features_1.npy,1506,1,train,1,5.376853915737783,0.9953989263791302,1
features_1:1507,features_1.npy,1507,1,train,1,5.796531204149553,0.9969711269928244,1
features_1:1508,features_1.npy,1508,1,train,1,6.799596945863116,0.9988870159636861,1
features_1:1509,features_1.npy,1509,1,train,1,6.490062383082317,0.9984838479283463,1
features_1:1510,features_1.npy,1510,1,train,1,5.487030689751296,0.9958769506763435,1
features_1:1511,features_1.npy,1511,1,train,1,6.776688241817478,0.9988612540166768,1
features_1:1512,features_1.npy,1512,1,train,1,3.37509204491131,0.9669169661207894,1
features_1:1513,features_1.npy,1513,1,train,1,6.299904335013332,0.9981668860224885,1
features_1:1514,features_1.npy,1514,1,train,1,4.6584500929527275,0.990607901937574,1
features_1:1515,features_1.npy,1515,1,train,1,6.372606065526716,0.9982952082425439,1
features_1:1516,features_1.npy,1516,1,train,1,6.711298605157176,0.9987843969011632,1
features_1:1517,features_1.npy,1517,1,train,1,5.537383923581034,0.9960786253357352,1
features_1:1518,features_1.npy,1518,1,validation,1,5.2261970891155105,0.9946548016415132,1
features_1:1519,features_1.npy,1519,1,train,1,4.187570200610435,0.9850439476633518,1
features_1:1520,features_1.npy,1520,1,train,1,6.322385198216983,0.9982075631986087,1
features_1:1521,features_1.npy,1521,1,train,1,6.046055202141676,0.997638408650261,1
features_1:1522,features_1.npy,1522,1,train,1,1.9307528924652129,0.8733327302673735,1
features_1:1523,features_1.npy,1523,1,test,1,6.517746173909587,0.998525184052701,1
features_1:1524,features_1.npy,1524,1,train,1,3.766767411955406,0.9773960530538934,1
features_1:1525,features_1.npy,1525,1,test,1,5.407344415835634,0.9955364815131182,1
features_1:1526,features_1.npy,1526,1,train,1,5.430571976367802,0.9956385163770343,1
features_1:1527,features_1.npy,1527,1,train,1,6.259405830525554,0.9980912684853108,1
features_1:1528,features_1.npy,1528,1,train,1,5.1209055566745345,0.9940648229324983,1
features_1:1529,features_1.npy,1529,1,train,1,6.8786085377117265,0.9989714832711629,1
features_1:1530,features_1.npy,1530,1,test,1,4.052441325306668,0.9829170077422582,1
features_1:1531,features_1.npy,1531,1,train,1,5.3340771189930605,0.9951988023387393,1
features_1:1532,features_1.npy,1532,1,train,1,4.440641194218225,0.9883489692912635,1
features_1:1533,features_1.npy,1533,1,train,1,6.121586631236841,0.997809836754041,1
features_1:1534,features_1.npy,1534,1,train,1,5.1401225068405445,0.9941771322241675,1
features_1:1535,features_1.npy,1535,1,validation,1,2.0766222619168304,0.8886101360686738,1
features_1:1536,features_1.npy,1536,1,train,1,7.205699544690014,0.9992582079513811,1
features_1:1537,features_1.npy,1537,1,train,1,5.676522832366368,0.9965862450238505,1
features_1:1538,features_1.npy,1538,1,train,1,6.307445837766062,0.998180633401777,1
features_1:1539,features_1.npy,1539,1,train,1,7.102515672666083,0.9991776449862995,1
features_1:1540,features_1.npy,1540,1,test,1,4.1593004529200766,0.9846217056212481,1
features_1:1541,features_1.npy,1541,1,train,1,4.142083035136081,0.9843588158417659,1
features_1:1542,features_1.npy,1542,1,train,1,5.668130152692223,0.9965575729498163,1
features_1:1543,features_1.npy,1543,1,train,1,4.361478497275243,0.98740124512584,1
features_1:1544,features_1.npy,1544,1,train,1,4.9439691107733745,0.992924166946126,1
features_1:1545,features_1.npy,1545,1,train,1,6.346624960947044,0.9982504139804345,1
features_1:1546,features_1.npy,1546,1,test,1,4.727698688764365,0.9912307727725482,1
features_1:1547,features_1.npy,1547,1,train,1,4.6121859341889975,0.9901675490565081,1
features_1:1548,features_1.npy,1548,1,train,1,5.565684265613051,0.9961876288045466,1
features_1:1549,features_1.npy,1549,1,test,1,7.4602694314495865,0.9994248299185072,1
features_1:1550,features_1.npy,1550,1,train,1,5.18118486324096,0.9944100809011965,1
features_1:1551,features_1.npy,1551,1,train,1,6.367573194507847,0.9982866213560776,1
features_1:1552,features_1.npy,1552,1,train,1,6.0087507645297995,0.9975488669856513,1
features_1:1553,features_1.npy,1553,1,train,1,5.748847511645346,0.9968236701905325,1
features_1:1554,features_1.npy,1554,1,validation,1,6.8243296559876,0.9989141759313447,1
features_1:1555,features_1.npy,1555,1,test,1,6.015972745146078,0.9975664623291082,1
features_1:1556,features_1.npy,1556,1,train,1,4.814886712487753,0.9919570726089871,1
features_1:1557,features_1.npy,1557,1,train,1,5.948904352683898,0.9973980904288907,1
features_1:1558,features_1.npy,1558,1,train,1,6.7429076589853425,0.9988221754899884,1
features_1:1559,features_1.npy,1559,1,test,1,5.832755235406228,0.9970785667508416,1
features_1:1560,features_1.npy,1560,1,validation,1,4.30214007539456,0.9866413182482917,1
features_1:1561,features_1.npy,1561,1,train,1,4.0111479745807905,0.9822096390194158,1
features_1:1562,features_1.npy,1562,1,validation,1,1.7398013985405785,0.850661837636416,1
features_1:1563,features_1.npy,1563,1,train,1,5.160425484523183,0.9942934939052389,1
features_1:1564,features_1.npy,1564,1,train,1,3.3557170866664436,0.9662915511127728,1
features_1:1565,features_1.npy,1565,1,validation,1,5.356218125159093,0.9953034437186148,1
features_1:1566,features_1.npy,1566,1,train,1,6.042365020626021,0.9976296985449318,1
features_1:1567,features_1.npy,1567,1,test,1,1.5075515299087385,0.8186980601988199,1
features_1:1568,features_1.npy,1568,1,train,1,2.312620954797487,0.9099169209667339,1
features_1:1569,features_1.npy,1569,1,train,1,5.185774017974844,0.9944355327137693,1
features_1:1570,features_1.npy,1570,1,train,1,3.3334493055824073,0.9655586612145883,1
features_1:1571,features_1.npy,1571,1,test,1,4.049231648654217,0.9828630299166856,1
features_1:1572,features_1.npy,1572,1,train,1,6.1831547835238085,0.9979403445408119,1
features_1:1573,features_1.npy,1573,1,validation,1,3.2470042138373243,0.9625653139658239,1
features_1:1574,features_1.npy,1574,1,train,1,6.212002277442812,0.9979987944161716,1
features_1:1575,features_1.npy,1575,1,train,1,4.6319307449096225,0.9903579313132869,1
features_1:1576,features_1.npy,1576,1,validation,1,4.738125482632836,0.9913209432170843,1
features_1:1577,features_1.npy,1577,1,validation,1,5.168540434031791,0.994339353455169,1
features_1:1578,features_1.npy,1578,1,train,1,6.761554043068963,0.9988439090124144,1
features_1:1579,features_1.npy,1579,1,test,1,6.7131567243646115,0.9987866508013388,1
features_1:1580,features_1.npy,1580,1,train,1,4.616025900737067,0.9902048638217092,1
features_1:1581,features_1.npy,1581,1,train,1,5.69417316380639,0.9966457699623936,1
features_1:1582,features_1.npy,1582,1,train,1,3.0204342701667546,0.9534887882566585,1
features_1:1583,features_1.npy,1583,1,train,1,5.86626470078301,0.9971745683553638,1
features_1:1584,features_1.npy,1584,1,test,1,6.386345859996997,0.9983184324295914,1
features_1:1585,features_1.npy,1585,1,validation,1,3.4842114862889235,0.9702351843256616,1
features_1:1586,features_1.npy,1586,1,train,1,5.2079817198238665,0.9945570795077571,1
features_1:1587,features_1.npy,1587,1,test,1,6.512130910779682,0.9985168915950441,1
features_1:1588,features_1.npy,1588,1,train,1,6.0425142106600775,0.9976300513058978,1
features_1:1589,features_1.npy,1589,1,train,1,3.893768369044724,0.9800381465084345,1
features_1:1590,features_1.npy,1590,1,train,1,5.261212933857623,0.9948377798186872,1
features_1:1591,features_1.npy,1591,1,train,1,4.802990988686503,0.9918616081348133,1
features_1:1592,features_1.npy,1592,1,train,1,5.936992508697205,0.997366993651922,1
features_1:1593,features_1.npy,1593,1,train,1,5.062997781345125,0.9937132084008868,1
features_1:1594,features_1.npy,1594,1,train,1,5.162271107971291,0.9943039563178052,1
features_1:1595,features_1.npy,1595,1,train,1,6.449143448722378,0.9984206218342956,1
features_1:1596,features_1.npy,1596,1,train,1,4.9047606219063065,0.9926433051083239,1
features_1:1597,features_1.npy,1597,1,train,1,6.568254727307176,0.9985977230748124,1
features_1:1598,features_1.npy,1598,1,train,1,6.8598673638255185,0.9989520462932628,1
features_1:1599,features_1.npy,1599,1,train,1,6.162781677472208,0.9978980417063212,1
features_1:1600,features_1.npy,1600,1,train,1,5.987031729247141,0.9974951832187312,1
features_1:1601,features_1.npy,1601,1,test,1,7.010212668760691,0.9990981973724031,1
features_1:1602,features_1.npy,1602,1,train,1,4.453808973446922,0.9884996290212681,1
features_1:1603,features_1.npy,1603,1,validation,1,7.236122387583911,0.9992804195521056,1
features_1:1604,features_1.npy,1604,1,train,1,4.8066358517685215,0.9918909773623825,1
features_1:1605,features_1.npy,1605,1,train,1,4.901030557168959,0.9926160159200706,1
features_1:1606,features_1.npy,1606,1,test,1,6.739940480637295,0.99881867961923,1
features_1:1607,features_1.npy,1607,1,validation,1,6.5336606287593,0.9985484353682477,1
features_1:1608,features_1.npy,1608,1,test,1,3.3115763025659444,0.9648238178562137,1
features_1:1609,features_1.npy,1609,1,validation,1,1.8109582768882238,0.859477650815197,1
features_1:1610,features_1.npy,1610,1,train,1,5.825290399296707,0.9970567415576753,1
features_1:1611,features_1.npy,1611,1,train,1,4.303379982071607,0.9866576506433239,1
features_1:1612,features_1.npy,1612,1,train,1,4.390562957894467,0.9877579745079337,1
features_1:1613,features_1.npy,1613,1,train,1,6.635992860227464,0.998689444617019,1
features_1:1614,features_1.npy,1614,1,train,1,5.161072548678127,0.9942971641356355,1
features_1:1615,features_1.npy,1615,1,train,1,2.541082402391156,0.9269721334600658,1
features_1:1616,features_1.npy,1616,1,train,1,5.416838053862706,0.9955784695544848,1
features_1:1617,features_1.npy,1617,1,train,1,6.828369408393089,0.9989185488093759,1
features_1:1618,features_1.npy,1618,1,train,1,6.587834302998428,0.9986248746312122,1
features_1:1619,features_1.npy,1619,1,train,1,3.472113260452236,0.9698838065107068,1
features_1:1620,features_1.npy,1620,1,validation,1,6.483495972870007,0.9984738747373123,1
features_1:1621,features_1.npy,1621,1,train,1,4.556869325064229,0.9896141346670936,1
features_1:1622,features_1.npy,1622,1,validation,1,2.372292063066171,0.914689885599289,1
features_1:1623,features_1.npy,1623,1,train,1,6.634196901898487,0.9986870918922935,1
features_1:1624,features_1.npy,1624,1,validation,1,5.884131806885581,0.9972244634590145,1
features_1:1625,features_1.npy,1625,1,train,1,7.109636267884286,0.9991834750806831,1
features_1:1626,features_1.npy,1626,1,train,1,5.443696103722156,0.9956951382612677,1
features_1:1627,features_1.npy,1627,1,train,1,5.06753631975665,0.9937414984269428,1
features_1:1628,features_1.npy,1628,1,validation,1,4.369899594053333,0.9875055749573717,1
features_1:1629,features_1.npy,1629,1,train,1,5.827562561665628,0.9970634019105039,1
features_1:1630,features_1.npy,1630,1,train,1,4.958960313265395,0.9930287170875066,1
features_1:1631,features_1.npy,1631,1,test,1,6.718784061694281,0.9987934513359571,1
features_1:1632,features_1.npy,1632,1,train,1,6.390570998713209,0.9983255104255424,1
features_1:1633,features_1.npy,1633,1,train,1,4.702788196402988,0.9910115716195039,1
features_1:1634,features_1.npy,1634,1,train,1,3.8401880464980085,0.9789625261269161,1
features_1:1635,features_1.npy,1635,1,validation,1,5.741711466700094,0.9968009954605471,1
features_1:1636,features_1.npy,1636,1,train,1,5.660740358962283,0.9965321284435307,1
features_1:1637,features_1.npy,1637,1,validation,1,3.830279585076698,0.9787574909945016,1
features_1:1638,features_1.npy,1638,1,train,1,5.403716247777261,0.995520330381664,1
features_1:1639,features_1.npy,1639,1,train,1,5.986474919300651,0.9974937916198673,1
features_1:1640,features_1.npy,1640,1,train,1,4.867441523921536,0.9923657082336594,1
features_1:1641,features_1.npy,1641,1,train,1,3.534744450986853,0.971660350713199,1
features_1:1642,features_1.npy,1642,1,train,1,6.461865131665654,0.9984405557841323,1
features_1:1643,features_1.npy,1643,1,train,1,5.439443473997369,0.9956768716085884,1
features_1:1644,features_1.npy,1644,1,train,1,4.433638421847898,0.988268053994088,1
features_1:1645,features_1.npy,1645,1,train,1,6.563962588007264,0.9985916998661657,1
features_1:1646,features_1.npy,1646,1,validation,1,5.802182933435132,0.9969881456672923,1
features_1:1647,features_1.npy,1647,1,train,1,4.270741342166927,0.986221089263511,1
features_1:1648,features_1.npy,1648,1,train,1,5.957083681259654,0.9974192308036983,1
features_1:1649,features_1.npy,1649,1,train,1,6.640196974784468,0.9986949356009861,1
features_1:1650,features_1.npy,1650,1,train,1,3.6307495383173434,0.9741876161448143,1
features_1:1651,features_1.npy,1651,1,train,1,3.282483568216616,0.9638229811088275,1
features_1:1652,features_1.npy,1652,1,train,1,6.406624085758219,0.9983521326008029,1
features_1:1653,features_1.npy,1653,1,train,1,4.933506413563436,0.9928502780934145,1
features_1:1654,features_1.npy,1654,1,train,1,5.632766149457024,0.9964340986493421,1
features_1:1655,features_1.npy,1655,1,validation,1,2.732589055488972,0.9389224807246814,1
features_1:1656,features_1.npy,1656,1,validation,1,1.8812090475787255,0.8677499384399158,1
features_1:1657,features_1.npy,1657,1,train,1,5.531829440751402,0.9960568696487768,1
features_1:1658,features_1.npy,1658,1,train,1,5.764595467179983,0.9968731439062207,1
features_1:1659,features_1.npy,1659,1,train,1,3.6431483459877128,0.9744975715500598,1
features_1:1660,features_1.npy,1660,1,test,1,6.040476288250161,0.9976252280909499,1
features_1:1661,features_1.npy,1661,1,test,1,2.5065242499660534,0.924597930379145,1
features_1:1662,features_1.npy,1662,1,train,1,6.110748023797774,0.9977860221651492,1
features_1:1663,features_1.npy,1663,1,train,1,3.3448165336186393,0.9659346858810047,1
features_1:1664,features_1.npy,1664,1,train,1,5.588354320406599,0.9962727646723964,1
features_1:1665,features_1.npy,1665,1,validation,1,4.180770941065038,0.9849434474073161,1
features_1:1666,features_1.npy,1666,1,train,1,2.334251230159727,0.9116742637280976,1
features_1:1667,features_1.npy,1667,1,validation,1,3.9756989110951437,0.9815795013932296,1
features_1:1668,features_1.npy,1668,1,train,1,5.782495089470038,0.9969284451237604,1
features_1:1669,features_1.npy,1669,1,train,1,6.9815965151786195,0.9990720427594545,1
features_1:1670,features_1.npy,1670,1,train,1,5.939816513199414,0.9973743992890316,1
features_1:1671,features_1.npy,1671,1,validation,1,6.715626044460562,0.9987896396307732,1
features_1:1672,features_1.npy,1672,1,train,1,6.327393169530571,0.9982165012617027,1
features_1:1673,features_1.npy,1673,1,train,1,6.294892075357713,0.9981576918840053,1
features_1:1674,features_1.npy,1674,1,train,1,5.718521828789002,0.9967261905701452,1
features_1:1675,features_1.npy,1675,1,train,1,4.87114364819247,0.9923937044982316,1
features_1:1676,features_1.npy,1676,1,validation,1,3.567111347821773,0.9725381450082882,1
features_1:1677,features_1.npy,1677,1,validation,1,4.813935468417776,0.9919494798040835,1
features_1:1678,features_1.npy,1678,1,test,1,0.3236738193019964,0.5802193282127441,0
features_1:1679,features_1.npy,1679,1,test,1,6.649562040662069,0.9987070848350463,1
features_1:1680,features_1.npy,1680,1,test,1,1.9356719971854517,0.8738758961786253,1
features_1:1681,features_1.npy,1681,1,validation,1,3.8979521276340714,0.9801198307878545,1
features_1:1682,features_1.npy,1682,1,test,1,5.947294199246768,0.9973939085075393,1
features_1:1683,features_1.npy,1683,1,train,1,4.448795005467548,0.9884424898369509,1
features_1:1684,features_1.npy,1684,1,train,1,4.341176976497457,0.9871461785546247,1
features_1:1685,features_1.npy,1685,1,train,1,5.969055274534449,0.9974498642029036,1
features_1:1686,features_1.npy,1686,1,test,1,5.473304370574776,0.9958202043699299,1
features_1:1687,features_1.npy,1687,1,train,1,5.782823714591565,0.9969294512491453,1
features_1:1688,features_1.npy,1688,1,train,1,5.31555445103484,0.9951094815917673,1
features_1:1689,features_1.npy,1689,1,validation,1,6.339950486586608,0.9982387179920268,1
features_1:1690,features_1.npy,1690,1,train,1,6.322247644775511,0.9982073170678268,1
features_1:1691,features_1.npy,1691,1,train,1,7.083283047177451,0.9991616892555912,1
features_1:1692,features_1.npy,1692,1,test,1,4.1303935870859405,0.9841778160770902,1
features_1:1693,features_1.npy,1693,1,test,1,4.478618426060487,0.988778274359409,1
features_1:1694,features_1.npy,1694,1,train,1,6.389397457682039,0.9983235474861178,1
features_1:1695,features_1.npy,1695,1,test,1,2.071606834755682,0.8881127298192742,1
features_1:1696,features_1.npy,1696,1,train,1,5.2183525246659395,0.9946129327654392,1
features_1:1697,features_1.npy,1697,1,train,1,4.770557518348339,0.9915955794464328,1
features_1:1698,features_1.npy,1698,1,test,1,6.491687073294234,0.9984863054802066,1
features_1:1699,features_1.npy,1699,1,test,1,6.400529834303345,0.9983420761200021,1
features_1:1700,features_1.npy,1700,1,train,1,2.179365386671545,0.8983811513369198,1
features_1:1701,features_1.npy,1701,1,validation,1,6.779357992056089,0.9988642866812492,1
features_1:1702,features_1.npy,1702,1,train,1,5.561206900727479,0.9961705866698671,1
features_1:1703,features_1.npy,1703,1,train,1,5.4725325028753895,0.9958169903758951,1
features_1:1704,features_1.npy,1704,1,train,1,4.0356655627904905,0.982633029233272,1
features_1:1705,features_1.npy,1705,1,validation,1,6.4944934277293855,0.9984905410853251,1
features_1:1706,features_1.npy,1706,1,validation,1,5.419633018833323,0.9955907559096935,1
features_1:1707,features_1.npy,1707,1,train,1,6.653786940055045,0.9987125287307583,1
features_1:1708,features_1.npy,1708,1,test,1,6.57851123518011,0.9986120121730632,1
features_1:1709,features_1.npy,1709,1,test,1,6.097466799796445,0.9977564881084829,1
features_1:1710,features_1.npy,1710,1,test,1,0.6060070137098217,0.6470294107551083,1
features_1:1711,features_1.npy,1711,1,train,1,5.529522431740875,0.996047798304249,1
features_1:1712,features_1.npy,1712,1,test,1,4.995668013494254,0.993278288153273,1
features_1:1713,features_1.npy,1713,1,validation,1,5.702717782346175,0.996674213566541,1
features_1:1714,features_1.npy,1714,1,train,1,6.7715810799468725,0.9988554300538531,1
features_1:1715,features_1.npy,1715,1,train,1,3.7796788040285474,0.977679553159259,1
features_1:1716,features_1.npy,1716,1,train,1,5.907899468174107,0.9972894769932759,1
features_1:1717,features_1.npy,1717,1,train,1,4.49064657211843,0.9889109546049673,1
features_1:1718,features_1.npy,1718,1,train,1,6.210152072205127,0.9979950957779946,1
features_1:1719,features_1.npy,1719,1,train,1,6.3114363942888305,0.9981878660895909,1
features_1:1720,features_1.npy,1720,1,train,1,4.141684737094905,0.9843526822478255,1
features_1:1721,features_1.npy,1721,1,train,1,6.679405588198478,0.9987450522290983,1
features_1:1722,features_1.npy,1722,1,train,1,3.3810695577815624,0.9671076453168712,1
features_1:1723,features_1.npy,1723,1,train,1,3.7789473819681993,0.9776635863103587,1
features_1:1724,features_1.npy,1724,1,train,1,5.045478876697775,0.9936028110733964,1
features_1:1725,features_1.npy,1725,1,validation,1,6.6352274328855465,0.9986884424142572,1
features_1:1726,features_1.npy,1726,1,train,1,6.009474225517171,0.9975506353015748,1
features_1:1727,features_1.npy,1727,1,train,1,6.524718105783593,0.9985354156014175,1
features_1:1728,features_1.npy,1728,1,train,1,4.871789694567938,0.992398579589405,1
features_1:1729,features_1.npy,1729,1,train,1,5.733734500204041,0.9967754576718975,1
features_1:1730,features_1.npy,1730,1,train,1,6.0911132073636844,0.9977422206547089,1
features_1:1731,features_1.npy,1731,1,train,1,6.253931765236194,0.99808081142185,1
features_1:1732,features_1.npy,1732,1,train,1,4.1475555220957006,0.9844428502372811,1
features_1:1733,features_1.npy,1733,1,train,1,6.416293813198474,0.9983679643561156,1
features_1:1734,features_1.npy,1734,1,train,1,5.813602003322171,0.9970222407918092,1
features_1:1735,features_1.npy,1735,1,test,1,1.2140394643520773,0.7710129052084641,1
features_1:1736,features_1.npy,1736,1,train,1,5.562485576638775,0.9961754614040262,1
features_1:1737,features_1.npy,1737,1,validation,1,6.376775153692504,0.9983022888332673,1
features_1:1738,features_1.npy,1738,1,train,1,5.795557773525923,0.9969681861029335,1
features_1:1739,features_1.npy,1739,1,train,1,6.187784802674734,0.9979498392369246,1
features_1:1740,features_1.npy,1740,1,train,1,5.643713079722296,0.9964727845035276,1
features_1:1741,features_1.npy,1741,1,train,1,6.402785012809899,0.9983458046435838,1
features_1:1742,features_1.npy,1742,1,validation,1,6.501243862479957,0.9985006810488348,1
features_1:1743,features_1.npy,1743,1,train,1,4.5419285068399216,0.9894594442308984,1
features_1:1744,features_1.npy,1744,1,train,1,5.235005916434564,0.9947014314098022,1
features_1:1745,features_1.npy,1745,1,train,1,6.901951650312588,0.9989951901559926,1
features_1:1746,features_1.npy,1746,1,validation,1,1.9850539523289628,0.8792188860846483,1
features_1:1747,features_1.npy,1747,1,train,1,6.180325130402665,0.9979345202316566,1
features_1:1748,features_1.npy,1748,1,test,1,3.283315582487666,0.9638519807910773,1
features_1:1749,features_1.npy,1749,1,train,1,6.766848114605316,0.9988500062485081,1
features_1:1750,features_1.npy,1750,1,train,1,6.605133122443737,0.9986484262306368,1
features_1:1751,features_1.npy,1751,1,train,1,5.537059569181699,0.9960773582043901,1
features_1:1752,features_1.npy,1752,1,train,1,5.330844134236443,0.9951833299076076,1
features_1:1753,features_1.npy,1753,1,train,1,5.1315551059133915,0.9941273252972834,1
features_1:1754,features_1.npy,1754,1,train,1,4.263557843848352,0.9861231306030971,1
features_1:1755,features_1.npy,1755,1,train,1,6.219593533685935,0.9980138985063232,1
features_1:1756,features_1.npy,1756,1,train,1,4.956670446110558,0.9930128471507486,1
features_1:1757,features_1.npy,1757,1,train,1,6.340336347330935,0.9982393962742205,1
features_1:1758,features_1.npy,1758,1,train,1,5.8928458659618075,0.9972484783141795,1
features_1:1759,features_1.npy,1759,1,train,1,5.681684990546145,0.9966037622650727,1
features_1:1760,features_1.npy,1760,1,train,1,5.905772342655849,0.9972837209118772,1
features_1:1761,features_1.npy,1761,1,train,1,5.084687426764392,0.9938472685910525,1
features_1:1762,features_1.npy,1762,1,train,1,6.315372846848786,0.9981949725964264,1
features_1:1763,features_1.npy,1763,1,validation,1,5.613392185749416,0.9963645930348591,1
features_1:1764,features_1.npy,1764,1,test,1,-2.1842299529720446,0.10117561029567676,0
features_1:1765,features_1.npy,1765,1,train,1,6.720144601356585,0.9987950898004891,1
features_1:1766,features_1.npy,1766,1,validation,1,2.613247528670671,0.9317093169142064,1
features_1:1767,features_1.npy,1767,1,train,1,5.220048418297265,0.9946220118249935,1
features_1:1768,features_1.npy,1768,1,test,1,2.1352436173378235,0.8942817756828684,1
features_1:1769,features_1.npy,1769,1,train,1,3.0303595802527443,0.9539269792015969,1
features_1:1770,features_1.npy,1770,1,train,1,3.590213248426347,0.9731484540740819,1
features_1:1771,features_1.npy,1771,1,train,1,4.831780874057018,0.9920907441126074,1
features_1:1772,features_1.npy,1772,1,train,1,2.220201673768966,0.9020490163535384,1
features_1:1773,features_1.npy,1773,1,train,1,5.086532519130233,0.993858540826407,1
features_1:1774,features_1.npy,1774,1,train,1,6.608454134832959,0.9986529013422283,1
features_1:1775,features_1.npy,1775,1,train,1,4.895577298684782,0.9925759389134077,1
features_1:1776,features_1.npy,1776,1,test,1,6.147775410057004,0.9978663291107488,1
features_1:1777,features_1.npy,1777,1,validation,1,7.1912438082102375,0.9992474150493585,1
features_1:1778,features_1.npy,1778,1,train,1,5.867084623479973,0.997176877503961,1
features_1:1779,features_1.npy,1779,1,train,1,4.510202518665506,0.9891233689613825,1
features_1:1780,features_1.npy,1780,1,train,1,4.565720470741741,0.9897047136062935,1
features_1:1781,features_1.npy,1781,1,train,1,5.865902415773002,0.9971735474521037,1
features_1:1782,features_1.npy,1782,1,train,1,5.680619093249014,0.9966001526086166,1
features_1:1783,features_1.npy,1783,1,train,1,6.7492792429896555,0.9988296474852585,1
features_1:1784,features_1.npy,1784,1,train,1,5.106551547020069,0.9939795315768416,1
features_1:1785,features_1.npy,1785,1,train,1,7.146009243172912,0.99921261791783,1
features_1:1786,features_1.npy,1786,1,train,1,6.093600318332363,0.9977478163941922,1
features_1:1787,features_1.npy,1787,1,train,1,5.392433191494851,0.9954697300705839,1
features_1:1788,features_1.npy,1788,1,train,1,5.647811660635528,0.9964871608166381,1
features_1:1789,features_1.npy,1789,1,train,1,4.736195708324414,0.9913043242065475,1
features_1:1790,features_1.npy,1790,1,train,1,5.75484615614635,0.9968426068500114,1
features_1:1791,features_1.npy,1791,1,train,1,5.418609396746333,0.9955862601304307,1
features_1:1792,features_1.npy,1792,1,train,1,5.642050643766403,0.9964669365911898,1
features_1:1793,features_1.npy,1793,1,train,1,6.497629456356344,0.9984952602650876,1
features_1:1794,features_1.npy,1794,1,train,1,6.296718394187102,0.9981610472736512,1
features_1:1795,features_1.npy,1795,1,train,1,4.506380860406308,0.9890821773531389,1
features_1:1796,features_1.npy,1796,1,train,1,2.1738750618240794,0.8978788286455166,1
features_1:1797,features_1.npy,1797,1,validation,1,6.840498512332048,0.9989315726850367,1
features_1:1798,features_1.npy,1798,1,validation,1,6.545360258063889,0.9985652949533268,1
features_1:1799,features_1.npy,1799,1,test,1,5.3836124237205505,0.9954297762873503,1
features_1:1800,features_1.npy,1800,1,train,1,6.702981504933415,0.9987742568916942,1
features_1:1801,features_1.npy,1801,1,validation,1,5.735636689948683,0.9967815658111016,1
features_1:1802,features_1.npy,1802,1,train,1,6.669098151434741,0.998732066525713,1
features_1:1803,features_1.npy,1803,1,train,1,5.582678761503186,0.9962516299032262,1
features_1:1804,features_1.npy,1804,1,validation,1,5.684247388068353,0.996612424193422,1
features_1:1805,features_1.npy,1805,1,train,1,5.68075376177098,0.9966006088738972,1
features_1:1806,features_1.npy,1806,1,validation,1,3.6495059574487794,0.9746550955285401,1
features_1:1807,features_1.npy,1807,1,validation,1,6.416457741833611,0.9983682314350406,1
features_1:1808,features_1.npy,1808,1,train,1,6.405799117872379,0.9983507748451619,1
features_1:1809,features_1.npy,1809,1,validation,1,4.981892630185723,0.9931856886288531,1
features_1:1810,features_1.npy,1810,1,train,1,5.925948027543119,0.9973378301277868,1
features_1:1811,features_1.npy,1811,1,train,1,6.19595719798249,0.9979664917521043,1
features_1:1812,features_1.npy,1812,1,train,1,5.558772717870868,0.9961612896493636,1
features_1:1813,features_1.npy,1813,1,train,1,3.030958076499625,0.9539532761447616,1
features_1:1814,features_1.npy,1814,1,train,1,6.049046943145647,0.997645446751046,1
features_1:1815,features_1.npy,1815,1,train,1,6.212982843339035,0.998000751847114,1
features_1:1816,features_1.npy,1816,1,train,1,5.880527491392382,0.9972144694158305,1
features_1:1817,features_1.npy,1817,1,train,1,5.074971500486371,0.9937875709427249,1
features_1:1818,features_1.npy,1818,1,train,1,4.099615889120489,0.9836913396023037,1
features_1:1819,features_1.npy,1819,1,train,1,6.3850793476569665,0.9983163049423621,1
features_1:1820,features_1.npy,1820,1,train,1,6.46062142503066,0.9984386181166052,1
features_1:1821,features_1.npy,1821,1,train,1,5.995594385473106,0.9975164865011232,1
features_1:1822,features_1.npy,1822,1,test,1,5.632521554807761,0.9964332294535946,1
features_1:1823,features_1.npy,1823,1,test,1,4.616348553335346,0.9902079927961192,1
features_1:1824,features_1.npy,1824,1,train,1,5.685140521506184,0.9966154381643231,1
features_1:1825,features_1.npy,1825,1,validation,1,3.445649121818665,0.969101122924328,1
features_1:1826,features_1.npy,1826,1,test,1,4.257947735884711,0.9860461504534599,1
features_1:1827,features_1.npy,1827,1,test,1,6.029037217440745,0.9975979725667109,1
features_1:1828,features_1.npy,1828,1,train,1,5.654235043484219,0.9965095743062709,1
features_1:1829,features_1.npy,1829,1,test,1,5.779429643522483,0.9969190440457381,1
features_1:1830,features_1.npy,1830,1,train,1,3.938272195521477,0.9808904429530436,1
features_1:1831,features_1.npy,1831,1,train,1,6.966477256183871,0.9990579194530882,1
features_1:1832,features_1.npy,1832,1,train,1,3.203812391401774,0.9609774924500762,1
features_1:1833,features_1.npy,1833,1,train,1,5.848826525873858,0.9971250087776173,1
features_1:1834,features_1.npy,1834,1,train,1,5.875055642929078,0.9971992284438306,1
features_1:1835,features_1.npy,1835,1,train,1,5.082728405589612,0.993835277824129,1
features_1:1836,features_1.npy,1836,1,test,1,5.210256781868657,0.9945693812434164,1
features_1:1837,features_1.npy,1837,1,validation,1,6.446848141453446,0.9984169982577232,1
features_1:1838,features_1.npy,1838,1,validation,1,5.624634798123169,0.9964050895072873,1
features_1:1839,features_1.npy,1839,1,train,1,6.20473625627369,0.9979842300766246,1
features_1:1840,features_1.npy,1840,1,train,1,3.475441341604143,0.9699808652554136,1
features_1:1841,features_1.npy,1841,1,train,1,5.055949400284896,0.9936690216950407,1
features_1:1842,features_1.npy,1842,1,train,1,4.44495232544506,0.9883985088184281,1
features_1:1843,features_1.npy,1843,1,train,1,3.1303298776138755,0.9581266296294649,1
features_1:1844,features_1.npy,1844,1,validation,1,3.8198282814390727,0.9785391044330338,1
features_1:1845,features_1.npy,1845,1,test,1,5.324011110909481,0.9951504649427751,1
features_1:1846,features_1.npy,1846,1,train,1,6.632268251557339,0.9986845606423378,1
features_1:1847,features_1.npy,1847,1,validation,1,7.542642887946669,0.9994702856942979,1
features_1:1848,features_1.npy,1848,1,train,1,5.831664137431162,0.9970753867688278,1
features_1:1849,features_1.npy,1849,1,train,1,6.352091091473598,0.9982599347603125,1
features_1:1850,features_1.npy,1850,1,train,1,6.747727966614835,0.9988278326658898,1
features_1:1851,features_1.npy,1851,1,validation,1,7.09858216926921,0.9991744065556232,1
features_1:1852,features_1.npy,1852,1,test,1,6.7172902817212075,0.9987916498503812,1
features_1:1853,features_1.npy,1853,1,train,1,3.4271174034290763,0.9685413564496781,1
features_1:1854,features_1.npy,1854,1,train,1,6.289543143768959,0.9981478294025659,1
features_1:1855,features_1.npy,1855,1,test,1,4.617160446697663,0.9902158618823697,1
features_1:1856,features_1.npy,1856,1,train,1,4.719896896651616,0.9911626964816994,1
features_1:1857,features_1.npy,1857,1,train,1,7.1566941422984325,0.999220979709971,1
features_1:1858,features_1.npy,1858,1,test,1,7.006183934245404,0.9990945602169584,1
features_1:1859,features_1.npy,1859,1,train,1,6.462193916639387,0.9984410676225122,1
features_1:1860,features_1.npy,1860,1,train,1,3.3687803498786164,0.9667144680720818,1
features_1:1861,features_1.npy,1861,1,train,1,6.492315861971774,0.9984872555356374,1
features_1:1862,features_1.npy,1862,1,train,1,5.996301399497309,0.9975182374032926,1
features_1:1863,features_1.npy,1863,1,test,1,0.3324656933381068,0.5823591967895496,0
features_1:1864,features_1.npy,1864,1,train,1,4.759297200845919,0.9915012170187794,1
features_1:1865,features_1.npy,1865,1,test,1,6.526289507579403,0.9985377118819255,1
features_1:1866,features_1.npy,1866,1,train,1,4.113809597028908,0.9839174884368415,1
features_1:1867,features_1.npy,1867,1,train,1,6.54084084074308,0.9985588056142672,1
features_1:1868,features_1.npy,1868,1,train,1,7.116438279550993,0.9991890057572512,1
features_1:1869,features_1.npy,1869,1,train,1,4.741050639462893,0.9913460743427275,1
features_1:1870,features_1.npy,1870,1,test,1,0.042933957327042305,0.5107318408601339,0
features_1:1871,features_1.npy,1871,1,train,1,7.143549155385823,0.999210680035018,1
features_1:1872,features_1.npy,1872,1,train,1,5.533564393888277,0.9960636779584366,1
features_1:1873,features_1.npy,1873,1,test,1,4.0069014010562976,0.9821352828207032,1
features_1:1874,features_1.npy,1874,1,train,1,5.167198557895742,0.994331795553944,1
features_1:1875,features_1.npy,1875,1,test,1,5.252286728866505,0.9947917355805088,1
features_1:1876,features_1.npy,1876,1,train,1,3.7904180326105745,0.9779127089221528,1
features_1:1877,features_1.npy,1877,1,train,1,6.330988796285917,0.9982228911665075,1
features_1:1878,features_1.npy,1878,1,train,1,5.926036503378405,0.9973380650281122,1
features_1:1879,features_1.npy,1879,1,train,1,3.727232869283703,0.9765059321831272,1
features_1:1880,features_1.npy,1880,1,train,1,3.2724811368229934,0.9634725912459283,1
features_1:1881,features_1.npy,1881,1,validation,1,5.0416764732909565,0.9935785965716176,1
features_1:1882,features_1.npy,1882,1,train,1,6.138441939040029,0.9978463644190365,1
features_1:1883,features_1.npy,1883,1,validation,1,2.130089073185128,0.8937934640456218,1
features_1:1884,features_1.npy,1884,1,train,1,6.008535378429532,0.9975483402832791,1
features_1:1885,features_1.npy,1885,1,train,1,6.513381091418077,0.9985187418451623,1
features_1:1886,features_1.npy,1886,1,train,1,6.795315444816365,0.9988822458433884,1
features_1:1887,features_1.npy,1887,1,validation,1,6.84897886610965,0.9989405854579128,1
features_1:1888,features_1.npy,1888,1,train,1,3.7660401254742686,0.9773799795273836,1
features_1:1889,features_1.npy,1889,1,train,1,4.5773145223860086,0.9898221805476229,1
features_1:1890,features_1.npy,1890,1,validation,1,4.400858001269323,0.9878818407152832,1
features_1:1891,features_1.npy,1891,1,train,1,6.8007759601627695,0.9988883259566128,1
features_1:1892,features_1.npy,1892,1,train,1,4.247387760510575,0.9859001060422451,1
features_1:1893,features_1.npy,1893,1,train,1,5.4316032060334845,0.9956429921636778,1
features_1:1894,features_1.npy,1894,1,train,1,6.172317403710033,0.9979179486089308,1
features_1:1895,features_1.npy,1895,1,validation,1,6.813738168211562,0.9989026270071422,1
features_1:1896,features_1.npy,1896,1,train,1,4.998578630930202,0.9932976931049236,1
features_1:1897,features_1.npy,1897,1,train,1,4.353814243777031,0.9873055445838396,1
features_1:1898,features_1.npy,1898,1,train,1,4.775036770965361,0.9916328265008125,1
features_1:1899,features_1.npy,1899,1,train,1,4.219039346545414,0.9855005554232295,1
features_1:1900,features_1.npy,1900,1,validation,1,5.151814991384104,0.9942444299490891,1
features_1:1901,features_1.npy,1901,1,train,1,6.106741213171884,0.9977771531376961,1
features_1:1902,features_1.npy,1902,1,train,1,7.18191774899731,0.9992403689239104,1
features_1:1903,features_1.npy,1903,1,train,1,5.3198400439901254,0.9951302936720386,1
features_1:1904,features_1.npy,1904,1,train,1,5.415636771792075,0.9955731783848648,1
features_1:1905,features_1.npy,1905,1,train,1,5.086093064022728,0.9938558579237392,1
features_1:1906,features_1.npy,1906,1,test,1,3.655098963971663,0.9747928908263658,1
features_1:1907,features_1.npy,1907,1,train,1,3.4955937881205714,0.9705621388489029,1
features_1:1908,features_1.npy,1908,1,train,1,5.271213073364748,0.994888882944804,1
features_1:1909,features_1.npy,1909,1,test,1,4.750900292460573,0.9914301672080686,1
features_1:1910,features_1.npy,1910,1,train,1,6.373059806763576,0.9982959802835801,1
features_1:1911,features_1.npy,1911,1,train,1,5.990879178382927,0.9975047778577701,1
features_1:1912,features_1.npy,1912,1,train,1,6.977757584462987,0.9990684768741109,1
features_1:1913,features_1.npy,1913,1,test,1,2.670530166570308,0.9352651373441176,1
features_1:1914,features_1.npy,1914,1,train,1,5.94092575354571,0.9973773024624146,1
features_1:1915,features_1.npy,1915,1,train,1,6.203027854645891,0.9979807903482665,1
features_1:1916,features_1.npy,1916,1,validation,1,1.110615867585812,0.7522439103653569,1
features_1:1917,features_1.npy,1917,1,train,1,6.668927655327293,0.9987318506037304,1
features_1:1918,features_1.npy,1918,1,validation,1,0.2222956664196206,0.5553461914110994,0
features_1:1919,features_1.npy,1919,1,train,1,5.6542572557692985,0.9965096515651355,1
features_1:1920,features_1.npy,1920,1,train,1,5.773151141925528,0.9968996995667848,1
features_1:1921,features_1.npy,1921,1,train,1,5.157176474071105,0.9942750295719313,1
features_1:1922,features_1.npy,1922,1,train,1,6.176813746337449,0.997927269849798,1
features_1:1923,features_1.npy,1923,1,train,1,4.619414128495896,0.9902376723675937,1
features_1:1924,features_1.npy,1924,1,validation,1,6.745549423095858,0.9988252792677939,1
features_1:1925,features_1.npy,1925,1,test,1,0.18634843687776273,0.5464527614129691,0
features_1:1926,features_1.npy,1926,1,validation,1,6.372486378091053,0.9982950045360908,1
features_1:1927,features_1.npy,1927,1,validation,1,5.865882777325714,0.9971734921013122,1
features_1:1928,features_1.npy,1928,1,test,1,6.93101360711653,0.9990239435549836,1
features_1:1929,features_1.npy,1929,1,train,1,7.203674273093244,0.9992567052164791,1
features_1:1930,features_1.npy,1930,1,train,1,3.1661655788720684,0.9595409863895196,1
features_1:1931,features_1.npy,1931,1,train,1,5.538620728050222,0.9960834533280403,1
features_1:1932,features_1.npy,1932,1,train,1,6.45143871547839,0.9984242370656581,1
features_1:1933,features_1.npy,1933,1,train,1,5.114060209799807,0.9940242988270249,1
features_1:1934,features_1.npy,1934,1,test,1,3.963354664615201,0.9813549708798092,1
features_1:1935,features_1.npy,1935,1,train,1,4.908520227473749,0.9926707091174711,1
features_1:1936,features_1.npy,1936,1,train,1,4.251711315375301,0.9859600820623478,1
features_1:1937,features_1.npy,1937,1,train,1,4.035120069638468,0.9826237177455174,1
features_1:1938,features_1.npy,1938,1,train,1,2.267571734924355,0.9061554972119795,1
features_1:1939,features_1.npy,1939,1,validation,1,5.589825079589029,0.9962782221214131,1
features_1:1940,features_1.npy,1940,1,train,1,4.5117394714458285,0.9891398915821991,1
features_1:1941,features_1.npy,1941,1,validation,1,4.188788576935019,0.9850618866292065,1
features_1:1942,features_1.npy,1942,1,train,1,3.771036667173616,0.9774901817567518,1
features_1:1943,features_1.npy,1943,1,train,1,6.670335232648276,0.998733632107474,1
features_1:1944,features_1.npy,1944,1,train,1,6.485722943325782,0.9984772644221954,1
features_1:1945,features_1.npy,1945,1,train,1,4.9613521754225856,0.993045255682562,1
features_1:1946,features_1.npy,1946,1,train,1,5.759359744275781,0.9968567812150141,1
features_1:1947,features_1.npy,1947,1,validation,1,2.864110547513551,0.9460435083104979,1
features_1:1948,features_1.npy,1948,1,train,1,5.591638385393831,0.996284939678604,1
features_1:1949,features_1.npy,1949,1,validation,1,4.853798089553008,0.9922616480308367,1
features_1:1950,features_1.npy,1950,1,train,1,6.076785868006121,0.9977097144623505,1
features_1:1951,features_1.npy,1951,1,validation,1,2.9446936790596747,0.9500120968583824,1
features_1:1952,features_1.npy,1952,1,train,1,4.525498205657209,0.9892866998676915,1
features_1:1953,features_1.npy,1953,1,train,1,4.734585900896923,0.9912904365875055,1
features_1:1954,features_1.npy,1954,1,validation,1,4.254555787250768,0.9859994031337417,1
features_1:1955,features_1.npy,1955,1,train,1,5.089609930807891,0.9938772960331685,1
features_1:1956,features_1.npy,1956,1,test,1,5.5093843303413745,0.9959677258462091,1
features_1:1957,features_1.npy,1957,1,train,1,6.619585997783526,0.998667794036975,1
features_1:1958,features_1.npy,1958,1,train,1,6.10299958129453,0.997768839075369,1
features_1:1959,features_1.npy,1959,1,train,1,7.057821984460891,0.9991400895180393,1
features_1:1960,features_1.npy,1960,1,validation,1,5.6145574099817654,0.9963688112591346,1
features_1:1961,features_1.npy,1961,1,test,1,2.1113566165998368,0.8920020915469722,1
features_1:1962,features_1.npy,1962,1,train,1,6.270114378833944,0.9981115607852784,1
features_1:1963,features_1.npy,1963,1,validation,1,5.73040621059507,0.996764742360702,1
features_1:1964,features_1.npy,1964,1,train,1,4.5737788690542045,0.9897864998014297,1
features_1:1965,features_1.npy,1965,1,test,1,3.9086087902846054,0.9803264163613539,1
features_1:1966,features_1.npy,1966,1,train,1,4.564383636381089,0.9896910832875557,1
features_1:1967,features_1.npy,1967,1,train,1,3.8039853475895957,0.9782038630567151,1
features_1:1968,features_1.npy,1968,1,test,1,5.213194833003251,0.9945852269947414,1
features_1:1969,features_1.npy,1969,1,test,1,3.985706337751533,0.9817595781546616,1
features_1:1970,features_1.npy,1970,1,train,1,6.037740168118472,0.9976187370262446,1
features_1:1971,features_1.npy,1971,1,train,1,6.453422871889047,0.9984273556139518,1
features_1:1972,features_1.npy,1972,1,train,1,5.794175783759747,0.9969640060000102,1
features_1:1973,features_1.npy,1973,1,train,1,6.211412672475836,0.9979976165108579,1
features_1:1974,features_1.npy,1974,1,test,1,4.525978025892629,0.9892917840608998,1
features_1:1975,features_1.npy,1975,1,train,1,5.444465869917265,0.995698436474469,1
features_1:1976,features_1.npy,1976,1,test,1,6.178435277747598,0.9979306211737923,1
features_1:1977,features_1.npy,1977,1,test,1,4.467001073418055,0.9886486358858624,1
features_1:1978,features_1.npy,1978,1,train,1,3.7304939448164522,0.9765806319492029,1
features_1:1979,features_1.npy,1979,1,train,1,5.62985117359874,0.9964237261962479,1
features_1:1980,features_1.npy,1980,1,validation,1,6.376279736464112,0.9983014489784938,1
features_1:1981,features_1.npy,1981,1,train,1,6.271690312668592,0.9981145288898828,1
features_1:1982,features_1.npy,1982,1,test,1,-0.1951661057973764,0.45136275757207533,0
features_1:1983,features_1.npy,1983,1,train,1,6.173952037719971,0.9979213421521014,1
features_1:1984,features_1.npy,1984,1,train,1,2.342953600178331,0.9123725100839494,1
features_1:1985,features_1.npy,1985,1,test,1,2.9374289372906164,0.9496659706769724,1
features_1:1986,features_1.npy,1986,1,test,1,1.601910981504645,0.8322853017205983,1
features_1:1987,features_1.npy,1987,1,validation,1,6.611844583808752,0.9986574547563063,1
features_1:1988,features_1.npy,1988,1,train,1,5.955805779071017,0.9974159392525581,1
features_1:1989,features_1.npy,1989,1,test,1,2.7785061952268353,0.9415032275479598,1
features_1:1990,features_1.npy,1990,1,test,1,2.0577626649977394,0.8867296459571007,1
features_1:1991,features_1.npy,1991,1,train,1,5.654371753120336,0.9965100497832791,1
features_1:1992,features_1.npy,1992,1,train,1,5.717243890947574,0.9967220178937221,1
features_1:1993,features_1.npy,1993,1,validation,1,1.4957401386782299,0.8169382732831818,1
features_1:1994,features_1.npy,1994,1,validation,1,6.111966335408755,0.9977887118767254,1
features_1:1995,features_1.npy,1995,1,validation,1,5.279707884741218,0.9949318979126909,1
features_1:1996,features_1.npy,1996,1,train,1,5.115186568404422,0.9940309856667262,1
features_1:1997,features_1.npy,1997,1,train,1,3.0118816496264187,0.9531080228500269,1
features_1:1998,features_1.npy,1998,1,train,1,6.139651257214981,0.9978489616766847,1
features_1:1999,features_1.npy,1999,1,test,1,2.8934035456542886,0.947519385652473,1
features_1:2000,features_1.npy,2000,1,test,1,6.510037319051036,0.998513787938517,1
features_1:2001,features_1.npy,2001,1,train,1,3.9931607541514818,0.981892591375369,1
features_1:2002,features_1.npy,2002,1,train,1,4.326702435280546,0.9869612158979316,1
features_1:2003,features_1.npy,2003,1,validation,1,2.1706178259071414,0.8975797774425418,1
features_1:2004,features_1.npy,2004,1,train,1,5.485854028396582,0.9958721164261106,1
features_1:2005,features_1.npy,2005,1,train,1,7.283699122631069,0.9993138302609945,1
features_1:2006,features_1.npy,2006,1,test,1,1.7864766990927574,0.8564947660818457,1
features_1:2007,features_1.npy,2007,1,train,1,2.169078876327926,0.8974382147264364,1
features_1:2008,features_1.npy,2008,1,validation,1,6.381912874299945,0.9983109741361782,1
features_1:2009,features_1.npy,2009,1,test,1,5.721924267278019,0.9967372742955253,1
features_1:2010,features_1.npy,2010,1,train,1,6.855429432835432,0.9989473901182032,1
features_1:2011,features_1.npy,2011,1,train,1,4.82729047326465,0.9920554313158825,1
features_1:2012,features_1.npy,2012,1,train,1,5.828725554046544,0.9970668051547827,1
features_1:2013,features_1.npy,2013,1,test,1,2.3893526999781702,0.9160117820032525,1
features_1:2014,features_1.npy,2014,1,test,1,6.2703485503624075,0.998112002117392,1
features_1:2015,features_1.npy,2015,1,train,1,5.203226945877107,0.9945312798938383,1
features_1:2016,features_1.npy,2016,1,test,1,3.2629397891882714,0.9631353121580417,1
features_1:2017,features_1.npy,2017,1,test,1,2.7930176375719014,0.942297342077853,1
features_1:2018,features_1.npy,2018,1,test,1,2.624652685100924,0.9324314302457595,1
features_1:2019,features_1.npy,2019,1,train,1,5.190191110910998,0.9944599214113747,1
features_1:2020,features_1.npy,2020,1,validation,1,4.498033855839427,0.9889916722410171,1
features_1:2021,features_1.npy,2021,1,train,1,3.8278093541280644,0.9787060709833948,1
features_1:2022,features_1.npy,2022,1,train,1,6.459300656148953,0.9984365577558395,1
features_1:2023,features_1.npy,2023,1,train,1,4.590545655779823,0.9899546138284903,1
features_1:2024,features_1.npy,2024,1,train,1,5.322528064372048,0.9951433024765649,1
features_1:2025,features_1.npy,2025,1,validation,1,1.9810336250712017,0.8787913040168059,1
features_1:2026,features_1.npy,2026,1,validation,1,2.405396174220639,0.9172378643066861,1
features_1:2027,features_1.npy,2027,1,train,1,5.05112003094665,0.9936385680842983,1
features_1:2028,features_1.npy,2028,1,train,1,3.969671669986513,0.981470204825829,1
features_1:2029,features_1.npy,2029,1,train,1,4.885253442696975,0.9924994748302365,1
features_1:2030,features_1.npy,2030,1,train,1,6.5607570752786115,0.9985871846872014,1
features_1:2031,features_1.npy,2031,1,train,1,6.0836609343367405,0.997725370631064,1
features_1:2032,features_1.npy,2032,1,test,1,4.825931473761893,0.9920447132602896,1
features_1:2033,features_1.npy,2033,1,test,1,0.16081300617759478,0.5401168342555378,0
features_1:2034,features_1.npy,2034,1,train,1,4.029257727779588,0.9825233383695646,1
features_1:2035,features_1.npy,2035,1,test,1,4.851992215874304,0.9922477693503386,1
features_1:2036,features_1.npy,2036,1,train,1,5.306553618467524,0.9950654823477793,1
features_1:2037,features_1.npy,2037,1,validation,1,3.3268555424791053,0.9653387103411738,1
features_1:2038,features_1.npy,2038,1,train,1,6.063227027976781,0.9976785219481283,1
features_1:2039,features_1.npy,2039,1,train,1,6.390374109451076,0.9983251812562911,1
features_1:2040,features_1.npy,2040,1,test,1,6.591697261467376,0.9986301691739053,1
features_1:2041,features_1.npy,2041,1,validation,1,6.193335728882421,0.9979611648625597,1
features_1:2042,features_1.npy,2042,1,train,1,4.601368723406895,0.9900616747996804,1
features_1:2043,features_1.npy,2043,1,test,1,6.889392089595396,0.9989825035240286,1
features_1:2044,features_1.npy,2044,1,train,1,5.088379158906541,0.993869801965407,1
features_1:2045,features_1.npy,2045,1,train,1,4.736105107267215,0.9913035431851415,1
features_1:2046,features_1.npy,2046,1,validation,1,3.022827917159655,0.9535948263652803,1
features_1:2047,features_1.npy,2047,1,train,1,5.548501638052851,0.99612181246738,1
features_1:2048,features_1.npy,2048,1,train,1,6.765028095366776,0.9988479137454648,1
features_1:2049,features_1.npy,2049,1,train,1,6.73624905138536,0.9988143159800271,1
features_1:2050,features_1.npy,2050,1,train,1,4.927633949654251,0.9928084709211681,1
features_1:2051,features_1.npy,2051,1,test,1,1.6686000634669858,0.8413890840107728,1
features_1:2052,features_1.npy,2052,1,train,1,2.5232902878918555,0.9257585123308608,1
features_1:2053,features_1.npy,2053,1,train,1,6.645088831196646,0.9987012959278776,1
features_1:2054,features_1.npy,2054,1,test,1,4.456604648168384,0.9885313672008033,1
features_1:2055,features_1.npy,2055,1,train,1,5.7724733308262275,0.9968976039580378,1
features_1:2056,features_1.npy,2056,1,validation,1,5.977993592569366,0.9974724992059005,1
features_1:2057,features_1.npy,2057,1,test,1,6.1318384795652,0.9978321268471656,1
features_1:2058,features_1.npy,2058,1,validation,1,6.297731180187173,0.9981629053766126,1
features_1:2059,features_1.npy,2059,1,train,1,4.038776078430058,0.9826860316876148,1
features_1:2060,features_1.npy,2060,1,train,1,5.848063673538044,0.9971228210597121,1
features_1:2061,features_1.npy,2061,1,test,1,5.696642279896469,0.9966540140523534,1
features_1:2062,features_1.npy,2062,1,train,1,3.0501188728350943,0.9547876583187782,1
features_1:2063,features_1.npy,2063,1,train,1,6.031002025050622,0.9976026761519357,1
features_1:2064,features_1.npy,2064,1,train,1,4.132806008015084,0.9842153380702342,1
features_1:2065,features_1.npy,2065,1,train,1,3.776724366037816,0.9776149896211646,1
features_1:2066,features_1.npy,2066,1,train,1,5.9459328406551295,0.9973903675312925,1
features_1:2067,features_1.npy,2067,1,train,1,5.660067886133409,0.99652980370523,1
features_1:2068,features_1.npy,2068,1,test,1,6.0591064594512565,0.9976689587476512,1
features_1:2069,features_1.npy,2069,1,train,1,4.871499573919737,0.9923963907113444,1
features_1:2070,features_1.npy,2070,1,test,1,6.4191915460027795,0.9983726790291767,1
features_1:2071,features_1.npy,2071,1,validation,1,6.26706537519301,0.9981058050635934,1
features_1:2072,features_1.npy,2072,1,train,1,2.540679608131575,0.9269448616944486,1
features_1:2073,features_1.npy,2073,1,train,1,4.834110307921019,0.9921090015436618,1
features_1:2074,features_1.npy,2074,1,train,1,6.26096724871348,0.9980942408124993,1
features_1:2075,features_1.npy,2075,1,train,1,5.5026085029810785,0.995940422371073,1
features_1:2076,features_1.npy,2076,1,train,1,5.775519284211458,0.9969070101510866,1
features_1:2077,features_1.npy,2077,1,train,1,6.637297714629069,0.9986911513489775,1
features_1:2078,features_1.npy,2078,1,train,1,5.840916869905509,0.9971022445718137,1
features_1:2079,features_1.npy,2079,1,train,1,6.014846551046341,0.9975637268302169,1
features_1:2080,features_1.npy,2080,1,train,1,2.9907901904102827,0.9521563198714783,1
features_1:2081,features_1.npy,2081,1,validation,1,3.5082882635787067,0.9709226776444684,1
features_1:2082,features_1.npy,2082,1,train,1,6.697730344192621,0.9987678113401768,1
features_1:2083,features_1.npy,2083,1,train,1,6.668188696382618,0.9987309143367753,1
features_1:2084,features_1.npy,2084,1,train,1,5.16097831583107,0.9942966297809588,1
features_1:2085,features_1.npy,2085,1,train,1,5.139255332052763,0.9941721100303993,1
features_1:2086,features_1.npy,2086,1,train,1,4.409245884308839,0.9879818448264671,1
features_1:2087,features_1.npy,2087,1,train,1,6.198958065929605,0.9979725725414896,1
features_1:2088,features_1.npy,2088,1,train,1,5.787033815797102,0.9969423119510036,1
features_1:2089,features_1.npy,2089,1,train,1,6.929730623740228,0.9990226917117632,1
features_1:2090,features_1.npy,2090,1,train,1,5.397034421896103,0.9954904332187171,1
features_1:2091,features_1.npy,2091,1,train,1,6.555180106883137,0.9985792946741855,1
features_1:2092,features_1.npy,2092,1,train,1,3.923636537255745,0.9806141670462906,1
features_1:2093,features_1.npy,2093,1,train,1,4.429093470291089,0.9882152413198173,1
features_1:2094,features_1.npy,2094,1,train,1,5.23045806082311,0.9946774079578828,1
features_1:2095,features_1.npy,2095,1,train,1,6.667478711531218,0.9987300141299479,1
features_1:2096,features_1.npy,2096,1,test,1,-1.3800644297374927,0.20099865225170868,0
features_1:2097,features_1.npy,2097,1,train,1,4.482180828738606,0.9888177333131039,1
features_1:2098,features_1.npy,2098,1,validation,1,6.580051829955772,0.9986141458924286,1
features_1:2099,features_1.npy,2099,1,test,1,5.205273849845023,0.9945424013604944,1
features_1:2100,features_1.npy,2100,1,train,1,4.004139127419501,0.9820867525566055,1
features_1:2101,features_1.npy,2101,1,train,1,6.633615575424573,0.9986863294450893,1
features_1:2102,features_1.npy,2102,1,train,1,5.378069605429837,0.9954044907690537,1
features_1:2103,features_1.npy,2103,1,train,1,4.890810436343273,0.9925407295634837,1
features_1:2104,features_1.npy,2104,1,train,1,5.98390939313863,0.9974873697981139,1
features_1:2105,features_1.npy,2105,1,train,1,5.946884226129987,0.9973928426471739,1
features_1:2106,features_1.npy,2106,1,train,1,3.9769879459509347,0.9816027942066611,1
features_1:2107,features_1.npy,2107,1,train,1,6.368735266315775,0.9982886078631407,1
features_1:2108,features_1.npy,2108,1,train,1,6.987052254968808,0.9990770870077051,1
features_1:2109,features_1.npy,2109,1,train,1,7.183840998363628,0.9992418273733058,1
features_1:2110,features_1.npy,2110,1,train,1,6.660196782819623,0.998720744303721,1
features_1:2111,features_1.npy,2111,1,train,1,4.203310134979545,0.9852740725288337,1
features_1:2112,features_1.npy,2112,1,train,1,5.82133056288941,0.9970450981367878,1
features_1:2113,features_1.npy,2113,1,test,1,6.712200455439057,0.9987854913681076,1
features_1:2114,features_1.npy,2114,1,train,1,2.4995954624418215,0.9241134555260233,1
features_1:2115,features_1.npy,2115,1,train,1,4.301228864563684,0.9866293029552113,1
features_1:2116,features_1.npy,2116,1,validation,1,5.3434381822920365,0.9952433241575186,1
features_1:2117,features_1.npy,2117,1,train,1,4.236997676190354,0.9857549410107216,1
features_1:2118,features_1.npy,2118,1,validation,1,2.603547879284668,0.9310895663832072,1
features_1:2119,features_1.npy,2119,1,validation,1,6.691556521987967,0.9987601899557643,1
features_1:2120,features_1.npy,2120,1,validation,1,5.791533116232683,0.996955996721397,1
features_1:2121,features_1.npy,2121,1,train,1,3.054164567731285,0.954961982645214,1
features_1:2122,features_1.npy,2122,1,test,1,1.0016331020164246,0.7313795447892129,1
features_1:2123,features_1.npy,2123,1,train,1,5.7902426283085715,0.9969520779168822,1
features_1:2124,features_1.npy,2124,1,train,1,4.716454500894334,0.9911324927916977,1
features_1:2125,features_1.npy,2125,1,train,1,6.480928459158232,0.998469957358203,1
features_1:2126,features_1.npy,2126,1,test,1,6.792987101874962,0.9988796432154035,1
features_1:2127,features_1.npy,2127,1,train,1,6.3422199509942905,0.9982427036103289,1
features_1:2128,features_1.npy,2128,1,test,1,5.976759293757411,0.9974693854881753,1
features_1:2129,features_1.npy,2129,1,validation,1,6.2647822464838585,0.9981014836519573,1
features_1:2130,features_1.npy,2130,1,train,1,5.883282417405802,0.9972221114976558,1
features_1:2131,features_1.npy,2131,1,train,1,6.560970390609121,0.9985874856045738,1
features_1:2132,features_1.npy,2132,1,test,1,5.345958951643174,0.995255242719981,1
features_1:2133,features_1.npy,2133,1,train,1,6.661712086907382,0.9987226788230065,1
features_1:2134,features_1.npy,2134,1,test,1,5.491270979094596,0.995894324957234,1
features_1:2135,features_1.npy,2135,1,train,1,6.8668216251857075,0.9989593011973984,1
features_1:2136,features_1.npy,2136,1,train,1,5.476002212041217,0.9958314186552193,1
features_1:2137,features_1.npy,2137,1,train,1,5.380216735337135,0.9954143021396568,1
features_1:2138,features_1.npy,2138,1,train,1,4.759147722514407,0.9914999573390517,1
features_1:2139,features_1.npy,2139,1,test,1,3.5215922422794765,0.9712959293503469,1
features_1:2140,features_1.npy,2140,1,test,1,6.294151651931212,0.9981563298066511,1
features_1:2141,features_1.npy,2141,1,train,1,6.779297319792931,0.9988642178511263,1
features_1:2142,features_1.npy,2142,1,train,1,6.586975142790779,0.9986236942972799,1
features_1:2143,features_1.npy,2143,1,train,1,6.716643723273178,0.9987908692737231,1
features_1:2144,features_1.npy,2144,1,train,1,4.861999581232718,0.9923243693625117,1
features_1:2145,features_1.npy,2145,1,train,1,4.691057862952258,0.990906477966751,1
features_1:2146,features_1.npy,2146,1,test,1,4.6107383781710425,0.9901534459741705,1
features_1:2147,features_1.npy,2147,1,test,1,5.455121922132645,0.9957438367439063,1
features_1:2148,features_1.npy,2148,1,train,1,4.635202777616029,0.9903891261991775,1
features_1:2149,features_1.npy,2149,1,train,1,5.319636296182937,0.995129306212123,1
features_1:2150,features_1.npy,2150,1,train,1,5.530682327640307,0.9960523617032075,1
features_1:2151,features_1.npy,2151,1,validation,1,6.365948557931377,0.99828384025707,1
features_1:2152,features_1.npy,2152,1,train,1,5.8967648935331525,0.9972592110042178,1
features_1:2153,features_1.npy,2153,1,validation,1,0.30389998217406794,0.5753956219517439,0
features_1:2154,features_1.npy,2154,1,train,1,6.237604420912177,0.998049280588471,1
features_1:2155,features_1.npy,2155,1,validation,1,5.171225284147564,0.9943544453727973,1
features_1:2156,features_1.npy,2156,1,train,1,4.458077027286818,0.9885480477135454,1
features_1:2157,features_1.npy,2157,1,train,1,5.4911131101155615,0.9958936794090996,1
features_1:2158,features_1.npy,2158,1,train,1,5.039867687121595,0.9935670459011238,1
features_1:2159,features_1.npy,2159,1,train,1,5.343632210501705,0.9952442426084829,1
features_1:2160,features_1.npy,2160,1,train,1,6.030516555222338,0.9976015148330941,1
features_1:2161,features_1.npy,2161,1,train,1,4.845119121055682,0.9921947213202118,1
features_1:2162,features_1.npy,2162,1,train,1,5.2926125587709665,0.9949965547964452,1
features_1:2163,features_1.npy,2163,1,test,1,4.643504679910405,0.9904678270409528,1
features_1:2164,features_1.npy,2164,1,train,1,4.456868912635324,0.9885343628075984,1
features_1:2165,features_1.npy,2165,1,validation,1,6.252542189599243,0.9980781478392692,1
features_1:2166,features_1.npy,2166,1,train,1,3.701272464342708,0.9759029205037243,1
features_1:2167,features_1.npy,2167,1,train,1,6.119647520029164,0.9978055949922218,1
features_1:2168,features_1.npy,2168,1,train,1,3.852730080963499,0.9792192823122086,1
features_1:2169,features_1.npy,2169,1,validation,1,6.330784320255159,0.9982225283991505,1
features_1:2170,features_1.npy,2170,1,validation,1,6.031775812184142,0.9976045260108451,1
features_1:2171,features_1.npy,2171,1,train,1,6.786677378876133,0.9988725597205228,1
features_1:2172,features_1.npy,2172,1,train,1,4.2542026062843314,0.9859945267818274,1
features_1:2173,features_1.npy,2173,1,train,1,5.154156773416835,0.9942578151660397,1
features_1:2174,features_1.npy,2174,1,test,1,4.727580051172956,0.9912297414756035,1
features_1:2175,features_1.npy,2175,1,validation,1,5.017124370803035,0.9934200364798872,1
features_1:2176,features_1.npy,2176,1,train,1,6.027444241759404,0.9975941523591491,1
features_1:2177,features_1.npy,2177,1,train,1,5.5350531562045,0.9960695108297588,1
features_1:2178,features_1.npy,2178,1,train,1,6.026171407211641,0.9975910955448164,1
features_1:2179,features_1.npy,2179,1,train,1,6.498260426074658,0.9984962079835039,1
features_1:2180,features_1.npy,2180,1,train,1,6.732746438641723,0.9988101606564657,1
features_1:2181,features_1.npy,2181,1,train,1,6.659543918792667,0.9987199099204616,1
features_1:2182,features_1.npy,2182,1,train,1,1.8040862321455213,0.8586456218607481,1
features_1:2183,features_1.npy,2183,1,train,1,3.4805272186376492,0.9701286023040381,1
features_1:2184,features_1.npy,2184,1,train,1,3.7758220179176365,0.9775952341928111,1
features_1:2185,features_1.npy,2185,1,validation,1,1.8001179875296032,0.8581632970367423,1
features_1:2186,features_1.npy,2186,1,train,1,7.067741976393011,0.9991485704253151,1
features_1:2187,features_1.npy,2187,1,train,1,5.675592443693018,0.9965830782845162,1
features_1:2188,features_1.npy,2188,1,train,1,7.04387083806143,0.9991280192406089,1
features_1:2189,features_1.npy,2189,1,train,1,6.218618370233652,0.9980119646403439,1
features_1:2190,features_1.npy,2190,1,train,1,4.6178628235450585,0.9902226644538543,1
features_1:2191,features_1.npy,2191,1,train,1,6.284608444307147,0.9981386839631288,1
features_1:2192,features_1.npy,2192,1,train,1,5.318689443527589,0.9951247146933576,1
features_1:2193,features_1.npy,2193,1,train,1,6.0769121226743374,0.997710002941206,1
features_1:2194,features_1.npy,2194,1,train,1,2.9650818216819,0.9509714762083771,1
features_1:2195,features_1.npy,2195,1,train,1,4.1544981043975655,0.9845488199202264,1
features_1:2196,features_1.npy,2196,1,train,1,4.304249888031285,0.9866690975266585,1
features_1:2197,features_1.npy,2197,1,validation,1,6.854374811765044,0.998946280598423,1
features_1:2198,features_1.npy,2198,1,train,1,4.90999029195702,0.9926813969353597,1
features_1:2199,features_1.npy,2199,1,train,1,5.957671158758519,0.9974207425928912,1
features_1:2200,features_1.npy,2200,1,train,1,4.32438095834837,0.9869313075384067,1
features_1:2201,features_1.npy,2201,1,train,1,5.258068332688753,0.994821605338776,1
features_1:2202,features_1.npy,2202,1,validation,1,2.7425772874335763,0.9394927714905845,1
features_1:2203,features_1.npy,2203,1,train,1,7.278199259341478,0.9993100486353227,1
features_1:2204,features_1.npy,2204,1,test,1,3.4598317972261405,0.9695229970461745,1
features_1:2205,features_1.npy,2205,1,train,1,5.134847579768973,0.9941465161344173,1
features_1:2206,features_1.npy,2206,1,train,1,5.128891378853117,0.9941117534754603,1
features_1:2207,features_1.npy,2207,1,train,1,6.09466455722391,0.9977502065910376,1
features_1:2208,features_1.npy,2208,1,validation,1,6.043055711966334,0.99763133124985,1
features_1:2209,features_1.npy,2209,1,train,1,2.242423776943067,0.9039950191788114,1
features_1:2210,features_1.npy,2210,1,train,1,5.757672562875132,0.9968514902697194,1
features_1:2211,features_1.npy,2211,1,train,1,6.079944957685439,0.9977169217709267,1
features_1:2212,features_1.npy,2212,1,validation,1,2.8847108173397604,0.9470854421929704,1
features_1:2213,features_1.npy,2213,1,train,1,4.859821345713628,0.9923077605579482,1
features_1:2214,features_1.npy,2214,1,test,1,4.393627544560716,0.9877949766361638,1
features_1:2215,features_1.npy,2215,1,train,1,4.4345675662174315,0.9882788218937087,1
features_1:2216,features_1.npy,2216,1,validation,1,5.471627431653581,0.9958132185984839,1
features_1:2217,features_1.npy,2217,1,test,1,4.806964636096845,0.9918936214346807,1
features_1:2218,features_1.npy,2218,1,train,1,6.183645393259144,0.9979413527002686,1
features_1:2219,features_1.npy,2219,1,test,1,6.278618013506126,0.9981275213554737,1
features_1:2220,features_1.npy,2220,1,train,1,3.4921063057345516,0.9704623333485175,1
features_1:2221,features_1.npy,2221,1,train,1,3.88942662194402,0.9799530300026992,1
features_1:2222,features_1.npy,2222,1,train,1,4.448478057712711,0.9884388684860859,1
features_1:2223,features_1.npy,2223,1,train,1,6.22742806626541,0.9980293673451053,1
features_1:2224,features_1.npy,2224,1,train,1,5.345733648763871,0.99525417866596,1
features_1:2225,features_1.npy,2225,1,train,1,6.296821226078884,0.9981612360192185,1
features_1:2226,features_1.npy,2226,1,train,1,3.356989880187428,0.9663329841885272,1
features_1:2227,features_1.npy,2227,1,train,1,4.816673321824091,0.9919713140836338,1
features_1:2228,features_1.npy,2228,1,train,1,5.284116639952815,0.9949540802538558,1
features_1:2229,features_1.npy,2229,1,validation,1,6.6659611649644575,0.9987280878573253,1
features_1:2230,features_1.npy,2230,1,train,1,2.2534677173393542,0.9049492338330223,1
features_1:2231,features_1.npy,2231,1,train,1,4.951085580689957,0.9929739906102393,1
features_1:2232,features_1.npy,2232,1,validation,1,6.590090746512122,0.9986279697733486,1
features_1:2233,features_1.npy,2233,1,train,1,4.860861335144764,0.9923156948059162,1
features_1:2234,features_1.npy,2234,1,train,1,5.699056943019826,0.9966620567983888,1
features_1:2235,features_1.npy,2235,1,validation,1,6.172890417787564,0.9979191388300882,1
features_1:2236,features_1.npy,2236,1,train,1,4.336372405048931,0.9870850723626416,1
features_1:2237,features_1.npy,2237,1,train,1,2.8103266033404166,0.9432313100274079,1
features_1:2238,features_1.npy,2238,1,train,1,4.816923077422354,0.9919733029493054,1
features_1:2239,features_1.npy,2239,1,train,1,4.731410105876252,0.9912629748803559,1
features_1:2240,features_1.npy,2240,1,test,1,1.5456898903263754,0.8242903460645024,1
features_1:2241,features_1.npy,2241,1,test,1,4.447935900034921,0.9884326713536215,1
features_1:2242,features_1.npy,2242,1,test,1,1.7364970662896446,0.8502415810034997,1
features_1:2243,features_1.npy,2243,1,train,1,4.520578849432213,0.9892344362542785,1
features_1:2244,features_1.npy,2244,1,train,1,5.322865912833477,0.9951449350622266,1
features_1:2245,features_1.npy,2245,1,train,1,6.800136295437126,0.9988876154217282,1
features_1:2246,features_1.npy,2246,1,test,1,5.256603410709639,0.9948140532046299,1
features_1:2247,features_1.npy,2247,1,test,1,5.53268969214633,0.9960602469153335,1
features_1:2248,features_1.npy,2248,1,validation,1,1.7768943803824906,0.8553129610323885,1
features_1:2249,features_1.npy,2249,1,train,1,4.428881738967442,0.9882127752677153,1
features_1:2250,features_1.npy,2250,1,validation,1,5.359202660073703,0.9953173743197581,1
features_1:2251,features_1.npy,2251,1,train,1,6.582223333980574,0.9986171478580927,1
features_1:2252,features_1.npy,2252,1,test,1,6.437385558035749,0.998401971927175,1
features_1:2253,features_1.npy,2253,1,test,1,0.748011202601373,0.6787451958425431,1
features_1:2254,features_1.npy,2254,1,train,1,4.016487601186687,0.9823027030844554,1
features_1:2255,features_1.npy,2255,1,test,1,4.816963339663619,0.9919736235217584,1
features_1:2256,features_1.npy,2256,1,train,1,6.779754866502467,0.9988647368158109,1
features_1:2257,features_1.npy,2257,1,test,1,2.37868226194321,0.9151872079352632,1
features_1:2258,features_1.npy,2258,1,train,1,3.759215521112701,0.9772286061742331,1
features_1:2259,features_1.npy,2259,1,train,1,6.374489676775951,0.9982984109261404,1
features_1:2260,features_1.npy,2260,1,train,1,4.222234686113053,0.985546143542096,1
features_1:2261,features_1.npy,2261,1,train,1,6.640387004706342,0.9986951832551441,1
features_1:2262,features_1.npy,2262,1,test,1,6.7909174400626675,0.9988773246604798,1
features_1:2263,features_1.npy,2263,1,validation,1,4.136438088782797,0.9842716651592718,1
features_1:2264,features_1.npy,2264,1,test,1,3.5068997262857424,0.970883451049611,1
features_1:2265,features_1.npy,2265,1,test,1,5.868340604153668,0.9971804110740805,1
features_1:2266,features_1.npy,2266,1,test,1,3.3030839603856825,0.9645344573023451,1
features_1:2267,features_1.npy,2267,1,train,1,6.442247042134079,0.9984097095372367,1
features_1:2268,features_1.npy,2268,1,validation,1,4.682998072578163,0.990833564471669,1
features_1:2269,features_1.npy,2269,1,test,1,5.725734412788086,0.996749641772616,1
features_1:2270,features_1.npy,2270,1,train,1,5.600941010995818,0.9963192126251745,1
features_1:2271,features_1.npy,2271,1,train,1,4.8422281412211055,0.9921723006549938,1
features_1:2272,features_1.npy,2272,1,test,1,4.357037254410388,0.987345876183692,1
features_1:2273,features_1.npy,2273,1,train,1,4.458473836788214,0.9885525390458119,1
features_1:2274,features_1.npy,2274,1,train,1,4.583547602803943,0.9898847827089545,1
features_1:2275,features_1.npy,2275,1,validation,1,5.645308469663663,0.9964783874998672,1
features_1:2276,features_1.npy,2276,1,validation,1,-0.4610165815669274,0.3867446901802603,0
features_1:2277,features_1.npy,2277,1,validation,1,0.5274240447653441,0.628882111178415,1
features_1:2278,features_1.npy,2278,1,train,1,5.547389110894604,0.9961175122381466,1
features_1:2279,features_1.npy,2279,1,train,1,2.9156108863128267,0.9486127655655316,1
features_1:2280,features_1.npy,2280,1,train,1,6.742788027825293,0.9988220347430379,1
features_1:2281,features_1.npy,2281,1,train,1,7.169205741811231,0.9992306583274901,1
features_1:2282,features_1.npy,2282,1,train,1,5.4777387148901315,0.9958386210301222,1
features_1:2283,features_1.npy,2283,1,train,1,5.7353432543015845,0.9967806243100436,1
features_1:2284,features_1.npy,2284,1,train,1,5.342293303995284,0.9952379011723541,1
features_1:2285,features_1.npy,2285,1,train,1,4.074599054764794,0.9832851079441585,1
features_1:2286,features_1.npy,2286,1,train,1,2.2994459381892467,0.9088311414292883,1
features_1:2287,features_1.npy,2287,1,train,1,3.8602297834763557,0.9793713456260278,1
features_1:2288,features_1.npy,2288,1,train,1,5.418471054753355,0.9955856521782344,1
features_1:2289,features_1.npy,2289,1,train,1,4.715325206515621,0.9911225620582436,1
features_1:2290,features_1.npy,2290,1,validation,1,0.8687677023615569,0.7044892178129142,1
features_1:2291,features_1.npy,2291,1,train,1,5.446194236676506,0.9957058328344705,1
features_1:2292,features_1.npy,2292,1,validation,1,5.805991272090199,0.9969995596650568,1
features_1:2293,features_1.npy,2293,1,train,1,5.360930079863982,0.9953254184182236,1
features_1:2294,features_1.npy,2294,1,validation,1,2.491513686517172,0.9235447523616693,1
features_1:2295,features_1.npy,2295,1,train,1,5.4641602369465145,0.9957819704341138,1
features_1:2296,features_1.npy,2296,1,train,1,3.922239197309638,0.9805875857353784,1
features_1:2297,features_1.npy,2297,1,train,1,3.457602619845313,0.9694570599811303,1
features_1:2298,features_1.npy,2298,1,train,1,6.810725013927349,0.9988993191113709,1
features_1:2299,features_1.npy,2299,1,train,1,3.385129429288339,0.9672365470211912,1
features_1:2300,features_1.npy,2300,1,train,1,3.805753311979513,0.9782415260890994,1
features_1:2301,features_1.npy,2301,1,test,1,5.661484836435372,0.9965347002917784,1
features_1:2302,features_1.npy,2302,1,test,1,6.187469098154451,0.9979491932173086,1
features_1:2303,features_1.npy,2303,1,train,1,5.089315200130266,0.9938755022721086,1
features_1:2304,features_1.npy,2304,1,train,1,4.57901365498583,0.9898392837640296,1
features_1:2305,features_1.npy,2305,1,train,1,3.3276812028184435,0.9653663262289782,1
features_1:2306,features_1.npy,2306,1,train,1,5.855916114128637,0.9971452612193313,1
features_1:2307,features_1.npy,2307,1,test,1,6.5650082288781695,0.9985931696021373,1
features_1:2308,features_1.npy,2308,1,validation,1,2.6320979213066447,0.9328989953841649,1
features_1:2309,features_1.npy,2309,1,train,1,6.327672865337018,0.9982169991397631,1
features_1:2310,features_1.npy,2310,1,test,1,5.435895202622774,0.9956615713971715,1
features_1:2311,features_1.npy,2311,1,validation,1,5.3133859638611325,0.9950989170910878,1
features_1:2312,features_1.npy,2312,1,train,1,5.8322827802847,0.9970771902137873,1
features_1:2313,features_1.npy,2313,1,validation,1,1.323770833649979,0.7898083908616503,1
features_1:2314,features_1.npy,2314,1,test,1,2.370975828538863,0.9145871207161554,1
features_1:2315,features_1.npy,2315,1,train,1,4.114234925868423,0.9839242173976335,1
features_1:2316,features_1.npy,2316,1,train,1,2.8869590055598917,0.9471979960839866,1
features_1:2317,features_1.npy,2317,1,train,1,5.036990657714533,0.9935486310262754,1
features_1:2318,features_1.npy,2318,1,train,1,6.763064276946076,0.9988456516485086,1
features_1:2319,features_1.npy,2319,1,test,1,4.634092654571804,0.9903785537330522,1
features_1:2320,features_1.npy,2320,1,train,1,6.483795746919957,0.99847433146362,1
features_1:2321,features_1.npy,2321,1,train,1,5.957678471736289,0.9974207614062247,1
features_1:2322,features_1.npy,2322,1,validation,1,5.705958777706219,0.9966849393019525,1
features_1:2323,features_1.npy,2323,1,train,1,6.807610866251766,0.9988958898762784,1
features_1:2324,features_1.npy,2324,1,train,1,5.774391705104445,0.9969035313986543,1
features_1:2325,features_1.npy,2325,1,train,1,5.899570424464326,0.9972668686096202,1
features_1:2326,features_1.npy,2326,1,train,1,4.264864176695358,0.9861409955087024,1
features_1:2327,features_1.npy,2327,1,validation,1,2.217153925046124,0.9017793975067024,1
features_1:2328,features_1.npy,2328,1,train,1,3.7251235921026646,0.9764574922741216,1
features_1:2329,features_1.npy,2329,1,train,1,4.344383819168871,0.9871868053987336,1
features_1:2330,features_1.npy,2330,1,train,1,5.926493115138971,0.9973392769881764,1
features_1:2331,features_1.npy,2331,1,train,1,6.277522011503732,0.9981254718391803,1
features_1:2332,features_1.npy,2332,1,train,1,4.476156421171461,0.9887509235497679,1
features_1:2333,features_1.npy,2333,1,validation,1,6.308891403517267,0.9981832567411983,1
features_1:2334,features_1.npy,2334,1,train,1,6.2868794724779855,0.998142898426733,1
features_1:2335,features_1.npy,2335,1,test,1,6.515512794975531,0.9985218914229842,1
features_1:2336,features_1.npy,2336,1,train,1,4.841577672639425,0.9921672472209431,1
features_1:2337,features_1.npy,2337,1,train,1,3.5401941096591125,0.9718100302083452,1
features_1:2338,features_1.npy,2338,1,train,1,7.046011017666225,0.9991298818183989,1
features_1:2339,features_1.npy,2339,1,test,1,2.4310353423325424,0.9191634941471118,1
features_1:2340,features_1.npy,2340,1,train,1,6.656790115473319,0.9987163844770846,1
features_1:2341,features_1.npy,2341,1,train,1,4.421365729946921,0.9881249046246688,1
features_1:2342,features_1.npy,2342,1,train,1,6.884660099395321,0.9989776822648349,1
features_1:2343,features_1.npy,2343,1,train,1,3.225364809518376,0.9617777213787786,1
features_1:2344,features_1.npy,2344,1,train,1,6.5396243247471535,0.998557053842756,1
features_1:2345,features_1.npy,2345,1,train,1,4.272152174027441,0.9862402479859227,1
features_1:2346,features_1.npy,2346,1,train,1,2.144849228880053,0.8951864749301616,1
features_1:2347,features_1.npy,2347,1,train,1,4.722949752671978,0.9911893970183725,1
features_1:2348,features_1.npy,2348,1,train,1,4.254554592060068,0.9859993866346263,1
features_1:2349,features_1.npy,2349,1,train,1,6.108487454487663,0.9977810227718429,1
features_1:2350,features_1.npy,2350,1,test,1,7.0999542686840975,0.9991755376417985,1
features_1:2351,features_1.npy,2351,1,test,1,5.002096469431211,0.9933210721189448,1
features_1:2352,features_1.npy,2352,1,validation,1,6.413583398910138,0.9983635421118973,1
features_1:2353,features_1.npy,2353,1,validation,1,5.162774459145375,0.9943068063877132,1
features_1:2354,features_1.npy,2354,1,train,1,5.81645986194656,0.9970307134254098,1
features_1:2355,features_1.npy,2355,1,train,1,6.607045872731074,0.9986510054987664,1
features_1:2356,features_1.npy,2356,1,train,1,4.945380044339677,0.9929340729435984,1
features_1:2357,features_1.npy,2357,1,test,1,3.75147595813922,0.9770557411615766,1
features_1:2358,features_1.npy,2358,1,test,1,5.804281684510078,0.9969944411925941,1
features_1:2359,features_1.npy,2359,1,train,1,3.1252066615915015,0.9579206031372366,1
features_1:2360,features_1.npy,2360,1,validation,1,6.163136109557396,0.9978987850106408,1
features_1:2361,features_1.npy,2361,1,validation,1,6.540159475182864,0.9985578247160977,1
features_1:2362,features_1.npy,2362,1,validation,1,3.132334509128301,0.9582069816080688,1
features_1:2363,features_1.npy,2363,1,train,1,6.310226499213239,0.9981856762511162,1
features_1:2364,features_1.npy,2364,1,validation,1,2.2942418702562053,0.9083990290830711,1
features_1:2365,features_1.npy,2365,1,validation,1,4.287422096670814,0.9864459360684299,1
features_1:2366,features_1.npy,2366,1,train,1,3.02758400104859,0.9538048378609746,1
features_1:2367,features_1.npy,2367,1,train,1,6.138348866288874,0.997846164396665,1
features_1:2368,features_1.npy,2368,1,train,1,7.070707856156563,0.9991510897814602,1
features_1:2369,features_1.npy,2369,1,test,1,6.055593590617832,0.9976607748945784,1
features_1:2370,features_1.npy,2370,1,validation,1,5.7967459716284795,0.9969717754567368,1
features_1:2371,features_1.npy,2371,1,train,1,5.150838004347036,0.9942388364955359,1
features_1:2372,features_1.npy,2372,1,train,1,5.545567727010756,0.996110461823573,1
features_1:2373,features_1.npy,2373,1,test,1,4.740768181391922,0.9913436507886502,1
features_1:2374,features_1.npy,2374,1,train,1,5.157603347550895,0.9942774589064698,1
features_1:2375,features_1.npy,2375,1,validation,1,6.29453164187297,0.9981570289587952,1
features_1:2376,features_1.npy,2376,1,test,1,5.44091244722766,0.9956831901123142,1
features_1:2377,features_1.npy,2377,1,train,1,6.815398038389442,0.9989044449990645,1
features_1:2378,features_1.npy,2378,1,validation,1,1.7126824134273397,0.8471838819750479,1
features_1:2379,features_1.npy,2379,1,train,1,5.057496223269,0.9936787451721731,1
features_1:2380,features_1.npy,2380,1,test,1,6.685206802686451,0.9987523023167836,1
features_1:2381,features_1.npy,2381,1,train,1,5.173718890371404,0.9943684264439543,1
features_1:2382,features_1.npy,2382,1,validation,1,6.821632692625284,0.9989112467437685,1
