sample_id,source_file,source_index,label,split,y_true,raw_score,probability,y_pred
features_0:0,features_0.npy,0,0,train,0,-6.048631699218932,0.0023555288624020686,0
features_0:1,features_0.npy,1,0,test,0,-5.715558488244098,0.003283493328810953,0
features_0:2,features_0.npy,2,0,train,0,-5.87608872065819,0.0027978877267663916,0
features_0:3,features_0.npy,3,0,train,0,-5.849201459473486,0.002873916590928297,0
features_0:4,features_0.npy,4,0,test,0,-5.107585011326432,0.006014287099103331,0
features_0:5,features_0.npy,5,0,train,0,-4.2512920628094415,0.014045722749088893,0
features_0:6,features_0.npy,6,0,train,0,-5.446426409744628,0.0042931745710469826,0
features_0:7,features_0.npy,7,0,train,0,-5.850668828068909,0.002869714681465142,0
features_0:8,features_0.npy,8,0,test,0,-6.161078910200798,0.0021055329459945165,0
features_0:9,features_0.npy,9,0,train,0,-6.352832024011025,0.0017387786871741974,0
features_0:10,features_0.npy,10,0,train,0,-5.258089478326171,0.0051782857289445145,0
features_0:11,features_0.npy,11,0,train,0,-5.88611629653744,0.0027700492215030977,0
features_0:12,features_0.npy,12,0,train,0,-4.42805212827151,0.011796892190016285,0
features_0:13,features_0.npy,13,0,validation,0,-5.9110400138218315,0.0027020468036412027,0
features_0:14,features_0.npy,14,0,validation,0,1.6945311963809297,0.8448191272619943,1
features_0:15,features_0.npy,15,0,train,0,-5.284918767345711,0.005041894297288894,0
features_0:16,features_0.npy,16,0,validation,0,-5.861667656068981,0.002838413228727734,0
features_0:17,features_0.npy,17,0,validation,0,-5.091881702380228,0.00610889524405929,0
features_0:18,features_0.npy,18,0,train,0,-5.826155042893244,0.0029407221531649818,0
features_0:19,features_0.npy,19,0,test,0,-4.70250179111161,0.00899097993353674,0
features_0:20,features_0.npy,20,0,validation,0,-3.951903748386169,0.018855709984742522,0
features_0:21,features_0.npy,21,0,test,0,-5.33588248993268,0.0047925790425712165,0
features_0:22,features_0.npy,22,0,test,0,-5.761229878753135,0.0031373644612458025,0
features_0:23,features_0.npy,23,0,train,0,-5.712515185929789,0.0032934682517940864,0
features_0:24,features_0.npy,24,0,train,0,-5.251786123567433,0.005210858767383831,0
features_0:25,features_0.npy,25,0,train,0,-4.78479478772537,0.008286596829493346,0
features_0:26,features_0.npy,26,0,test,0,-5.623570025011931,0.003598726512904016,0
features_0:27,features_0.npy,27,0,train,0,-5.503071334986503,0.0040577067834839855,0
features_0:28,features_0.npy,28,0,train,0,-5.30657403093121,0.0049344174246037835,0
features_0:29,features_0.npy,29,0,train,0,-5.567695256468543,0.0038047413957379536,0
features_0:30,features_0.npy,30,0,train,0,-5.926282152084533,0.0026612828913160653,0
features_0:31,features_0.npy,31,0,train,0,-5.3959557392268085,0.00451441182561211,0
features_0:32,features_0.npy,32,0,train,0,-5.739828063954468,0.003205015902251927,0
features_0:33,features_0.npy,33,0,train,0,-5.524680237659281,0.003971309247066727,0
features_0:34,features_0.npy,34,0,test,0,-6.1129531738099265,0.0022091118339266852,0
features_0:35,features_0.npy,35,0,test,0,-1.1556454138328256,0.23945943637345252,0
features_0:36,features_0.npy,36,0,train,0,-3.2980012080728547,0.03563982327802738,0
features_0:37,features_0.npy,37,0,validation,0,-5.704755276902687,0.003319039528144066,0
features_0:38,features_0.npy,38,0,train,0,-6.464599434053914,0.0015551926703075473,0
features_0:39,features_0.npy,39,0,train,0,-5.756405992764816,0.003152487485602418,0
features_0:40,features_0.npy,40,0,validation,0,-5.485019077068263,0.004131317350157594,0
features_0:41,features_0.npy,41,0,train,0,-5.5952737919689755,0.003701628988939477,0
features_0:42,features_0.npy,42,0,train,0,-5.5904283633717,0.0037195416164112114,0
features_0:43,features_0.npy,43,0,train,0,-5.166918393683122,0.005669783691529826,0
features_0:44,features_0.npy,44,0,train,0,-5.855791105732451,0.0028550946503409385,0
features_0:45,features_0.npy,45,0,train,0,-6.467889834729875,0.0015500917920033732,0
features_0:46,features_0.npy,46,0,validation,0,-5.217073178170757,0.005393926372278862,0
features_0:47,features_0.npy,47,0,train,0,-5.764696340946805,0.003126541678051948,0
features_0:48,features_0.npy,48,0,train,0,-5.540327337892575,0.003909894466636889,0
features_0:49,features_0.npy,49,0,train,0,-5.2695408777335695,0.0051196271997700354,0
features_0:50,features_0.npy,50,0,validation,0,-5.896083047076049,0.0027426533030991147,0
features_0:51,features_0.npy,51,0,train,0,-5.196809610121831,0.005503733794963502,0
features_0:52,features_0.npy,52,0,train,0,-5.817178883083722,0.0029671586946916407,0
features_0:53,features_0.npy,53,0,validation,0,-5.512986996128432,0.004017831615875984,0
features_0:54,features_0.npy,54,0,train,0,-4.260290047942286,0.013921658011755635,0
features_0:55,features_0.npy,55,0,train,0,-4.933440368434267,0.0071501907500236914,0
features_0:56,features_0.npy,56,0,train,0,-5.6788210010403635,0.0034059452897794006,0
features_0:57,features_0.npy,57,0,train,0,-5.454654254153612,0.004258145715175576,0
features_0:58,features_0.npy,58,0,train,0,-5.594254249303756,0.0037053908909792793,0
features_0:59,features_0.npy,59,0,train,0,-5.457528828479625,0.004245974832505576,0
features_0:60,features_0.npy,60,0,train,0,-4.797082152127977,0.00818622781797872,0
features_0:61,features_0.npy,61,0,train,0,-5.861213190109963,0.0028396998201462775,0
features_0:62,features_0.npy,62,0,train,0,-5.921219657624875,0.002674753654036243,0
features_0:63,features_0.npy,63,0,train,0,-5.1641928036988896,0.005685170300629338,0
features_0:64,features_0.npy,64,0,test,0,-5.646809740288935,0.003516348149886547,0
features_0:65,features_0.npy,65,0,train,0,-6.081838202740109,0.002278769732128673,0
features_0:66,features_0.npy,66,0,train,0,-5.383396219064134,0.004571207405806219,0
features_0:67,features_0.npy,67,0,train,0,-5.696430000959318,0.003346693928031665,0
features_0:68,features_0.npy,68,0,train,0,-4.30769761332496,0.013285629896929349,0
features_0:69,features_0.npy,69,0,train,0,-5.456382190001819,0.004250825515521645,0
features_0:70,features_0.npy,70,0,train,0,-5.308918321920188,0.00492292014296583,0
features_0:71,features_0.npy,71,0,train,0,-5.507825798745447,0.004038538080562581,0
features_0:72,features_0.npy,72,0,train,0,-4.359973466714516,0.012617491234433165,0
features_0:73,features_0.npy,73,0,train,0,-5.43971922502109,0.004321941600186119,0
features_0:74,features_0.npy,74,0,train,0,-5.5090998157965725,0.004033416929696941,0
features_0:75,features_0.npy,75,0,train,0,-5.972648242458788,0.0025410129220611657,0
features_0:76,features_0.npy,76,0,train,0,-4.7442773933997895,0.008626287065242096,0
features_0:77,features_0.npy,77,0,train,0,-5.166711765848271,0.005670948703300243,0
features_0:78,features_0.npy,78,0,train,0,-5.668971784858351,0.0034395409727622037,0
features_0:79,features_0.npy,79,0,train,0,-5.150349563754276,0.005763961954254885,0
features_0:80,features_0.npy,80,0,train,0,-5.744969988818473,0.0031886306617107045,0
features_0:81,features_0.npy,81,0,train,0,-6.625079010615371,0.0013249178692136116,0
features_0:82,features_0.npy,82,0,train,0,-2.870132696656011,0.05364991438643543,0
features_0:83,features_0.npy,83,0,train,0,-5.573518190566844,0.0037827345772084415,0
features_0:84,features_0.npy,84,0,train,0,-4.8164935876404025,0.008030117486627767,0
features_0:85,features_0.npy,85,0,train,0,-5.78654579510318,0.0030591760621524224,0
features_0:86,features_0.npy,86,0,train,0,-6.314095252107606,0.001807330800308693,0
features_0:87,features_0.npy,87,0,test,0,-5.923931208862225,0.0026675300673242946,0
features_0:88,features_0.npy,88,0,train,0,-5.701397639347423,0.0033301652156720036,0
features_0:89,features_0.npy,89,0,train,0,-6.052743565544632,0.0023458858030237333,0
features_0:90,features_0.npy,90,0,train,0,-5.219840117630499,0.005379102503704998,0
features_0:91,features_0.npy,91,0,test,0,-5.259592191860407,0.005170550296954283,0
features_0:92,features_0.npy,92,0,train,0,-5.419887112190628,0.004408128811060542,0
features_0:93,features_0.npy,93,0,test,0,-5.508966683662899,0.0040339517765597055,0
features_0:94,features_0.npy,94,0,train,0,-5.325512939376136,0.004842292594494677,0
features_0:95,features_0.npy,95,0,validation,0,-5.728063149036224,0.0032428223239900824,0
features_0:96,features_0.npy,96,0,train,0,-5.710418239154781,0.003300358908538657,0
features_0:97,features_0.npy,97,0,train,0,-5.89891023273181,0.0027349314403662854,0
features_0:98,features_0.npy,98,0,validation,0,-5.687691133524374,0.0033759692381755816,0
features_0:99,features_0.npy,99,0,train,0,-5.0123041001655295,0.006611547084781755,0
features_0:100,features_0.npy,100,0,train,0,-6.004653262946241,0.002461172371012736,0
features_0:101,features_0.npy,101,0,train,0,-5.203163069254583,0.005469067530154556,0
features_0:102,features_0.npy,102,0,train,0,-5.413714611178464,0.0044353010838743545,0
features_0:103,features_0.npy,103,0,validation,0,-5.550252608094148,0.0038714291503138564,0
features_0:104,features_0.npy,104,0,train,0,-4.546743240365532,0.010490458890644079,0
features_0:105,features_0.npy,105,0,train,0,-5.878246819814149,0.0027918729578546193,0
features_0:106,features_0.npy,106,0,train,0,-5.714316751563271,0.003287559682916146,0
features_0:107,features_0.npy,107,0,train,0,-5.62115169865061,0.003607408506915456,0
features_0:108,features_0.npy,108,0,train,0,-5.351307864891152,0.004719565199374148,0
features_0:109,features_0.npy,109,0,train,0,-5.4089263591172,0.0044564944785104805,0
features_0:110,features_0.npy,110,0,train,0,-5.672018273378069,0.0034291142731997506,0
features_0:111,features_0.npy,111,0,train,0,-6.253844130807236,0.0019193564496898597,0
features_0:112,features_0.npy,112,0,test,0,-5.824446169222773,0.0029457369561580455,0
features_0:113,features_0.npy,113,0,train,0,-5.807385118399128,0.0029962736176872393,0
features_0:114,features_0.npy,114,0,train,0,-5.9547618803094435,0.0025867526723003494,0
features_0:115,features_0.npy,115,0,train,0,-4.534214649598813,0.010621311579264797,0
features_0:116,features_0.npy,116,0,validation,0,-4.712922798815137,0.008898600795287096,0
features_0:117,features_0.npy,117,0,train,0,-5.70854392108295,0.003306530158581737,0
features_0:118,features_0.npy,118,0,train,0,-5.746322167701485,0.003184335696677882,0
features_0:119,features_0.npy,119,0,validation,0,-4.433964726453553,0.011728163332696682,0
features_0:120,features_0.npy,120,0,train,0,-4.903348949960664,0.007367010902991302,0
features_0:121,features_0.npy,121,0,test,0,-5.738832792146657,0.0032081971133393118,0
features_0:122,features_0.npy,122,0,validation,0,-5.821024439837295,0.0029558038911354865,0
features_0:123,features_0.npy,123,0,train,0,-5.314604018410343,0.004895145962051029,0
features_0:124,features_0.npy,124,0,train,0,-6.3671735686188455,0.0017140623173474746,0
features_0:125,features_0.npy,125,0,train,0,-5.362487576805202,0.0046673405569188295,0
features_0:126,features_0.npy,126,0,train,0,-4.931610899071855,0.007163189990084702,0
features_0:127,features_0.npy,127,0,test,0,-5.88330342610558,0.002777830305243625,0
features_0:128,features_0.npy,128,0,train,0,-5.634298725978728,0.0035604599626791,0
features_0:129,features_0.npy,129,0,train,0,-4.579124499110739,0.010159601484362797,0
features_0:130,features_0.npy,130,0,validation,0,-6.320816668577333,0.0017952454464720967,0
features_0:131,features_0.npy,131,0,train,0,-5.826782952064712,0.002938881651312546,0
features_0:132,features_0.npy,132,0,train,0,-5.535943521172524,0.003927004894573472,0
features_0:133,features_0.npy,133,0,train,0,-4.8973638233694645,0.007410907863837527,0
features_0:134,features_0.npy,134,0,validation,0,-5.475979258656224,0.004168676630055042,0
features_0:135,features_0.npy,135,0,train,0,-5.193177312047399,0.005523650722424271,0
features_0:136,features_0.npy,136,0,train,0,-5.856057221193801,0.002854337134990665,0
features_0:137,features_0.npy,137,0,train,0,-5.17374838929604,0.005631408368638003,0
features_0:138,features_0.npy,138,0,train,0,-5.090212608076217,0.00611903763658549,0
features_0:139,features_0.npy,139,0,train,0,-5.780228869550336,0.003078502135223939,0
features_0:140,features_0.npy,140,0,train,0,-5.912221088423478,0.002698865976497662,0
features_0:141,features_0.npy,141,0,train,0,-5.152230611501033,0.005753192176781326,0
features_0:142,features_0.npy,142,0,train,0,-5.284632910762767,0.005043328492200601,0
features_0:143,features_0.npy,143,0,validation,0,-4.6396143373324295,0.009568973063232056,0
features_0:144,features_0.npy,144,0,train,0,-6.34595794052718,0.0017507513746378425,0
features_0:145,features_0.npy,145,0,train,0,-3.7515669562175513,0.022942218948454395,0
features_0:146,features_0.npy,146,0,validation,0,-5.926643739317595,0.0026603233388820913,0
features_0:147,features_0.npy,147,0,train,0,-5.621712774160932,0.0036053923414270297,0
features_0:148,features_0.npy,148,0,train,0,-5.938249040375612,0.002629708664722938,0
features_0:149,features_0.npy,149,0,validation,0,-5.884441801950118,0.0027746786586736777,0
features_0:150,features_0.npy,150,0,test,0,-5.423090268857882,0.004394093418928874,0
features_0:151,features_0.npy,151,0,validation,0,-5.522430377196236,0.003980218594542449,0
features_0:152,features_0.npy,152,0,test,0,-5.5565912744467925,0.0038470611701775246,0
features_0:153,features_0.npy,153,0,validation,0,-3.249565322568416,0.03734251000678032,0
features_0:154,features_0.npy,154,0,validation,0,-5.971760574460057,0.0025432637602428258,0
features_0:155,features_0.npy,155,0,train,0,-5.831787792208163,0.0029242526686021455,0
features_0:156,features_0.npy,156,0,train,0,-5.4762425644773804,0.004167583711617383,0
features_0:157,features_0.npy,157,0,validation,0,-5.441617344730523,0.0043137811732091155,0
features_0:158,features_0.npy,158,0,train,0,-5.639104002689167,0.0035434524877917435,0
features_0:159,features_0.npy,159,0,test,0,-5.526560120712315,0.003963880227878413,0
features_0:160,features_0.npy,160,0,validation,0,-5.82889153328178,0.002932709463850732,0
features_0:161,features_0.npy,161,0,test,0,-5.815475032689001,0.0029722035595758124,0
features_0:162,features_0.npy,162,0,train,0,-5.8898182188427395,0.002759841920296467,0
features_0:163,features_0.npy,163,0,train,0,-5.586760963437105,0.0037331566896265773,0
features_0:164,features_0.npy,164,0,train,0,-5.444208179516919,0.004302667369992274,0
features_0:165,features_0.npy,165,0,train,0,-5.979226735646369,0.002524393808021165,0
features_0:166,features_0.npy,166,0,test,0,-5.492747817917919,0.00409964093711049,0
features_0:167,features_0.npy,167,0,train,0,-5.830044478162612,0.002929340059067654,0
features_0:168,features_0.npy,168,0,train,0,-5.323509884677086,0.0048519545840101114,0
features_0:169,features_0.npy,169,0,train,0,-4.859338404944574,0.00769592663879348,0
features_0:170,features_0.npy,170,0,train,0,-5.684904939248941,0.0033853565727138403,0
features_0:171,features_0.npy,171,0,train,0,-6.0678576188314315,0.0023107778704709253,0
features_0:172,features_0.npy,172,0,train,0,-5.045942713301338,0.006394241333188261,0
features_0:173,features_0.npy,173,0,train,0,-5.573154418609643,0.0037841056722079432,0
features_0:174,features_0.npy,174,0,train,0,-4.057946626862978,0.016990797181491737,0
features_0:175,features_0.npy,175,0,train,0,-5.3185061683624335,0.004876174549894512,0
features_0:176,features_0.npy,176,0,train,0,-4.603617889350045,0.0099162187842344,0
features_0:177,features_0.npy,177,0,train,0,-5.476749681834424,0.004165479594692154,0
features_0:178,features_0.npy,178,0,train,0,-5.622732207719763,0.003601731987556663,0
features_0:179,features_0.npy,179,0,train,0,-4.594500727351018,0.010006131175377195,0
features_0:180,features_0.npy,180,0,validation,0,-5.6276785590323195,0.0035840242372324497,0
features_0:181,features_0.npy,181,0,train,0,-5.808589305213757,0.00299267850733354,0
features_0:182,features_0.npy,182,0,train,0,-4.727079365040472,0.008774612230436532,0
features_0:183,features_0.npy,183,0,train,0,-5.667719618417086,0.003443835706661849,0
features_0:184,features_0.npy,184,0,train,0,-5.421461775366561,0.004401223481450244,0
features_0:185,features_0.npy,185,0,train,0,-4.832624900422737,0.007902635816038428,0
features_0:186,features_0.npy,186,0,validation,0,-5.3830855968476445,0.004572621051176534,0
features_0:187,features_0.npy,187,0,validation,0,-4.031751281950507,0.017433895721432897,0
features_0:188,features_0.npy,188,0,train,0,-5.100490480447747,0.0060568480040577525,0
features_0:189,features_0.npy,189,0,test,0,-5.3337741265491925,0.004802645620686533,0
features_0:190,features_0.npy,190,0,validation,0,-5.754200195061967,0.0031594269160688123,0
features_0:191,features_0.npy,191,0,train,0,-5.881728811891774,0.0027821955828836583,0
features_0:192,features_0.npy,192,0,train,0,-6.246123706533512,0.001934203272453985,0
features_0:193,features_0.npy,193,0,train,0,-5.292737703458094,0.005002822220492611,0
features_0:194,features_0.npy,194,0,train,0,-5.8606094656126135,0.002841409861335071,0
features_0:195,features_0.npy,195,0,train,0,-5.335602042411669,0.004793916853722078,0
features_0:196,features_0.npy,196,0,train,0,-5.7492375349837035,0.0031750951409454937,0
features_0:197,features_0.npy,197,0,test,0,-4.810525307076464,0.008077798489493252,0
features_0:198,features_0.npy,198,0,train,0,-5.5702166181230695,0.0037951967123450855,0
features_0:199,features_0.npy,199,0,train,0,-5.678682495086006,0.003406415459087081,0
features_0:200,features_0.npy,200,0,test,0,-5.9586375584747735,0.0025767724372595014,0
features_0:201,features_0.npy,201,0,validation,0,-5.284124196795651,0.005045881807470716,0
features_0:202,features_0.npy,202,0,test,0,-5.961135081848963,0.002570361438697302,0
features_0:203,features_0.npy,203,0,train,0,-5.934063446317975,0.0026407094981275216,0
features_0:204,features_0.npy,204,0,train,0,-2.1894023740981168,0.10070620432005158,0
features_0:205,features_0.npy,205,0,test,0,-4.46272416969935,0.011399462158594924,0
features_0:206,features_0.npy,206,0,validation,0,-5.807255036035856,0.002996662237330047,0
features_0:207,features_0.npy,207,0,validation,0,-5.698082308062878,0.0033411871885299935,0
features_0:208,features_0.npy,208,0,train,0,-6.1749110436698675,0.0020766694959546803,0
features_0:209,features_0.npy,209,0,train,0,-5.75338966115048,0.003161980676268209,0
features_0:210,features_0.npy,210,0,train,0,-5.757578327527808,0.0031488055108713857,0
features_0:211,features_0.npy,211,0,train,0,-4.803484340144689,0.008134410420268875,0
features_0:212,features_0.npy,212,0,train,0,-5.749992691737957,0.003172705955802349,0
features_0:213,features_0.npy,213,0,train,0,-5.322821821196135,0.004855277970873907,0
features_0:214,features_0.npy,214,0,train,0,-3.9098506799872528,0.019649646173060194,0
features_0:215,features_0.npy,215,0,train,0,-6.303280055772829,0.0018269476157162523,0
features_0:216,features_0.npy,216,0,test,0,-5.670778672139469,0.0034333530398760136,0
features_0:217,features_0.npy,217,0,validation,0,-5.651293802723761,0.0035006709970901947,0
features_0:218,features_0.npy,218,0,train,0,-6.150835860026695,0.0021271647475526105,0
features_0:219,features_0.npy,219,0,test,0,-5.651691168247726,0.0034992850941648708,0
features_0:220,features_0.npy,220,0,train,0,-6.0110868204568755,0.0024454276995836783,0
features_0:221,features_0.npy,221,0,train,0,-5.011196318553843,0.006618826789201847,0
features_0:222,features_0.npy,222,0,train,0,-6.255639295576596,0.00191592057493626,0
features_0:223,features_0.npy,223,0,train,0,-5.284902684259091,0.005041974978310569,0
features_0:224,features_0.npy,224,0,train,0,-4.565204301500659,0.010300547123225444,0
features_0:225,features_0.npy,225,0,validation,0,-6.317363643350079,0.001801444002813125,0
features_0:226,features_0.npy,226,0,train,0,-5.666586516158073,0.003447726674915734,0
features_0:227,features_0.npy,227,0,train,0,-5.656554949941586,0.003482365783678329,0
features_0:228,features_0.npy,228,0,train,0,-5.83755251355607,0.002907492535041633,0
features_0:229,features_0.npy,229,0,test,0,-4.69127721458567,0.00909154570581526,0
features_0:230,features_0.npy,230,0,validation,0,-5.964957263544265,0.0025605809097838245,0
features_0:231,features_0.npy,231,0,train,0,-4.828473194481434,0.007935252545758697,0
features_0:232,features_0.npy,232,0,train,0,-5.723850102266321,0.003256468721975381,0
features_0:233,features_0.npy,233,0,train,0,-4.541169304517584,0.010548476776680821,0
features_0:234,features_0.npy,234,0,train,0,-5.719770623416277,0.0032697370252727474,0
features_0:235,features_0.npy,235,0,train,0,-5.028694064226441,0.006504766397982306,0
features_0:236,features_0.npy,236,0,train,0,-4.275153063843409,0.013719088040675474,0
features_0:237,features_0.npy,237,0,train,0,-5.644250830423001,0.003525325928677757,0
features_0:238,features_0.npy,238,0,train,0,-5.5546276791157165,0.003854593516474994,0
features_0:239,features_0.npy,239,0,train,0,-5.819095203606705,0.0029614949352529877,0
features_0:240,features_0.npy,240,0,train,0,-5.208691679395354,0.005439078620669336,0
features_0:241,features_0.npy,241,0,test,0,-5.685036816132341,0.0033849116629718753,0
features_0:242,features_0.npy,242,0,train,0,-5.109796491147358,0.006001081049610379,0
features_0:243,features_0.npy,243,0,train,0,-4.448482748621942,0.011561077908804222,0
features_0:244,features_0.npy,244,0,train,0,-3.5226249966353818,0.028675291316825263,0
features_0:245,features_0.npy,245,0,test,0,-3.5227898099515746,0.028670701124979596,0
features_0:246,features_0.npy,246,0,test,0,-5.621695956684161,0.0036054527569254094,0
features_0:247,features_0.npy,247,0,train,0,-5.495119258714069,0.0040899701156826215,0
features_0:248,features_0.npy,248,0,train,0,-5.334429361907702,0.004799514886674187,0
features_0:249,features_0.npy,249,0,train,0,-5.673098779865039,0.0034254237789559557,0
features_0:250,features_0.npy,250,0,train,0,-3.550096998178348,0.027919941092417914,0
features_0:251,features_0.npy,251,0,train,0,-4.760994167244663,0.008484495322994936,0
features_0:252,features_0.npy,252,0,validation,0,-5.882146824393028,0.002781036067036206,0
features_0:253,features_0.npy,253,0,validation,0,-6.10029594162233,0.002237187828150561,0
features_0:254,features_0.npy,254,0,train,0,-5.7291425060228605,0.0032393353814263257,0
features_0:255,features_0.npy,255,0,train,0,-5.489821704253172,0.004111605125349618,0
features_0:256,features_0.npy,256,0,train,0,-5.8911658275603465,0.0027561354818241178,0
features_0:257,features_0.npy,257,0,validation,0,-5.474749272904376,0.0041737857836401104,0
features_0:258,features_0.npy,258,0,train,0,-5.001271913459588,0.006684400474848227,0
features_0:259,features_0.npy,259,0,train,0,-4.890414846465509,0.007462199808225325,0
features_0:260,features_0.npy,260,0,train,0,-5.8839292122748805,0.0027760973455127624,0
features_0:261,features_0.npy,261,0,train,0,-6.197017785649998,0.002031357056147327,0
features_0:262,features_0.npy,262,0,test,0,-4.500053267536165,0.01098636382838555,0
features_0:263,features_0.npy,263,0,test,0,-4.442855630913921,0.011625558397481923,0
features_0:264,features_0.npy,264,0,train,0,-3.1377773961666575,0.04157559335527228,0
features_0:265,features_0.npy,265,0,train,0,-5.773079478168773,0.0031005219314564933,0
features_0:266,features_0.npy,266,0,train,0,-5.990361705297311,0.0024965104623178042,0
features_0:267,features_0.npy,267,0,train,0,-5.685173518751275,0.0033844505342763903,0
features_0:268,features_0.npy,268,0,test,0,-4.13641345682129,0.01572871617154793,0
features_0:269,features_0.npy,269,0,test,0,-4.534965067626627,0.010613428707194856,0
features_0:270,features_0.npy,270,0,train,0,-5.579637814625076,0.0037597431189448256,0
features_0:271,features_0.npy,271,0,train,0,-6.03470465678315,0.002388485015446359,0
features_0:272,features_0.npy,272,0,train,0,-5.832632565037025,0.002921790597279506,0
features_0:273,features_0.npy,273,0,train,0,-5.851037286312451,0.002868660538885515,0
features_0:274,features_0.npy,274,0,train,0,-4.914631116132529,0.007284964259945988,0
features_0:275,features_0.npy,275,0,train,0,-5.712524680321212,0.003293437085449373,0
features_0:276,features_0.npy,276,0,test,0,-3.6906222346956112,0.024348808167145734,0
features_0:277,features_0.npy,277,0,train,0,-5.986869478627144,0.0025052222040911607,0
features_0:278,features_0.npy,278,0,train,0,-5.864996387916124,0.0028290073051581723,0
features_0:279,features_0.npy,279,0,validation,0,-5.284383137133926,0.005044581984585894,0
features_0:280,features_0.npy,280,0,train,0,-4.6484970694779735,0.009485153488154756,0
features_0:281,features_0.npy,281,0,train,0,-5.656309821748802,0.00348321654061318,0
features_0:282,features_0.npy,282,0,train,0,-5.495749415513841,0.0040874041363315,0
features_0:283,features_0.npy,283,0,validation,0,-4.0451075607156675,0.01720657181446805,0
features_0:284,features_0.npy,284,0,train,0,-5.585290148935619,0.0037386309674548694,0
features_0:285,features_0.npy,285,0,train,0,-5.864839869220181,0.0028294488793899585,0
features_0:286,features_0.npy,286,0,train,0,-5.983011863340841,0.0025148807006973297,0
features_0:287,features_0.npy,287,0,train,0,-5.776985836426596,0.003088471141470342,0
features_0:288,features_0.npy,288,0,test,0,-5.71652008702296,0.003280347795628926,0
features_0:289,features_0.npy,289,0,train,0,-4.869508281695685,0.007618649912836122,0
features_0:290,features_0.npy,290,0,train,0,-5.72436819509274,0.003254787495769056,0
features_0:291,features_0.npy,291,0,train,0,-3.5460947732657724,0.028028768619665093,0
features_0:292,features_0.npy,292,0,train,0,-5.012244119129053,0.006611941041962898,0
features_0:293,features_0.npy,293,0,validation,0,-4.492351864790015,0.011070360604502012,0
features_0:294,features_0.npy,294,0,train,0,-5.9016766702251555,0.002727396486311008,0
features_0:295,features_0.npy,295,0,validation,0,-4.877618621542372,0.007557575057917664,0
features_0:296,features_0.npy,296,0,train,0,-5.465633809169067,0.004211844731723927,0
features_0:297,features_0.npy,297,0,train,0,-5.6999261210492165,0.003335052866885146,0
features_0:298,features_0.npy,298,0,train,0,-5.660549256238472,0.0034685320406132292,0
features_0:299,features_0.npy,299,0,train,0,-5.6962398056744625,0.003347328383110348,0
features_0:300,features_0.npy,300,0,train,0,-5.1691842861303865,0.005657023709780822,0
features_0:301,features_0.npy,301,0,validation,0,-5.84308637176394,0.002891493715167018,0
features_0:302,features_0.npy,302,0,train,0,-5.469128719724722,0.004197212078960946,0
features_0:303,features_0.npy,303,0,train,0,-4.687878061017798,0.009122219459647585,0
features_0:304,features_0.npy,304,0,test,0,-5.687399535120782,0.0033769504841118844,0
features_0:305,features_0.npy,305,0,train,0,-4.890509863283069,0.007461496097638243,0
features_0:306,features_0.npy,306,0,train,0,-4.437074885057607,0.011692169375878771,0
features_0:307,features_0.npy,307,0,train,0,-5.708436751103669,0.003306883366446894,0
features_0:308,features_0.npy,308,0,train,0,-5.703588995538551,0.0033228998500399063,0
features_0:309,features_0.npy,309,0,train,0,-5.369129079669871,0.004636588360366964,0
features_0:310,features_0.npy,310,0,train,0,-5.394564884189166,0.004520666682052917,0
features_0:311,features_0.npy,311,0,train,0,-5.324997004674449,0.004844779439004078,0
features_0:312,features_0.npy,312,0,train,0,-5.291022140244969,0.005011369196731905,0
features_0:313,features_0.npy,313,0,validation,0,-4.889004277668654,0.007472654469447726,0
features_0:314,features_0.npy,314,0,train,0,-5.33257760857227,0.004808367864155102,0
features_0:315,features_0.npy,315,0,test,0,-5.187956882070507,0.005552401426347167,0
features_0:316,features_0.npy,316,0,train,0,-4.913027818322328,0.007296568303395546,0
features_0:317,features_0.npy,317,0,test,0,-1.9958320022462257,0.11964123008132664,0
features_0:318,features_0.npy,318,0,train,0,-4.783548092791663,0.008296848363153447,0
features_0:319,features_0.npy,319,0,train,0,-5.608063221953056,0.0036547606354443776,0
features_0:320,features_0.npy,320,0,validation,0,-6.1698065566432065,0.00208727474680446,0
features_0:321,features_0.npy,321,0,train,0,-6.041447580306748,0.002372471901465799,0
features_0:322,features_0.npy,322,0,train,0,-5.650853129079209,0.0035022085866054163,0
features_0:323,features_0.npy,323,0,train,0,-5.333804277696127,0.004802501513012811,0
features_0:324,features_0.npy,324,0,train,0,-6.134120230718608,0.00216294293177434,0
features_0:325,features_0.npy,325,0,train,0,-5.896146567156781,0.002742479572834748,0
features_0:326,features_0.npy,326,0,train,0,-4.88950262246105,0.007468959245925499,0
features_0:327,features_0.npy,327,0,train,0,-6.118067063564534,0.0021978682828533037,0
features_0:328,features_0.npy,328,0,train,0,-5.432369032655501,0.004353686922515204,0
features_0:329,features_0.npy,329,0,train,0,-5.1499554229980475,0.005766221111990051,0
features_0:330,features_0.npy,330,0,test,0,-5.372511593361135,0.0046210038816718434,0
features_0:331,features_0.npy,331,0,train,0,-5.0847886175637615,0.006152112670747886,0
features_0:332,features_0.npy,332,0,train,0,-5.827299707511907,0.002937367820315338,0
features_0:333,features_0.npy,333,0,train,0,-6.087395173947501,0.0022661704104419114,0
features_0:334,features_0.npy,334,0,train,0,-4.949107071219788,0.007039826218924253,0
features_0:335,features_0.npy,335,0,validation,0,-5.715798216862317,0.003282708859501411,0
features_0:336,features_0.npy,336,0,train,0,-4.786933910964539,0.008269036143936738,0
features_0:337,features_0.npy,337,0,validation,0,-4.971729259187721,0.006883441727154677,0
features_0:338,features_0.npy,338,0,train,0,-4.778978786969494,0.008334529253896949,0
features_0:339,features_0.npy,339,0,train,0,-5.7467359888077105,0.003183022417520242,0
features_0:340,features_0.npy,340,0,validation,0,-6.057937576427415,0.002333761197402615,0
features_0:341,features_0.npy,341,0,train,0,-5.878154944939116,0.0027921287563949376,0
features_0:342,features_0.npy,342,0,train,0,-6.136987892683778,0.00215676258591504,0
features_0:343,features_0.npy,343,0,validation,0,-6.2707735712306585,0.0018871971286488958,0
features_0:344,features_0.npy,344,0,train,0,-4.183829915352631,0.015011255684322064,0
features_0:345,features_0.npy,345,0,test,0,-5.397662670975484,0.0045067473040701625,0
features_0:346,features_0.npy,346,0,train,0,-2.9927464281080933,0.04775464316445945,0
features_0:347,features_0.npy,347,0,train,0,-4.022550631465272,0.017592204210824358,0
features_0:348,features_0.npy,348,0,train,0,-5.85563888391231,0.002855528049996402,0
features_0:349,features_0.npy,349,0,train,0,-3.0983597287296396,0.04317496525154738,0
features_0:350,features_0.npy,350,0,train,0,-3.565929911371831,0.027493426065403115,0
features_0:351,features_0.npy,351,0,train,0,-5.305133840773774,0.004941493901801158,0
features_0:352,features_0.npy,352,0,train,0,-2.7592789942972087,0.05956474157331802,0
features_0:353,features_0.npy,353,0,train,0,-5.91157551750093,0.0027006041416020254,0
features_0:354,features_0.npy,354,0,train,0,-5.914119960615078,0.0026937598294252078,0
features_0:355,features_0.npy,355,0,train,0,-5.858176958610702,0.002848310313207217,0
features_0:356,features_0.npy,356,0,validation,0,-5.608790289648131,0.0036521140439059975,0
features_0:357,features_0.npy,357,0,train,0,-4.568016779474966,0.010271914921920484,0
features_0:358,features_0.npy,358,0,train,0,-5.807418310599308,0.0029961744643973755,0
features_0:359,features_0.npy,359,0,train,0,-5.627740075080404,0.0035838045591214023,0
features_0:360,features_0.npy,360,0,train,0,-5.218786246325214,0.005384743832100587,0
features_0:361,features_0.npy,361,0,train,0,-6.084350933087728,0.002273063985185394,0
features_0:362,features_0.npy,362,0,train,0,-5.059419098412802,0.0063091881372080395,0
features_0:363,features_0.npy,363,0,train,0,-5.801632955703653,0.003013506248006898,0
features_0:364,features_0.npy,364,0,train,0,-5.543060023151923,0.00389926614595584,0
features_0:365,features_0.npy,365,0,train,0,-4.6356381011136305,0.009606731056424877,0
features_0:366,features_0.npy,366,0,train,0,-5.282873254911047,0.005052165952297497,0
features_0:367,features_0.npy,367,0,train,0,-5.697435533582157,0.003343341654847367,0
features_0:368,features_0.npy,368,0,train,0,-6.4834635932489535,0.0015261746034277292,0
features_0:369,features_0.npy,369,0,validation,0,-4.531983960256712,0.01064477838454846,0
features_0:370,features_0.npy,370,0,train,0,-5.4459599061533615,0.004295169215335674,0
features_0:371,features_0.npy,371,0,train,0,-5.71681421429069,0.0032793862613904137,0
features_0:372,features_0.npy,372,0,train,0,-6.003368022288451,0.0024643298032402264,0
features_0:373,features_0.npy,373,0,train,0,-5.9167632587499135,0.002686667926406743,0
features_0:374,features_0.npy,374,0,train,0,-6.283883320597314,0.0018626636958036145,0
features_0:375,features_0.npy,375,0,train,0,-5.750351056526722,0.0031715727787943455,0
features_0:376,features_0.npy,376,0,train,0,-2.4524215527482958,0.07926164596133033,0
features_0:377,features_0.npy,377,0,train,0,-4.538169837867903,0.010579828833482331,0
features_0:378,features_0.npy,378,0,test,0,-4.62440460755278,0.009714202387932268,0
features_0:379,features_0.npy,379,0,test,0,-4.47318240521555,0.011282203173019313,0
features_0:380,features_0.npy,380,0,train,0,-5.462829572792816,0.004223622360603028,0
features_0:381,features_0.npy,381,0,train,0,-5.495116141954711,0.004089982811018173,0
features_0:382,features_0.npy,382,0,train,0,-5.2188115137341695,0.005384608507907607,0
features_0:383,features_0.npy,383,0,train,0,-5.5814285550103415,0.0037530416653692076,0
features_0:384,features_0.npy,384,0,test,0,-5.431637137137425,0.004356860644843572,0
features_0:385,features_0.npy,385,0,validation,0,-6.02976950056282,0.0024002733334629158,0
features_0:386,features_0.npy,386,0,train,0,-0.5747813673526714,0.36013428289991295,0
features_0:387,features_0.npy,387,0,test,0,-5.639883316766627,0.0035407018748352254,0
features_0:388,features_0.npy,388,0,train,0,-5.564969608999941,0.003815086307469614,0
features_0:389,features_0.npy,389,0,train,0,-6.245114559855561,0.0019361523713930543,0
features_0:390,features_0.npy,390,0,train,0,-5.77432371469642,0.00309667848670014,0
features_0:391,features_0.npy,391,0,test,0,-4.740676239598339,0.008657138237848373,0
features_0:392,features_0.npy,392,0,validation,0,-5.53631418759389,0.003925555268475967,0
features_0:393,features_0.npy,393,0,train,0,-5.168789755450877,0.005659243386333309,0
features_0:394,features_0.npy,394,0,train,0,-5.335131953592257,0.004796160139199755,0
features_0:395,features_0.npy,395,0,train,0,-5.1984384487632,0.005494825617079939,0
features_0:396,features_0.npy,396,0,train,0,-5.536097108913342,0.003926404169067416,0
features_0:397,features_0.npy,397,0,validation,0,-5.011810853443592,0.006614787436147329,0
features_0:398,features_0.npy,398,0,train,0,-5.9768760666482175,0.002530319769589543,0
features_0:399,features_0.npy,399,0,test,0,-4.938401467785746,0.007115057556084564,0
features_0:400,features_0.npy,400,0,test,0,-5.1569300332493,0.005726373388204164,0
features_0:401,features_0.npy,401,0,validation,0,-5.157822673266517,0.005721293310747762,0
features_0:402,features_0.npy,402,0,validation,0,-5.684518531548116,0.003386660522290483,0
features_0:403,features_0.npy,403,0,test,0,-4.3343594784002635,0.012940613868364963,0
features_0:404,features_0.npy,404,0,train,0,-5.662188804564932,0.0034628695506784294,0
features_0:405,features_0.npy,405,0,train,0,-5.293559235539283,0.004998734465576233,0
features_0:406,features_0.npy,406,0,test,0,-6.022200277466721,0.002418466365321592,0
features_0:407,features_0.npy,407,0,validation,0,-6.179558728908834,0.0020670600884970247,0
features_0:408,features_0.npy,408,0,train,0,-5.0340358036133965,0.0064703364940410305,0
features_0:409,features_0.npy,409,0,train,0,-5.538012283253279,0.003918921057873934,0
features_0:410,features_0.npy,410,0,train,0,-6.075858237729292,0.00229240618899044,0
features_0:411,features_0.npy,411,0,train,0,-5.031368933787443,0.006487502974009653,0
features_0:412,features_0.npy,412,0,train,0,-5.5692568324848155,0.003798827192092313,0
features_0:413,features_0.npy,413,0,train,0,-5.68769209812376,0.0033759659927129816,0
features_0:414,features_0.npy,414,0,train,0,-5.5926050789503226,0.0037114840545219253,0
features_0:415,features_0.npy,415,0,train,0,-6.112309644711246,0.0022105307756383427,0
features_0:416,features_0.npy,416,0,train,0,-5.792524535591436,0.0030409960631492938,0
features_0:417,features_0.npy,417,0,train,0,-6.057108940775376,0.002335691317858998,0
features_0:418,features_0.npy,418,0,test,0,-5.1513924788631815,0.005757988359890904,0
features_0:419,features_0.npy,419,0,train,0,-5.721357020400443,0.0032645709567771454,0
features_0:420,features_0.npy,420,0,train,0,-6.157675818615111,0.0021126953094825597,0
features_0:421,features_0.npy,421,0,train,0,-6.003477204727836,0.0024640614193366904,0
features_0:422,features_0.npy,422,0,train,0,-5.641330561266556,0.0035355994239938903,0
features_0:423,features_0.npy,423,0,train,0,-6.140208289954018,0.002149843033424288,0
features_0:424,features_0.npy,424,0,train,0,-5.35928969155059,0.004682220070236364,0
features_0:425,features_0.npy,425,0,train,0,-5.232658865346117,0.005310953082135269,0
features_0:426,features_0.npy,426,0,train,0,-5.620328375192826,0.003610369066515498,0
features_0:427,features_0.npy,427,0,train,0,-5.49292844465772,0.004098903534190659,0
features_0:428,features_0.npy,428,0,train,0,-5.723320718398398,0.003258187482023868,0
features_0:429,features_0.npy,429,0,train,0,-5.644754724507634,0.003523556242913612,0
features_0:430,features_0.npy,430,0,train,0,-6.613414091516966,0.0013404425835809905,0
features_0:431,features_0.npy,431,0,validation,0,-5.854536143840755,0.0028586696854079976,0
features_0:432,features_0.npy,432,0,train,0,-5.082184073173576,0.0061680580439213845,0
features_0:433,features_0.npy,433,0,train,0,-5.029247775213942,0.006501189043584956,0
features_0:434,features_0.npy,434,0,train,0,-5.9312724166336395,0.0026480705473288235,0
features_0:435,features_0.npy,435,0,train,0,-5.796501998711258,0.003028961200086563,0
features_0:436,features_0.npy,436,0,train,0,-5.4177399740650065,0.004417561984420379,0
features_0:437,features_0.npy,437,0,test,0,-5.231434096692621,0.005317427146587671,0
features_0:438,features_0.npy,438,0,train,0,-3.298337435328473,0.03562826907698098,0
features_0:439,features_0.npy,439,0,train,0,-5.424405705753758,0.0043883424149812125,0
features_0:440,features_0.npy,440,0,train,0,-5.870253120540779,0.002814216730429141,0
features_0:441,features_0.npy,441,0,test,0,-6.406825893493716,0.001647535428198984,0
features_0:442,features_0.npy,442,0,train,0,-5.598341419727008,0.00369033300843557,0
features_0:443,features_0.npy,443,0,validation,0,-5.62396158928976,0.003597322724115853,0
features_0:444,features_0.npy,444,0,train,0,-5.547436093804994,0.003882306063720864,0
features_0:445,features_0.npy,445,0,train,0,-5.787770692270032,0.003055442622349248,0
features_0:446,features_0.npy,446,0,train,0,-5.395668769808367,0.004515701658727704,0
features_0:447,features_0.npy,447,0,train,0,-6.1172637848028755,0.0021996306080404315,0
features_0:448,features_0.npy,448,0,train,0,-4.777104581624615,0.008350033965438226,0
features_0:449,features_0.npy,449,0,train,0,-4.522385453999753,0.01074634100509971,0
features_0:450,features_0.npy,450,0,train,0,-2.2664220677345233,0.09394231351682766,0
features_0:451,features_0.npy,451,0,train,0,-5.060317021241786,0.006303561210506744,0
features_0:452,features_0.npy,452,0,validation,0,-4.087483519085659,0.016504442737161576,0
features_0:453,features_0.npy,453,0,train,0,-6.023263854315612,0.0024159017188190995,0
features_0:454,features_0.npy,454,0,train,0,-5.536426421066055,0.0039251164437265704,0
features_0:455,features_0.npy,455,0,validation,0,-5.84595666656876,0.002883230070193432,0
features_0:456,features_0.npy,456,0,train,0,-5.694523620508865,0.00335305867203854,0
features_0:457,features_0.npy,457,0,train,0,-5.35837868932989,0.004686467527358227,0
features_0:458,features_0.npy,458,0,train,0,-6.104218931494679,0.0022284480750452296,0
features_0:459,features_0.npy,459,0,test,0,-5.79809433844206,0.003024156477131193,0
features_0:460,features_0.npy,460,0,train,0,-6.109399613366068,0.0022169585764396696,0
features_0:461,features_0.npy,461,0,train,0,-5.559666823735216,0.0038352928287848065,0
features_0:462,features_0.npy,462,0,train,0,-5.92664280443401,0.0026603258193593944,0
features_0:463,features_0.npy,463,0,test,0,-5.9021930298285525,0.0027259923705509554,0
features_0:464,features_0.npy,464,0,train,0,-6.047490428813587,0.00235821234921107,0
features_0:465,features_0.npy,465,0,train,0,-6.120900371456255,0.0021916634875103246,0
features_0:466,features_0.npy,466,0,test,0,-4.703111879167163,0.008985545590272651,0
features_0:467,features_0.npy,467,0,train,0,-4.98434515791199,0.0067977330269770025,0
features_0:468,features_0.npy,468,0,train,0,-5.600738524791058,0.003681530014799938,0
features_0:469,features_0.npy,469,0,validation,0,-5.842336492883324,0.002893656521828795,0
features_0:470,features_0.npy,470,0,test,0,-5.577731030975651,0.0037668919442043623,0
features_0:471,features_0.npy,471,0,train,0,-5.750865266642256,0.003169947511613692,0
features_0:472,features_0.npy,472,0,test,0,-5.466593180744647,0.004207822939764102,0
features_0:473,features_0.npy,473,0,validation,0,-5.594109798984992,0.003705924190814355,0
features_0:474,features_0.npy,474,0,test,0,-5.7961520123621755,0.003030018268019941,0
features_0:475,features_0.npy,475,0,train,0,-4.945732255483407,0.00706345637208991,0
features_0:476,features_0.npy,476,0,test,0,-5.455721603068838,0.0042536225347057045,0
features_0:477,features_0.npy,477,0,train,0,-5.912783276551625,0.0026973532239660523,0
features_0:478,features_0.npy,478,0,train,0,-5.227549657751375,0.005338012064388394,0
features_0:479,features_0.npy,479,0,train,0,-5.115862633767772,0.005965004316539119,0
features_0:480,features_0.npy,480,0,train,0,-3.7576557207310852,0.022806129690995904,0
features_0:481,features_0.npy,481,0,train,0,-5.439906793481977,0.004321134518916616,0
features_0:482,features_0.npy,482,0,train,0,-5.545138584360907,0.0038912012048958793,0
features_0:483,features_0.npy,483,0,train,0,-6.357703282715042,0.0017303438632271383,0
features_0:484,features_0.npy,484,0,test,0,-4.601468903969434,0.009937339516567924,0
features_0:485,features_0.npy,485,0,train,0,-4.4921024828949205,0.011073091122456953,0
features_0:486,features_0.npy,486,0,train,0,-6.069079246904936,0.0023079631941215553,0
features_0:487,features_0.npy,487,0,validation,0,-5.891167584920065,0.0027561306516562657,0
features_0:488,features_0.npy,488,0,validation,0,-2.798587049221208,0.05740057686970179,0
features_0:489,features_0.npy,489,0,validation,0,-5.1712292084465,0.005645532597477831,0
features_0:490,features_0.npy,490,0,train,0,-5.61786211625328,0.0036192518944765167,0
features_0:491,features_0.npy,491,0,train,0,-4.877167201402567,0.0075609616685502305,0
features_0:492,features_0.npy,492,0,test,0,-5.841148727740292,0.002897085585001222,0
features_0:493,features_0.npy,493,0,train,0,-4.471568273353356,0.011300222887874283,0
features_0:494,features_0.npy,494,0,train,0,-5.579006384972811,0.0037621089477870226,0
features_0:495,features_0.npy,495,0,train,0,-5.530897980203109,0.003946790429877341,0
features_0:496,features_0.npy,496,0,test,0,-5.0545007200881065,0.006340098323645712,0
features_0:497,features_0.npy,497,0,train,0,-5.534791327101259,0.003931514374918153,0
features_0:498,features_0.npy,498,0,train,0,-5.383480774156008,0.004570822669919142,0
features_0:499,features_0.npy,499,0,train,0,-5.327246456846853,0.004833946209181825,0
features_0:500,features_0.npy,500,0,train,0,-5.740336638922154,0.0032033915459804235,0
features_0:501,features_0.npy,501,0,train,0,-6.1099802179352425,0.002215674624894472,0
features_0:502,features_0.npy,502,0,validation,0,-4.237812656473783,0.01423361945357958,0
features_0:503,features_0.npy,503,0,train,0,-5.601797027224167,0.0036776494919189676,0
features_0:504,features_0.npy,504,0,train,0,-5.752134337615957,0.0031659399029691504,0
features_0:505,features_0.npy,505,0,train,0,-5.496489255727936,0.004084393575496661,0
features_0:506,features_0.npy,506,0,train,0,-5.510742977429606,0.004026821481910046,0
features_0:507,features_0.npy,507,0,train,0,-5.941751625881772,0.0026205380921995383,0
features_0:508,features_0.npy,508,0,test,0,-6.26492622329804,0.0018982435442167684,0
features_0:509,features_0.npy,509,0,test,0,-5.94865403429195,0.0026025592631786676,0
features_0:510,features_0.npy,510,0,validation,0,-4.909492221028674,0.007322222458501555,0
features_0:511,features_0.npy,511,0,validation,0,-5.781891632993415,0.0030734032868788307,0
features_0:512,features_0.npy,512,0,validation,0,-3.9519547452332597,0.018854766557439347,0
features_0:513,features_0.npy,513,0,train,0,-5.724011832809335,0.0032559438087784664,0
features_0:514,features_0.npy,514,0,train,0,-5.077377336650723,0.006197593453720044,0
features_0:515,features_0.npy,515,0,validation,0,-2.86388270513501,0.05396812312873234,0
features_0:516,features_0.npy,516,0,train,0,-5.873536454382551,0.00280501774573341,0
features_0:517,features_0.npy,517,0,validation,0,-6.098438400066789,0.002241338036648131,0
features_0:518,features_0.npy,518,0,train,0,-5.2048838696479125,0.005459715787479272,0
features_0:519,features_0.npy,519,0,train,0,-5.799991183619883,0.0030184428560057377,0
features_0:520,features_0.npy,520,0,validation,0,-5.271287432724917,0.005110738952244252,0
features_0:521,features_0.npy,521,0,test,0,-5.1072315974660345,0.006016400216851398,0
features_0:522,features_0.npy,522,0,train,0,-6.831022391180518,0.0010785890121126985,0
features_0:523,features_0.npy,523,0,train,0,-5.08938576576434,0.006124068210674649,0
features_0:524,features_0.npy,524,0,validation,0,-2.48056406049155,0.07723199353028093,0
features_0:525,features_0.npy,525,0,train,0,-5.713060522392272,0.0032916786035067816,0
features_0:526,features_0.npy,526,0,train,0,-4.927811172815885,0.007190263849459835,0
features_0:527,features_0.npy,527,0,train,0,-2.9736488884319185,0.04863062634915834,0
features_0:528,features_0.npy,528,0,train,0,-5.4198575606198425,0.004408258505856277,0
features_0:529,features_0.npy,529,0,train,0,-5.958404137472157,0.002577372429868607,0
features_0:530,features_0.npy,530,0,train,0,-4.516439291844198,0.010809738052355881,0
features_0:531,features_0.npy,531,0,train,0,-5.90037489540574,0.0027309395519350046,0
features_0:532,features_0.npy,532,0,train,0,-4.906924790238477,0.007340907730279014,0
features_0:533,features_0.npy,533,0,train,0,-5.758716469702904,0.0031452350266197265,0
features_0:534,features_0.npy,534,0,train,0,-5.674603300054788,0.0034202916482680944,0
features_0:535,features_0.npy,535,0,train,0,-5.135519946047757,0.0058495725175704665,0
features_0:536,features_0.npy,536,0,train,0,-5.175539414169072,0.00562138804945606,0
features_0:537,features_0.npy,537,0,test,0,-4.706180000444868,0.008958265685213513,0
features_0:538,features_0.npy,538,0,train,0,-5.669164777376723,0.003438879513665939,0
features_0:539,features_0.npy,539,0,train,0,-5.251476424380226,0.0052124644028594975,0
features_0:540,features_0.npy,540,0,validation,0,-3.0350259228721783,0.045868367515398564,0
features_0:541,features_0.npy,541,0,train,0,-5.360916528276281,0.004674644634076462,0
features_0:542,features_0.npy,542,0,train,0,-4.87390526103481,0.00758547795450591,0
features_0:543,features_0.npy,543,0,train,0,-5.203128243171188,0.005469256957946356,0
features_0:544,features_0.npy,544,0,train,0,-4.552680214837923,0.010429009431691413,0
features_0:545,features_0.npy,545,0,train,0,-5.097656647962879,0.006073932038368198,0
features_0:546,features_0.npy,546,0,test,0,-6.56297005445304,0.0014096966414442287,0
features_0:547,features_0.npy,547,0,train,0,-5.842032959626656,0.0028945324334153817,0
features_0:548,features_0.npy,548,0,train,0,-4.986749778443201,0.006781517413056572,0
features_0:549,features_0.npy,549,0,train,0,-5.363247421923558,0.00466381198173973,0
features_0:550,features_0.npy,550,0,validation,0,-0.7139481340707563,0.32872703454078117,0
features_0:551,features_0.npy,551,0,train,0,-5.032037568792805,0.006483194765511899,0
features_0:552,features_0.npy,552,0,train,0,-5.6318577721840954,0.00356913043972659,0
features_0:553,features_0.npy,553,0,train,0,-5.945321096786466,0.0026112252138665052,0
features_0:554,features_0.npy,554,0,train,0,-6.049465624676093,0.0023535699670195194,0
features_0:555,features_0.npy,555,0,train,0,-5.300163053420372,0.004965995883484512,0
features_0:556,features_0.npy,556,0,test,0,-6.292021217422488,0.0018475949341508907,0
features_0:557,features_0.npy,557,0,train,0,-5.739369027216456,0.0032064827414960847,0
features_0:558,features_0.npy,558,0,train,0,-3.054686176520234,0.04501558849551493,0
features_0:559,features_0.npy,559,0,test,0,-5.783648586536226,0.0030680247531882144,0
features_0:560,features_0.npy,560,0,train,0,-5.768685516899759,0.003114132960386539,0
features_0:561,features_0.npy,561,0,train,0,-4.6279321190055365,0.009680326926298152,0
features_0:562,features_0.npy,562,0,validation,0,-5.842559840403071,0.0028930121725089845,0
features_0:563,features_0.npy,563,0,test,0,-5.107126947426863,0.006017026077698365,0
features_0:564,features_0.npy,564,0,validation,0,-5.977591536710947,0.002528514624927831,0
features_0:565,features_0.npy,565,0,test,0,-5.83893935808574,0.0029034747890703486,0
features_0:566,features_0.npy,566,0,train,0,-5.37842978029932,0.004593861944382556,0
features_0:567,features_0.npy,567,0,train,0,-5.63872973522873,0.0035447742330072963,0
features_0:568,features_0.npy,568,0,train,0,-5.094203840724481,0.006094812360880856,0
features_0:569,features_0.npy,569,0,test,0,-2.1531024706382182,0.10404166464827606,0
features_0:570,features_0.npy,570,0,train,0,-5.694827087599904,0.003352044693789034,0
features_0:571,features_0.npy,571,0,train,0,-4.948049740585383,0.007047221096118489,0
features_0:572,features_0.npy,572,0,train,0,-5.784752471120047,0.003064650250023679,0
features_0:573,features_0.npy,573,0,train,0,-5.748098508322974,0.0031787022170154766,0
features_0:574,features_0.npy,574,0,test,0,-5.277332374524752,0.005080094493072022,0
features_0:575,features_0.npy,575,0,train,0,-5.408773593080132,0.004457172296836311,0
features_0:576,features_0.npy,576,0,train,0,-5.20341681064609,0.005467687564101403,0
features_0:577,features_0.npy,577,0,test,0,-5.859587279019032,0.0028443075319778857,0
features_0:578,features_0.npy,578,0,train,0,-4.288501475018999,0.013539639838791313,0
features_0:579,features_0.npy,579,0,train,0,-5.38605311309372,0.00455913361029366,0
features_0:580,features_0.npy,580,0,test,0,-5.4259983308417565,0.004381389590310244,0
features_0:581,features_0.npy,581,0,train,0,-5.96184006365296,0.0025685546719671445,0
features_0:582,features_0.npy,582,0,train,0,-5.226240518506365,0.005344967465565736,0
features_0:583,features_0.npy,583,0,train,0,-5.625977168564664,0.003590105341772308,0
features_0:584,features_0.npy,584,0,train,0,-5.445408066241651,0.004297529926241327,0
features_0:585,features_0.npy,585,0,train,0,-5.060316213117151,0.0063035662724611275,0
features_0:586,features_0.npy,586,0,validation,0,-5.612221416786044,0.0036396501790539053,0
features_0:587,features_0.npy,587,0,train,0,-5.929031594434598,0.0026539952898400982,0
features_0:588,features_0.npy,588,0,train,0,-5.590844616920651,0.0037179994214831128,0
features_0:589,features_0.npy,589,0,train,0,-4.964178023468834,0.0069352551154472355,0
features_0:590,features_0.npy,590,0,train,0,-6.047148548649447,0.002359016810842252,0
features_0:591,features_0.npy,591,0,train,0,-5.875613635274074,0.002799213556433773,0
features_0:592,features_0.npy,592,0,test,0,-5.602847852629027,0.003673801144380059,0
features_0:593,features_0.npy,593,0,train,0,-5.3467553805351935,0.004740997831076682,0
features_0:594,features_0.npy,594,0,train,0,-5.853439254347414,0.002861798072002301,0
features_0:595,features_0.npy,595,0,train,0,-5.22593799721479,0.005346576030092966,0
features_0:596,features_0.npy,596,0,train,0,-5.11105607905663,0.005993572195249312,0
features_0:597,features_0.npy,597,0,train,0,-5.328524286912634,0.004827802994362265,0
features_0:598,features_0.npy,598,0,train,0,-5.099789493618761,0.006061069520263291,0
features_0:599,features_0.npy,599,0,train,0,-2.8747913858377148,0.05341387652330473,0
features_0:600,features_0.npy,600,0,test,0,-5.772721002229415,0.003101630145244863,0
features_0:601,features_0.npy,601,0,train,0,-5.804943644490901,0.0030035758799305296,0
features_0:602,features_0.npy,602,0,train,0,-5.218403960364623,0.005386791646694352,0
features_0:603,features_0.npy,603,0,train,0,-5.4799011819520445,0.0041524271744414155,0
features_0:604,features_0.npy,604,0,train,0,-5.610676518378781,0.0036452569017341317,0
features_0:605,features_0.npy,605,0,train,0,-5.369619136852507,0.004634327251107636,0
features_0:606,features_0.npy,606,0,test,0,-5.757760044490215,0.003148235172713373,0
features_0:607,features_0.npy,607,0,train,0,-5.774502565815441,0.0030961264064314166,0
features_0:608,features_0.npy,608,0,test,0,-5.645586695430028,0.003520636282138114,0
features_0:609,features_0.npy,609,0,train,0,-5.965614127815406,0.0025589038105032105,0
features_0:610,features_0.npy,610,0,train,0,-3.991658289393409,0.01813414109242823,0
features_0:611,features_0.npy,611,0,train,0,-5.253796141950347,0.005200449779208819,0
features_0:612,features_0.npy,612,0,test,0,-3.245162473174395,0.037501106650470996,0
features_0:613,features_0.npy,613,0,train,0,-6.027035658134493,0.0024068284652735863,0
features_0:614,features_0.npy,614,0,train,0,-4.909301218394467,0.0073236109123373805,0
features_0:615,features_0.npy,615,0,train,0,-4.687680507463869,0.009124005320302123,0
features_0:616,features_0.npy,616,0,train,0,-5.749922759675936,0.003172927133416017,0
features_0:617,features_0.npy,617,0,train,0,-5.416569059216048,0.004422714712573234,0
features_0:618,features_0.npy,618,0,train,0,-5.114947304141298,0.005970434148132746,0
features_0:619,features_0.npy,619,0,train,0,-5.815283077288606,0.0029727724486416406,0
features_0:620,features_0.npy,620,0,train,0,-5.704057080327016,0.00332134997995413,0
features_0:621,features_0.npy,621,0,train,0,-4.471971092980969,0.011295723260213959,0
features_0:622,features_0.npy,622,0,train,0,-5.888722991315378,0.002762857875249973,0
features_0:623,features_0.npy,623,0,test,0,-5.299201895213608,0.004970747548454367,0
features_0:624,features_0.npy,624,0,train,0,-4.385621165860017,0.012301926687496526,0
features_0:625,features_0.npy,625,0,test,0,-5.930465133350999,0.002650203485785705,0
features_0:626,features_0.npy,626,0,train,0,-5.805263146592876,0.00300261926541176,0
features_0:627,features_0.npy,627,0,test,0,-5.536427498818714,0.00392511223002858,0
features_0:628,features_0.npy,628,0,train,0,-5.513133372829009,0.004017245904419229,0
features_0:629,features_0.npy,629,0,train,0,-5.741533595312394,0.0031995717806833227,0
features_0:630,features_0.npy,630,0,train,0,-5.208640582684429,0.005439355035058926,0
features_0:631,features_0.npy,631,0,train,0,-4.950887545498491,0.007027391145797349,0
features_0:632,features_0.npy,632,0,test,0,-5.842922732666596,0.0028919655468260153,0
features_0:633,features_0.npy,633,0,validation,0,-6.322154299909664,0.001792849977705795,0
features_0:634,features_0.npy,634,0,train,0,-5.840042789306908,0.002900282058021095,0
features_0:635,features_0.npy,635,0,test,0,-6.094183835993009,0.002250872757459592,0
features_0:636,features_0.npy,636,0,train,0,-5.6488996183007965,0.0035090328448815077,0
features_0:637,features_0.npy,637,0,train,0,-4.414432044290306,0.011956731751716833,0
features_0:638,features_0.npy,638,0,train,0,-4.588617899643758,0.010064574814867892,0
features_0:639,features_0.npy,639,0,test,0,-4.632057628232086,0.00964085714066223,0
features_0:640,features_0.npy,640,0,test,0,-3.9388947226818942,0.01909789165274809,0
features_0:641,features_0.npy,641,0,validation,0,-6.057367163677581,0.002335089674910862,0
features_0:642,features_0.npy,642,0,test,0,-4.650310108637316,0.009468134788979362,0
features_0:643,features_0.npy,643,0,train,0,-4.38478829241456,0.012312050702356758,0
features_0:644,features_0.npy,644,0,train,0,-4.2902342553514785,0.013516515771392356,0
features_0:645,features_0.npy,645,0,test,0,0.02121024386035382,0.5053023621834754,0
features_0:646,features_0.npy,646,0,test,0,-4.824486631288737,0.007966697546996044,0
features_0:647,features_0.npy,647,0,test,0,-3.947254763259121,0.018941909669096757,0
features_0:648,features_0.npy,648,0,test,0,-3.559847681591943,0.02765651811918882,0
features_0:649,features_0.npy,649,0,train,0,-2.3421911371762,0.0876884671736591,0
features_0:650,features_0.npy,650,0,train,0,-5.061497977574774,0.006296168216363342,0
features_0:651,features_0.npy,651,0,train,0,-5.179793764299805,0.005597657082133122,0
features_0:652,features_0.npy,652,0,train,0,-4.29871281501068,0.013403929244418916,0
features_0:653,features_0.npy,653,0,validation,0,-0.9040727649714987,0.2882142625268186,0
features_0:654,features_0.npy,654,0,train,0,-5.140325882467045,0.005821690560380118,0
features_0:655,features_0.npy,655,0,test,0,-5.713505207393828,0.0032902199838317926,0
features_0:656,features_0.npy,656,0,validation,0,-3.316132037366583,0.03502189287988473,0
features_0:657,features_0.npy,657,0,train,0,-5.375790925297753,0.004605944579373387,0
features_0:658,features_0.npy,658,0,test,0,-4.949091230430158,0.007039936951138992,0
features_0:659,features_0.npy,659,0,validation,0,-1.1113868688264101,0.24761242376027193,0
features_0:660,features_0.npy,660,0,train,0,-5.5780455986454385,0.003765711649585609,0
features_0:661,features_0.npy,661,0,train,0,-4.835457161282106,0.007880461289829731,0
features_0:662,features_0.npy,662,0,train,0,-6.0629190169650915,0.002322191542089108,0
features_0:663,features_0.npy,663,0,validation,0,-4.426119567187416,0.01181944272570775,0
features_0:664,features_0.npy,664,0,train,0,-5.26087276872823,0.0051639674178019295,0
features_0:665,features_0.npy,665,0,train,0,-6.148431896397261,0.0021322736088863685,0
features_0:666,features_0.npy,666,0,train,0,-5.164430768144934,0.00568382528173539,0
features_0:667,features_0.npy,667,0,train,0,-5.170169708347373,0.0056514833876771635,0
features_0:668,features_0.npy,668,0,train,0,-4.337060108727507,0.012906163635918086,0
features_0:669,features_0.npy,669,0,train,0,-4.42723146472585,0.011806463094430113,0
features_0:670,features_0.npy,670,0,train,0,-5.192963954477952,0.005524822849079634,0
features_0:671,features_0.npy,671,0,train,0,-6.7229964616466855,0.001201482981834096,0
features_0:672,features_0.npy,672,0,train,0,-4.442905559575116,0.011624984710943026,0
features_0:673,features_0.npy,673,0,train,0,-5.60207538110316,0.0036766297095758085,0
features_0:674,features_0.npy,674,0,train,0,-3.8076148355943715,0.021718886555613937,0
features_0:675,features_0.npy,675,0,train,0,-5.777248341036896,0.003087663012915774,0
features_0:676,features_0.npy,676,0,train,0,-5.6573455088605344,0.003479623431943788,0
features_0:677,features_0.npy,677,0,train,0,-5.41027213109543,0.004450527760649737,0
features_0:678,features_0.npy,678,0,train,0,-4.270046957210285,0.013788349956553283,0
features_0:679,features_0.npy,679,0,train,0,-5.274928238489446,0.005092260156414293,0
features_0:680,features_0.npy,680,0,train,0,-5.678496876713823,0.003407045656613771,0
features_0:681,features_0.npy,681,0,test,0,-6.190708795260674,0.0020441871001295286,0
features_0:682,features_0.npy,682,0,train,0,-4.8220700958151825,0.007985818706958739,0
features_0:683,features_0.npy,683,0,test,0,-4.730061563830463,0.00874871216436102,0
features_0:684,features_0.npy,684,0,validation,0,-0.8177210365629942,0.3062476346007259,0
features_0:685,features_0.npy,685,0,validation,0,-3.2892810441851585,0.03594074868129456,0
features_0:686,features_0.npy,686,0,validation,0,-2.7574314382107525,0.05966831997721336,0
features_0:687,features_0.npy,687,0,test,0,-4.657216497540594,0.009403582243100702,0
features_0:688,features_0.npy,688,0,train,0,-5.356822593328116,0.00469373154155036,0
features_0:689,features_0.npy,689,0,validation,0,-3.305999428799317,0.03536594607586731,0
features_0:690,features_0.npy,690,0,validation,0,-0.9047844763908285,0.28806827921589556,0
features_0:691,features_0.npy,691,0,train,0,-4.847205904528086,0.007789134472682693,0
features_0:692,features_0.npy,692,0,train,0,-5.121477704782934,0.00593180237588975,0
features_0:693,features_0.npy,693,0,train,0,-4.386037132814678,0.01229687346907386,0
features_0:694,features_0.npy,694,0,train,0,-6.053373965186026,0.00234441088941776,0
features_0:695,features_0.npy,695,0,train,0,-5.537707195681244,0.0039201121667300715,0
features_0:696,features_0.npy,696,0,validation,0,-4.9312249899678555,0.007165935050870912,0
features_0:697,features_0.npy,697,0,train,0,-5.776380615489256,0.003090335136399711,0
features_0:698,features_0.npy,698,0,validation,0,-0.9133810096334447,0.28630847664563297,0
features_0:699,features_0.npy,699,0,test,0,-0.6650345102935831,0.33960958708476846,0
features_0:700,features_0.npy,700,0,train,0,-5.10025060459263,0.0060582922668250844,0
features_0:701,features_0.npy,701,0,train,0,-5.803581259908454,0.0030076583783218394,0
features_0:702,features_0.npy,702,0,validation,0,-2.449560982639143,0.07947065960270891,0
features_0:703,features_0.npy,703,0,test,0,-2.7473984381454626,0.0602337448790698,0
features_0:704,features_0.npy,704,0,train,0,-5.511915235020605,0.0040221227507780035,0
features_0:705,features_0.npy,705,0,train,0,-4.625534523556228,0.009703338799925198,0
features_0:706,features_0.npy,706,0,train,0,-6.038784495445902,0.0023787833663456524,0
features_0:707,features_0.npy,707,0,train,0,-5.677143678484344,0.0034116434458538345,0
features_0:708,features_0.npy,708,0,train,0,-3.2980033119673315,0.035639750968031125,0
features_0:709,features_0.npy,709,0,test,0,-5.000648267670366,0.006688542582011954,0
features_0:710,features_0.npy,710,0,train,0,-2.9899715661232857,0.04788098608812228,0
features_0:711,features_0.npy,711,0,train,0,-5.666089121746332,0.003449436064613396,0
features_0:712,features_0.npy,712,0,train,0,-4.468932455221931,0.011329709604824895,0
features_0:713,features_0.npy,713,0,train,0,-4.541264994002247,0.010547478092552205,0
features_0:714,features_0.npy,714,0,train,0,-4.568544086824491,0.01026655548719576,0
features_0:715,features_0.npy,715,0,train,0,-4.73231805030955,0.00872916520118739,0
features_0:716,features_0.npy,716,0,train,0,-4.202943286972973,0.014731251043887741,0
features_0:717,features_0.npy,717,0,train,0,-5.033569421131204,0.006473335310608522,0
features_0:718,features_0.npy,718,0,train,0,-4.715229725192561,0.008878278085894302,0
features_0:719,features_0.npy,719,0,test,0,-5.110729800662331,0.005995516360843075,0
features_0:720,features_0.npy,720,0,train,0,-5.285265429343948,0.0050401555748798045,0
features_0:721,features_0.npy,721,0,train,0,-5.536321650765296,0.003925526086499527,0
features_0:722,features_0.npy,722,0,train,0,-5.740013766598711,0.0032044226846148476,0
features_0:723,features_0.npy,723,0,train,0,-6.175202591782763,0.002076065391900872,0
features_0:724,features_0.npy,724,0,train,0,-4.469478287177764,0.011323597182057962,0
features_0:725,features_0.npy,725,0,validation,0,-5.373633998801516,0.004615844078733222,0
features_0:726,features_0.npy,726,0,test,0,-2.051051297950843,0.11394619656549276,0
features_0:727,features_0.npy,727,0,train,0,-4.704829094069978,0.008970267011762779,0
features_0:728,features_0.npy,728,0,train,0,-4.306772011232989,0.013297769195550395,0
features_0:729,features_0.npy,729,0,test,0,-5.995124299370897,0.0024846783370474613,0
features_0:730,features_0.npy,730,0,train,0,-6.101071692821348,0.0022354568781284903,0
features_0:731,features_0.npy,731,0,train,0,-4.667520886657981,0.009308078905212638,0
features_0:732,features_0.npy,732,0,train,0,-4.613995748594783,0.009814846621538772,0
features_0:733,features_0.npy,733,0,train,0,-5.1910622444581564,0.005535281244268239,0
features_0:734,features_0.npy,734,0,train,0,-2.9607279715281702,0.04923191990854933,0
features_0:735,features_0.npy,735,0,train,0,-4.090977474501159,0.016447824395399106,0
features_0:736,features_0.npy,736,0,train,0,-5.528258635603457,0.00395717985278171,0
features_0:737,features_0.npy,737,0,train,0,-2.8599853223794542,0.054167452459832545,0
features_0:738,features_0.npy,738,0,train,0,-3.757343035969605,0.022813099226637074,0
features_0:739,features_0.npy,739,0,train,0,-4.164155107449694,0.015304958837373723,0
features_0:740,features_0.npy,740,0,validation,0,-1.707229862565001,0.1535233606218094,0
features_0:741,features_0.npy,741,0,train,0,-4.782569292519046,0.008304905819483403,0
features_0:742,features_0.npy,742,0,test,0,-2.047748017803815,0.11428012940017784,0
features_0:743,features_0.npy,743,0,train,0,-5.532853057547457,0.003939112052974861,0
features_0:744,features_0.npy,744,0,train,0,-2.26623924332967,0.09395787616536366,0
features_0:745,features_0.npy,745,0,train,0,-4.715735780207866,0.008873826184478593,0
features_0:746,features_0.npy,746,0,train,0,-4.43579610420876,0.01170695551110891,0
features_0:747,features_0.npy,747,0,test,0,-5.042111210936198,0.006418630323820973,0
features_0:748,features_0.npy,748,0,validation,0,-5.51834622875074,0.003996442540693685,0
features_0:749,features_0.npy,749,0,validation,0,-5.388415304687498,0.004548425699736552,0
features_0:750,features_0.npy,750,0,train,0,-5.6138979647961875,0.003633575396796017,0
features_0:751,features_0.npy,751,0,test,0,-3.0860849985660868,0.04368489824775114,0
features_0:752,features_0.npy,752,0,train,0,-4.537596199375818,0.010585835307745255,0
features_0:753,features_0.npy,753,0,train,0,-3.0721728497742102,0.04426980325242575,0
features_0:754,features_0.npy,754,0,train,0,-5.107663169220941,0.006013819880225679,0
features_0:755,features_0.npy,755,0,train,0,-5.018776009253474,0.006569176102241285,0
features_0:756,features_0.npy,756,0,train,0,-3.787453008081126,0.022151424787078648,0
features_0:757,features_0.npy,757,0,train,0,-4.852843766393757,0.007745683154258915,0
features_0:758,features_0.npy,758,0,test,0,-5.611350151376664,0.0036428111054370663,0
features_0:759,features_0.npy,759,0,train,0,-5.328827937951061,0.004826344323707744,0
features_0:760,features_0.npy,760,0,train,0,-5.0285927440601785,0.006505421207678394,0
features_0:761,features_0.npy,761,0,test,0,-2.2677983809414712,0.09382523110338084,0
features_0:762,features_0.npy,762,0,train,0,-5.824545292036597,0.00294544584089044,0
features_0:763,features_0.npy,763,0,validation,0,-4.841043604544436,0.007836904327397023,0
features_0:764,features_0.npy,764,0,train,0,-3.5844771376049853,0.02700184109531458,0
features_0:765,features_0.npy,765,0,train,0,-4.25859518338134,0.013944944028814093,0
features_0:766,features_0.npy,766,0,test,0,-5.620845903152496,0.0036085078236205662,0
features_0:767,features_0.npy,767,0,train,0,-4.484169196187939,0.011160302218997718,0
features_0:768,features_0.npy,768,0,test,0,-2.9970113251129233,0.04756107429796991,0
features_0:769,features_0.npy,769,0,validation,0,-4.472594466070243,0.011288763469070739,0
features_0:770,features_0.npy,770,0,train,0,-5.35922695056042,0.004682512470964206,0
features_0:771,features_0.npy,771,0,train,0,-3.5980760916033505,0.026646848174597844,0
features_0:772,features_0.npy,772,0,train,0,-6.10809178152205,0.002219853441785628,0
features_0:773,features_0.npy,773,0,validation,0,-4.905298529724736,0.007352767820818914,0
features_0:774,features_0.npy,774,0,train,0,-5.833495244887685,0.002919278469385612,0
features_0:775,features_0.npy,775,0,test,0,-2.859673036071476,0.054183454158032,0
features_0:776,features_0.npy,776,0,validation,0,-5.342872488728422,0.004759354614429381,0
features_0:777,features_0.npy,777,0,train,0,-5.197802578637034,0.005498301506487839,0
features_0:778,features_0.npy,778,0,train,0,-4.13347170878384,0.01577432326420061,0
features_0:779,features_0.npy,779,0,validation,0,0.24407918353362903,0.5607186537291424,0
features_0:780,features_0.npy,780,0,train,0,-4.228085507588704,0.014370748177181116,0
features_0:781,features_0.npy,781,0,train,0,-4.848558869368049,0.007778685093113004,0
features_0:782,features_0.npy,782,0,train,0,-5.0282980226426615,0.006507326298948223,0
features_0:783,features_0.npy,783,0,train,0,-5.319492019373758,0.004871393143219204,0
features_0:784,features_0.npy,784,0,test,0,-6.0541501169447125,0.002342596237728269,0
features_0:785,features_0.npy,785,0,train,0,-5.799712826779172,0.003019280640006722,0
features_0:786,features_0.npy,786,0,train,0,-3.877833247966324,0.020275994651762254,0
features_0:787,features_0.npy,787,0,train,0,-3.5047309553240114,0.029177920100393925,0
features_0:788,features_0.npy,788,0,train,0,-4.980408131190943,0.006824365636274439,0
features_0:789,features_0.npy,789,0,test,0,-1.9069233023268242,0.12932689784910067,0
features_0:790,features_0.npy,790,0,validation,0,-4.249000244518224,0.014077496230971827,0
features_0:791,features_0.npy,791,0,test,0,-6.278246200731546,0.0018731736810852018,0
features_0:792,features_0.npy,792,0,train,0,-3.2662105054224155,0.03674873457690883,0
features_0:793,features_0.npy,793,0,train,0,-5.9578782771424414,0.0025787246282436955,0
features_0:794,features_0.npy,794,0,test,0,-5.739299622475365,0.0032067045806624178,0
features_0:795,features_0.npy,795,0,validation,0,-0.6566782154240138,0.34148619865554647,0
features_0:796,features_0.npy,796,0,train,0,-2.784848927531398,0.058148423765714545,0
features_0:797,features_0.npy,797,0,test,0,-4.6504500252907315,0.009466822672212053,0
features_0:798,features_0.npy,798,0,train,0,-5.7003397638189774,0.003333678229581454,0
features_0:799,features_0.npy,799,0,train,0,-5.034905845396387,0.006464745856386299,0
features_0:800,features_0.npy,800,0,test,0,-4.377545511608902,0.012400438095460601,0
features_0:801,features_0.npy,801,0,validation,0,-5.511428889682338,0.004024071493620542,0
features_0:802,features_0.npy,802,0,train,0,-4.7884544786159395,0.008256575805982148,0
features_0:803,features_0.npy,803,0,train,0,-5.362494155877635,0.004667309993565792,0
features_0:804,features_0.npy,804,0,validation,0,-5.060042729909309,0.006305279556458149,0
features_0:805,features_0.npy,805,0,validation,0,-5.225187436524334,0.005350568986722662,0
features_0:806,features_0.npy,806,0,train,0,-6.652989575057493,0.001288496939878686,0
features_0:807,features_0.npy,807,0,train,0,-5.508829159486082,0.004034504342246374,0
features_0:808,features_0.npy,808,0,train,0,-5.635959132553874,0.003554574053370506,0
features_0:809,features_0.npy,809,0,train,0,-5.664893240508767,0.0034535493932278767,0
features_0:810,features_0.npy,810,0,train,0,-5.728970763739737,0.0032398899574505,0
features_0:811,features_0.npy,811,0,train,0,-4.73242321021809,0.008728255302990097,0
features_0:812,features_0.npy,812,0,train,0,-5.630703347692351,0.003573238379233152,0
features_0:813,features_0.npy,813,0,train,0,-5.446167079540252,0.004294283283601424,0
features_0:814,features_0.npy,814,0,train,0,-3.4579604837287063,0.030532345424672456,0
features_0:815,features_0.npy,815,0,test,0,-5.3976047045966915,0.004507007374019292,0
features_0:816,features_0.npy,816,0,train,0,-5.940724364220374,0.00262322438837903,0
features_0:817,features_0.npy,817,0,train,0,-5.701380532082316,0.0033302219964540664,0
features_0:818,features_0.npy,818,0,train,0,-5.4708823238471425,0.004189889091867882,0
features_0:819,features_0.npy,819,0,train,0,-4.20711870739234,0.014670770617819205,0
features_0:820,features_0.npy,820,0,train,0,-5.250739060445258,0.005216289247379956,0
features_0:821,features_0.npy,821,0,validation,0,-4.925369118360148,0.007207717607743579,0
features_0:822,features_0.npy,822,0,validation,0,-5.997566337248733,0.0024786330823578276,0
features_0:823,features_0.npy,823,0,train,0,-5.714093996621737,0.0032882896763020645,0
features_0:824,features_0.npy,824,0,train,0,-5.260233342640655,0.005167253381593812,0
features_0:825,features_0.npy,825,0,train,0,-2.8999265065076454,0.05215719624361809,0
features_0:826,features_0.npy,826,0,train,0,-6.139761978476597,0.0021508006830414316,0
features_0:827,features_0.npy,827,0,validation,0,-2.1270081240415126,0.10649935534683327,0
features_0:828,features_0.npy,828,0,train,0,-1.6517588350743335,0.16087137965877296,0
features_0:829,features_0.npy,829,0,train,0,-6.2709660967423035,0.0018868345155137504,0
features_0:830,features_0.npy,830,0,validation,0,-2.1527807115712885,0.10407166188362964,0
features_0:831,features_0.npy,831,0,validation,0,-4.577581825726643,0.010175126929208937,0
features_0:832,features_0.npy,832,0,train,0,-2.9883561058522528,0.04795468614575738,0
features_0:833,features_0.npy,833,0,test,0,-3.482629585481448,0.02981053318249985,0
features_0:834,features_0.npy,834,0,train,0,-5.319402415705187,0.004871827530850078,0
features_0:835,features_0.npy,835,0,validation,0,-1.5610278296077447,0.1734992096312284,0
features_0:836,features_0.npy,836,0,train,0,-4.359290578966473,0.012626001680317812,0
features_0:837,features_0.npy,837,0,validation,0,-5.322610508237957,0.004856299079426614,0
features_0:838,features_0.npy,838,0,train,0,-4.915534375292761,0.007278434892180936,0
features_0:839,features_0.npy,839,0,train,0,-3.336279676095506,0.03434733836508623,0
features_0:840,features_0.npy,840,0,test,0,-2.762419026768088,0.05938909012230676,0
features_0:841,features_0.npy,841,0,train,0,-5.336927098694108,0.004787599242431268,0
features_0:842,features_0.npy,842,0,train,0,-5.332681053801158,0.004807872878492226,0
features_0:843,features_0.npy,843,0,train,0,-3.225120330634185,0.03823126700633548,0
features_0:844,features_0.npy,844,0,train,0,-5.092485378341839,0.006105231071775789,0
features_0:845,features_0.npy,845,0,train,0,-3.3651278869113157,0.033403259994755054,0
features_0:846,features_0.npy,846,0,train,0,-5.728714331938879,0.003240718182030171,0
features_0:847,features_0.npy,847,0,train,0,-5.069077820583639,0.006248921759629882,0
features_0:848,features_0.npy,848,0,train,0,-5.678094282832778,0.0034084129123843863,0
features_0:849,features_0.npy,849,0,train,0,-5.4200795781762405,0.0044072842166900696,0
features_0:850,features_0.npy,850,0,train,0,-2.037147551024846,0.11535750566961707,0
features_0:851,features_0.npy,851,0,test,0,-1.9143077453818793,0.1284976723797934,0
features_0:852,features_0.npy,852,0,train,0,-5.178710416528809,0.0056036905770997705,0
features_0:853,features_0.npy,853,0,validation,0,-2.769380754459634,0.05900138472682529,0
features_0:854,features_0.npy,854,0,validation,0,-2.6768634775291775,0.06435247243080172,0
features_0:855,features_0.npy,855,0,train,0,-4.866805433809198,0.007639112300558175,0
features_0:856,features_0.npy,856,0,test,0,-5.67099786169815,0.003432603150148542,0
features_0:857,features_0.npy,857,0,train,0,-3.239245336488781,0.03771526982869859,0
features_0:858,features_0.npy,858,0,train,0,-4.238948707281915,0.014217688291367991,0
features_0:859,features_0.npy,859,0,train,0,-6.020427609475634,0.0024227469094556596,0
features_0:860,features_0.npy,860,0,validation,0,-3.262611622667017,0.03687634138937818,0
features_0:861,features_0.npy,861,0,train,0,-3.274403790283278,0.036459804771216346,0
features_0:862,features_0.npy,862,0,train,0,-4.7809853095644295,0.008317961564686194,0
features_0:863,features_0.npy,863,0,test,0,-5.77880415590408,0.0030828777140069537,0
features_0:864,features_0.npy,864,0,train,0,-4.716681373039522,0.008865513479643553,0
features_0:865,features_0.npy,865,0,train,0,-4.915756900700807,0.007276827220183567,0
features_0:866,features_0.npy,866,0,validation,0,-3.2302612148131287,0.03804268664620126,0
features_0:867,features_0.npy,867,0,train,0,-4.082843162423442,0.016579934457600295,0
features_0:868,features_0.npy,868,0,train,0,-6.373688703466817,0.001702950225343578,0
features_0:869,features_0.npy,869,0,train,0,-5.663148729348932,0.0034595585456839544,0
features_0:870,features_0.npy,870,0,test,0,-4.938532318575648,0.007114133228994523,0
features_0:871,features_0.npy,871,0,validation,0,-5.255588291687307,0.005191186479373025,0
features_0:872,features_0.npy,872,0,train,0,-4.381267738596353,0.01235493585729638,0
features_0:873,features_0.npy,873,0,train,0,-4.387585314183853,0.012278083974784698,0
features_0:874,features_0.npy,874,0,train,0,-4.916367920667287,0.007272414616931611,0
features_0:875,features_0.npy,875,0,train,0,-2.651295243445012,0.06590922272404162,0
features_0:876,features_0.npy,876,0,test,0,-5.409671412319989,0.004453190170162477,0
features_0:877,features_0.npy,877,0,validation,0,-1.3865048138232299,0.19996632969339212,0
features_0:878,features_0.npy,878,0,test,0,-4.6980619340828005,0.009030626054879039,0
features_0:879,features_0.npy,879,0,train,0,-4.913409005478861,0.0072938077581386155,0
features_0:880,features_0.npy,880,0,test,0,-5.031435279626242,0.006487075361527813,0
features_0:881,features_0.npy,881,0,train,0,-3.3735033784966033,0.03313389072273955,0
features_0:882,features_0.npy,882,0,train,0,-2.6381684001242562,0.06672199914557675,0
features_0:883,features_0.npy,883,0,validation,0,-4.942931863727089,0.007083124235744444,0
features_0:884,features_0.npy,884,0,train,0,-5.6405916195623105,0.00353820374404193,0
features_0:885,features_0.npy,885,0,train,0,-2.6833234575890548,0.06396460199716249,0
features_0:886,features_0.npy,886,0,train,0,-4.814564660180498,0.008045497208326388,0
features_0:887,features_0.npy,887,0,train,0,-5.1569704187123175,0.005726143454847252,0
features_0:888,features_0.npy,888,0,train,0,-4.541443413974948,0.010545616223493318,0
features_0:889,features_0.npy,889,0,train,0,-5.045479088513031,0.006397187580249832,0
features_0:890,features_0.npy,890,0,train,0,-2.7158279494440714,0.06204582031435579,0
features_0:891,features_0.npy,891,0,validation,0,-5.6501500293447355,0.003504663221468699,0
features_0:892,features_0.npy,892,0,train,0,-4.976962163379757,0.006847761432332202,0
features_0:893,features_0.npy,893,0,train,0,-5.450645234697252,0.004275177840931495,0
features_0:894,features_0.npy,894,0,train,0,-5.035391860712225,0.006461624951554966,0
features_0:895,features_0.npy,895,0,test,0,-2.887948391119902,0.05275254272201162,0
features_0:896,features_0.npy,896,0,validation,0,-4.859725335267429,0.007692972331042864,0
features_0:897,features_0.npy,897,0,validation,0,-0.541937972194173,0.36773687581282966,0
features_0:898,features_0.npy,898,0,train,0,-3.187303197459911,0.03964633158044363,0
features_0:899,features_0.npy,899,0,train,0,-5.718956963149424,0.0032723898534310716,0
features_0:900,features_0.npy,900,0,train,0,-3.92591456951455,0.019342574889360052,0
features_0:901,features_0.npy,901,0,train,0,-4.938667812979625,0.007113176225158759,0
features_0:902,features_0.npy,902,0,test,0,-4.044086268967138,0.017223850892747895,0
features_0:903,features_0.npy,903,0,train,0,-5.99221520052323,0.00249189899776844,0
features_0:904,features_0.npy,904,0,train,0,-5.652949962315013,0.0034948983710239266,0
features_0:905,features_0.npy,905,0,train,0,-5.592219461203506,0.0037129102296323776,0
features_0:906,features_0.npy,906,0,train,0,-5.413505976185181,0.004436222433897373,0
features_0:907,features_0.npy,907,0,train,0,-5.08932102845757,0.006124462251033641,0
features_0:908,features_0.npy,908,0,train,0,-3.990137687379681,0.01816123570608137,0
features_0:909,features_0.npy,909,0,train,0,-4.55458268470918,0.01040939375198986,0
features_0:910,features_0.npy,910,0,train,0,-5.243475642753163,0.005254115474140969,0
features_0:911,features_0.npy,911,0,test,0,-3.066735304832477,0.04450043666608414,0
features_0:912,features_0.npy,912,0,train,0,-3.9790849951856635,0.018359373930337645,0
features_0:913,features_0.npy,913,0,validation,0,-3.3090655591242863,0.035261493327272166,0
features_0:914,features_0.npy,914,0,train,0,-4.8385506695133245,0.007856311913677196,0
features_0:915,features_0.npy,915,0,train,0,-5.445442668064415,0.004297381865464959,0
features_0:916,features_0.npy,916,0,train,0,-4.5345049412799865,0.010618261482656667,0
features_0:917,features_0.npy,917,0,train,0,-4.656001138457479,0.009414910254141111,0
features_0:918,features_0.npy,918,0,train,0,-5.0588476910633755,0.006312771519089844,0
features_0:919,features_0.npy,919,0,train,0,-5.768658166708259,0.003114217868435906,0
features_0:920,features_0.npy,920,0,test,0,-5.152346958605891,0.005752526698794832,0
features_0:921,features_0.npy,921,0,train,0,-4.238529805985422,0.014223560616505884,0
features_0:922,features_0.npy,922,0,train,0,-4.630643565352696,0.00965436785326194,0
features_0:923,features_0.npy,923,0,train,0,-5.658789124972631,0.003474621256830469,0
features_0:924,features_0.npy,924,0,train,0,-5.516929270535115,0.004002086667601914,0
features_0:925,features_0.npy,925,0,train,0,-4.722118620454093,0.00881786420347991,0
features_0:926,features_0.npy,926,0,train,0,-5.898157865967517,0.0027369842522069637,0
features_0:927,features_0.npy,927,0,validation,0,-5.261693259836709,0.005159754019038469,0
features_0:928,features_0.npy,928,0,test,0,-2.545280591210278,0.07274417992666028,0
features_0:929,features_0.npy,929,0,test,0,0.22494534106724384,0.5560003972655813,0
features_0:930,features_0.npy,930,0,train,0,-6.055933407302241,0.002338432191270363,0
features_0:931,features_0.npy,931,0,train,0,-3.9117081086005236,0.01961389743306264,0
features_0:932,features_0.npy,932,0,train,0,-4.738330206515873,0.008677295570904556,0
features_0:933,features_0.npy,933,0,train,0,-5.256793686369919,0.005184965245618363,0
features_0:934,features_0.npy,934,0,train,0,-5.038708340839916,0.00644036838491767,0
features_0:935,features_0.npy,935,0,test,0,-6.160059055974247,0.002107676849825703,0
features_0:936,features_0.npy,936,0,train,0,-5.6855760036571965,0.003383093225604577,0
features_0:937,features_0.npy,937,0,train,0,-4.524629320479751,0.010722512949974995,0
features_0:938,features_0.npy,938,0,train,0,-2.6562399966495875,0.06560545067554467,0
features_0:939,features_0.npy,939,0,train,0,-3.4057647502783537,0.032115786971470696,0
features_0:940,features_0.npy,940,0,train,0,-6.68376149979606,0.0012495000332166492,0
features_0:941,features_0.npy,941,0,train,0,-4.770275880407542,0.008406767988962456,0
features_0:942,features_0.npy,942,0,train,0,-4.50872965317021,0.01089248803228373,0
features_0:943,features_0.npy,943,0,train,0,-4.236881180984307,0.01424669492352721,0
features_0:944,features_0.npy,944,0,train,0,-5.205160303971507,0.005458214979911925,0
features_0:945,features_0.npy,945,0,train,0,-5.633738514453891,0.003562448024502527,0
features_0:946,features_0.npy,946,0,train,0,-5.376260300568029,0.0046037931208680015,0
features_0:947,features_0.npy,947,0,train,0,-4.6096827457439895,0.00985685134620904,0
features_0:948,features_0.npy,948,0,train,0,-1.6900832197302165,0.15576489623319023,0
features_0:949,features_0.npy,949,0,train,0,-4.76061518584369,0.008487684101265651,0
features_0:950,features_0.npy,950,0,train,0,-5.158296912636698,0.005718596203851979,0
features_0:951,features_0.npy,951,0,validation,0,-5.376567189746343,0.0046023869848571975,0
features_0:952,features_0.npy,952,0,train,0,-5.279296554737415,0.005070176606779985,0
features_0:953,features_0.npy,953,0,train,0,-5.8723065775353565,0.0028084599997558256,0
features_0:954,features_0.npy,954,0,validation,0,-3.6251023734706167,0.025954768956307248,0
features_0:955,features_0.npy,955,0,validation,0,-6.415658913108565,0.001633070459774736,0
features_0:956,features_0.npy,956,0,test,0,-5.637845220437418,0.003547899896288241,0
features_0:957,features_0.npy,957,0,test,0,-5.10975394858124,0.00600133482424668,0
features_0:958,features_0.npy,958,0,train,0,-3.2465924466177145,0.03744952620479971,0
features_0:959,features_0.npy,959,0,test,0,-3.191424356119034,0.03948971787288864,0
features_0:960,features_0.npy,960,0,validation,0,-0.5438942269784497,0.36728215172687506,0
features_0:961,features_0.npy,961,0,validation,0,-5.442786534942613,0.0043087622089234695,0
features_0:962,features_0.npy,962,0,train,0,-4.863281386146578,0.007665873652964149,0
features_0:963,features_0.npy,963,0,train,0,-5.733490108495895,0.0032253279337797246,0
features_0:964,features_0.npy,964,0,train,0,-4.949420949412698,0.007037632465985904,0
features_0:965,features_0.npy,965,0,train,0,-4.229721441039517,0.014347594839387006,0
features_0:966,features_0.npy,966,0,train,0,-4.991543613676356,0.006749304625399807,0
features_0:967,features_0.npy,967,0,train,0,-5.153773952585723,0.005744370852894219,0
features_0:968,features_0.npy,968,0,train,0,-4.89616334203736,0.007419743812103975,0
features_0:969,features_0.npy,969,0,train,0,-4.939914642150232,0.007104375805105364,0
features_0:970,features_0.npy,970,0,train,0,-5.485234049184587,0.004130432995494858,0
features_0:971,features_0.npy,971,0,validation,0,-6.706662365028379,0.0012212451127366164,0
features_0:972,features_0.npy,972,0,validation,0,1.4799662394811548,0.8145674813259657,1
features_0:973,features_0.npy,973,0,train,0,-5.837366817794643,0.0029080309239963146,0
features_0:974,features_0.npy,974,0,train,0,-5.897328342684,0.002739249364552322,0
features_0:975,features_0.npy,975,0,validation,0,-2.6319561987844535,0.06710987677174815,0
features_0:976,features_0.npy,976,0,train,0,-4.298886225637495,0.013401636210016592,0
features_0:977,features_0.npy,977,0,train,0,-5.237243503988286,0.00528678844376009,0
features_0:978,features_0.npy,978,0,train,0,-2.991816071017817,0.04779696815562026,0
features_0:979,features_0.npy,979,0,train,0,-5.414114768360515,0.004433534488487538,0
features_0:980,features_0.npy,980,0,test,0,0.345489346538448,0.5855233315338375,0
features_0:981,features_0.npy,981,0,test,0,-3.636068595845731,0.025678967100158306,0
features_0:982,features_0.npy,982,0,train,0,-4.156235190034382,0.015424776997001526,0
features_0:983,features_0.npy,983,0,train,0,-6.329904591999789,0.0017790331977696893,0
features_0:984,features_0.npy,984,0,train,0,-3.245154651229929,0.037501388982807374,0
features_0:985,features_0.npy,985,0,train,0,-5.720471864589917,0.003267452444015995,0
features_0:986,features_0.npy,986,0,train,0,-5.135410856144076,0.005850206948288871,0
features_0:987,features_0.npy,987,0,train,0,-5.724793498563125,0.003253408020323365,0
features_0:988,features_0.npy,988,0,train,0,-5.401210215263297,0.0044908594159177705,0
features_0:989,features_0.npy,989,0,train,0,-4.724579201361232,0.008796384428132738,0
features_0:990,features_0.npy,990,0,train,0,-5.650016516340869,0.0035051295305978136,0
features_0:991,features_0.npy,991,0,test,0,-2.088075543679664,0.1102612290737067,0
features_0:992,features_0.npy,992,0,test,0,-3.405368595770998,0.032128103464815774,0
features_0:993,features_0.npy,993,0,train,0,-5.0591675885137795,0.006310765144718532,0
features_0:994,features_0.npy,994,0,train,0,-4.780633985967035,0.008320860053972565,0
features_0:995,features_0.npy,995,0,validation,0,-5.986480340852316,0.0025061948266842525,0
features_0:996,features_0.npy,996,0,validation,0,-4.745871635787641,0.008612663979623987,0
features_0:997,features_0.npy,997,0,train,0,-6.15150910984399,0.002125736159522221,0
features_0:998,features_0.npy,998,0,train,0,-5.618628586955155,0.0036164889352586858,0
features_0:999,features_0.npy,999,0,train,0,-5.2052159177452895,0.005457913093133454,0
features_0:1000,features_0.npy,1000,0,train,0,-4.997877107584032,0.006706978823339212,0
features_0:1001,features_0.npy,1001,0,train,0,-5.831686201748549,0.0029245488910074153,0
features_0:1002,features_0.npy,1002,0,validation,0,-1.1247358694867087,0.2451338854143126,0
features_0:1003,features_0.npy,1003,0,test,0,-4.440157257523506,0.011656604694498415,0
features_0:1004,features_0.npy,1004,0,train,0,-5.243445590893529,0.005254272542813483,0
features_0:1005,features_0.npy,1005,0,train,0,-5.8682038032086306,0.002819973586932506,0
features_0:1006,features_0.npy,1006,0,train,0,-5.450507134316023,0.00427576576078831,0
features_0:1007,features_0.npy,1007,0,train,0,-5.107600505414386,0.006014194474365696,0
features_0:1008,features_0.npy,1008,0,test,0,-5.498686015018446,0.004075467520595326,0
features_0:1009,features_0.npy,1009,0,train,0,-5.912125953131719,0.002699122053060956,0
features_0:1010,features_0.npy,1010,0,train,0,-4.741890720422291,0.008646721547195143,0
features_0:1011,features_0.npy,1011,0,validation,0,-5.145430514179891,0.0057922203861178806,0
features_0:1012,features_0.npy,1012,0,validation,0,-5.952994791085475,0.002591315880719531,0
features_0:1013,features_0.npy,1013,0,train,0,-4.6409607385730505,0.009556221091857515,0
features_0:1014,features_0.npy,1014,0,validation,0,0.3891287280718091,0.5960729407345463,0
features_0:1015,features_0.npy,1015,0,test,0,-5.108021684102226,0.006011677181862865,0
features_0:1016,features_0.npy,1016,0,validation,0,-1.4789369750916064,0.18558803661954387,0
features_0:1017,features_0.npy,1017,0,validation,0,-6.026354381769463,0.002408464788755949,0
features_0:1018,features_0.npy,1018,0,train,0,-5.704720585013736,0.0033191542917055967,0
features_0:1019,features_0.npy,1019,0,validation,0,-2.1823613479509287,0.10134566625000646,0
features_0:1020,features_0.npy,1020,0,test,0,-1.1215410825949632,0.24572554045507666,0
features_0:1021,features_0.npy,1021,0,test,0,-5.112446390508592,0.0059852948935907695,0
features_0:1022,features_0.npy,1022,0,train,0,-3.9594085457313106,0.018717370121020375,0
features_0:1023,features_0.npy,1023,0,train,0,-2.121813362553914,0.10699468593842332,0
features_0:1024,features_0.npy,1024,0,train,0,-5.421871022307973,0.00439943058529392,0
features_0:1025,features_0.npy,1025,0,validation,0,-6.079353958393873,0.0022844248422047406,0
features_0:1026,features_0.npy,1026,0,train,0,-5.8070761954761,0.002997196603591881,0
features_0:1027,features_0.npy,1027,0,train,0,-6.249789049368317,0.001927140368733901,0
features_0:1028,features_0.npy,1028,0,validation,0,-4.714792343906867,0.008882127629363001,0
features_0:1029,features_0.npy,1029,0,train,0,-4.628301443087665,0.009676786998406543,0
features_0:1030,features_0.npy,1030,0,train,0,-5.222394207900571,0.005365454940758957,0
features_0:1031,features_0.npy,1031,0,train,0,-5.281204481043452,0.005060561212561182,0
features_0:1032,features_0.npy,1032,0,train,0,-6.20678787860481,0.0020116468750653632,0
features_0:1033,features_0.npy,1033,0,train,0,-3.831654942569523,0.021213932404777897,0
features_0:1034,features_0.npy,1034,0,train,0,-5.634390703428024,0.003560133661539598,0
features_0:1035,features_0.npy,1035,0,train,0,-5.515508141439638,0.004007755382405768,0
features_0:1036,features_0.npy,1036,0,train,0,-5.341806994610118,0.004764404207855984,0
features_0:1037,features_0.npy,1037,0,train,0,-3.540735495838694,0.028175142145151585,0
features_0:1038,features_0.npy,1038,0,validation,0,-4.551351453556345,0.010442731498422269,0
features_0:1039,features_0.npy,1039,0,validation,0,-3.983999930607111,0.018271004821841588,0
features_0:1040,features_0.npy,1040,0,train,0,-2.18045590229942,0.10151933605284816,0
features_0:1041,features_0.npy,1041,0,train,0,-3.195283435489164,0.03934360176258182,0
features_0:1042,features_0.npy,1042,0,train,0,-5.3980118258109835,0.004505181114033411,0
features_0:1043,features_0.npy,1043,0,train,0,-5.177719357194408,0.005609215753106002,0
features_0:1044,features_0.npy,1044,0,test,0,-0.9996803571894681,0.2690042716022656,0
features_0:1045,features_0.npy,1045,0,test,0,-5.894037428404772,0.002748254033564027,0
features_0:1046,features_0.npy,1046,0,train,0,-6.009580025448084,0.002449106204151653,0
features_0:1047,features_0.npy,1047,0,train,0,-5.247374176957188,0.0052337789975562266,0
features_0:1048,features_0.npy,1048,0,train,0,-4.401170140361793,0.012114423140030316,0
features_0:1049,features_0.npy,1049,0,train,0,-5.682405025321463,0.003393801502077968,0
features_0:1050,features_0.npy,1050,0,train,0,-4.291918780316777,0.013494073016439677,0
features_0:1051,features_0.npy,1051,0,validation,0,-0.5625479025022362,0.3629581294530607,0
features_0:1052,features_0.npy,1052,0,train,0,-4.946007459895249,0.007061526470165856,0
features_0:1053,features_0.npy,1053,0,train,0,-4.408936858680725,0.012021825010420064,0
features_0:1054,features_0.npy,1054,0,train,0,-5.899015413624673,0.002734644579576652,0
features_0:1055,features_0.npy,1055,0,train,0,-4.939365735025613,0.007108248790829183,0
features_0:1056,features_0.npy,1056,0,validation,0,-5.583364944798532,0.0037458085412552127,0
features_0:1057,features_0.npy,1057,0,train,0,-2.7089547789974726,0.062447018360196054,0
features_0:1058,features_0.npy,1058,0,train,0,-5.602595148271899,0.003674726235256031,0
features_0:1059,features_0.npy,1059,0,validation,0,-3.9182591452280864,0.019488321927536092,0
features_0:1060,features_0.npy,1060,0,test,0,-5.681368939941979,0.003397307640366265,0
features_0:1061,features_0.npy,1061,0,train,0,-5.391859830500017,0.004532856376898746,0
features_0:1062,features_0.npy,1062,0,validation,0,-3.710718878095536,0.023875929595696475,0
features_0:1063,features_0.npy,1063,0,train,0,-5.207339145652304,0.005446400041507732,0
features_0:1064,features_0.npy,1064,0,test,0,-2.1822339969069935,0.10135726529980951,0
features_0:1065,features_0.npy,1065,0,train,0,-5.440164524102298,0.004320025784283949,0
features_0:1066,features_0.npy,1066,0,train,0,-5.524669185987546,0.003971352962613332,0
features_0:1067,features_0.npy,1067,0,train,0,-4.936924327877887,0.007125500313807228,0
features_0:1068,features_0.npy,1068,0,train,0,-5.22076252860132,0.005374169701177518,0
features_0:1069,features_0.npy,1069,0,validation,0,-3.916615567901973,0.019519753085572668,0
features_0:1070,features_0.npy,1070,0,validation,0,-4.7845423270963074,0.00828867179062532,0
features_0:1071,features_0.npy,1071,0,test,0,-5.378711550059934,0.004592573659190231,0
features_0:1072,features_0.npy,1072,0,validation,0,-5.143163751030083,0.005805288562410653,0
features_0:1073,features_0.npy,1073,0,train,0,-4.756339555158475,0.008523742005741387,0
features_0:1074,features_0.npy,1074,0,train,0,-5.272740869964889,0.0051033540903640175,0
features_0:1075,features_0.npy,1075,0,train,0,-5.1432956578998255,0.005804527300037383,0
features_0:1076,features_0.npy,1076,0,test,0,-3.3533697520525694,0.033784990457604754,0
features_0:1077,features_0.npy,1077,0,validation,0,-5.367192116892751,0.004645536201362001,0
features_0:1078,features_0.npy,1078,0,train,0,-6.145000733559259,0.0021395866722377145,0
features_0:1079,features_0.npy,1079,0,train,0,-4.742541722667824,0.008641142969379245,0
features_0:1080,features_0.npy,1080,0,train,0,-5.26724471288812,0.005131335823629534,0
features_0:1081,features_0.npy,1081,0,validation,0,2.736500843016286,0.9391464254304934,1
features_0:1082,features_0.npy,1082,0,test,0,-4.488574831800584,0.011111787288973413,0
features_0:1083,features_0.npy,1083,0,train,0,-5.317559050081811,0.004880772500067609,0
features_0:1084,features_0.npy,1084,0,train,0,-2.9068091581677193,0.05181798671108278,0
features_0:1085,features_0.npy,1085,0,train,0,-2.4322310048382216,0.0807477102919976,0
features_0:1086,features_0.npy,1086,0,validation,0,-3.2137110884802036,0.038652997987352805,0
features_0:1087,features_0.npy,1087,0,train,0,-5.141556668888917,0.005814571347602059,0
features_0:1088,features_0.npy,1088,0,train,0,-4.84929003154056,0.007773043884425454,0
features_0:1089,features_0.npy,1089,0,train,0,-1.7676854543016705,0.14583040149174956,0
features_0:1090,features_0.npy,1090,0,train,0,-6.057965169281918,0.002333696953434519,0
features_0:1091,features_0.npy,1091,0,train,0,-5.797479847289645,0.003026009740592043,0
features_0:1092,features_0.npy,1092,0,test,0,-5.920357406066391,0.0026770547823565935,0
features_0:1093,features_0.npy,1093,0,train,0,-5.721679811496591,0.003263520790855565,0
features_0:1094,features_0.npy,1094,0,train,0,-4.955763090623726,0.006993451200414131,0
features_0:1095,features_0.npy,1095,0,validation,0,-2.786094498641577,0.05808024487439957,0
features_0:1096,features_0.npy,1096,0,train,0,-5.9035355052035605,0.0027223452042178936,0
features_0:1097,features_0.npy,1097,0,train,0,-5.3362481686204095,0.004790835213565657,0
features_0:1098,features_0.npy,1098,0,train,0,-4.788136125342274,0.008259183019576604,0
features_0:1099,features_0.npy,1099,0,validation,0,-4.54161670923938,0.010543808143677436,0
features_0:1100,features_0.npy,1100,0,train,0,-5.2509023213059605,0.005215442142212508,0
features_0:1101,features_0.npy,1101,0,train,0,-5.929670830947201,0.0026523037995501366,0
features_0:1102,features_0.npy,1102,0,train,0,-2.9331489574246077,0.05053900874658236,0
features_0:1103,features_0.npy,1103,0,train,0,-4.708811632565674,0.008934932181327878,0
features_0:1104,features_0.npy,1104,0,test,0,-5.558838416986468,0.003838459127072932,0
features_0:1105,features_0.npy,1105,0,train,0,-2.2783275197484016,0.09293384247301435,0
features_0:1106,features_0.npy,1106,0,train,0,-5.754732373048675,0.0031577512938894678,0
features_0:1107,features_0.npy,1107,0,train,0,-3.4145693544806726,0.03184322604176411,0
features_0:1108,features_0.npy,1108,0,train,0,-6.077708219484154,0.0022881788947402243,0
features_0:1109,features_0.npy,1109,0,validation,0,-2.1431786684266085,0.10497037334349231,0
features_0:1110,features_0.npy,1110,0,train,0,-3.7680563259369766,0.022575488473595945,0
features_0:1111,features_0.npy,1111,0,train,0,-4.548290960777426,0.010474405085450122,0
features_0:1112,features_0.npy,1112,0,train,0,-4.983393377952558,0.0068041620094834625,0
features_0:1113,features_0.npy,1113,0,train,0,-5.143777175160997,0.005801749204627102,0
features_0:1114,features_0.npy,1114,0,train,0,-5.8461007605948705,0.0028828158414928723,0
features_0:1115,features_0.npy,1115,0,validation,0,-5.527271758356487,0.003961071554563011,0
features_0:1116,features_0.npy,1116,0,train,0,-5.322631802405286,0.004856196171860439,0
features_0:1117,features_0.npy,1117,0,train,0,-5.192596080870195,0.005526844424452239,0
features_0:1118,features_0.npy,1118,0,train,0,-3.878397250430816,0.020264793842072585,0
features_0:1119,features_0.npy,1119,0,validation,0,-5.3740254365033,0.004614045952014779,0
features_0:1120,features_0.npy,1120,0,train,0,-5.673626986442123,0.003423621118182248,0
features_0:1121,features_0.npy,1121,0,train,0,-5.7700155793481445,0.0031100065954667738,0
features_0:1122,features_0.npy,1122,0,validation,0,-4.056663890094502,0.017012234871379,0
features_0:1123,features_0.npy,1123,0,validation,0,-4.615748862485047,0.009797823590294047,0
features_0:1124,features_0.npy,1124,0,train,0,-5.711420523111789,0.003297063569806689,0
features_0:1125,features_0.npy,1125,0,train,0,-5.440182321146358,0.004319949233409551,0
features_0:1126,features_0.npy,1126,0,test,0,-5.326006327642436,0.0048399156137712545,0
features_0:1127,features_0.npy,1127,0,validation,0,1.1139087507284502,0.7528571050276633,1
features_0:1128,features_0.npy,1128,0,train,0,-5.393335997643154,0.004526200323137634,0
features_0:1129,features_0.npy,1129,0,validation,0,-6.528787486355321,0.0014586452332977368,0
features_0:1130,features_0.npy,1130,0,test,0,-3.7919021820625827,0.022055257004326118,0
features_0:1131,features_0.npy,1131,0,train,0,-4.880008799265777,0.007539668714747563,0
features_0:1132,features_0.npy,1132,0,train,0,-5.373302701208073,0.004617366487979445,0
features_0:1133,features_0.npy,1133,0,train,0,-4.940129086221193,0.007102863297166276,0
features_0:1134,features_0.npy,1134,0,train,0,-4.728560087773271,0.008761742832282173,0
features_0:1135,features_0.npy,1135,0,test,0,-6.008387401266869,0.00245202164357932,0
features_0:1136,features_0.npy,1136,0,validation,0,2.1733437332272794,0.8978300995308451,1
features_0:1137,features_0.npy,1137,0,train,0,-5.4824501210227075,0.004141900151694711,0
features_0:1138,features_0.npy,1138,0,train,0,-5.463070549859937,0.004222608984334148,0
features_0:1139,features_0.npy,1139,0,test,0,-4.283151573406598,0.01361128110254678,0
features_0:1140,features_0.npy,1140,0,train,0,-3.654622721179089,0.025218813920231162,0
features_0:1141,features_0.npy,1141,0,validation,0,-2.2209418266227106,0.0978856057233722,0
features_0:1142,features_0.npy,1142,0,train,0,-4.943600294989539,0.007078424738269999,0
features_0:1143,features_0.npy,1143,0,validation,0,-5.973029772959242,0.002540046095086545,0
features_0:1144,features_0.npy,1144,0,train,0,-4.338040160227848,0.01289368413556591,0
features_0:1145,features_0.npy,1145,0,train,0,-5.753604240267835,0.0031613043987350127,0
features_0:1146,features_0.npy,1146,0,train,0,-5.076949882670617,0.006200226776927152,0
features_0:1147,features_0.npy,1147,0,test,0,-0.6581370131101086,0.34115822979428784,0
features_0:1148,features_0.npy,1148,0,test,0,-5.137858841864397,0.005835986716250006,0
features_0:1149,features_0.npy,1149,0,train,0,-3.995133928619718,0.018072359847020564,0
features_0:1150,features_0.npy,1150,0,test,0,-2.5976873236302085,0.06928740865306261,0
features_0:1151,features_0.npy,1151,0,train,0,-5.4955012358706945,0.004088414524874578,0
features_0:1152,features_0.npy,1152,0,validation,0,-5.298863862961865,0.004972419749031377,0
features_0:1153,features_0.npy,1153,0,validation,0,-2.914774227197984,0.051428034021613195,0
features_0:1154,features_0.npy,1154,0,test,0,-4.904606366096844,0.007357821441736944,0
features_0:1155,features_0.npy,1155,0,train,0,-4.898353945578312,0.00740362808953653,0
features_0:1156,features_0.npy,1156,0,train,0,-5.272130912634233,0.005106451967784959,0
features_0:1157,features_0.npy,1157,0,train,0,-4.58136987485009,0.010137045941515007,0
features_0:1158,features_0.npy,1158,0,test,0,-3.048061460075641,0.04530123960675323,0
features_0:1159,features_0.npy,1159,0,train,0,-6.281995386258202,0.001866177035417401,0
features_0:1160,features_0.npy,1160,0,train,0,-5.356741082732874,0.004694112350006913,0
features_0:1161,features_0.npy,1161,0,train,0,-5.406122329132317,0.004468952235784331,0
features_0:1162,features_0.npy,1162,0,test,0,-2.0536715704564363,0.11368191489482651,0
features_0:1163,features_0.npy,1163,0,train,0,-5.244284420725334,0.005249890079166167,0
features_0:1164,features_0.npy,1164,0,train,0,-4.923063360346848,0.007224235835174161,0
features_0:1165,features_0.npy,1165,0,train,0,-2.5948382793716536,0.06947135961724107,0
features_0:1166,features_0.npy,1166,0,validation,0,-5.379529880119335,0.00458883419432699,0
features_0:1167,features_0.npy,1167,0,train,0,-4.489598595359583,0.011100543480593061,0
features_0:1168,features_0.npy,1168,0,train,0,-5.063798079908435,0.006281793894577413,0
features_0:1169,features_0.npy,1169,0,train,0,-5.363163361678246,0.0046642022107608126,0
features_0:1170,features_0.npy,1170,0,train,0,-3.3811288357444385,0.032890469076803215,0
features_0:1171,features_0.npy,1171,0,test,0,-2.782862465374553,0.058257312243262555,0
features_0:1172,features_0.npy,1172,0,train,0,-5.463765317481147,0.004219688646366015,0
features_0:1173,features_0.npy,1173,0,train,0,-5.134431729752667,0.005855904285900186,0
features_0:1174,features_0.npy,1174,0,train,0,-4.991722632310919,0.006748104634921235,0
features_0:1175,features_0.npy,1175,0,train,0,-6.189987329574275,0.002045659425070236,0
features_0:1176,features_0.npy,1176,0,train,0,-3.5377638742585797,0.0282566232009546,0
features_0:1177,features_0.npy,1177,0,train,0,-3.9792985629092295,0.01835552534308152,0
features_0:1178,features_0.npy,1178,0,train,0,-5.192882439399953,0.0055252707353587545,0
features_0:1179,features_0.npy,1179,0,train,0,-4.507870630414316,0.010901746897088203,0
features_0:1180,features_0.npy,1180,0,test,0,-5.7931099980679965,0.0030392216045500753,0
features_0:1181,features_0.npy,1181,0,train,0,-5.318146501475737,0.004877920107415605,0
features_0:1182,features_0.npy,1182,0,train,0,-4.2236338380166165,0.01443393915362685,0
features_0:1183,features_0.npy,1183,0,validation,0,-3.194022338743659,0.039391293474442826,0
features_0:1184,features_0.npy,1184,0,validation,0,0.14288491385113622,0.5356605782735802,0
features_0:1185,features_0.npy,1185,0,train,0,-4.070046296888,0.01678988380144804,0
features_0:1186,features_0.npy,1186,0,validation,0,0.7772146955554674,0.6850795068290284,1
features_0:1187,features_0.npy,1187,0,train,0,-6.3704663979931695,0.0017084371117184675,0
features_0:1188,features_0.npy,1188,0,train,0,-5.733807959645756,0.0032243062274466936,0
features_0:1189,features_0.npy,1189,0,train,0,-5.0961134036207545,0.006083255770398178,0
features_0:1190,features_0.npy,1190,0,train,0,-5.31372189920117,0.004899444803798741,0
features_0:1191,features_0.npy,1191,0,train,0,-4.236722540066742,0.014248923004894273,0
features_0:1192,features_0.npy,1192,0,train,0,-4.724772778240563,0.008794696790239163,0
features_0:1193,features_0.npy,1193,0,train,0,-2.8121302354162725,0.056672189849864156,0
features_0:1194,features_0.npy,1194,0,validation,0,-5.810180653378342,0.0029879341195891648,0
features_0:1195,features_0.npy,1195,0,validation,0,-1.6462664220494903,0.16161419198374516,0
features_0:1196,features_0.npy,1196,0,train,0,-6.289522315809116,0.0018522091033174196,0
features_0:1197,features_0.npy,1197,0,train,0,-3.3881532705981328,0.032667762688960406,0
features_0:1198,features_0.npy,1198,0,train,0,-5.0069533597805815,0.006646782800235437,0
features_0:1199,features_0.npy,1199,0,test,0,-5.121804132853039,0.005929877865275018,0
features_0:1200,features_0.npy,1200,0,train,0,-5.83307852600611,0.0029204916877802814,0
features_0:1201,features_0.npy,1201,0,train,0,-2.6934952492277304,0.06335827940372715,0
features_0:1202,features_0.npy,1202,0,train,0,-5.207372847815706,0.005446217488802782,0
features_0:1203,features_0.npy,1203,0,train,0,-4.974487609963328,0.006864611101009211,0
features_0:1204,features_0.npy,1204,0,train,0,-4.303332384253549,0.013342975964625773,0
features_0:1205,features_0.npy,1205,0,train,0,-5.245074964758656,0.005245763212668156,0
features_0:1206,features_0.npy,1206,0,train,0,-5.807147319647687,0.0029969840769008115,0
features_0:1207,features_0.npy,1207,0,validation,0,-6.09923946639925,0.002239547314565263,0
features_0:1208,features_0.npy,1208,0,train,0,-5.217218864396169,0.005393144846480945,0
features_0:1209,features_0.npy,1209,0,train,0,-4.65836797712836,0.009392862089520107,0
features_0:1210,features_0.npy,1210,0,train,0,-4.0215907002637605,0.017608802116474115,0
features_0:1211,features_0.npy,1211,0,train,0,-2.048453098606426,0.11420878040071072,0
features_0:1212,features_0.npy,1212,0,train,0,-4.315010915638493,0.013190099390752002,0
features_0:1213,features_0.npy,1213,0,test,0,-1.0927970986126636,0.2510919325070565,0
features_0:1214,features_0.npy,1214,0,train,0,-5.484140111785414,0.004134935209307958,0
features_0:1215,features_0.npy,1215,0,validation,0,-1.3529457086117316,0.205389201736442,0
features_0:1216,features_0.npy,1216,0,validation,0,-5.680929209766286,0.0033987967889815888,0
features_0:1217,features_0.npy,1217,0,train,0,-5.791481336269836,0.0030441604212324254,0
features_0:1218,features_0.npy,1218,0,validation,0,-2.953131240563918,0.04958872886738189,0
features_0:1219,features_0.npy,1219,0,validation,0,-1.5657932881930308,0.1728169189369266,0
features_0:1220,features_0.npy,1220,0,train,0,-5.306269731873841,0.004935911779066628,0
features_0:1221,features_0.npy,1221,0,train,0,-3.0223708370455715,0.04642540441619288,0
features_0:1222,features_0.npy,1222,0,train,0,-5.692521008836457,0.003359757691650995,0
features_0:1223,features_0.npy,1223,0,train,0,-5.660511988036114,0.0034686608605878767,0
features_0:1224,features_0.npy,1224,0,test,0,-5.861906810307859,0.0028377364174149034,0
features_0:1225,features_0.npy,1225,0,train,0,-4.537108006481497,0.010590949752356646,0
features_0:1226,features_0.npy,1226,0,train,0,-5.552835518863805,0.0038614810604087717,0
features_0:1227,features_0.npy,1227,0,train,0,-4.353317419719496,0.012700683771998636,0
features_0:1228,features_0.npy,1228,0,train,0,-5.886268882903486,0.0027696277525580404,0
features_0:1229,features_0.npy,1229,0,train,0,-3.1739396667709814,0.040158283211483334,0
features_0:1230,features_0.npy,1230,0,train,0,-5.689773767775013,0.0033689693076059146,0
features_0:1231,features_0.npy,1231,0,train,0,-5.621109385525416,0.003607560600200306,0
features_0:1232,features_0.npy,1232,0,train,0,-5.050760423032008,0.006363705387974093,0
features_0:1233,features_0.npy,1233,0,train,0,-5.019917036533897,0.006561733923963175,0
features_0:1234,features_0.npy,1234,0,train,0,-5.231852843770427,0.005315212788325157,0
features_0:1235,features_0.npy,1235,0,train,0,-5.2386056562308285,0.0052796299304085975,0
features_0:1236,features_0.npy,1236,0,train,0,-4.19657381693555,0.014823985388384668,0
features_0:1237,features_0.npy,1237,0,train,0,-4.428973062124634,0.01178616102145173,0
features_0:1238,features_0.npy,1238,0,test,0,-2.4944798829575388,0.0762460679235077,0
features_0:1239,features_0.npy,1239,0,train,0,-3.5723337062379765,0.02732272146680096,0
features_0:1240,features_0.npy,1240,0,train,0,-5.616119121502763,0.0036255428413341445,0
features_0:1241,features_0.npy,1241,0,validation,0,-5.284341436613169,0.005044791289414829,0
features_0:1242,features_0.npy,1242,0,train,0,-5.683684565636276,0.003389476482665453,0
features_0:1243,features_0.npy,1243,0,test,0,-6.101317219803015,0.0022349093070364976,0
features_0:1244,features_0.npy,1244,0,train,0,-5.713129703216004,0.00329145163985317,0
features_0:1245,features_0.npy,1245,0,train,0,-5.484463634586989,0.004133603208673045,0
features_0:1246,features_0.npy,1246,0,train,0,-4.887665186606056,0.007482592811899383,0
features_0:1247,features_0.npy,1247,0,train,0,-4.249694485252548,0.014067863891263086,0
features_0:1248,features_0.npy,1248,0,test,0,-3.685399850133444,0.02447317950070979,0
features_0:1249,features_0.npy,1249,0,train,0,-3.3180607110022327,0.03495677108107096,0
features_0:1250,features_0.npy,1250,0,test,0,-5.365172125017647,0.0046548859055331945,0
features_0:1251,features_0.npy,1251,0,train,0,-5.7643285008389515,0.003127688359312253,0
features_0:1252,features_0.npy,1252,0,train,0,-6.233266134120331,0.00195918395918523,0
features_0:1253,features_0.npy,1253,0,train,0,-5.709983197342112,0.0033017902732988044,0
features_0:1254,features_0.npy,1254,0,test,0,-0.7630554264845563,0.3179832679433129,0
features_0:1255,features_0.npy,1255,0,train,0,-5.128469128750403,0.0058907187129749045,0
features_0:1256,features_0.npy,1256,0,test,0,-4.9136274646685445,0.007292226150998947,0
features_0:1257,features_0.npy,1257,0,validation,0,-3.0905152133723246,0.04350019295274356,0
features_0:1258,features_0.npy,1258,0,train,0,-4.398587767784022,0.012145367076226314,0
features_0:1259,features_0.npy,1259,0,train,0,-5.547579812291036,0.0038817503103661106,0
features_0:1260,features_0.npy,1260,0,train,0,-3.115765801369083,0.042461595333624626,0
features_0:1261,features_0.npy,1261,0,train,0,-4.980273748512997,0.006825276514704795,0
features_0:1262,features_0.npy,1262,0,train,0,-4.11497694523094,0.016064050034537394,0
features_0:1263,features_0.npy,1263,0,train,0,-3.1504565874463926,0.041073291152629296,0
features_0:1264,features_0.npy,1264,0,validation,0,-5.728558478002459,0.0032412216628774078,0
features_0:1265,features_0.npy,1265,0,train,0,-5.926419148645718,0.002660919299753112,0
features_0:1266,features_0.npy,1266,0,validation,0,-5.190154883090418,0.005540278185252443,0
features_0:1267,features_0.npy,1267,0,test,0,-1.671052512849285,0.15828390200488318,0
features_0:1268,features_0.npy,1268,0,train,0,-5.52229861582534,0.003980740980359257,0
features_0:1269,features_0.npy,1269,0,train,0,-6.617512305775268,0.0013349677224517799,0
features_0:1270,features_0.npy,1270,0,train,0,-5.479420298065143,0.004154416192281133,0
features_0:1271,features_0.npy,1271,0,train,0,-4.662723780612401,0.009352419412077168,0
features_0:1272,features_0.npy,1272,0,train,0,-4.24236182637833,0.01416993079479003,0
features_0:1273,features_0.npy,1273,0,train,0,-4.363133975794666,0.012578177286313223,0
features_0:1274,features_0.npy,1274,0,train,0,-5.737087770662361,0.0032137823660515603,0
features_0:1275,features_0.npy,1275,0,test,0,-6.006471643911902,0.0024567120731533447,0
features_0:1276,features_0.npy,1276,0,train,0,-5.3361298472408,0.004791399389129777,0
features_0:1277,features_0.npy,1277,0,train,0,-5.605413097946428,0.0036644235105698125,0
features_0:1278,features_0.npy,1278,0,train,0,-3.341189413599798,0.03418486593785145,0
features_0:1279,features_0.npy,1279,0,validation,0,-6.081316707254174,0.0022799557000423533,0
features_0:1280,features_0.npy,1280,0,train,0,-5.691530639097785,0.003363075546372882,0
features_0:1281,features_0.npy,1281,0,train,0,-4.701621128349179,0.008998830158026607,0
features_0:1282,features_0.npy,1282,0,test,0,-3.397474711486592,0.03237447947753128,0
features_0:1283,features_0.npy,1283,0,validation,0,-4.212990731056931,0.01458612881100447,0
features_0:1284,features_0.npy,1284,0,train,0,-3.774712388614854,0.022429082671627833,0
features_0:1285,features_0.npy,1285,0,train,0,-4.634836588331469,0.009614360001320297,0
features_0:1286,features_0.npy,1286,0,test,0,-5.620722206864196,0.003608952599264071,0
features_0:1287,features_0.npy,1287,0,train,0,-5.92950461602923,0.0026527435190830707,0
features_0:1288,features_0.npy,1288,0,train,0,-3.914150909080619,0.01956697943350063,0
features_0:1289,features_0.npy,1289,0,train,0,-5.812247894083667,0.0029817821193851017,0
features_0:1290,features_0.npy,1290,0,train,0,-4.448116957801209,0.011565258700841193,0
features_0:1291,features_0.npy,1291,0,validation,0,-3.284574488815297,0.0361041828295155,0
features_0:1292,features_0.npy,1292,0,train,0,-5.421822854917636,0.004399641567141319,0
features_0:1293,features_0.npy,1293,0,train,0,-2.6242793487075295,0.06759209488641804,0
features_0:1294,features_0.npy,1294,0,validation,0,0.3429517220945943,0.5849073528647921,0
features_0:1295,features_0.npy,1295,0,train,0,-5.620278437653463,0.0036105487129919163,0
features_0:1296,features_0.npy,1296,0,train,0,-5.522769890652016,0.003978872862033907,0
features_0:1297,features_0.npy,1297,0,test,0,-1.918343342608198,0.128046419052435,0
features_0:1298,features_0.npy,1298,0,train,0,-5.414933187026194,0.004429923552859051,0
features_0:1299,features_0.npy,1299,0,train,0,-5.348143379284154,0.004734453030220465,0
features_0:1300,features_0.npy,1300,0,validation,0,-4.040544456023796,0.017283906459266172,0
features_0:1301,features_0.npy,1301,0,train,0,-5.265297122579762,0.005141287870964439,0
features_0:1302,features_0.npy,1302,0,train,0,-5.3373341887690335,0.004785659980226306,0
features_0:1303,features_0.npy,1303,0,test,0,-0.7873179755910719,0.31274484197760805,0
features_0:1304,features_0.npy,1304,0,train,0,-3.311604695345966,0.035175218539099926,0
features_0:1305,features_0.npy,1305,0,train,0,-3.398849392244949,0.032331443387865935,0
features_0:1306,features_0.npy,1306,0,validation,0,-4.420937165008398,0.011880125241664163,0
features_0:1307,features_0.npy,1307,0,train,0,-5.725628264935353,0.0032507021426304815,0
features_0:1308,features_0.npy,1308,0,train,0,-5.0978917913393715,0.006072512633403611,0
features_0:1309,features_0.npy,1309,0,train,0,-5.279718570440355,0.005068048205849207,0
features_0:1310,features_0.npy,1310,0,train,0,-6.061241070860115,0.0023260822540237722,0
features_0:1311,features_0.npy,1311,0,train,0,-5.518050398692405,0.0039976202564590765,0
features_0:1312,features_0.npy,1312,0,train,0,-5.543233048749338,0.003898594161514038,0
features_0:1313,features_0.npy,1313,0,train,0,-4.750416174222273,0.008573947028395859,0
features_0:1314,features_0.npy,1314,0,train,0,-5.364338840542444,0.004658748288141778,0
features_0:1315,features_0.npy,1315,0,train,0,-6.229923468971299,0.0019657309178081365,0
features_0:1316,features_0.npy,1316,0,train,0,-6.3374669661572804,0.0017656538911175964,0
features_0:1317,features_0.npy,1317,0,train,0,-5.711077805951693,0.0032981899962581606,0
features_0:1318,features_0.npy,1318,0,train,0,-3.414768116865352,0.03183709891965913,0
features_0:1319,features_0.npy,1319,0,train,0,-5.718420481013025,0.0032741401535804583,0
features_0:1320,features_0.npy,1320,0,test,0,-4.3693334410593065,0.012501412344586755,0
features_0:1321,features_0.npy,1321,0,test,0,0.00723986260046066,0.5018099577442854,0
features_0:1322,features_0.npy,1322,0,train,0,-4.404473614039454,0.012074951929702562,0
features_0:1323,features_0.npy,1323,0,train,0,-5.259060202410723,0.00517328747312208,0
features_0:1324,features_0.npy,1324,0,train,0,-5.276567085171269,0.005083963950599381,0
features_0:1325,features_0.npy,1325,0,train,0,-4.39970944676672,0.012131916693719403,0
features_0:1326,features_0.npy,1326,0,train,0,-1.75477457097175,0.1474459965097773,0
features_0:1327,features_0.npy,1327,0,validation,0,-2.9225417181031115,0.05105042860759074,0
features_0:1328,features_0.npy,1328,0,train,0,-3.081098417834597,0.04389369495110451,0
features_0:1329,features_0.npy,1329,0,train,0,-5.806724669811934,0.002998247220839372,0
features_0:1330,features_0.npy,1330,0,train,0,-5.750378302078209,0.003171486642770448,0
features_0:1331,features_0.npy,1331,0,train,0,-4.547160747729347,0.01048612587899631,0
features_0:1332,features_0.npy,1332,0,validation,0,-4.371631161637703,0.012473078442434345,0
features_0:1333,features_0.npy,1333,0,train,0,-3.89704717068989,0.019897809914687075,0
features_0:1334,features_0.npy,1334,0,train,0,-5.784901559194888,0.003064194781210362,0
features_0:1335,features_0.npy,1335,0,train,0,-5.494486759296482,0.004092547247304266,0
features_0:1336,features_0.npy,1336,0,train,0,-5.5327650167801155,0.003939457504415826,0
features_0:1337,features_0.npy,1337,0,validation,0,-3.1060627829889498,0.0428578626781243,0
features_0:1338,features_0.npy,1338,0,train,0,-5.115418165774572,0.005967640334079129,0
features_0:1339,features_0.npy,1339,0,train,0,-5.4654748618758715,0.004212511425913152,0
features_0:1340,features_0.npy,1340,0,train,0,-5.468197735767553,0.00420110501194546,0
features_0:1341,features_0.npy,1341,0,train,0,-5.544934096892932,0.0038919938909552053,0
features_0:1342,features_0.npy,1342,0,train,0,-4.7677374540429724,0.008427954977660305,0
features_0:1343,features_0.npy,1343,0,train,0,-5.891304088678144,0.002755755491846873,0
features_0:1344,features_0.npy,1344,0,test,0,-4.7082893484529045,0.008939558245307289,0
features_0:1345,features_0.npy,1345,0,test,0,-5.885186785927105,0.002772618066435326,0
features_0:1346,features_0.npy,1346,0,train,0,-5.340081190761408,0.004772594458014416,0
features_0:1347,features_0.npy,1347,0,train,0,-5.083340020842048,0.0061609761130317475,0
features_0:1348,features_0.npy,1348,0,train,0,-4.2267938019412306,0.014389055674337552,0
features_0:1349,features_0.npy,1349,0,test,0,-3.3424583372062537,0.03414299557953514,0
features_0:1350,features_0.npy,1350,0,train,0,-4.539407459737884,0.010566881380537943,0
features_0:1351,features_0.npy,1351,0,train,0,-4.98026404698719,0.006825342278675939,0
features_0:1352,features_0.npy,1352,0,train,0,-5.992399151613832,0.002491441794328824,0
features_0:1353,features_0.npy,1353,0,train,0,-5.08675953513402,0.006140073681893501,0
features_0:1354,features_0.npy,1354,0,test,0,-6.580354994801091,0.001385434610996389,0
features_0:1355,features_0.npy,1355,0,train,0,-5.894179857886792,0.0027478637045662857,0
features_0:1356,features_0.npy,1356,0,validation,0,-6.201064327199946,0.002023170291031201,0
features_0:1357,features_0.npy,1357,0,train,0,-5.143266535290755,0.005804695364221002,0
features_0:1358,features_0.npy,1358,0,train,0,-5.358100558908109,0.004687765046716157,0
features_0:1359,features_0.npy,1359,0,train,0,-3.695971840048537,0.024222046097768003,0
features_0:1360,features_0.npy,1360,0,train,0,-3.0885773098371696,0.04358089646926905,0
features_0:1361,features_0.npy,1361,0,train,0,-4.76179730411057,0.008477741593579866,0
features_0:1362,features_0.npy,1362,0,train,0,-2.6213826200026102,0.06777488541852009,0
features_0:1363,features_0.npy,1363,0,test,0,-4.6237099958259025,0.00972088671542109,0
features_0:1364,features_0.npy,1364,0,train,0,-6.026814599093946,0.0024073592942966187,0
features_0:1365,features_0.npy,1365,0,train,0,-3.555649643469923,0.027769634362482597,0
features_0:1366,features_0.npy,1366,0,train,0,-3.181313351688676,0.039875021880837636,0
features_0:1367,features_0.npy,1367,0,validation,0,0.7462681624297005,0.6783650073076983,1
features_0:1368,features_0.npy,1368,0,train,0,-4.893524809388132,0.00743920106741745,0
features_0:1369,features_0.npy,1369,0,test,0,-3.571840764690173,0.027335825028105165,0
features_0:1370,features_0.npy,1370,0,test,0,-5.784201773330741,0.003066333234468042,0
features_0:1371,features_0.npy,1371,0,validation,0,-3.2502556901419273,0.03731770056604603,0
features_0:1372,features_0.npy,1372,0,test,0,-5.7237463407090905,0.0032568055352524506,0
features_0:1373,features_0.npy,1373,0,train,0,-4.606210884205798,0.009890793377204436,0
features_0:1374,features_0.npy,1374,0,train,0,-5.557831387785631,0.0038423116547516723,0
features_0:1375,features_0.npy,1375,0,train,0,-5.362609781681825,0.004666772881624502,0
features_0:1376,features_0.npy,1376,0,test,0,-3.263291514789133,0.03685220161849185,0
features_0:1377,features_0.npy,1377,0,validation,0,-5.324269262889457,0.004848289370599276,0
features_0:1378,features_0.npy,1378,0,validation,0,-5.808406696600491,0.0029932234101928933,0
features_0:1379,features_0.npy,1379,0,train,0,-4.971635197864075,0.006884084765828482,0
features_0:1380,features_0.npy,1380,0,test,0,-0.0011219496138203636,0.49971951262596737,0
features_0:1381,features_0.npy,1381,0,train,0,-4.756465165843499,0.008522680524341719,0
features_0:1382,features_0.npy,1382,0,test,0,-4.408078489359973,0.012032024392526331,0
features_0:1383,features_0.npy,1383,0,train,0,-4.738058738471699,0.008679631050539306,0
features_0:1384,features_0.npy,1384,0,train,0,-4.9477098406983355,0.007049599963781744,0
features_0:1385,features_0.npy,1385,0,train,0,-2.619738519582351,0.06787883591359258,0
features_0:1386,features_0.npy,1386,0,train,0,-4.894586469832353,0.007431366013953252,0
features_0:1387,features_0.npy,1387,0,train,0,-4.73119897151745,0.00873885387844761,0
features_0:1388,features_0.npy,1388,0,train,0,-4.790915702661754,0.008236446679541756,0
features_0:1389,features_0.npy,1389,0,train,0,-4.2392007582613465,0.014214156091872383,0
features_0:1390,features_0.npy,1390,0,test,0,-2.7266641369622193,0.06141818083040006,0
features_0:1391,features_0.npy,1391,0,train,0,-3.9202265938504914,0.01945076240216577,0
features_0:1392,features_0.npy,1392,0,train,0,-5.584869933367366,0.003740196451324326,0
features_0:1393,features_0.npy,1393,0,test,0,-6.0764237480745535,0.002291113145376172,0
features_0:1394,features_0.npy,1394,0,validation,0,-3.7364454168453785,0.023283637901420587,0
features_0:1395,features_0.npy,1395,0,train,0,-5.611463524866529,0.0036423996348590136,0
features_0:1396,features_0.npy,1396,0,test,0,-3.1449379661612826,0.04129120042648215,0
features_0:1397,features_0.npy,1397,0,test,0,-5.426318958019392,0.004379991174907849,0
features_0:1398,features_0.npy,1398,0,train,0,-5.780485809106012,0.0030777136819874935,0
features_0:1399,features_0.npy,1399,0,train,0,-5.4926910496441375,0.004099872719066993,0
features_0:1400,features_0.npy,1400,0,test,0,-3.834757566596497,0.02114960543403983,0
features_0:1401,features_0.npy,1401,0,train,0,-5.852333584024087,0.0028649549568118145,0
features_0:1402,features_0.npy,1402,0,validation,0,-3.8524953563225113,0.020785494608525187,0
features_0:1403,features_0.npy,1403,0,train,0,-5.017146309305882,0.0065798201169643845,0
features_0:1404,features_0.npy,1404,0,train,0,-4.980034988822757,0.00682689518372544,0
features_0:1405,features_0.npy,1405,0,train,0,-5.36737371616909,0.004644696569977005,0
features_0:1406,features_0.npy,1406,0,train,0,-4.068458679380028,0.016816112280981517,0
features_0:1407,features_0.npy,1407,0,test,0,-5.133600892950518,0.005860743082259522,0
features_0:1408,features_0.npy,1408,0,validation,0,-5.132751787814801,0.0058656923802940155,0
features_0:1409,features_0.npy,1409,0,test,0,-4.952912116527632,0.007013277765940329,0
features_0:1410,features_0.npy,1410,0,validation,0,-5.706390907582572,0.0033136332166303164,0
features_0:1411,features_0.npy,1411,0,validation,0,-5.187815918737358,0.005553179819829774,0
features_0:1412,features_0.npy,1412,0,validation,0,-4.836197801536471,0.007874672808043224,0
features_0:1413,features_0.npy,1413,0,validation,0,-1.134228652922713,0.24338156249571613,0
features_0:1414,features_0.npy,1414,0,train,0,-4.721916800270711,0.008819628308847409,0
features_0:1415,features_0.npy,1415,0,train,0,-4.4156446210033575,0.011942415125550597,0
features_0:1416,features_0.npy,1416,0,validation,0,-4.198464919682281,0.01479639260484467,0
features_0:1417,features_0.npy,1417,0,test,0,-6.009569242629071,0.0024491325478852746,0
features_0:1418,features_0.npy,1418,0,train,0,-4.560629126549733,0.010347293147614577,0
features_0:1419,features_0.npy,1419,0,train,0,-5.353123555961663,0.004711044035446157,0
features_0:1420,features_0.npy,1420,0,validation,0,-4.741531922413795,0.008649797690128955,0
features_0:1421,features_0.npy,1421,0,train,0,-3.3674428154188525,0.03332859746092498,0
features_0:1422,features_0.npy,1422,0,test,0,-4.662580817760473,0.009353744048903483,0
features_0:1423,features_0.npy,1423,0,train,0,-4.963944472948248,0.0069368637998737295,0
features_0:1424,features_0.npy,1424,0,train,0,-4.4999384972866405,0.010987610953305103,0
features_0:1425,features_0.npy,1425,0,validation,0,-5.885365945735007,0.0027721227461162505,0
features_0:1426,features_0.npy,1426,0,validation,0,-4.569171099693202,0.010260186269298777,0
features_0:1427,features_0.npy,1427,0,validation,0,-3.578702607746521,0.027153968916947647,0
features_0:1428,features_0.npy,1428,0,train,0,-5.715281655771539,0.0032843994463579397,0
features_0:1429,features_0.npy,1429,0,train,0,-4.4717975012076865,0.011297662120165291,0
features_0:1430,features_0.npy,1430,0,validation,0,-5.551574617361388,0.0038663342417506693,0
features_0:1431,features_0.npy,1431,0,train,0,-5.272635606609656,0.0051038885728793126,0
features_0:1432,features_0.npy,1432,0,train,0,-3.4829015959231273,0.02980266713923454,0
features_0:1433,features_0.npy,1433,0,train,0,-5.414832472988193,0.004430367754083474,0
features_0:1434,features_0.npy,1434,0,validation,0,-5.73804000554487,0.003210733368018568,0
features_0:1435,features_0.npy,1435,0,test,0,-6.149139884585233,0.0021307677341506517,0
features_0:1436,features_0.npy,1436,0,train,0,-4.051790301313196,0.01709392714558465,0
features_0:1437,features_0.npy,1437,0,validation,0,-3.4692030861496574,0.030201313713963705,0
features_0:1438,features_0.npy,1438,0,train,0,-3.632766668024931,0.025761709387580812,0
features_0:1439,features_0.npy,1439,0,train,0,-5.330271974405607,0.004819413500450294,0
features_0:1440,features_0.npy,1440,0,train,0,-5.300828241694963,0.004962710047652481,0
features_0:1441,features_0.npy,1441,0,train,0,-3.6498309531889723,0.025336877489414076,0
features_0:1442,features_0.npy,1442,0,train,0,-4.313324860160422,0.01321206331484197,0
features_0:1443,features_0.npy,1443,0,train,0,-5.2704571471955965,0.00511496237322931,0
features_0:1444,features_0.npy,1444,0,train,0,-4.626898555576221,0.00969024032727325,0
features_0:1445,features_0.npy,1445,0,validation,0,-4.269750674608981,0.013792379456358715,0
features_0:1446,features_0.npy,1446,0,test,0,-4.453954290803209,0.01149871911195003,0
features_0:1447,features_0.npy,1447,0,validation,0,-3.3862632913110184,0.03272753991089704,0
features_0:1448,features_0.npy,1448,0,train,0,-5.2969294448026005,0.004981999830487432,0
features_0:1449,features_0.npy,1449,0,train,0,-5.431213476559143,0.004358698818879828,0
features_0:1450,features_0.npy,1450,0,train,0,-5.889779558089362,0.0027599483254413726,0
features_0:1451,features_0.npy,1451,0,test,0,-5.750701480806849,0.0031704651004190727,0
features_0:1452,features_0.npy,1452,0,test,0,-5.842713498823514,0.002892568956731135,0
features_0:1453,features_0.npy,1453,0,train,0,-5.390688168213517,0.0045381463502013365,0
features_0:1454,features_0.npy,1454,0,train,0,-6.24534991720128,0.0019356976193003002,0
features_0:1455,features_0.npy,1455,0,train,0,-4.860665518486078,0.007685798490316582,0
features_0:1456,features_0.npy,1456,0,train,0,-4.874288842640877,0.007582590921115469,0
features_0:1457,features_0.npy,1457,0,train,0,-5.50542509498082,0.0040482057654114,0
features_0:1458,features_0.npy,1458,0,train,0,-3.4128004496613555,0.03189780520825446,0
features_0:1459,features_0.npy,1459,0,test,0,-4.7140502227746035,0.008888663078082129,0
features_0:1460,features_0.npy,1460,0,validation,0,-3.4772642433869216,0.02996610096572043,0
features_0:1461,features_0.npy,1461,0,train,0,-4.535814412608492,0.010604513625297473,0
features_0:1462,features_0.npy,1462,0,test,0,-4.911283889439987,0.007309211012901123,0
features_0:1463,features_0.npy,1463,0,train,0,-2.94745520665768,0.04985692350070924,0
features_0:1464,features_0.npy,1464,0,train,0,-5.025843274000875,0.006523215442422618,0
features_0:1465,features_0.npy,1465,0,test,0,-6.056934580672059,0.002336097653282819,0
features_0:1466,features_0.npy,1466,0,train,0,-5.906638347533231,0.0027139341767000954,0
features_0:1467,features_0.npy,1467,0,train,0,-2.7017555323919407,0.06286984554769705,0
features_0:1468,features_0.npy,1468,0,validation,0,-3.96722531479761,0.018574338113153538,0
features_0:1469,features_0.npy,1469,0,train,0,-3.762547423733612,0.022697367248318376,0
features_0:1470,features_0.npy,1470,0,train,0,-5.124433388488047,0.005914399270364893,0
features_0:1471,features_0.npy,1471,0,train,0,-2.9934153051441825,0.04772423575760542,0
features_0:1472,features_0.npy,1472,0,train,0,-4.398960061473034,0.0121409011609077,0
features_0:1473,features_0.npy,1473,0,train,0,-5.2969322774788345,0.004981985788422544,0
features_0:1474,features_0.npy,1474,0,test,0,-4.638327450157617,0.009581177118456973,0
features_0:1475,features_0.npy,1475,0,train,0,-4.722845697164486,0.00881151174235063,0
features_0:1476,features_0.npy,1476,0,test,0,-5.386048269724332,0.004559155591241747,0
features_0:1477,features_0.npy,1477,0,train,0,-4.83337192052285,0.007896781193350268,0
features_0:1478,features_0.npy,1478,0,validation,0,-3.9597737582386783,0.018710663430789032,0
features_0:1479,features_0.npy,1479,0,train,0,-5.5868116231619025,0.0037329682796900313,0
features_0:1480,features_0.npy,1480,0,validation,0,-2.1124192299466964,0.10789558490825236,0
features_0:1481,features_0.npy,1481,0,test,0,-3.6611451012092533,0.025058970944056187,0
features_0:1482,features_0.npy,1482,0,validation,0,-3.545267795360913,0.028051306903983733,0
features_0:1483,features_0.npy,1483,0,train,0,-4.206979967644572,0.014672776310717827,0
features_0:1484,features_0.npy,1484,0,validation,0,-1.8437724524687906,0.13660574185686705,0
features_0:1485,features_0.npy,1485,0,test,0,-3.3139521366499918,0.035095638128577675,0
features_0:1486,features_0.npy,1486,0,train,0,-3.448686677367029,0.030808049589596646,0
features_0:1487,features_0.npy,1487,0,train,0,-3.9788557099939883,0.018363506634894878,0
features_0:1488,features_0.npy,1488,0,train,0,-4.453230320604281,0.011506951029124706,0
features_0:1489,features_0.npy,1489,0,train,0,-3.6346297543538957,0.025714990856973347,0
features_0:1490,features_0.npy,1490,0,train,0,-4.683279837483547,0.009163876777267857,0
features_0:1491,features_0.npy,1491,0,test,0,-2.590498362455451,0.06975243867945484,0
features_0:1492,features_0.npy,1492,0,train,0,-5.531500153175668,0.003944423866480936,0
features_0:1493,features_0.npy,1493,0,train,0,-3.388669706179594,0.03265144696318318,0
features_0:1494,features_0.npy,1494,0,validation,0,-3.809935408347608,0.02166963562172238,0
features_0:1495,features_0.npy,1495,0,test,0,1.0492722953009732,0.7406351354236944,1
features_0:1496,features_0.npy,1496,0,train,0,-3.89655821970964,0.019907347620241635,0
features_0:1497,features_0.npy,1497,0,train,0,-5.830683531193096,0.002927474131944519,0
features_0:1498,features_0.npy,1498,0,train,0,-5.799111677973758,0.0030210907375798385,0
features_0:1499,features_0.npy,1499,0,validation,0,-5.269998470821883,0.005117297015250036,0
features_0:1500,features_0.npy,1500,0,test,0,-5.429056514094275,0.0043680694043735585,0
features_0:1501,features_0.npy,1501,0,train,0,-5.584001878740494,0.0037434323966621446,0
features_0:1502,features_0.npy,1502,0,validation,0,-5.460452289778972,0.004233632491212977,0
features_0:1503,features_0.npy,1503,0,validation,0,-2.6181402346791156,0.06798003134582893,0
features_0:1504,features_0.npy,1504,0,train,0,-5.258646464338357,0.0051754172222672765,0
features_0:1505,features_0.npy,1505,0,train,0,-5.950556164831227,0.0025976264079875825,0
features_0:1506,features_0.npy,1506,0,train,0,-5.487857781139473,0.0041196546377123815,0
features_0:1507,features_0.npy,1507,0,train,0,-4.914153787983778,0.007288417058295769,0
features_0:1508,features_0.npy,1508,0,test,0,-3.1454217522426178,0.04127205340533699,0
features_0:1509,features_0.npy,1509,0,test,0,-2.1465017602969048,0.10465857315824897,0
features_0:1510,features_0.npy,1510,0,train,0,-5.901098283429936,0.0027289701265431196,0
features_0:1511,features_0.npy,1511,0,train,0,-4.194063728461783,0.014860687988368896,0
features_0:1512,features_0.npy,1512,0,validation,0,-5.771883533670813,0.0031042206842997588,0
features_0:1513,features_0.npy,1513,0,test,0,-1.4549569007025758,0.18923986619593414,0
features_0:1514,features_0.npy,1514,0,train,0,-4.6906031859539805,0.00909761996493915,0
features_0:1515,features_0.npy,1515,0,validation,0,-3.4542203006537417,0.030643249904736575,0
features_0:1516,features_0.npy,1516,0,test,0,-5.614379780003349,0.003631831463364532,0
features_0:1517,features_0.npy,1517,0,train,0,-5.452046726858655,0.004269215970986612,0
features_0:1518,features_0.npy,1518,0,test,0,-4.219298684515058,0.0144957393084304,0
features_0:1519,features_0.npy,1519,0,train,0,-5.185222073467943,0.005567522307002539,0
features_0:1520,features_0.npy,1520,0,train,0,-5.710019002470349,0.0033016724447112004,0
features_0:1521,features_0.npy,1521,0,train,0,-6.135999255800821,0.0021588912897325943,0
features_0:1522,features_0.npy,1522,0,validation,0,-5.559284569813013,0.0038367535387801854,0
features_0:1523,features_0.npy,1523,0,validation,0,-5.235249066142545,0.00529728722531613,0
features_0:1524,features_0.npy,1524,0,train,0,-6.011931308639651,0.002443368480290369,0
features_0:1525,features_0.npy,1525,0,train,0,-4.752443190709447,0.008556733660219886,0
features_0:1526,features_0.npy,1526,0,test,0,-3.849056766403682,0.020855597251021034,0
features_0:1527,features_0.npy,1527,0,validation,0,-5.720432036049856,0.003267582159223574,0
features_0:1528,features_0.npy,1528,0,test,0,-4.493662240002359,0.011056024055845206,0
features_0:1529,features_0.npy,1529,0,train,0,-5.832586706833517,0.0029219241969076454,0
features_0:1530,features_0.npy,1530,0,train,0,-5.243385661641879,0.005254585782232694,0
features_0:1531,features_0.npy,1531,0,train,0,-4.757735552423052,0.008511952401007548,0
features_0:1532,features_0.npy,1532,0,train,0,-4.063627703375791,0.016896171126253377,0
features_0:1533,features_0.npy,1533,0,train,0,-5.39127326840626,0.004535503896011561,0
features_0:1534,features_0.npy,1534,0,train,0,-5.642589294845192,0.003531167551166412,0
features_0:1535,features_0.npy,1535,0,train,0,-5.714408086169376,0.003287260415673403,0
features_0:1536,features_0.npy,1536,0,train,0,-5.463872955602889,0.004219236387720826,0
features_0:1537,features_0.npy,1537,0,train,0,-5.452876244437958,0.0042656911499161735,0
features_0:1538,features_0.npy,1538,0,train,0,-4.949416355583814,0.007037664568213493,0
features_0:1539,features_0.npy,1539,0,train,0,-5.071800638112356,0.0062320361206772736,0
features_0:1540,features_0.npy,1540,0,train,0,-5.246481083802447,0.0052384308409610635,0
features_0:1541,features_0.npy,1541,0,train,0,-6.06212420651615,0.0023240336866982587,0
features_0:1542,features_0.npy,1542,0,train,0,-4.130486228723668,0.015820741386631726,0
features_0:1543,features_0.npy,1543,0,train,0,-6.031724240875734,0.0023955972341140118,0
features_0:1544,features_0.npy,1544,0,train,0,-3.33537091470486,0.03437749255640471,0
features_0:1545,features_0.npy,1545,0,train,0,-2.658457967791431,0.06546961692174538,0
features_0:1546,features_0.npy,1546,0,validation,0,0.5839898530168693,0.6419849538136277,0
features_0:1547,features_0.npy,1547,0,train,0,-3.8262022877936896,0.02132744685717259,0
features_0:1548,features_0.npy,1548,0,validation,0,-5.152764550991104,0.005750138799117406,0
features_0:1549,features_0.npy,1549,0,train,0,-5.7306854971749255,0.0032343571234626015,0
features_0:1550,features_0.npy,1550,0,validation,0,-5.988892892682203,0.0025001708880684963,0
features_0:1551,features_0.npy,1551,0,test,0,-3.7101431622667347,0.023889350832272088,0
features_0:1552,features_0.npy,1552,0,validation,0,-5.722279313839466,0.0032615712681517495,0
features_0:1553,features_0.npy,1553,0,test,0,-3.151188157518471,0.04104448700382993,0
features_0:1554,features_0.npy,1554,0,train,0,-6.0359558670438425,0.002385505511944874,0
features_0:1555,features_0.npy,1555,0,train,0,-4.3442848554890965,0.012814446454854751,0
features_0:1556,features_0.npy,1556,0,validation,0,-6.6524354713738125,0.0012892101779194878,0
features_0:1557,features_0.npy,1557,0,train,0,-4.684775642488955,0.009150304984065294,0
features_0:1558,features_0.npy,1558,0,test,0,-4.204528544120102,0.014708259930473927,0
features_0:1559,features_0.npy,1559,0,train,0,-4.405621084302245,0.012061271248759008,0
features_0:1560,features_0.npy,1560,0,train,0,-4.848516323052384,0.007779013479991534,0
features_0:1561,features_0.npy,1561,0,validation,0,-4.136296652175706,0.015730524564361033,0
features_0:1562,features_0.npy,1562,0,train,0,-5.463794057446691,0.004219567886117678,0
features_0:1563,features_0.npy,1563,0,train,0,-5.021344079007818,0.006552438041535932,0
features_0:1564,features_0.npy,1564,0,train,0,-3.2102685357755947,0.038781122972626945,0
features_0:1565,features_0.npy,1565,0,train,0,-5.66117033933099,0.0034663859279831896,0
features_0:1566,features_0.npy,1566,0,validation,0,-4.14954711808228,0.01552667763155004,0
features_0:1567,features_0.npy,1567,0,train,0,-5.433185730981351,0.004350148186530149,0
features_0:1568,features_0.npy,1568,0,train,0,-6.269866084830382,0.001888907275274404,0
features_0:1569,features_0.npy,1569,0,train,0,-5.66619141775251,0.0034490844361219387,0
features_0:1570,features_0.npy,1570,0,test,0,-4.998031488725999,0.006705950415224044,0
features_0:1571,features_0.npy,1571,0,test,0,-5.824517994551955,0.0029455260084173254,0
features_0:1572,features_0.npy,1572,0,train,0,-6.1033282267666324,0.002230429419391927,0
features_0:1573,features_0.npy,1573,0,train,0,-4.52059100527999,0.010765434290767917,0
features_0:1574,features_0.npy,1574,0,train,0,-2.5804871845814317,0.07040483896339467,0
features_0:1575,features_0.npy,1575,0,train,0,-2.7542162591721997,0.05984897288276127,0
features_0:1576,features_0.npy,1576,0,validation,0,-5.215609824347469,0.005401782704478898,0
features_0:1577,features_0.npy,1577,0,train,0,-4.275330533517247,0.01371668692798472,0
features_0:1578,features_0.npy,1578,0,train,0,-5.523812617947671,0.003974742627150841,0
features_0:1579,features_0.npy,1579,0,train,0,-4.762638103897816,0.008470676860371455,0
features_0:1580,features_0.npy,1580,0,train,0,-5.566104523547135,0.003810775457090525,0
features_0:1581,features_0.npy,1581,0,train,0,-5.943957511124419,0.0026147789552347913,0
features_0:1582,features_0.npy,1582,0,test,0,-1.8250126778391904,0.13883347779384625,0
features_0:1583,features_0.npy,1583,0,train,0,-5.1797933678310315,0.005597659289006931,0
features_0:1584,features_0.npy,1584,0,test,0,-4.878519795531328,0.007550818838864385,0
features_0:1585,features_0.npy,1585,0,train,0,-3.345391418369371,0.03404640267798954,0
features_0:1586,features_0.npy,1586,0,test,0,-4.080206802985851,0.01662297523350123,0
features_0:1587,features_0.npy,1587,0,train,0,-5.230575997283399,0.005321967692016044,0
features_0:1588,features_0.npy,1588,0,train,0,-4.912862631161886,0.007297764905631842,0
features_0:1589,features_0.npy,1589,0,validation,0,-4.14537157802969,0.015590632550113755,0
features_0:1590,features_0.npy,1590,0,test,0,-5.194780240579039,0.005514852586957922,0
features_0:1591,features_0.npy,1591,0,train,0,-4.3356647698252555,0.012923951774846901,0
features_0:1592,features_0.npy,1592,0,train,0,-5.2067309000535,0.005449695739084152,0
features_0:1593,features_0.npy,1593,0,train,0,-4.859649745125544,0.0076935493918246795,0
features_0:1594,features_0.npy,1594,0,train,0,-3.426439523941643,0.03147930441999387,0
features_0:1595,features_0.npy,1595,0,train,0,-3.949330881807541,0.018903367429275158,0
features_0:1596,features_0.npy,1596,0,test,0,-3.3451412586163185,0.03405463070215194,0
features_0:1597,features_0.npy,1597,0,train,0,-5.484504292570531,0.004133435842785865,0
features_0:1598,features_0.npy,1598,0,train,0,-5.064578513732046,0.00627692404346802,0
features_0:1599,features_0.npy,1599,0,train,0,-4.047160232515071,0.01717189447429293,0
features_0:1600,features_0.npy,1600,0,train,0,-3.348768200725756,0.03393552417308885,0
features_0:1601,features_0.npy,1601,0,train,0,-5.209462987172815,0.00543490782626196,0
features_0:1602,features_0.npy,1602,0,test,0,-1.3146564194362698,0.211708699828842,0
features_0:1603,features_0.npy,1603,0,train,0,-5.567267222103843,0.003806364104174261,0
features_0:1604,features_0.npy,1604,0,train,0,-4.7062355246001015,0.008957772754361264,0
features_0:1605,features_0.npy,1605,0,train,0,-5.021658730976515,0.006550390131397938,0
features_0:1606,features_0.npy,1606,0,train,0,-2.5251943661710663,0.07411072700507788,0
features_0:1607,features_0.npy,1607,0,validation,0,-5.746316026527545,0.003184355190025288,0
features_0:1608,features_0.npy,1608,0,validation,0,-3.4169337265229474,0.03177041488880317,0
features_0:1609,features_0.npy,1609,0,train,0,-5.738932502323224,0.0032078782655029893,0
features_0:1610,features_0.npy,1610,0,validation,0,-5.423938972524111,0.004390382083847216,0
features_0:1611,features_0.npy,1611,0,test,0,-4.2794349986383855,0.013661270195641673,0
features_0:1612,features_0.npy,1612,0,train,0,-5.52574141532265,0.003967113927250998,0
features_0:1613,features_0.npy,1613,0,validation,0,-0.16942550857034422,0.4577446528549344,0
features_0:1614,features_0.npy,1614,0,train,0,-5.911277616869442,0.002701406599488471,0
features_0:1615,features_0.npy,1615,0,train,0,-5.820495442936694,0.0029573632904889716,0
features_0:1616,features_0.npy,1616,0,train,0,-2.9326063675363363,0.05056505117366802,0
features_0:1617,features_0.npy,1617,0,train,0,-5.038062999091726,0.006444499171375132,0
features_0:1618,features_0.npy,1618,0,train,0,-5.286160908167301,0.0050356669600662785,0
features_0:1619,features_0.npy,1619,0,train,0,-5.322610603662523,0.004856298618266863,0
features_0:1620,features_0.npy,1620,0,train,0,-5.326753941959247,0.0048363160689482146,0
features_0:1621,features_0.npy,1621,0,test,0,-5.42862927202862,0.004369927869087811,0
features_0:1622,features_0.npy,1622,0,train,0,-5.943754681013108,0.0026153079777463378,0
features_0:1623,features_0.npy,1623,0,train,0,-5.578646738823248,0.003763457126140516,0
features_0:1624,features_0.npy,1624,0,test,0,-4.421366818316739,0.011875082604322178,0
features_0:1625,features_0.npy,1625,0,test,0,-4.895965199596103,0.007421203212434432,0
features_0:1626,features_0.npy,1626,0,train,0,-5.294520129430558,0.004993957494856082,0
features_0:1627,features_0.npy,1627,0,validation,0,-2.8645831700072946,0.053932371670322866,0
features_0:1628,features_0.npy,1628,0,test,0,-5.419054245831221,0.004411785518467319,0
features_0:1629,features_0.npy,1629,0,train,0,-5.2192501092064045,0.005382260069135982,0
features_0:1630,features_0.npy,1630,0,train,0,-4.026087760756889,0.01753117719714565,0
features_0:1631,features_0.npy,1631,0,train,0,-2.9068054731297415,0.05181816776792148,0
features_0:1632,features_0.npy,1632,0,train,0,-5.863444688471171,0.0028333880342126493,0
features_0:1633,features_0.npy,1633,0,train,0,-1.4892959836595545,0.18402741993292365,0
features_0:1634,features_0.npy,1634,0,train,0,-6.04998575302791,0.002352349005755453,0
features_0:1635,features_0.npy,1635,0,train,0,-3.1483844840291857,0.04115498124296617,0
features_0:1636,features_0.npy,1636,0,train,0,-4.382763282684354,0.012336700095150713,0
features_0:1637,features_0.npy,1637,0,test,0,-3.3002612131661753,0.03556222921220393,0
features_0:1638,features_0.npy,1638,0,test,0,3.820224512049005,0.9785474238272622,1
features_0:1639,features_0.npy,1639,0,train,0,-4.138189409257203,0.01570124571007616,0
features_0:1640,features_0.npy,1640,0,train,0,-3.154493307374361,0.04091459399906307,0
features_0:1641,features_0.npy,1641,0,train,0,-5.3294900358247,0.00482316527641396,0
features_0:1642,features_0.npy,1642,0,train,0,-4.17317494408141,0.015169616050135433,0
features_0:1643,features_0.npy,1643,0,train,0,-5.5595214906348005,0.0038358481260506155,0
features_0:1644,features_0.npy,1644,0,train,0,-4.655297466649118,0.009421475153223398,0
features_0:1645,features_0.npy,1645,0,train,0,-3.886849286012671,0.020097664672292754,0
features_0:1646,features_0.npy,1646,0,validation,0,-1.3131585008208762,0.21195879261236478,0
features_0:1647,features_0.npy,1647,0,train,0,-4.150527036051053,0.015511706106373025,0
features_0:1648,features_0.npy,1648,0,train,0,-3.487263626439116,0.029676799702312743,0
features_0:1649,features_0.npy,1649,0,train,0,-2.9621648725914227,0.04916470479273966,0
features_0:1650,features_0.npy,1650,0,test,0,-4.791537616175156,0.008231368065452266,0
features_0:1651,features_0.npy,1651,0,test,0,1.0094213572824662,0.7329068926595558,1
features_0:1652,features_0.npy,1652,0,train,0,-5.424104295425325,0.004389659499024872,0
features_0:1653,features_0.npy,1653,0,test,0,-2.693432278340864,0.06336201645128228,0
features_1:0,features_1.npy,0,1,train,1,5.542885461450414,0.9961000557868764,1
features_1:1,features_1.npy,1,1,validation,1,5.64050548960458,0.996461492575885,1
features_1:2,features_1.npy,2,1,train,1,6.1826859041655835,0.9979393805749097,1
features_1:3,features_1.npy,3,1,train,1,5.707055879382837,0.9966885622293169,1
features_1:4,features_1.npy,4,1,train,1,2.133180169156075,0.8940865346347285,1
features_1:5,features_1.npy,5,1,train,1,4.958466653934075,0.99302529880799,1
features_1:6,features_1.npy,6,1,train,1,5.1592272726086765,0.9942866912923141,1
features_1:7,features_1.npy,7,1,train,1,5.8318477894384255,0.99707592226019,1
features_1:8,features_1.npy,8,1,train,1,5.432230614556449,0.9956457130309093,1
features_1:9,features_1.npy,9,1,validation,1,2.9599074218261907,0.95072965747828,1
features_1:10,features_1.npy,10,1,train,1,5.155060427123139,0.9942629720131624,1
features_1:11,features_1.npy,11,1,test,1,6.430411736582808,0.998390806610943,1
features_1:12,features_1.npy,12,1,train,1,5.59844301202608,0.9963100404986055,1
features_1:13,features_1.npy,13,1,test,1,5.629592309013943,0.9964228036178716,1
features_1:14,features_1.npy,14,1,train,1,6.167803674012788,0.9979085492496824,1
features_1:15,features_1.npy,15,1,train,1,5.932781723405016,0.9973559126290473,1
features_1:16,features_1.npy,16,1,train,1,5.763748315825103,0.9968705021568122,1
features_1:17,features_1.npy,17,1,train,1,3.5996774546392727,0.973394654579653,1
features_1:18,features_1.npy,18,1,test,1,5.376517538535769,0.9953973855471727,1
features_1:19,features_1.npy,19,1,train,1,5.098207352097675,0.9939293916800256,1
features_1:20,features_1.npy,20,1,validation,1,6.0836153906018176,0.9977252672692445,1
features_1:21,features_1.npy,21,1,test,1,5.586957881400436,0.99626757562008,1
features_1:22,features_1.npy,22,1,train,1,5.947401330455604,0.9973941869588289,1
features_1:23,features_1.npy,23,1,train,1,6.404870060754471,0.9983492444393135,1
features_1:24,features_1.npy,24,1,train,1,5.854717789378702,0.9971418480480243,1
features_1:25,features_1.npy,25,1,train,1,5.066052079743251,0.9937322606764336,1
features_1:26,features_1.npy,26,1,train,1,6.004087816185244,0.9975374390015338,1
features_1:27,features_1.npy,27,1,validation,1,5.22180571941384,0.9946314035778988,1
features_1:28,features_1.npy,28,1,validation,1,5.603488686609796,0.9963285437571083,1
features_1:29,features_1.npy,29,1,train,1,4.152458271817896,0.9845177583968341,1
features_1:30,features_1.npy,30,1,train,1,4.664485046130452,0.9906638845343698,1
features_1:31,features_1.npy,31,1,train,1,4.8585329926919725,0.9922979202305477,1
features_1:32,features_1.npy,32,1,train,1,5.542687613139415,0.9960992871232438,1
features_1:33,features_1.npy,33,1,train,1,4.650624365968933,0.9905348120157315,1
features_1:34,features_1.npy,34,1,test,1,5.427929689782726,0.9956270273107518,1
features_1:35,features_1.npy,35,1,test,1,4.377018896875354,0.9875931109728364,1
features_1:36,features_1.npy,36,1,train,1,5.6659349930768474,0.9965500340717615,1
features_1:37,features_1.npy,37,1,train,1,5.880614073210209,0.9972147099099747,1
features_1:38,features_1.npy,38,1,test,1,5.7035671609680945,0.996677027836175,1
features_1:39,features_1.npy,39,1,train,1,5.198482272639585,0.9945054138591098,1
features_1:40,features_1.npy,40,1,train,1,4.361531796170812,0.9874019081482759,1
features_1:41,features_1.npy,41,1,validation,1,5.417043444160954,0.9955793735865536,1
features_1:42,features_1.npy,42,1,test,1,0.03350347812268595,0.5083750861376437,0
features_1:43,features_1.npy,43,1,train,1,5.390931896310168,0.9954629545710958,1
features_1:44,features_1.npy,44,1,train,1,5.6012426472419445,0.9963203186318479,1
features_1:45,features_1.npy,45,1,train,1,4.078940765822525,0.9833563166276005,1
features_1:46,features_1.npy,46,1,train,1,4.326695481749751,0.9869611264142109,1
features_1:47,features_1.npy,47,1,train,1,4.984325200833088,0.9932021322310025,1
features_1:48,features_1.npy,48,1,train,1,4.428071522971257,0.9882033339059292,1
features_1:49,features_1.npy,49,1,test,1,5.57707163237181,0.9962306327191481,1
features_1:50,features_1.npy,50,1,validation,1,3.2820255657842328,0.9638070079761629,1
features_1:51,features_1.npy,51,1,train,1,4.5575985116977495,0.9896216265715893,1
features_1:52,features_1.npy,52,1,train,1,5.589838215681996,0.9962782708287595,1
features_1:53,features_1.npy,53,1,train,1,5.016546299335584,0.9934162567408579,1
features_1:54,features_1.npy,54,1,validation,1,4.169943535975393,0.984782032623129,1
features_1:55,features_1.npy,55,1,train,1,5.733969831841279,0.996776213973401,1
features_1:56,features_1.npy,56,1,train,1,4.938898949329051,0.9928884560075992,1
features_1:57,features_1.npy,57,1,validation,1,1.1345129103100406,0.7566707788245757,1
features_1:58,features_1.npy,58,1,train,1,5.588382616629385,0.996272869744503,1
features_1:59,features_1.npy,59,1,train,1,5.848140120184558,0.9971230403692214,1
features_1:60,features_1.npy,60,1,train,1,4.66947430822034,0.9907099171962376,1
features_1:61,features_1.npy,61,1,train,1,6.147949125185538,0.9978666989388283,1
features_1:62,features_1.npy,62,1,train,1,6.029185764401502,0.9975983284971992,1
features_1:63,features_1.npy,63,1,train,1,4.784447712555196,0.9917105504445292,1
features_1:64,features_1.npy,64,1,train,1,4.919968291268077,0.9927535322964974,1
features_1:65,features_1.npy,65,1,train,1,4.747673213894961,0.9914027051597851,1
features_1:66,features_1.npy,66,1,validation,1,5.57465747380161,0.9962215563005463,1
features_1:67,features_1.npy,67,1,train,1,3.7959956044993124,0.9780328607789199,1
features_1:68,features_1.npy,68,1,train,1,5.570913716071029,0.9962074379593838,1
features_1:69,features_1.npy,69,1,train,1,5.7133409469137115,0.9967092412973109,1
features_1:70,features_1.npy,70,1,train,1,4.688678257282609,0.990885010677675,1
features_1:71,features_1.npy,71,1,validation,1,4.570259629170161,0.9897508617640924,1
features_1:72,features_1.npy,72,1,test,1,5.194131591839793,0.994481588797316,1
features_1:73,features_1.npy,73,1,train,1,4.169444523405958,0.9847745524213188,1
features_1:74,features_1.npy,74,1,train,1,6.212814578471174,0.9980004160883068,1
features_1:75,features_1.npy,75,1,train,1,5.401716522488951,0.9955114035597584,1
features_1:76,features_1.npy,76,1,train,1,5.187494630238535,0.9944450456333053,1
features_1:77,features_1.npy,77,1,train,1,4.770838200399213,0.9915979182679235,1
features_1:78,features_1.npy,78,1,train,1,5.656463260092333,0.9965173160161529,1
features_1:79,features_1.npy,79,1,train,1,6.116633788440106,0.9977989862471099,1
features_1:80,features_1.npy,80,1,train,1,4.552917339715557,0.9895734374711163,1
features_1:81,features_1.npy,81,1,train,1,4.921657453795182,0.9927656739492058,1
features_1:82,features_1.npy,82,1,train,1,5.205138410242677,0.994541666170383,1
features_1:83,features_1.npy,83,1,validation,1,4.0200091715902575,0.9823638185601256,1
features_1:84,features_1.npy,84,1,train,1,6.228249239499828,0.9980309817266362,1
features_1:85,features_1.npy,85,1,validation,1,5.47602123117525,0.9958314976067852,1
features_1:86,features_1.npy,86,1,train,1,6.078597253983476,0.9977138498226577,1
features_1:87,features_1.npy,87,1,train,1,5.24951093076903,0.9947773340159259,1
features_1:88,features_1.npy,88,1,train,1,6.161495264250875,0.9978953416740439,1
features_1:89,features_1.npy,89,1,validation,1,4.021219898657138,0.9823847823383477,1
features_1:90,features_1.npy,90,1,train,1,5.524065335440347,0.9960262577418568,1
features_1:91,features_1.npy,91,1,test,1,3.232823684170061,0.9620509771231641,1
features_1:92,features_1.npy,92,1,train,1,4.973637560261691,0.9931295912652087,1
features_1:93,features_1.npy,93,1,train,1,5.49023907329744,0.9958901035219435,1
features_1:94,features_1.npy,94,1,validation,1,4.82576574413503,0.9920434052153858,1
features_1:95,features_1.npy,95,1,train,1,5.4014653622854425,0.9955102811235284,1
features_1:96,features_1.npy,96,1,train,1,4.232316541166703,0.9856890581804393,1
features_1:97,features_1.npy,97,1,train,1,5.797040162633352,0.996972663505541,1
features_1:98,features_1.npy,98,1,train,1,5.426980429063678,0.9956228924270943,1
features_1:99,features_1.npy,99,1,train,1,6.4164861115606,0.9983682776516767,1
features_1:100,features_1.npy,100,1,train,1,6.111430218191598,0.9977875286728568,1
features_1:101,features_1.npy,101,1,validation,1,5.405104123802768,0.9955265155019821,1
features_1:102,features_1.npy,102,1,train,1,5.809625828957097,0.9970104125990689,1
features_1:103,features_1.npy,103,1,train,1,5.394808017232461,0.995480427340825,1
features_1:104,features_1.npy,104,1,train,1,4.113261952896452,0.9839088202933906,1
features_1:105,features_1.npy,105,1,validation,1,4.642770122746922,0.9904608893594185,1
features_1:106,features_1.npy,106,1,train,1,3.4489849766802574,0.9692008560573477,1
features_1:107,features_1.npy,107,1,train,1,6.075291033687461,0.997706296163389,1
features_1:108,features_1.npy,108,1,train,1,5.297159194846857,0.9950191389522047,1
features_1:109,features_1.npy,109,1,train,1,6.082689215625158,0.9977231642918372,1
features_1:110,features_1.npy,110,1,validation,1,4.4851266281549,0.988850258817014,1
features_1:111,features_1.npy,111,1,train,1,5.48931758066541,0.9958863301237606,1
features_1:112,features_1.npy,112,1,train,1,4.7008181823673905,0.9909940064654172,1
features_1:113,features_1.npy,113,1,validation,1,5.8967050412350295,0.9972590474064347,1
features_1:114,features_1.npy,114,1,train,1,5.349433481791954,0.9952716220992944,1
features_1:115,features_1.npy,115,1,validation,1,5.246326886785511,0.9947607655786703,1
features_1:116,features_1.npy,116,1,validation,1,5.3414867390765375,0.9952340769941166,1
features_1:117,features_1.npy,117,1,train,1,6.152337291414354,0.9978760198694753,1
features_1:118,features_1.npy,118,1,train,1,5.285725191392113,0.9949621494933671,1
features_1:119,features_1.npy,119,1,train,1,5.0241598238176195,0.9934658656158274,1
features_1:120,features_1.npy,120,1,train,1,4.913096319952478,0.992703927859661,1
features_1:121,features_1.npy,121,1,train,1,4.758808832672024,0.9914971007701958,1
features_1:122,features_1.npy,122,1,train,1,5.571133279336358,0.9962082674182233,1
features_1:123,features_1.npy,123,1,train,1,4.65320158981535,0.9905589445088986,1
features_1:124,features_1.npy,124,1,train,1,5.178223694406608,0.9943935966137216,1
features_1:125,features_1.npy,125,1,validation,1,5.122541623733085,0.9940744678491911,1
features_1:126,features_1.npy,126,1,train,1,5.281936750503689,0.9949431243930378,1
features_1:127,features_1.npy,127,1,validation,1,4.164610268169472,0.9847018992479475,1
features_1:128,features_1.npy,128,1,test,1,5.918333697220006,0.9973175366998693,1
features_1:129,features_1.npy,129,1,validation,1,5.880632031124118,0.9972147597882144,1
features_1:130,features_1.npy,130,1,train,1,6.134408226987741,0.9978376785512715,1
features_1:131,features_1.npy,131,1,train,1,5.038976286594005,0.993561345943774,1
features_1:132,features_1.npy,132,1,train,1,6.278653756449398,0.9981275881568612,1
features_1:133,features_1.npy,133,1,test,1,5.116824506638667,0.9940406963252452,1
features_1:134,features_1.npy,134,1,train,1,2.1735739442812756,0.8978512151358591,1
features_1:135,features_1.npy,135,1,train,1,4.541463441754721,0.9894545927524476,1
features_1:136,features_1.npy,136,1,train,1,2.2089922258515085,0.9010541144229292,1
features_1:137,features_1.npy,137,1,train,1,3.964503056348757,0.9813759718422328,1
features_1:138,features_1.npy,138,1,train,1,5.509065486654043,0.9959664451626924,1
features_1:139,features_1.npy,139,1,train,1,5.045320685590664,0.9936018054902973,1
features_1:140,features_1.npy,140,1,validation,1,6.088798535974268,0.9977370004247017,1
features_1:141,features_1.npy,141,1,train,1,4.0331483992168415,0.982590020706091,1
features_1:142,features_1.npy,142,1,test,1,5.1648540642739205,0.9943185664840607,1
features_1:143,features_1.npy,143,1,train,1,5.292415122104594,0.9949955717795574,1
features_1:144,features_1.npy,144,1,train,1,5.221929423072165,0.9946320640871349,1
features_1:145,features_1.npy,145,1,validation,1,4.968123715888711,0.9930918666889461,1
features_1:146,features_1.npy,146,1,train,1,4.715204156313322,0.9911214969190969,1
features_1:147,features_1.npy,147,1,train,1,4.357107493455636,0.9873467537200712,1
features_1:148,features_1.npy,148,1,test,1,5.885806236265902,0.9972290941433675,1
features_1:149,features_1.npy,149,1,train,1,5.385846046701722,0.9954399265539652,1
features_1:150,features_1.npy,150,1,train,1,5.70601064905695,0.9966851106841663,1
features_1:151,features_1.npy,151,1,test,1,1.2018223969096193,0.7688488191185494,1
features_1:152,features_1.npy,152,1,train,1,5.830808652623365,0.9970728910627886,1
features_1:153,features_1.npy,153,1,train,1,4.78098577176776,0.9916820422479233,1
features_1:154,features_1.npy,154,1,train,1,6.031681280792822,0.9976043000951784,1
features_1:155,features_1.npy,155,1,train,1,5.474742812125678,0.9958261873629175,1
features_1:156,features_1.npy,156,1,train,1,4.714757304103586,0.9911175639016907,1
features_1:157,features_1.npy,157,1,train,1,4.744711060545437,0.9913774208114687,1
features_1:158,features_1.npy,158,1,test,1,5.229451090854975,0.9946720741385293,1
features_1:159,features_1.npy,159,1,test,1,5.56455607006454,0.9961833417022743,1
features_1:160,features_1.npy,160,1,train,1,4.611484344102749,0.9901607161845698,1
features_1:161,features_1.npy,161,1,train,1,5.475811843109478,0.9958306283202981,1
features_1:162,features_1.npy,162,1,train,1,5.946436286809841,0.9973916775840873,1
features_1:163,features_1.npy,163,1,validation,1,5.515495089730607,0.9959921925188377,1
features_1:164,features_1.npy,164,1,train,1,5.311241698587598,0.9950884482658324,1
features_1:165,features_1.npy,165,1,test,1,5.740203415699575,0.9967961830268175,1
features_1:166,features_1.npy,166,1,train,1,5.373124892440379,0.9953818162226838,1
features_1:167,features_1.npy,167,1,train,1,3.7726123229945236,0.9775248250394315,1
features_1:168,features_1.npy,168,1,train,1,5.049162303380751,0.9936261813919722,1
features_1:169,features_1.npy,169,1,train,1,5.262996630799123,0.9948469320416069,1
features_1:170,features_1.npy,170,1,train,1,6.106529846675894,0.9977766842973892,1
features_1:171,features_1.npy,171,1,train,1,2.3839632422189574,0.9155962176752934,1
features_1:172,features_1.npy,172,1,train,1,4.5203414498964225,0.9892319077347623,1
features_1:173,features_1.npy,173,1,train,1,5.2329777008284815,0.994690730979376,1
features_1:174,features_1.npy,174,1,train,1,4.699047996736336,0.990978194021878,1
features_1:175,features_1.npy,175,1,train,1,6.499440660999489,0.9984979791001605,1
features_1:176,features_1.npy,176,1,train,1,3.48551296823463,0.9702727466618803,1
features_1:177,features_1.npy,177,1,train,1,4.759276055692772,0.9915010388361597,1
features_1:178,features_1.npy,178,1,train,1,5.322393665037487,0.9951426528665668,1
features_1:179,features_1.npy,179,1,train,1,5.769896776125765,0.9968896250530654,1
features_1:180,features_1.npy,180,1,train,1,6.355001092673739,0.9982649822192087,1
features_1:181,features_1.npy,181,1,train,1,5.136968974510815,0.994158848066443,1
features_1:182,features_1.npy,182,1,train,1,6.319701805245358,0.9982027555832262,1
features_1:183,features_1.npy,183,1,train,1,4.612233480492498,0.9901680119457784,1
features_1:184,features_1.npy,184,1,train,1,5.404351956427179,0.9955231644964838,1
features_1:185,features_1.npy,185,1,test,1,5.337918155196842,0.9952171205060579,1
features_1:186,features_1.npy,186,1,train,1,4.408992613297917,0.9879788371859191,1
features_1:187,features_1.npy,187,1,train,1,5.887656026342864,0.9972342008365499,1
features_1:188,features_1.npy,188,1,train,1,5.502455734101479,0.9959398046648054,1
features_1:189,features_1.npy,189,1,train,1,5.591275929037942,0.9962835978925342,1
features_1:190,features_1.npy,190,1,train,1,5.638066069718416,0.9964528807892935,1
features_1:191,features_1.npy,191,1,train,1,3.1348511487830075,0.9583076477352632,1
features_1:192,features_1.npy,192,1,train,1,5.552489861456706,0.9961371891161269,1
features_1:193,features_1.npy,193,1,train,1,6.063338820118085,0.9976787808542489,1
features_1:194,features_1.npy,194,1,train,1,5.169558929033587,0.9943450832744716,1
features_1:195,features_1.npy,195,1,train,1,5.000016991043215,0.9933072620321866,1
features_1:196,features_1.npy,196,1,train,1,5.79950536578439,0.9969800948038621,1
features_1:197,features_1.npy,197,1,validation,1,2.2489344565085356,0.9045585838714387,1
features_1:198,features_1.npy,198,1,train,1,5.759615718228274,0.9968575831661739,1
features_1:199,features_1.npy,199,1,train,1,5.625462749791483,0.9964080540009175,1
features_1:200,features_1.npy,200,1,train,1,5.233018398383385,0.99469094590212,1
features_1:201,features_1.npy,201,1,train,1,5.474895766848838,0.9958268230544823,1
features_1:202,features_1.npy,202,1,train,1,3.810983467073271,0.9783525721535825,1
features_1:203,features_1.npy,203,1,train,1,5.690865120504067,0.9966346930540764,1
features_1:204,features_1.npy,204,1,train,1,4.093097071209407,0.9835864298213934,1
features_1:205,features_1.npy,205,1,train,1,6.053361172312229,0.9976555591889521,1
features_1:206,features_1.npy,206,1,train,1,4.690010267734231,0.9908970334082461,1
features_1:207,features_1.npy,207,1,test,1,0.7305516941705417,0.6749263263931651,1
features_1:208,features_1.npy,208,1,train,1,5.6285320339689795,0.9964190223835718,1
features_1:209,features_1.npy,209,1,train,1,5.451299047210553,0.9957276044721334,1
features_1:210,features_1.npy,210,1,train,1,5.631997069641216,0.9964313649223445,1
features_1:211,features_1.npy,211,1,train,1,5.720393508619556,0.996732292358192,1
features_1:212,features_1.npy,212,1,train,1,3.512761900718659,0.9710487108860891,1
features_1:213,features_1.npy,213,1,validation,1,4.245729574289972,0.9858770368695731,1
features_1:214,features_1.npy,214,1,train,1,4.681062450501573,0.9908159676418204,1
features_1:215,features_1.npy,215,1,train,1,5.3828964361799745,0.9954265178632126,1
features_1:216,features_1.npy,216,1,test,1,5.844258566960216,0.9971118839109043,1
features_1:217,features_1.npy,217,1,train,1,4.351940703817997,0.9872820414826846,1
features_1:218,features_1.npy,218,1,train,1,4.998727712294506,0.9932986855241219,1
features_1:219,features_1.npy,219,1,train,1,5.215464899280265,0.9945974386147911,1
features_1:220,features_1.npy,220,1,train,1,5.439523075956804,0.9956772142368441,1
features_1:221,features_1.npy,221,1,train,1,5.697761132800576,0.9966577431196264,1
features_1:222,features_1.npy,222,1,train,1,5.753842981186633,0.9968394478588087,1
features_1:223,features_1.npy,223,1,train,1,5.1200716772181725,0.9940599010573015,1
features_1:224,features_1.npy,224,1,train,1,2.8262501102801347,0.9440779568716804,1
features_1:225,features_1.npy,225,1,train,1,5.229124237166607,0.9946703416845414,1
features_1:226,features_1.npy,226,1,train,1,2.8053380778884076,0.9429636030506854,1
features_1:227,features_1.npy,227,1,train,1,5.700480630977011,0.9966667897779375,1
features_1:228,features_1.npy,228,1,train,1,5.134296039375242,0.9941433057243112,1
features_1:229,features_1.npy,229,1,train,1,5.42853781481786,0.995629674197952,1
features_1:230,features_1.npy,230,1,train,1,5.335259062287831,0.9952044465323711,1
features_1:231,features_1.npy,231,1,train,1,5.611204684405603,0.9963566608780988,1
features_1:232,features_1.npy,232,1,train,1,4.721729615389787,0.9911787351999549,1
features_1:233,features_1.npy,233,1,train,1,5.258607193045125,0.9948243805803556,1
features_1:234,features_1.npy,234,1,train,1,6.630720344755498,0.9986825255727778,1
features_1:235,features_1.npy,235,1,train,1,5.346831742275632,0.9952593624697553,1
features_1:236,features_1.npy,236,1,validation,1,5.331491618097586,0.9951864326070242,1
features_1:237,features_1.npy,237,1,test,1,5.86886852536702,0.9971818950083449,1
features_1:238,features_1.npy,238,1,train,1,5.858189724730148,0.9971517259448625,1
features_1:239,features_1.npy,239,1,train,1,5.9443074612955975,0.9973861335356372,1
features_1:240,features_1.npy,240,1,train,1,5.96565604366959,0.9974412031714406,1
features_1:241,features_1.npy,241,1,validation,1,5.167350070840857,0.9943326494284483,1
features_1:242,features_1.npy,242,1,train,1,5.725956869568481,0.9967503624069878,1
features_1:243,features_1.npy,243,1,validation,1,5.8251172234598805,0.9970562333128665,1
features_1:244,features_1.npy,244,1,train,1,4.479571185217317,0.9887888410614604,1
features_1:245,features_1.npy,245,1,train,1,5.731526375568149,0.9967683526489897,1
features_1:246,features_1.npy,246,1,train,1,5.701245073562398,0.9966693283686396,1
features_1:247,features_1.npy,247,1,train,1,3.9942983337411313,0.9819128059226236,1
features_1:248,features_1.npy,248,1,train,1,5.662518596663242,0.9965382683353026,1
features_1:249,features_1.npy,249,1,train,1,5.127319685321302,0.9941025463010482,1
features_1:250,features_1.npy,250,1,validation,1,5.772726278156014,0.9968983861679304,1
features_1:251,features_1.npy,251,1,train,1,4.228433500992493,0.9856341800484509,1
features_1:252,features_1.npy,252,1,test,1,5.580101637243761,0.996241993778703,1
features_1:253,features_1.npy,253,1,train,1,5.303428797187339,0.9950501151893831,1
features_1:254,features_1.npy,254,1,train,1,4.140721712235292,0.9843378423566304,1
features_1:255,features_1.npy,255,1,train,1,5.7316081849009395,0.9967686161628144,1
features_1:256,features_1.npy,256,1,train,1,3.715221305626621,0.9762287787514952,1
features_1:257,features_1.npy,257,1,train,1,2.363494858408588,0.9140009104821112,1
features_1:258,features_1.npy,258,1,train,1,5.023936240183528,0.9934644140760561,1
features_1:259,features_1.npy,259,1,train,1,5.0920764017361195,0.9938922867743354,1
features_1:260,features_1.npy,260,1,validation,1,6.458930555963952,0.9984359799236437,1
features_1:261,features_1.npy,261,1,test,1,4.916352936700655,0.992727477205124,1
features_1:262,features_1.npy,262,1,test,1,6.591947943376996,0.9986305120524632,1
features_1:263,features_1.npy,263,1,train,1,5.408968273803807,0.9955436914777565,1
features_1:264,features_1.npy,264,1,train,1,4.4063491638666665,0.9879474013181355,1
features_1:265,features_1.npy,265,1,validation,1,5.028247170875926,0.9934923449370956,1
features_1:266,features_1.npy,266,1,train,1,5.346263550603967,0.9952566808938004,1
features_1:267,features_1.npy,267,1,train,1,5.9028027640716525,0.9972756647268961,1
features_1:268,features_1.npy,268,1,train,1,5.83161054845654,0.9970752304960068,1
features_1:269,features_1.npy,269,1,test,1,6.204864691413327,0.9979844884339175,1
features_1:270,features_1.npy,270,1,train,1,4.878071084146026,0.99244581786285,1
features_1:271,features_1.npy,271,1,train,1,2.4174521337299564,0.9181484715431365,1
features_1:272,features_1.npy,272,1,train,1,5.882861476266251,0.99722094517427,1
features_1:273,features_1.npy,273,1,validation,1,4.860359802644934,0.9923118695474645,1
features_1:274,features_1.npy,274,1,train,1,5.378632163326061,0.9954070634115173,1
features_1:275,features_1.npy,275,1,validation,1,3.3585825151804785,0.9663847597907016,1
features_1:276,features_1.npy,276,1,train,1,3.3612614561467153,0.9664716772252336,1
features_1:277,features_1.npy,277,1,train,1,5.508091133778205,0.9959625290170807,1
features_1:278,features_1.npy,278,1,train,1,5.8773333777809285,0.9972055827925611,1
features_1:279,features_1.npy,279,1,train,1,5.022500808639086,0.9934550873979097,1
features_1:280,features_1.npy,280,1,train,1,5.82527782440016,0.9970567046552077,1
features_1:281,features_1.npy,281,1,test,1,5.885563649665612,0.9972284237404349,1
features_1:282,features_1.npy,282,1,train,1,4.0131971194572555,0.982245410139795,1
features_1:283,features_1.npy,283,1,train,1,4.637335296407116,0.9904094033769243,1
features_1:284,features_1.npy,284,1,test,1,5.4392234962332635,0.9956759246244786,1
features_1:285,features_1.npy,285,1,test,1,5.675422750012086,0.9965825003870303,1
features_1:286,features_1.npy,286,1,validation,1,3.1334064140807345,0.9582498864248349,1
features_1:287,features_1.npy,287,1,test,1,5.181508574145027,0.994411880015947,1
features_1:288,features_1.npy,288,1,train,1,3.788772931793574,0.9778771477106782,1
features_1:289,features_1.npy,289,1,train,1,4.341052532968108,0.9871445994446416,1
features_1:290,features_1.npy,290,1,validation,1,2.3140228970905743,0.910031769517949,1
features_1:291,features_1.npy,291,1,train,1,5.067654628233255,0.9937422341837445,1
features_1:292,features_1.npy,292,1,train,1,6.134449366822245,0.9978377673146452,1
features_1:293,features_1.npy,293,1,train,1,4.57708231957541,0.9898198410166839,1
features_1:294,features_1.npy,294,1,test,1,4.9985903474808735,0.9932977711060729,1
features_1:295,features_1.npy,295,1,train,1,5.902172493406842,0.9972739517993569,1
features_1:296,features_1.npy,296,1,train,1,4.994495204234051,0.9932704533248335,1
features_1:297,features_1.npy,297,1,validation,1,6.045799594522344,0.9976378063584627,1
features_1:298,features_1.npy,298,1,train,1,5.819823799244819,0.9970406556280256,1
features_1:299,features_1.npy,299,1,train,1,2.7960430412988044,0.9424616225861646,1
features_1:300,features_1.npy,300,1,validation,1,5.2578908890696,0.9948206911437067,1
features_1:301,features_1.npy,301,1,validation,1,6.513322259318681,0.9985186548261682,1
features_1:302,features_1.npy,302,1,validation,1,6.093270711651217,0.9977470756097756,1
features_1:303,features_1.npy,303,1,validation,1,5.616990649292062,0.9963776041025731,1
features_1:304,features_1.npy,304,1,validation,1,5.626594423351674,0.9964121020357918,1
features_1:305,features_1.npy,305,1,train,1,6.198933048680083,0.9979725219230329,1
features_1:306,features_1.npy,306,1,test,1,5.832894088507803,0.9970789711879144,1
features_1:307,features_1.npy,307,1,validation,1,5.58197302217594,0.9962489935236551,1
features_1:308,features_1.npy,308,1,train,1,5.656589851135218,0.9965177553297031,1
features_1:309,features_1.npy,309,1,train,1,5.321932534021457,0.9951404233639776,1
features_1:310,features_1.npy,310,1,validation,1,6.156275220036079,0.9978843498439645,1
features_1:311,features_1.npy,311,1,test,1,5.423805775529366,0.99560903565945,1
features_1:312,features_1.npy,312,1,train,1,5.2863717161872215,0.9949653891430568,1
features_1:313,features_1.npy,313,1,train,1,5.7847996894673805,0.9969354940108327,1
features_1:314,features_1.npy,314,1,train,1,5.634749539311486,0.996441139067346,1
features_1:315,features_1.npy,315,1,train,1,4.052676635492326,0.9829209584251349,1
features_1:316,features_1.npy,316,1,test,1,4.886681147204685,0.9925100955744921,1
features_1:317,features_1.npy,317,1,train,1,3.6666994001275355,0.9750763688683481,1
features_1:318,features_1.npy,318,1,train,1,5.743531436364357,0.9968067936827316,1
features_1:319,features_1.npy,319,1,train,1,5.54930133278547,0.9961249005804813,1
features_1:320,features_1.npy,320,1,test,1,4.38881817465855,0.9877368583476691,1
features_1:321,features_1.npy,321,1,train,1,4.098827896842852,0.9836786932686191,1
features_1:322,features_1.npy,322,1,train,1,4.244593902792704,0.9858612156133373,1
features_1:323,features_1.npy,323,1,validation,1,5.954872340285079,0.997413532305559,1
features_1:324,features_1.npy,324,1,train,1,6.456099429771509,0.998431552666323,1
features_1:325,features_1.npy,325,1,train,1,5.613163543183952,0.9963637647538682,1
features_1:326,features_1.npy,326,1,train,1,4.847743343124928,0.9922150180035209,1
features_1:327,features_1.npy,327,1,train,1,4.998687076898131,0.9932984150329687,1
features_1:328,features_1.npy,328,1,train,1,5.378542886496018,0.995406655233946,1
features_1:329,features_1.npy,329,1,train,1,6.145748880082277,0.9978620100324003,1
features_1:330,features_1.npy,330,1,train,1,2.8772312278921803,0.9467093495983112,1
features_1:331,features_1.npy,331,1,train,1,4.34402913027091,0.9871823181576123,1
features_1:332,features_1.npy,332,1,train,1,4.673188647474049,0.9907440409117757,1
features_1:333,features_1.npy,333,1,train,1,5.4944619951151745,0.995907351817648,1
features_1:334,features_1.npy,334,1,train,1,5.940684949418521,0.9973766724869552,1
features_1:335,features_1.npy,335,1,validation,1,2.763280208354549,0.9406589989757621,1
features_1:336,features_1.npy,336,1,train,1,5.435439979867468,0.9956596045701811,1
features_1:337,features_1.npy,337,1,validation,1,5.501922719789772,0.9959376487395708,1
features_1:338,features_1.npy,338,1,train,1,6.196771303168923,0.9979681432056781,1
features_1:339,features_1.npy,339,1,train,1,4.573232497560516,0.9897809749527914,1
features_1:340,features_1.npy,340,1,test,1,5.652833449943332,0.9965046958297222,1
features_1:341,features_1.npy,341,1,test,1,5.682359791774321,0.9966060455018,1
features_1:342,features_1.npy,342,1,test,1,5.319202531141307,0.9951272033143169,1
features_1:343,features_1.npy,343,1,train,1,5.489712612531106,0.9958879481526287,1
features_1:344,features_1.npy,344,1,validation,1,6.849394766393326,0.9989410255106104,1
features_1:345,features_1.npy,345,1,train,1,5.604644147383383,0.996332767982627,1
features_1:346,features_1.npy,346,1,train,1,5.6430857193583694,0.9964705787865402,1
features_1:347,features_1.npy,347,1,validation,1,3.768140839509149,0.9774263763137668,1
features_1:348,features_1.npy,348,1,test,1,5.679165638900196,0.9965952243297709,1
features_1:349,features_1.npy,349,1,validation,1,5.217852377256386,0.9946102522892026,1
features_1:350,features_1.npy,350,1,train,1,5.103233373486714,0.9939596423060623,1
features_1:351,features_1.npy,351,1,train,1,5.764646596704713,0.9968733032769328,1
features_1:352,features_1.npy,352,1,test,1,0.43356899271542865,0.6067255881246437,0
features_1:353,features_1.npy,353,1,validation,1,5.184272747814478,0.9944272192599868,1
features_1:354,features_1.npy,354,1,train,1,4.775235978348506,0.9916344791952567,1
features_1:355,features_1.npy,355,1,train,1,5.90959539298166,0.9972940575124851,1
features_1:356,features_1.npy,356,1,train,1,4.205506617003155,0.9853059075046555,1
features_1:357,features_1.npy,357,1,train,1,3.8946500639347885,0.9800553881401695,1
features_1:358,features_1.npy,358,1,train,1,5.310189737354876,0.9950833042020092,1
features_1:359,features_1.npy,359,1,train,1,6.020130120931,0.9975765339908231,1
features_1:360,features_1.npy,360,1,test,1,5.862475945169698,0.997163873598608,1
features_1:361,features_1.npy,361,1,train,1,5.4494944827783804,0.995719920726913,1
features_1:362,features_1.npy,362,1,train,1,4.978781531895941,0.9931646007606062,1
features_1:363,features_1.npy,363,1,validation,1,4.806848809389914,0.9918926900578464,1
features_1:364,features_1.npy,364,1,train,1,4.911132548148497,0.9926896908051239,1
features_1:365,features_1.npy,365,1,train,1,5.02031881316742,0.9934408846092021,1
features_1:366,features_1.npy,366,1,train,1,4.609061920233476,0.9901370877427875,1
features_1:367,features_1.npy,367,1,train,1,2.9439581370025416,0.9499771550544891,1
features_1:368,features_1.npy,368,1,train,1,5.446748946441036,0.9957082039700921,1
features_1:369,features_1.npy,369,1,train,1,4.649127429542413,0.9905207670306626,1
features_1:370,features_1.npy,370,1,train,1,6.1230201752305575,0.9978129673383399,1
features_1:371,features_1.npy,371,1,train,1,5.126101448356085,0.9940953998743913,1
features_1:372,features_1.npy,372,1,test,1,6.110119581481546,0.9977846334538404,1
features_1:373,features_1.npy,373,1,train,1,5.221439310164373,0.9946294466804559,1
features_1:374,features_1.npy,374,1,validation,1,5.293918794597122,0.9950030535719938,1
features_1:375,features_1.npy,375,1,train,1,3.240443296174804,0.962328183446883,1
features_1:376,features_1.npy,376,1,train,1,4.765423948736991,0.9915526892292154,1
features_1:377,features_1.npy,377,1,validation,1,5.638328329251381,0.9964538076346772,1
features_1:378,features_1.npy,378,1,train,1,5.818340544043287,0.9970362759269454,1
features_1:379,features_1.npy,379,1,train,1,5.6404518904802,0.9964613035810729,1
features_1:380,features_1.npy,380,1,test,1,5.420501851490426,0.9955945682718126,1
features_1:381,features_1.npy,381,1,train,1,6.007601261273822,0.9975460546984138,1
features_1:382,features_1.npy,382,1,train,1,4.019657097768327,0.9823577177935503,1
features_1:383,features_1.npy,383,1,train,1,4.547949389960512,0.9895220540462366,1
features_1:384,features_1.npy,384,1,train,1,5.291969198090571,0.994993350862506,1
features_1:385,features_1.npy,385,1,train,1,5.223350903173507,0.9946396482079011,1
features_1:386,features_1.npy,386,1,train,1,5.129157164990385,0.994113309070267,1
features_1:387,features_1.npy,387,1,train,1,5.9437200517890325,0.99738460169147,1
features_1:388,features_1.npy,388,1,train,1,5.069357287220326,0.99375281345317,1
features_1:389,features_1.npy,389,1,test,1,5.675884081048313,0.9965840712377505,1
features_1:390,features_1.npy,390,1,train,1,6.498639022157781,0.9984967763498438,1
features_1:391,features_1.npy,391,1,train,1,5.93375350374122,0.9973584740690543,1
features_1:392,features_1.npy,392,1,train,1,5.360356947935442,0.9953227510330185,1
features_1:393,features_1.npy,393,1,train,1,5.841293851694567,0.9971033336032326,1
features_1:394,features_1.npy,394,1,test,1,2.8870970305919,0.9472048988352735,1
features_1:395,features_1.npy,395,1,train,1,4.346530026531315,0.987213924445195,1
features_1:396,features_1.npy,396,1,train,1,4.097100303164768,0.9836509336984265,1
features_1:397,features_1.npy,397,1,train,1,5.140820565099567,0.9941811718631977,1
features_1:398,features_1.npy,398,1,test,1,1.740617398390433,0.850765469559263,1
features_1:399,features_1.npy,399,1,train,1,5.514609682636411,0.9959886566469668,1
features_1:400,features_1.npy,400,1,train,1,5.003504137897974,0.9933304045594393,1
features_1:401,features_1.npy,401,1,train,1,5.968760118507696,0.997449113324168,1
features_1:402,features_1.npy,402,1,train,1,5.782468840881871,0.996928364746374,1
features_1:403,features_1.npy,403,1,validation,1,4.728617436588324,0.9912387552266939,1
features_1:404,features_1.npy,404,1,train,1,5.915178718757755,0.997309083030909,1
features_1:405,features_1.npy,405,1,validation,1,5.751314087580511,0.9968314704009944,1
features_1:406,features_1.npy,406,1,test,1,5.187212770403722,0.9944434883952671,1
features_1:407,features_1.npy,407,1,train,1,4.79314331421622,0.9917817298860053,1
features_1:408,features_1.npy,408,1,train,1,4.209396317128863,0.9853621170908179,1
features_1:409,features_1.npy,409,1,test,1,3.9993336108188005,0.9820020160200951,1
features_1:410,features_1.npy,410,1,train,1,5.297698364136649,0.9950218103902109,1
features_1:411,features_1.npy,411,1,train,1,3.5765351551776146,0.9727887155699815,1
features_1:412,features_1.npy,412,1,train,1,6.242417952724669,0.9980586296900891,1
features_1:413,features_1.npy,413,1,train,1,5.437872365503078,0.9956701035987096,1
features_1:414,features_1.npy,414,1,train,1,5.702929787745128,0.9966749162322679,1
features_1:415,features_1.npy,415,1,train,1,5.5992908526227625,0.9963131561408186,1
features_1:416,features_1.npy,416,1,train,1,5.338216872603633,0.9952185421916565,1
features_1:417,features_1.npy,417,1,train,1,4.218782420022203,0.9854968836880245,1
features_1:418,features_1.npy,418,1,test,1,4.950307019883088,0.9929685567829204,1
features_1:419,features_1.npy,419,1,train,1,4.169306341584342,0.9847724804349605,1
features_1:420,features_1.npy,420,1,train,1,6.257757386713903,0.9980881254744227,1
features_1:421,features_1.npy,421,1,train,1,3.1035568665467954,0.9570392241180029,1
features_1:422,features_1.npy,422,1,train,1,5.766494607541755,0.9968790580939102,1
features_1:423,features_1.npy,423,1,train,1,5.263977519180107,0.9948519581394577,1
features_1:424,features_1.npy,424,1,test,1,2.9554721800157266,0.9505214826201597,1
features_1:425,features_1.npy,425,1,train,1,4.131425079300729,0.984193870292005,1
features_1:426,features_1.npy,426,1,validation,1,4.931882311912113,0.9928387400069401,1
features_1:427,features_1.npy,427,1,validation,1,5.812819740674934,0.997019917435163,1
features_1:428,features_1.npy,428,1,train,1,5.696215629154891,0.9966525909600594,1
features_1:429,features_1.npy,429,1,train,1,5.616365189927291,0.9963753459472565,1
features_1:430,features_1.npy,430,1,train,1,5.671041284129788,0.996567545386988,1
features_1:431,features_1.npy,431,1,train,1,4.301389247143793,0.9866314185444993,1
features_1:432,features_1.npy,432,1,train,1,5.975051037692191,0.9974650698238513,1
features_1:433,features_1.npy,433,1,train,1,2.4281049246507336,0.9189454907317254,1
features_1:434,features_1.npy,434,1,train,1,4.624997922179053,0.9902915035418738,1
features_1:435,features_1.npy,435,1,train,1,5.603523111416671,0.9963286696800966,1
features_1:436,features_1.npy,436,1,train,1,6.014771305005054,0.9975635439500758,1
features_1:437,features_1.npy,437,1,train,1,6.338877687861537,0.9982368308103422,1
features_1:438,features_1.npy,438,1,train,1,5.970440215815828,0.9974533845588296,1
features_1:439,features_1.npy,439,1,train,1,5.47962508797478,0.9958464309697035,1
features_1:440,features_1.npy,440,1,validation,1,5.4850874462237345,0.9958689639280747,1
features_1:441,features_1.npy,441,1,train,1,5.472225129340015,0.9958157098125792,1
features_1:442,features_1.npy,442,1,train,1,5.682250478804038,0.9966056757376485,1
features_1:443,features_1.npy,443,1,train,1,5.6220534093703725,0.99639583114739,1
features_1:444,features_1.npy,444,1,test,1,5.744544487127394,0.9968100166108436,1
features_1:445,features_1.npy,445,1,test,1,5.028580215134048,0.9934944978161097,1
features_1:446,features_1.npy,446,1,test,1,4.7205971235665265,0.9911688278042354,1
features_1:447,features_1.npy,447,1,train,1,4.72342839190214,0.9911935759808407,1
features_1:448,features_1.npy,448,1,validation,1,5.494922050819003,0.9959092265302218,1
features_1:449,features_1.npy,449,1,train,1,5.398691140611464,0.9954978645090922,1
features_1:450,features_1.npy,450,1,train,1,4.306530117378004,0.9866990565563579,1
features_1:451,features_1.npy,451,1,train,1,5.375011485868904,0.9953904805212141,1
features_1:452,features_1.npy,452,1,test,1,5.861432502836703,0.9971609211259431,1
features_1:453,features_1.npy,453,1,validation,1,6.379084252280331,0.9983061978608097,1
features_1:454,features_1.npy,454,1,test,1,2.0730523135741388,0.8882562843338551,1
features_1:455,features_1.npy,455,1,validation,1,5.10640626263353,0.9939786621003651,1
features_1:456,features_1.npy,456,1,train,1,5.29572476766533,0.9950120248060869,1
features_1:457,features_1.npy,457,1,train,1,5.358103748717499,0.9953122498362408,1
features_1:458,features_1.npy,458,1,validation,1,4.140176664325809,0.9843294372136923,1
features_1:459,features_1.npy,459,1,test,1,6.050935165188773,0.9976498780369972,1
features_1:460,features_1.npy,460,1,train,1,5.518757147017195,0.9960051927742164,1
features_1:461,features_1.npy,461,1,train,1,6.020222868088928,0.997576758205339,1
features_1:462,features_1.npy,462,1,train,1,3.7239339272868195,0.9764301284450677,1
features_1:463,features_1.npy,463,1,train,1,5.3478054724529445,0.9952639544734607,1
features_1:464,features_1.npy,464,1,train,1,5.706248723400048,0.9966858971651813,1
features_1:465,features_1.npy,465,1,train,1,5.483107593163883,0.9958608108691851,1
features_1:466,features_1.npy,466,1,train,1,4.8780374342464805,0.9924455655814535,1
features_1:467,features_1.npy,467,1,train,1,5.531870872813145,0.9960570323732554,1
features_1:468,features_1.npy,468,1,train,1,5.361183760006888,0.9953265985751036,1
features_1:469,features_1.npy,469,1,test,1,5.37851791744966,0.9954065410679127,1
features_1:470,features_1.npy,470,1,train,1,5.352415041175845,0.9952856326788629,1
features_1:471,features_1.npy,471,1,train,1,4.8308224369792825,0.9920832199967294,1
features_1:472,features_1.npy,472,1,train,1,4.731408796015138,0.9912629635360481,1
features_1:473,features_1.npy,473,1,validation,1,5.7067953682293595,0.9966877023082471,1
features_1:474,features_1.npy,474,1,train,1,5.690976916648565,0.9966350679954763,1
features_1:475,features_1.npy,475,1,train,1,5.369645807601126,0.9953657957754367,1
features_1:476,features_1.npy,476,1,train,1,4.767858704079409,0.991573058239354,1
features_1:477,features_1.npy,477,1,validation,1,5.974350069946623,0.9974632968056977,1
features_1:478,features_1.npy,478,1,train,1,5.609766643026967,0.9963514369663004,1
features_1:479,features_1.npy,479,1,train,1,5.521100112765016,0.9960145042551849,1
features_1:480,features_1.npy,480,1,test,1,4.605546687853375,0.9901027000529392,1
features_1:481,features_1.npy,481,1,validation,1,4.357808635443963,0.9873555101938006,1
features_1:482,features_1.npy,482,1,test,1,4.807239812695015,0.9918958337381092,1
features_1:483,features_1.npy,483,1,train,1,6.0392424450999185,0.9976223031576933,1
features_1:484,features_1.npy,484,1,train,1,5.647427699087057,0.9964858165033137,1
features_1:485,features_1.npy,485,1,train,1,5.855859305607112,0.9971450995042377,1
features_1:486,features_1.npy,486,1,train,1,5.551587380544305,0.9961337149138783,1
features_1:487,features_1.npy,487,1,train,1,5.784892864122891,0.9969357786569212,1
features_1:488,features_1.npy,488,1,validation,1,0.6899172449677275,0.6659485172299985,1
features_1:489,features_1.npy,489,1,test,1,3.2716357439083343,0.9634428275400808,1
features_1:490,features_1.npy,490,1,train,1,4.294533596416601,0.9865406911269626,1
features_1:491,features_1.npy,491,1,train,1,4.780600741735879,0.9916788656226697,1
features_1:492,features_1.npy,492,1,train,1,5.92497683019382,0.997335250272582,1
features_1:493,features_1.npy,493,1,validation,1,6.432380706081553,0.9983939668627629,1
features_1:494,features_1.npy,494,1,train,1,4.157147127635567,0.9845890663471564,1
features_1:495,features_1.npy,495,1,train,1,6.098410462609857,0.9977585994855447,1
features_1:496,features_1.npy,496,1,train,1,4.1321963728040165,0.9842058642822059,1
features_1:497,features_1.npy,497,1,validation,1,5.601809590794553,0.9963223965422786,1
features_1:498,features_1.npy,498,1,train,1,4.775692481183082,0.9916382652824767,1
features_1:499,features_1.npy,499,1,train,1,5.3978211519611685,0.9954939636549833,1
features_1:500,features_1.npy,500,1,train,1,3.380694230085913,0.9670957038814298,1
features_1:501,features_1.npy,501,1,train,1,5.4169605169025346,0.9955790086016844,1
features_1:502,features_1.npy,502,1,train,1,5.852322173672566,0.9971350124465159,1
features_1:503,features_1.npy,503,1,test,1,4.123335313558945,0.984067529311294,1
features_1:504,features_1.npy,504,1,train,1,5.453380158601119,0.9957364486883938,1
features_1:505,features_1.npy,505,1,train,1,5.4341445402712845,0.9956540026587193,1
features_1:506,features_1.npy,506,1,train,1,5.911920196788803,0.9973003240277681,1
features_1:507,features_1.npy,507,1,train,1,5.191283654135737,0.9944659374032997,1
features_1:508,features_1.npy,508,1,validation,1,5.653518080279288,0.996507079646353,1
features_1:509,features_1.npy,509,1,train,1,3.443250720752682,0.9690292240170303,1
features_1:510,features_1.npy,510,1,train,1,5.0455627057677646,0.9936033438911243,1
features_1:511,features_1.npy,511,1,train,1,5.649407762898744,0.9964927435460574,1
features_1:512,features_1.npy,512,1,train,1,5.951584286886069,0.9974050359698428,1
features_1:513,features_1.npy,513,1,train,1,4.835429253863744,0.9921193205169409,1
features_1:514,features_1.npy,514,1,validation,1,3.380718908627159,0.9670964891831298,1
features_1:515,features_1.npy,515,1,test,1,6.106123373303146,0.9977757824055387,1
features_1:516,features_1.npy,516,1,validation,1,5.661304856008901,0.9965340787113716,1
features_1:517,features_1.npy,517,1,train,1,6.3829844381859155,0.9983127800138689,1
features_1:518,features_1.npy,518,1,train,1,5.797733655765273,0.9969747558656957,1
features_1:519,features_1.npy,519,1,validation,1,4.300932454609525,0.9866253921742933,1
features_1:520,features_1.npy,520,1,test,1,5.98965841340975,0.9975017375325017,1
features_1:521,features_1.npy,521,1,train,1,5.074027863318231,0.9937817423673252,1
features_1:522,features_1.npy,522,1,train,1,3.987169108401433,0.9817857545742944,1
features_1:523,features_1.npy,523,1,train,1,6.146825563232996,0.9978643058178012,1
features_1:524,features_1.npy,524,1,train,1,3.7698034559084683,0.977463031269476,1
features_1:525,features_1.npy,525,1,test,1,5.82183618372322,0.9970465874076213,1
features_1:526,features_1.npy,526,1,validation,1,6.076461666125736,0.9977089735284942,1
features_1:527,features_1.npy,527,1,train,1,5.742289508956491,0.9968028381756513,1
features_1:528,features_1.npy,528,1,train,1,3.483478816427242,0.9702140183556267,1
features_1:529,features_1.npy,529,1,validation,1,5.735449150950371,0.9967809641157106,1
features_1:530,features_1.npy,530,1,test,1,5.498361895053233,0.9959232167109795,1
features_1:531,features_1.npy,531,1,train,1,5.562938497353381,0.9961771866041351,1
features_1:532,features_1.npy,532,1,train,1,5.624593049393212,0.9964049399607755,1
features_1:533,features_1.npy,533,1,train,1,6.583247472104069,0.9986185614092941,1
features_1:534,features_1.npy,534,1,train,1,3.1149204405996533,0.9575040201766589,1
features_1:535,features_1.npy,535,1,train,1,1.6744088867758113,0.842162755354387,1
features_1:536,features_1.npy,536,1,test,1,4.878110770984664,0.9924461153938867,1
features_1:537,features_1.npy,537,1,train,1,4.554689383263227,0.9895917052964853,1
features_1:538,features_1.npy,538,1,train,1,5.117614549604996,0.9940453745479483,1
features_1:539,features_1.npy,539,1,train,1,5.843357192042187,0.9971092869905998,1
features_1:540,features_1.npy,540,1,train,1,5.108754911389163,0.9939927026582611,1
features_1:541,features_1.npy,541,1,train,1,5.103564850267414,0.9939616321243259,1
features_1:542,features_1.npy,542,1,test,1,3.4779057690184803,0.970052541365122,1
features_1:543,features_1.npy,543,1,train,1,4.724432449992861,0.9912023359532665,1
features_1:544,features_1.npy,544,1,train,1,5.265541892173547,0.9948599639383902,1
features_1:545,features_1.npy,545,1,train,1,5.3758027417361465,0.9953941095954874,1
features_1:546,features_1.npy,546,1,train,1,3.8715060141237094,0.9795979333665308,1
features_1:547,features_1.npy,547,1,train,1,5.080171235493561,0.9938195909619623,1
features_1:548,features_1.npy,548,1,validation,1,3.0085355249055783,0.952958247154019,1
features_1:549,features_1.npy,549,1,train,1,5.405130393655364,0.9955266324925236,1
features_1:550,features_1.npy,550,1,train,1,3.047229641409126,0.9546627714267938,1
features_1:551,features_1.npy,551,1,train,1,5.922734583297395,0.9973292845175241,1
features_1:552,features_1.npy,552,1,validation,1,5.484279837601968,0.9958656401190393,1
features_1:553,features_1.npy,553,1,test,1,5.018307994000581,0.9934277689144679,1
features_1:554,features_1.npy,554,1,train,1,5.402783167598963,0.9955161672907227,1
features_1:555,features_1.npy,555,1,train,1,5.101290979462754,0.9939479692251763,1
features_1:556,features_1.npy,556,1,train,1,5.610579192246989,0.9963543895956951,1
features_1:557,features_1.npy,557,1,train,1,4.846899632014366,0.9922084981544002,1
features_1:558,features_1.npy,558,1,validation,1,4.992338241175033,0.9932560202725194,1
features_1:559,features_1.npy,559,1,train,1,4.929894340663978,0.9928245917212719,1
features_1:560,features_1.npy,560,1,test,1,6.247832393016398,0.9980690924764831,1
features_1:561,features_1.npy,561,1,train,1,5.464459684565017,0.9957832279986095,1
features_1:562,features_1.npy,562,1,train,1,4.95553665094984,0.9930049761040066,1
features_1:563,features_1.npy,563,1,train,1,6.154435905238471,0.9978804631718674,1
features_1:564,features_1.npy,564,1,train,1,5.247962259031784,0.9947692818943552,1
features_1:565,features_1.npy,565,1,train,1,5.824993836126368,0.9970558711363778,1
features_1:566,features_1.npy,566,1,train,1,3.6268493099695767,0.9740893589983075,1
features_1:567,features_1.npy,567,1,train,1,5.862147499089165,0.9971629445742073,1
features_1:568,features_1.npy,568,1,train,1,5.280508119123538,0.9949359314299507,1
features_1:569,features_1.npy,569,1,validation,1,4.578410993391744,0.9898332207197903,1
features_1:570,features_1.npy,570,1,train,1,2.06854973199669,0.8878085894505723,1
features_1:571,features_1.npy,571,1,train,1,5.0290750380022535,0.993497695164851,1
features_1:572,features_1.npy,572,1,train,1,5.63882952956032,0.9964555782439466,1
features_1:573,features_1.npy,573,1,train,1,5.889753644352215,0.9972399803504572,1
features_1:574,features_1.npy,574,1,validation,1,4.963873761855981,0.9930626490725499,1
features_1:575,features_1.npy,575,1,validation,1,5.357146584404883,0.9953077818048337,1
features_1:576,features_1.npy,576,1,train,1,5.863112968149587,0.9971656745818923,1
features_1:577,features_1.npy,577,1,test,1,5.343670350317318,0.9952444231261662,1
features_1:578,features_1.npy,578,1,train,1,5.822969323975011,0.9970499222756958,1
features_1:579,features_1.npy,579,1,train,1,2.894811631617011,0.9475893605915635,1
features_1:580,features_1.npy,580,1,validation,1,4.09573651617023,0.9836289871112442,1
features_1:581,features_1.npy,581,1,train,1,5.95013225013605,0.9974012750488208,1
features_1:582,features_1.npy,582,1,train,1,4.51762666990706,0.9892029510758086,1
features_1:583,features_1.npy,583,1,validation,1,5.526639979413385,0.9960364350551908,1
features_1:584,features_1.npy,584,1,train,1,5.604814895871751,0.9963333918077545,1
features_1:585,features_1.npy,585,1,train,1,5.054769793342889,0.9936615965862032,1
features_1:586,features_1.npy,586,1,train,1,5.922851058845063,0.9973295947418144,1
features_1:587,features_1.npy,587,1,test,1,4.376522114197641,0.9875870224407992,1
features_1:588,features_1.npy,588,1,test,1,0.22117445904150487,0.5550693068970843,0
features_1:589,features_1.npy,589,1,validation,1,5.082632525280086,0.9938346903646594,1
features_1:590,features_1.npy,590,1,test,1,5.255934352607198,0.9948106003556166,1
features_1:591,features_1.npy,591,1,test,1,6.243550353422975,0.998060822594221,1
features_1:592,features_1.npy,592,1,train,1,5.683034322015245,0.9966083262927844,1
features_1:593,features_1.npy,593,1,test,1,6.308074291195248,0.9981817743514643,1
features_1:594,features_1.npy,594,1,train,1,5.487664459280995,0.9958795521479306,1
features_1:595,features_1.npy,595,1,train,1,6.11714576385441,0.9978001103452796,1
features_1:596,features_1.npy,596,1,train,1,5.6737260610167555,0.9965767168977226,1
features_1:597,features_1.npy,597,1,train,1,4.0335603313586645,0.9825970661757797,1
features_1:598,features_1.npy,598,1,train,1,6.45983580822326,0.9984373929043128,1
features_1:599,features_1.npy,599,1,train,1,5.353156714860911,0.9952891114391085,1
features_1:600,features_1.npy,600,1,train,1,5.354185628381746,0.9952939332442465,1
features_1:601,features_1.npy,601,1,train,1,4.193242695390458,0.985127287423409,1
features_1:602,features_1.npy,602,1,train,1,5.3545900493070615,0.9952958271399954,1
features_1:603,features_1.npy,603,1,train,1,5.365308538164523,0.995345746083601,1
features_1:604,features_1.npy,604,1,train,1,4.584294716596335,0.9898922607470926,1
features_1:605,features_1.npy,605,1,train,1,5.6339861367484625,0.9964384308664225,1
features_1:606,features_1.npy,606,1,validation,1,5.594965610373657,0.9962972342860021,1
features_1:607,features_1.npy,607,1,validation,1,5.828311966669466,0.9970655953320751,1
features_1:608,features_1.npy,608,1,train,1,6.264525899429099,0.9981009978348214,1
features_1:609,features_1.npy,609,1,train,1,3.8475315849755676,0.9791132347951539,1
features_1:610,features_1.npy,610,1,train,1,5.2954356782173155,0.9950105898222668,1
features_1:611,features_1.npy,611,1,train,1,5.669808040274836,0.9965633242787686,1
features_1:612,features_1.npy,612,1,train,1,4.044897119567933,0.9827898691577208,1
features_1:613,features_1.npy,613,1,test,1,6.155835655040893,0.9978834216425717,1
features_1:614,features_1.npy,614,1,train,1,5.104331081952531,0.9939662292346849,1
features_1:615,features_1.npy,615,1,train,1,5.951855885090035,0.9974057388335571,1
features_1:616,features_1.npy,616,1,train,1,5.6105204334293015,0.9963541761586457,1
features_1:617,features_1.npy,617,1,test,1,5.861735822434492,0.9971617796998591,1
features_1:618,features_1.npy,618,1,test,1,5.6652028199089886,0.9965475158984016,1
features_1:619,features_1.npy,619,1,validation,1,4.238624106722783,0.9857777615372288,1
features_1:620,features_1.npy,620,1,test,1,3.841543737302839,0.9789904283196613,1
features_1:621,features_1.npy,621,1,train,1,5.493933349431466,0.9959051965465705,1
features_1:622,features_1.npy,622,1,train,1,4.8898551160786985,0.99253365339694,1
features_1:623,features_1.npy,623,1,train,1,3.9758442875286475,0.9815821297872301,1
features_1:624,features_1.npy,624,1,train,1,6.2271833038342175,0.9980288859000892,1
features_1:625,features_1.npy,625,1,train,1,5.7434333468399466,0.9968064814476035,1
features_1:626,features_1.npy,626,1,test,1,5.333954620226758,0.9951982169862217,1
features_1:627,features_1.npy,627,1,train,1,5.369492876053805,0.9953650902903047,1
features_1:628,features_1.npy,628,1,validation,1,2.4971833199808042,0.9239441241902157,1
features_1:629,features_1.npy,629,1,test,1,4.911197886491275,0.992690164941627,1
features_1:630,features_1.npy,630,1,test,1,4.502845142005103,0.9890439303612493,1
features_1:631,features_1.npy,631,1,train,1,4.853228852871697,0.9922572759391253,1
features_1:632,features_1.npy,632,1,validation,1,5.8805725972306275,0.9972145947067281,1
features_1:633,features_1.npy,633,1,train,1,4.623459607537336,0.9902767026530752,1
features_1:634,features_1.npy,634,1,test,1,3.102610030155312,0.9570002779492885,1
features_1:635,features_1.npy,635,1,train,1,4.487126441945203,0.9888722860714881,1
features_1:636,features_1.npy,636,1,validation,1,2.351937934262281,0.9130881416755865,1
features_1:637,features_1.npy,637,1,train,1,5.077506749328344,0.9938032035717469,1
features_1:638,features_1.npy,638,1,train,1,3.681568325435176,0.9754351788894007,1
features_1:639,features_1.npy,639,1,train,1,5.86235633509095,0.9971635353112869,1
features_1:640,features_1.npy,640,1,train,1,5.3356644565211555,0.9952063809107474,1
features_1:641,features_1.npy,641,1,train,1,4.248206301268328,0.9859114801240515,1
features_1:642,features_1.npy,642,1,train,1,6.142281546074934,0.9978545999720443,1
features_1:643,features_1.npy,643,1,test,1,5.19966103894114,0.9945118513513767,1
features_1:644,features_1.npy,644,1,train,1,5.600805682698054,0.9963187163106042,1
features_1:645,features_1.npy,645,1,train,1,5.698515472862148,0.9966602549502216,1
features_1:646,features_1.npy,646,1,train,1,4.9060659208881265,0.99265283102368,1
features_1:647,features_1.npy,647,1,validation,1,5.193149244640102,0.9944761950972381,1
features_1:648,features_1.npy,648,1,train,1,5.15900294471447,0.9942854168189794,1
features_1:649,features_1.npy,649,1,test,1,4.349470732809415,0.9872509906468008,1
features_1:650,features_1.npy,650,1,train,1,4.7623764720088415,0.9915271254305356,1
features_1:651,features_1.npy,651,1,train,1,4.128866568565234,0.9841540199963427,1
features_1:652,features_1.npy,652,1,train,1,5.40513889401933,0.9955266703475152,1
features_1:653,features_1.npy,653,1,train,1,4.670117920173691,0.9907158389867727,1
features_1:654,features_1.npy,654,1,train,1,4.4902607087290995,0.9889067223983969,1
features_1:655,features_1.npy,655,1,train,1,3.849692673870268,0.9791573844314174,1
features_1:656,features_1.npy,656,1,validation,1,5.704729943064771,0.9966808766658701,1
features_1:657,features_1.npy,657,1,train,1,5.539677205962051,0.996087572708063,1
features_1:658,features_1.npy,658,1,train,1,5.08996227567597,0.9938794397548982,1
features_1:659,features_1.npy,659,1,train,1,5.4002623004254335,0.9955049007580505,1
features_1:660,features_1.npy,660,1,test,1,-0.6858621820813007,0.33495418269663846,0
features_1:661,features_1.npy,661,1,validation,1,5.068100121701063,0.9937450039229033,1
features_1:662,features_1.npy,662,1,train,1,5.671880745844437,0.9965704157142364,1
features_1:663,features_1.npy,663,1,validation,1,5.260628395475937,0.9948347770114561,1
features_1:664,features_1.npy,664,1,validation,1,4.652483569737363,0.9905522272754315,1
features_1:665,features_1.npy,665,1,train,1,5.453242776352611,0.9957358654097211,1
features_1:666,features_1.npy,666,1,train,1,5.367586442450539,0.9953562867862399,1
features_1:667,features_1.npy,667,1,train,1,4.990008962855387,0.9932403996653405,1
features_1:668,features_1.npy,668,1,train,1,4.777073670477293,0.9916497100767618,1
features_1:669,features_1.npy,669,1,validation,1,4.651740094642515,0.990545266916385,1
features_1:670,features_1.npy,670,1,train,1,5.174803434768479,0.9943744964844518,1
features_1:671,features_1.npy,671,1,test,1,-0.048015311275472296,0.4879984778550942,0
features_1:672,features_1.npy,672,1,test,1,5.3111038577467165,0.9950877745326161,1
features_1:673,features_1.npy,673,1,train,1,5.671308965034486,0.9965684609140972,1
features_1:674,features_1.npy,674,1,train,1,6.003721733926469,0.9975365395578253,1
features_1:675,features_1.npy,675,1,train,1,5.728198165705794,0.9967576140619895,1
features_1:676,features_1.npy,676,1,train,1,3.9984592681839524,0.9819865563246499,1
features_1:677,features_1.npy,677,1,validation,1,6.098290553817337,0.9977583313083164,1
features_1:678,features_1.npy,678,1,train,1,5.07968919496552,0.9938166294621467,1
features_1:679,features_1.npy,679,1,train,1,6.426944209204242,0.9983852260293039,1
features_1:680,features_1.npy,680,1,train,1,5.768764892109278,0.9968861134450844,1
features_1:681,features_1.npy,681,1,validation,1,4.8017129604648625,0.9918512852007879,1
features_1:682,features_1.npy,682,1,train,1,5.1037909113184075,0.9939629887700054,1
features_1:683,features_1.npy,683,1,train,1,5.758640728713424,0.9968545274904983,1
features_1:684,features_1.npy,684,1,validation,1,4.300928395436878,0.9866253386104507,1
features_1:685,features_1.npy,685,1,train,1,5.716241917074218,0.9967187425778117,1
features_1:686,features_1.npy,686,1,test,1,5.5968711469255545,0.9963042572717534,1
features_1:687,features_1.npy,687,1,validation,1,5.155146860016271,0.9942634650152194,1
features_1:688,features_1.npy,688,1,train,1,5.525487071911669,0.9960318809395109,1
features_1:689,features_1.npy,689,1,train,1,5.281016831029895,0.9949384938908855,1
features_1:690,features_1.npy,690,1,train,1,4.157783384108779,0.984598717568508,1
features_1:691,features_1.npy,691,1,train,1,4.709901892495546,0.991074717011447,1
features_1:692,features_1.npy,692,1,test,1,4.225763626756932,0.9855963270589185,1
features_1:693,features_1.npy,693,1,train,1,4.700955509647725,0.9909952320130493,1
features_1:694,features_1.npy,694,1,validation,1,5.807691185181401,0.9970046405553078,1
features_1:695,features_1.npy,695,1,train,1,5.603162121831413,0.9963273489971335,1
features_1:696,features_1.npy,696,1,train,1,4.553061723649348,0.9895749270974906,1
features_1:697,features_1.npy,697,1,train,1,5.726787001204784,0.9967530501591524,1
features_1:698,features_1.npy,698,1,train,1,4.748135327420354,0.9914066430352965,1
features_1:699,features_1.npy,699,1,test,1,3.9225539776214,0.980593576852422,1
features_1:700,features_1.npy,700,1,train,1,5.327831826439272,0.9951688689415218,1
features_1:701,features_1.npy,701,1,train,1,5.234701722346328,0.9946998279154681,1
features_1:702,features_1.npy,702,1,train,1,4.98914645225088,0.9932346063841259,1
features_1:703,features_1.npy,703,1,validation,1,4.507716956192588,0.9890965959247757,1
features_1:704,features_1.npy,704,1,train,1,5.4196124221210376,0.9955906654932682,1
features_1:705,features_1.npy,705,1,train,1,4.906773305319759,0.9926579883138832,1
features_1:706,features_1.npy,706,1,train,1,5.274492136980938,0.9949055299329175,1
features_1:707,features_1.npy,707,1,test,1,5.531555457093351,0.9960557934092062,1
features_1:708,features_1.npy,708,1,train,1,6.374209915913967,0.9982979356318804,1
features_1:709,features_1.npy,709,1,train,1,5.349446593573333,0.9952716838032036,1
features_1:710,features_1.npy,710,1,test,1,4.619117899199796,0.9902348082957961,1
features_1:711,features_1.npy,711,1,train,1,5.658791697654617,0.9965253876511937,1
features_1:712,features_1.npy,712,1,train,1,5.626420813250068,0.9964114813218536,1
features_1:713,features_1.npy,713,1,validation,1,6.713367765056352,0.9987869065297754,1
features_1:714,features_1.npy,714,1,test,1,5.143097482774777,0.9941943289520501,1
features_1:715,features_1.npy,715,1,test,1,5.725956912329761,0.9967503625454949,1
features_1:716,features_1.npy,716,1,train,1,4.392166842806765,0.9877773537734923,1
features_1:717,features_1.npy,717,1,train,1,5.507974799447282,0.9959620611899893,1
features_1:718,features_1.npy,718,1,train,1,5.940820879728738,0.997377028117182,1
features_1:719,features_1.npy,719,1,validation,1,3.9189338767127535,0.9805245670181196,1
features_1:720,features_1.npy,720,1,train,1,5.135200032381702,0.9941485667767513,1
features_1:721,features_1.npy,721,1,train,1,5.5464229051257545,0.9961137737286107,1
features_1:722,features_1.npy,722,1,train,1,5.903770423120556,0.9972782925079317,1
features_1:723,features_1.npy,723,1,train,1,4.8878940574069,0.9925191067292334,1
features_1:724,features_1.npy,724,1,train,1,5.711116187704063,0.9967019361741293,1
features_1:725,features_1.npy,725,1,validation,1,4.961689287485963,0.9930475835182397,1
features_1:726,features_1.npy,726,1,validation,1,3.7314098248719665,0.9766015698108648,1
features_1:727,features_1.npy,727,1,train,1,6.521689505390054,0.998530979762777,1
features_1:728,features_1.npy,728,1,test,1,1.956390176269221,0.8761417554160944,1
features_1:729,features_1.npy,729,1,train,1,5.628874218637245,0.9964202431438597,1
features_1:730,features_1.npy,730,1,train,1,5.264617966521221,0.994855237176503,1
features_1:731,features_1.npy,731,1,train,1,5.440667991720614,0.9956821392724278,1
features_1:732,features_1.npy,732,1,train,1,5.385451615718024,0.9954381357716886,1
features_1:733,features_1.npy,733,1,train,1,5.372697067802908,0.9953798491575024,1
features_1:734,features_1.npy,734,1,train,1,2.8843502640563576,0.947067370293773,1
features_1:735,features_1.npy,735,1,validation,1,5.168460262933591,0.9943389021859507,1
features_1:736,features_1.npy,736,1,train,1,6.579264374638596,0.9986130556786216,1
features_1:737,features_1.npy,737,1,validation,1,2.2919161767992167,0.9082053236923353,1
features_1:738,features_1.npy,738,1,train,1,6.738981601243364,0.9988175476722612,1
features_1:739,features_1.npy,739,1,train,1,3.692041704930497,0.9756848899301556,1
features_1:740,features_1.npy,740,1,train,1,2.3698866085633776,0.9145019951213507,1
features_1:741,features_1.npy,741,1,train,1,3.7171481424782824,0.9762734522101923,1
features_1:742,features_1.npy,742,1,train,1,2.931274504440303,0.9493709701535173,1
features_1:743,features_1.npy,743,1,test,1,6.257921432094209,0.9980884384834008,1
features_1:744,features_1.npy,744,1,train,1,5.292528786613421,0.9949961377269421,1
features_1:745,features_1.npy,745,1,train,1,5.383891282688327,0.9954310447354547,1
features_1:746,features_1.npy,746,1,train,1,5.899515666768287,0.9972667193546186,1
features_1:747,features_1.npy,747,1,train,1,6.538767631890142,0.9985558189374395,1
features_1:748,features_1.npy,748,1,validation,1,5.23579825117815,0.9947056057686867,1
features_1:749,features_1.npy,749,1,test,1,1.4625077577995544,0.8119159301841898,1
features_1:750,features_1.npy,750,1,validation,1,0.5173849281297728,0.6265360720073969,0
features_1:751,features_1.npy,751,1,train,1,6.2044621209082536,0.9979836785214099,1
features_1:752,features_1.npy,752,1,train,1,4.577023589928071,0.989819249208997,1
features_1:753,features_1.npy,753,1,train,1,5.741504023142128,0.9968003339023875,1
features_1:754,features_1.npy,754,1,validation,1,3.456397598418272,0.969421359021809,1
features_1:755,features_1.npy,755,1,train,1,4.83517109007543,0.9921173017876982,1
features_1:756,features_1.npy,756,1,train,1,5.564308863443514,0.9961824016848047,1
features_1:757,features_1.npy,757,1,train,1,6.249816942290377,0.9980729132805062,1
features_1:758,features_1.npy,758,1,train,1,4.800463705042229,0.9918411821206352,1
features_1:759,features_1.npy,759,1,train,1,6.552049387352035,0.998574846223323,1
features_1:760,features_1.npy,760,1,validation,1,4.24908456961658,0.9859236740961248,1
features_1:761,features_1.npy,761,1,train,1,5.68012127600684,0.9965984654431554,1
features_1:762,features_1.npy,762,1,test,1,4.595360633372052,0.9900023834728282,1
features_1:763,features_1.npy,763,1,train,1,6.454807371472142,0.9984295280158282,1
features_1:764,features_1.npy,764,1,train,1,6.333788351707255,0.9982278505192992,1
features_1:765,features_1.npy,765,1,train,1,4.938105549639264,0.9928828516449093,1
features_1:766,features_1.npy,766,1,train,1,5.946432785222215,0.9973916684746245,1
features_1:767,features_1.npy,767,1,train,1,5.4308520811667576,0.9956397325523726,1
features_1:768,features_1.npy,768,1,train,1,6.575993506549829,0.9986085180622475,1
features_1:769,features_1.npy,769,1,validation,1,2.995141181985271,0.9523541383378316,1
features_1:770,features_1.npy,770,1,train,1,4.780087312517796,0.9916746277899325,1
features_1:771,features_1.npy,771,1,train,1,5.059269075499024,0.9936898712421292,1
features_1:772,features_1.npy,772,1,train,1,6.329595129954156,0.9982204171536717,1
features_1:773,features_1.npy,773,1,train,1,5.725228515753462,0.9967480023587862,1
features_1:774,features_1.npy,774,1,train,1,1.7000279134904526,0.8455383805435737,1
features_1:775,features_1.npy,775,1,validation,1,6.0185307478791445,0.9975726642792816,1
features_1:776,features_1.npy,776,1,train,1,6.3764702459645335,0.9983017719883014,1
features_1:777,features_1.npy,777,1,train,1,5.952455925762637,0.9974072909940739,1
features_1:778,features_1.npy,778,1,validation,1,3.485007970051419,0.9702581772649597,1
features_1:779,features_1.npy,779,1,train,1,5.879566580710329,0.9972117989499303,1
features_1:780,features_1.npy,780,1,train,1,4.010137259535863,0.9821919693118442,1
features_1:781,features_1.npy,781,1,train,1,3.493575033625719,0.9705044056381137,1
features_1:782,features_1.npy,782,1,validation,1,4.219857231329333,0.9855122377117265,1
features_1:783,features_1.npy,783,1,validation,1,5.80281245500249,0.9969900353927037,1
features_1:784,features_1.npy,784,1,train,1,5.106453073565405,0.9939789422611239,1
features_1:785,features_1.npy,785,1,train,1,6.201024804531664,0.9979767499080848,1
features_1:786,features_1.npy,786,1,validation,1,4.185218494846397,0.9850092619172708,1
features_1:787,features_1.npy,787,1,train,1,6.50486073962799,0.998506086019562,1
features_1:788,features_1.npy,788,1,validation,1,4.765531376097513,0.9915535889883007,1
features_1:789,features_1.npy,789,1,train,1,6.141779256253863,0.997853524402416,1
features_1:790,features_1.npy,790,1,train,1,5.365227714935043,0.9953453716475774,1
features_1:791,features_1.npy,791,1,validation,1,5.655271822005989,0.9965131786177991,1
features_1:792,features_1.npy,792,1,validation,1,5.565319939262751,0.996186244902287,1
features_1:793,features_1.npy,793,1,validation,1,5.450998522052318,0.9957263258049018,1
features_1:794,features_1.npy,794,1,train,1,5.340816141055543,0.9952308951509785,1
features_1:795,features_1.npy,795,1,train,1,5.112875489048211,0.9940172574746936,1
features_1:796,features_1.npy,796,1,train,1,6.666859584025092,0.9987292286028039,1
features_1:797,features_1.npy,797,1,train,1,5.859725895484802,0.9971560855873687,1
features_1:798,features_1.npy,798,1,train,1,5.73157997055801,0.9967685252847787,1
features_1:799,features_1.npy,799,1,test,1,1.8958415834322073,0.8694201505993434,1
features_1:800,features_1.npy,800,1,train,1,2.6587563552772555,0.9345486370561786,1
features_1:801,features_1.npy,801,1,train,1,5.105793177716739,0.993974991625748,1
features_1:802,features_1.npy,802,1,train,1,3.3022785756647393,0.9645068966030731,1
features_1:803,features_1.npy,803,1,train,1,3.8143005236324763,0.9784227121294878,1
features_1:804,features_1.npy,804,1,validation,1,4.656674462489858,0.9905913672735459,1
features_1:805,features_1.npy,805,1,train,1,5.562638645567001,0.9961760445388066,1
features_1:806,features_1.npy,806,1,train,1,5.333117203576901,0.9951942135416498,1
features_1:807,features_1.npy,807,1,train,1,5.902471788396061,0.9972747653466736,1
features_1:808,features_1.npy,808,1,validation,1,2.747506123655304,0.9397723504395672,1
features_1:809,features_1.npy,809,1,train,1,5.732330463959781,0.9967709417472339,1
features_1:810,features_1.npy,810,1,train,1,4.096927739771125,0.9836481583412462,1
features_1:811,features_1.npy,811,1,train,1,2.478533770389158,0.9226231891000963,1
features_1:812,features_1.npy,812,1,train,1,5.350923788814968,0.9952786303403349,1
features_1:813,features_1.npy,813,1,validation,1,4.801136170912706,0.9918466220841781,1
features_1:814,features_1.npy,814,1,train,1,5.178850997981061,0.994397092728969,1
features_1:815,features_1.npy,815,1,train,1,5.0202022195189455,0.9934401248303885,1
features_1:816,features_1.npy,816,1,train,1,5.237376755056727,0.9947139122558718,1
features_1:817,features_1.npy,817,1,train,1,5.851176572360303,0.9971317378517024,1
features_1:818,features_1.npy,818,1,train,1,5.9061285315574485,0.9972846856214328,1
features_1:819,features_1.npy,819,1,train,1,5.651897805602361,0.996501435384656,1
features_1:820,features_1.npy,820,1,train,1,4.746500087846411,0.9913927003927142,1
features_1:821,features_1.npy,821,1,validation,1,4.907032761922132,0.9926598790195595,1
features_1:822,features_1.npy,822,1,train,1,5.189401721180549,0.9944555706605862,1
features_1:823,features_1.npy,823,1,train,1,5.564826644679463,0.9961843703135933,1
features_1:824,features_1.npy,824,1,train,1,6.541047965199241,0.9985591036598862,1
features_1:825,features_1.npy,825,1,train,1,3.9445347524296253,0.9810074778659632,1
features_1:826,features_1.npy,826,1,train,1,5.270453473160861,0.9948850189303104,1
features_1:827,features_1.npy,827,1,test,1,4.591252439106223,0.9899616399851986,1
features_1:828,features_1.npy,828,1,train,1,4.892028177938677,0.9925497398659733,1
features_1:829,features_1.npy,829,1,train,1,2.1147272282254304,0.8923263684916247,1
features_1:830,features_1.npy,830,1,train,1,5.25897429082835,0.9948262703620117,1
features_1:831,features_1.npy,831,1,train,1,5.414450540985678,0.995567947324419,1
features_1:832,features_1.npy,832,1,test,1,5.5458453145531905,0.9961115371633351,1
features_1:833,features_1.npy,833,1,train,1,6.568036229585492,0.9985974170768138,1
features_1:834,features_1.npy,834,1,validation,1,6.016120435790742,0.9975668208388699,1
features_1:835,features_1.npy,835,1,train,1,5.877962409752805,0.9972073351102534,1
features_1:836,features_1.npy,836,1,train,1,6.171572725471649,0.997916400804866,1
features_1:837,features_1.npy,837,1,validation,1,4.416349376376763,0.988065897982837,1
features_1:838,features_1.npy,838,1,train,1,5.860184012136862,0.9971573844308983,1
features_1:839,features_1.npy,839,1,train,1,5.989203346223221,0.9975006032386664,1
features_1:840,features_1.npy,840,1,train,1,4.619408114452202,0.9902376142295141,1
features_1:841,features_1.npy,841,1,train,1,5.8978026942363675,0.9972620461377426,1
features_1:842,features_1.npy,842,1,train,1,6.160958249227482,0.9978942135180422,1
features_1:843,features_1.npy,843,1,train,1,5.953969921384159,0.9974112032199294,1
features_1:844,features_1.npy,844,1,train,1,6.294731289413083,0.9981573961887944,1
features_1:845,features_1.npy,845,1,validation,1,6.117127658438643,0.997800070602626,1
features_1:846,features_1.npy,846,1,train,1,5.631562149481219,0.9964298180558253,1
features_1:847,features_1.npy,847,1,train,1,5.415240713229877,0.9955714325230733,1
features_1:848,features_1.npy,848,1,train,1,6.561164349692177,0.9985877591611289,1
features_1:849,features_1.npy,849,1,train,1,4.607838805198895,0.9901251360840707,1
features_1:850,features_1.npy,850,1,test,1,6.75913247646117,0.9988411093170009,1
features_1:851,features_1.npy,851,1,train,1,2.407924950709725,0.9174296277831615,1
features_1:852,features_1.npy,852,1,train,1,5.473034244892697,0.995819079868465,1
features_1:853,features_1.npy,853,1,train,1,2.160508738115937,0.8966467035257679,1
features_1:854,features_1.npy,854,1,train,1,4.333444455085819,0.9870476931871905,1
features_1:855,features_1.npy,855,1,train,1,5.677576132974909,0.9965898265854873,1
features_1:856,features_1.npy,856,1,test,1,5.920507215821449,0.9973233451631365,1
features_1:857,features_1.npy,857,1,train,1,4.6993660263016475,0.9909810368936107,1
features_1:858,features_1.npy,858,1,test,1,6.283882772333045,0.9981373352848664,1
features_1:859,features_1.npy,859,1,train,1,5.858666522299692,0.9971530798059645,1
features_1:860,features_1.npy,860,1,train,1,4.381973027345627,0.9876536673223024,1
features_1:861,features_1.npy,861,1,validation,1,4.670290739966809,0.9907174284424463,1
features_1:862,features_1.npy,862,1,train,1,5.147985248970805,0.9942224729306048,1
features_1:863,features_1.npy,863,1,train,1,5.8633308477885615,0.9971662903066776,1
features_1:864,features_1.npy,864,1,train,1,6.142403562545008,0.9978548611687053,1
features_1:865,features_1.npy,865,1,train,1,3.845499803286039,0.9790716433539359,1
features_1:866,features_1.npy,866,1,train,1,3.8439294610666868,0.9790394422572246,1
features_1:867,features_1.npy,867,1,train,1,6.308493137636172,0.998182534365526,1
features_1:868,features_1.npy,868,1,validation,1,3.6725045019230835,0.9752170586294572,1
features_1:869,features_1.npy,869,1,train,1,5.235713444150384,0.9947051591253024,1
features_1:870,features_1.npy,870,1,train,1,4.095256793878627,0.9836212603493076,1
features_1:871,features_1.npy,871,1,train,1,5.624444168899957,0.9964044066112469,1
features_1:872,features_1.npy,872,1,train,1,6.504450099857718,0.9985054733501167,1
features_1:873,features_1.npy,873,1,test,1,0.809419000801969,0.6919856830776168,1
features_1:874,features_1.npy,874,1,train,1,3.831600702848995,0.9787849413377612,1
features_1:875,features_1.npy,875,1,train,1,2.8248825192608886,0.9440057113561271,1
features_1:876,features_1.npy,876,1,train,1,3.8153491634981,0.9784448396054416,1
features_1:877,features_1.npy,877,1,train,1,5.449757949007345,0.9957210434101651,1
features_1:878,features_1.npy,878,1,train,1,5.429052009333062,0.995631911004424,1
features_1:879,features_1.npy,879,1,train,1,3.974408900472241,0.9815561619777999,1
features_1:880,features_1.npy,880,1,train,1,5.59199772166032,0.9962862694379134,1
features_1:881,features_1.npy,881,1,train,1,2.5229085065536636,0.9257322683526009,1
features_1:882,features_1.npy,882,1,train,1,6.165298013654048,0.9979033132149364,1
features_1:883,features_1.npy,883,1,train,1,5.966173008110384,0.9974425222543739,1
features_1:884,features_1.npy,884,1,train,1,6.077638939371485,0.9977116629372486,1
features_1:885,features_1.npy,885,1,test,1,4.438188497586565,0.9883206919368688,1
features_1:886,features_1.npy,886,1,validation,1,3.0272091487876147,0.953788318622213,1
features_1:887,features_1.npy,887,1,train,1,5.168770223168194,0.9943406467002249,1
features_1:888,features_1.npy,888,1,train,1,7.020455126413226,0.9991073787028142,1
features_1:889,features_1.npy,889,1,train,1,5.763972617512006,0.9968712018337202,1
features_1:890,features_1.npy,890,1,test,1,6.074511030156066,0.9977045104768197,1
features_1:891,features_1.npy,891,1,validation,1,6.3507447908978,0.9982575946164107,1
features_1:892,features_1.npy,892,1,train,1,6.104409274336921,0.9977719751087595,1
features_1:893,features_1.npy,893,1,train,1,4.681706732205883,0.9908218285494049,1
features_1:894,features_1.npy,894,1,test,1,5.252910254490019,0.9947949651565826,1
features_1:895,features_1.npy,895,1,train,1,6.717422718165148,0.9987918096760482,1
features_1:896,features_1.npy,896,1,train,1,4.705992601028581,0.9910400704268199,1
features_1:897,features_1.npy,897,1,train,1,4.8241450889035145,0.9920306027115597,1
features_1:898,features_1.npy,898,1,validation,1,5.55770661991332,0.9961572107606272,1
features_1:899,features_1.npy,899,1,test,1,4.40183276922899,0.9878935044163709,1
features_1:900,features_1.npy,900,1,train,1,5.937495313360369,0.9973683137238375,1
features_1:901,features_1.npy,901,1,validation,1,6.408010092427244,0.9983544112181026,1
features_1:902,features_1.npy,902,1,validation,1,4.587197769729608,0.9899212661853147,1
features_1:903,features_1.npy,903,1,train,1,5.1519858865324455,0.9942454078043179,1
features_1:904,features_1.npy,904,1,train,1,5.083854425873457,0.9938421727984873,1
features_1:905,features_1.npy,905,1,train,1,5.657418118646487,0.9965206283345487,1
features_1:906,features_1.npy,906,1,validation,1,5.618419899421506,0.9963827590001046,1
features_1:907,features_1.npy,907,1,train,1,6.4509654491269695,0.9984234923095527,1
features_1:908,features_1.npy,908,1,validation,1,6.3499737283832385,0.9982562529384722,1
features_1:909,features_1.npy,909,1,train,1,4.9807102123628,0.9931776815025836,1
features_1:910,features_1.npy,910,1,train,1,6.355985502430542,0.9982666863882574,1
features_1:911,features_1.npy,911,1,validation,1,2.696317757866248,0.9368090132842727,1
features_1:912,features_1.npy,912,1,train,1,4.67769530893738,0.9907852770194154,1
features_1:913,features_1.npy,913,1,train,1,5.420437844792121,0.9955942875279986,1
features_1:914,features_1.npy,914,1,test,1,3.38441562561503,0.9672139190304514,1
features_1:915,features_1.npy,915,1,train,1,5.876033583756473,0.997201958433777,1
features_1:916,features_1.npy,916,1,test,1,5.6674085154332206,0.9965550964305017,1
features_1:917,features_1.npy,917,1,test,1,5.584677440276883,0.9962590862109784,1
features_1:918,features_1.npy,918,1,test,1,6.316139607104244,0.9981963535938962,1
features_1:919,features_1.npy,919,1,train,1,6.068167777489997,0.9976899370707752,1
features_1:920,features_1.npy,920,1,validation,1,4.998675811313606,0.9932983400412314,1
features_1:921,features_1.npy,921,1,train,1,5.082701543566843,0.9938351132458972,1
features_1:922,features_1.npy,922,1,train,1,6.2757470193808045,0.998122147865446,1
features_1:923,features_1.npy,923,1,train,1,4.816922028276566,0.9919732945957199,1
features_1:924,features_1.npy,924,1,train,1,5.934158553166916,0.9973595409763706,1
features_1:925,features_1.npy,925,1,train,1,5.183656750862877,0.9944238045344694,1
features_1:926,features_1.npy,926,1,train,1,4.811126259977557,0.991927015251076,1
features_1:927,features_1.npy,927,1,train,1,5.874633905450795,0.99719805031472,1
features_1:928,features_1.npy,928,1,train,1,5.20057667839935,0.9945168466757721,1
features_1:929,features_1.npy,929,1,train,1,4.568267285163078,0.9897306315073715,1
features_1:930,features_1.npy,930,1,test,1,3.6778910988849987,0.9753469132135257,1
features_1:931,features_1.npy,931,1,train,1,6.652328855463761,0.9987106525416674,1
features_1:932,features_1.npy,932,1,train,1,4.231923916560537,0.9856835187069923,1
features_1:933,features_1.npy,933,1,test,1,5.63130394314755,0.9964288993856331,1
features_1:934,features_1.npy,934,1,train,1,4.961442935004766,0.9930458824742999,1
features_1:935,features_1.npy,935,1,test,1,6.280429827742465,0.9981309045321074,1
features_1:936,features_1.npy,936,1,train,1,3.6819367481597056,0.9754440052640989,1
features_1:937,features_1.npy,937,1,train,1,4.394077821671354,0.9878004040121959,1
features_1:938,features_1.npy,938,1,train,1,5.5182446282758235,0.9960031530211826,1
features_1:939,features_1.npy,939,1,validation,1,6.938919894198943,0.9990316226678588,1
features_1:940,features_1.npy,940,1,train,1,5.968013878423976,0.9974472139010737,1
features_1:941,features_1.npy,941,1,train,1,4.264724940541878,0.9861390924487812,1
features_1:942,features_1.npy,942,1,train,1,6.329435538479946,0.9982201336302916,1
features_1:943,features_1.npy,943,1,test,1,4.042444753283087,0.982748340828232,1
features_1:944,features_1.npy,944,1,train,1,6.388597448692126,0.9983222080235321,1
features_1:945,features_1.npy,945,1,train,1,5.443845193845085,0.9956957772634945,1
features_1:946,features_1.npy,946,1,train,1,6.1848988543377414,0.9979439262157325,1
features_1:947,features_1.npy,947,1,validation,1,6.257354059899667,0.9980873556837926,1
features_1:948,features_1.npy,948,1,train,1,3.8746988353922047,0.9796616469082813,1
features_1:949,features_1.npy,949,1,train,1,5.7122901676637365,0.9967057930158851,1
features_1:950,features_1.npy,950,1,train,1,5.879738691096586,0.9972122774493437,1
features_1:951,features_1.npy,951,1,test,1,6.648902655546513,0.9987062331282341,1
features_1:952,features_1.npy,952,1,train,1,5.592421588405813,0.9962878373890608,1
features_1:953,features_1.npy,953,1,train,1,2.7671252204167027,0.9408732628906096,1
features_1:954,features_1.npy,954,1,train,1,5.64604466940341,0.9964809700358525,1
features_1:955,features_1.npy,955,1,validation,1,0.24583612638370536,0.5611513657512972,0
features_1:956,features_1.npy,956,1,test,1,5.170040969064322,0.9943477931101972,1
features_1:957,features_1.npy,957,1,train,1,6.556472727552316,0.9985811273168786,1
features_1:958,features_1.npy,958,1,test,1,3.8199765147897824,0.9785422171608444,1
features_1:959,features_1.npy,959,1,validation,1,6.544580874446801,0.9985641779379985,1
features_1:960,features_1.npy,960,1,train,1,4.984279151941194,0.9932018213176289,1
features_1:961,features_1.npy,961,1,validation,1,1.340729438716948,0.7926098717776324,1
features_1:962,features_1.npy,962,1,train,1,5.046876889858939,0.9936116910861665,1
features_1:963,features_1.npy,963,1,validation,1,5.607184865419586,0.9963420395192986,1
features_1:964,features_1.npy,964,1,train,1,2.9909923967864285,0.9521655304725324,1
features_1:965,features_1.npy,965,1,train,1,5.8643439307668865,0.9971691515134169,1
features_1:966,features_1.npy,966,1,train,1,6.004822703535688,0.9975392435900524,1
features_1:967,features_1.npy,967,1,train,1,4.07066322843664,0.9832202974590076,1
features_1:968,features_1.npy,968,1,test,1,4.475336151732209,0.9887417964158183,1
features_1:969,features_1.npy,969,1,train,1,5.448868732359654,0.9957172531012844,1
features_1:970,features_1.npy,970,1,validation,1,5.066190539178245,0.9937331230058097,1
features_1:971,features_1.npy,971,1,train,1,4.318265792097023,0.9868521994139373,1
features_1:972,features_1.npy,972,1,train,1,4.876840732008927,0.9924365881786468,1
features_1:973,features_1.npy,973,1,validation,1,6.730275438616556,0.9988072204391583,1
features_1:974,features_1.npy,974,1,test,1,3.4812809592843887,0.9701504372892049,1
features_1:975,features_1.npy,975,1,train,1,3.4703033162790797,0.9698308944889023,1
features_1:976,features_1.npy,976,1,train,1,6.93128574611496,0.9990242088827097,1
features_1:977,features_1.npy,977,1,test,1,5.791807025361645,0.9969568278505145,1
features_1:978,features_1.npy,978,1,train,1,3.120053553436816,0.9577123970911305,1
features_1:979,features_1.npy,979,1,validation,1,4.827441794140022,0.9920566238553792,1
features_1:980,features_1.npy,980,1,train,1,3.393543795656823,0.9675021525730161,1
features_1:981,features_1.npy,981,1,train,1,5.269538122247564,0.9948803587653726,1
features_1:982,features_1.npy,982,1,train,1,5.248077715366796,0.9947698826206476,1
features_1:983,features_1.npy,983,1,test,1,1.2719866237966035,0.7810826354683285,1
features_1:984,features_1.npy,984,1,validation,1,2.0836984398366005,0.8893086277797855,1
features_1:985,features_1.npy,985,1,train,1,5.397540218884462,0.995492703289061,1
features_1:986,features_1.npy,986,1,validation,1,5.289893010122257,0.9949829975242459,1
features_1:987,features_1.npy,987,1,test,1,5.385606667572826,0.9954388398163905,1
features_1:988,features_1.npy,988,1,test,1,1.3501703797122029,0.7941574818009445,1
features_1:989,features_1.npy,989,1,train,1,4.461784768454891,0.988589946384919,1
features_1:990,features_1.npy,990,1,train,1,3.8441710981531005,0.9790444003693421,1
features_1:991,features_1.npy,991,1,train,1,6.355792243429377,0.9982663519582201,1
features_1:992,features_1.npy,992,1,validation,1,6.854157327832297,0.9989460516480182,1
features_1:993,features_1.npy,993,1,test,1,6.531990774555587,0.9985460129693028,1
features_1:994,features_1.npy,994,1,train,1,4.020569256646902,0.9823735194947047,1
features_1:995,features_1.npy,995,1,train,1,5.912587048887921,0.997302118856894,1
features_1:996,features_1.npy,996,1,train,1,5.78454799920556,0.9969347249720082,1
features_1:997,features_1.npy,997,1,train,1,3.8560537021377845,0.9792868066677282,1
features_1:998,features_1.npy,998,1,test,1,4.274339789009228,0.9862699032863723,1
features_1:999,features_1.npy,999,1,train,1,6.355880739437464,0.9982665051064202,1
features_1:1000,features_1.npy,1000,1,test,1,6.43565216894402,0.9983992039586672,1
features_1:1001,features_1.npy,1001,1,train,1,3.9783980544435815,0.9816282417155158,1
features_1:1002,features_1.npy,1002,1,train,1,4.005165543833163,0.9821048007145478,1
features_1:1003,features_1.npy,1003,1,train,1,4.559617581442521,0.9896423432689392,1
features_1:1004,features_1.npy,1004,1,test,1,0.360289215803364,0.5891104432457351,0
features_1:1005,features_1.npy,1005,1,test,1,2.067706394338778,0.8877245617499743,1
features_1:1006,features_1.npy,1006,1,train,1,3.710160523323474,0.976111054000783,1
features_1:1007,features_1.npy,1007,1,validation,1,4.98479042883107,0.9932052725701493,1
features_1:1008,features_1.npy,1008,1,validation,1,4.860956022018918,0.9923164167839766,1
features_1:1009,features_1.npy,1009,1,test,1,3.7905100325564423,0.977914695982339,1
features_1:1010,features_1.npy,1010,1,train,1,6.212075512996803,0.9979989406769413,1
features_1:1011,features_1.npy,1011,1,train,1,6.492137147034703,0.9984869855705265,1
features_1:1012,features_1.npy,1012,1,validation,1,4.174257098200302,0.9848465423107823,1
features_1:1013,features_1.npy,1013,1,test,1,6.601688029510868,0.9986437682293974,1
features_1:1014,features_1.npy,1014,1,test,1,5.677526858249344,0.9965896591190602,1
features_1:1015,features_1.npy,1015,1,train,1,5.175880833519622,0.994380520090254,1
features_1:1016,features_1.npy,1016,1,test,1,1.4100832543969941,0.8037790747060882,1
features_1:1017,features_1.npy,1017,1,train,1,5.6250849138588155,0.9964067014558504,1
features_1:1018,features_1.npy,1018,1,train,1,5.8267503289336045,0.9970610227533827,1
features_1:1019,features_1.npy,1019,1,train,1,5.062530430037129,0.9937102880583061,1
features_1:1020,features_1.npy,1020,1,train,1,5.554702378676991,0.9961456932994616,1
features_1:1021,features_1.npy,1021,1,train,1,5.276943483538439,0.9949179395618593,1
features_1:1022,features_1.npy,1022,1,train,1,4.947078599339454,0.992945980032642,1
features_1:1023,features_1.npy,1023,1,train,1,4.956964260916066,0.9930148854403056,1
features_1:1024,features_1.npy,1024,1,train,1,6.898697418104091,0.9989919182468572,1
features_1:1025,features_1.npy,1025,1,train,1,6.391121808458266,0.998326430953602,1
features_1:1026,features_1.npy,1026,1,validation,1,4.892130635050201,0.9925504974728503,1
features_1:1027,features_1.npy,1027,1,train,1,4.763925070696538,0.9915401254417652,1
features_1:1028,features_1.npy,1028,1,train,1,5.534013300275161,0.9960654376510143,1
features_1:1029,features_1.npy,1029,1,train,1,4.131115001205474,0.9841890459010956,1
features_1:1030,features_1.npy,1030,1,validation,1,3.6222039326770057,0.973971854449807,1
features_1:1031,features_1.npy,1031,1,train,1,4.938793027175092,0.9928877080554065,1
features_1:1032,features_1.npy,1032,1,train,1,5.513133134837343,0.9959827531433504,1
features_1:1033,features_1.npy,1033,1,train,1,4.017643834632922,0.9823227919604209,1
features_1:1034,features_1.npy,1034,1,train,1,3.3430081871577233,0.9658751323166209,1
features_1:1035,features_1.npy,1035,1,validation,1,4.793489116559651,0.9917845479483263,1
features_1:1036,features_1.npy,1036,1,train,1,4.950133234663274,0.9929673433102081,1
features_1:1037,features_1.npy,1037,1,train,1,5.2536638901290855,0.9947988659837702,1
features_1:1038,features_1.npy,1038,1,train,1,6.723075727678179,0.9987986121367676,1
features_1:1039,features_1.npy,1039,1,train,1,5.998775349760351,0.997524354390977,1
features_1:1040,features_1.npy,1040,1,train,1,6.016576901328124,0.9975679285472583,1
features_1:1041,features_1.npy,1041,1,train,1,6.504688612446138,0.9985058292384756,1
features_1:1042,features_1.npy,1042,1,train,1,6.0125911247977175,0.9975582392267159,1
features_1:1043,features_1.npy,1043,1,validation,1,5.272495627551691,0.9948954005867734,1
features_1:1044,features_1.npy,1044,1,train,1,5.676334938500461,0.9965856057302461,1
features_1:1045,features_1.npy,1045,1,train,1,6.043493014677527,0.9976323643967442,1
features_1:1046,features_1.npy,1046,1,train,1,4.0117638457163896,0.9822203974725288,1
features_1:1047,features_1.npy,1047,1,train,1,6.524572236735514,0.9985352022612617,1
features_1:1048,features_1.npy,1048,1,validation,1,3.5492135764779738,0.9720560724714981,1
features_1:1049,features_1.npy,1049,1,validation,1,5.960331082398473,0.9974275764793643,1
features_1:1050,features_1.npy,1050,1,test,1,4.739066991181668,0.9913290399571318,1
features_1:1051,features_1.npy,1051,1,train,1,3.8132503864762004,0.9784005307978674,1
features_1:1052,features_1.npy,1052,1,train,1,3.3967808152116508,0.9676037762144456,1
features_1:1053,features_1.npy,1053,1,train,1,6.292561178137506,0.9981534005835159,1
features_1:1054,features_1.npy,1054,1,train,1,6.431603836632319,0.9983927207060634,1
features_1:1055,features_1.npy,1055,1,train,1,5.88912348077639,0.9972382453434139,1
features_1:1056,features_1.npy,1056,1,train,1,6.431672083501505,0.9983928302178129,1
features_1:1057,features_1.npy,1057,1,train,1,5.992663182924779,0.9975092142992106,1
features_1:1058,features_1.npy,1058,1,validation,1,4.180459792063224,0.984938832417098,1
features_1:1059,features_1.npy,1059,1,train,1,4.603017001253741,0.9900778800264654,1
features_1:1060,features_1.npy,1060,1,train,1,5.969069549254932,0.9974499005122902,1
features_1:1061,features_1.npy,1061,1,train,1,6.244901132843626,0.9980634351576183,1
features_1:1062,features_1.npy,1062,1,test,1,5.871423527118555,0.9971890658673893,1
features_1:1063,features_1.npy,1063,1,train,1,6.146367743054899,0.9978633299196933,1
features_1:1064,features_1.npy,1064,1,train,1,4.130172044503329,0.9841743658808301,1
features_1:1065,features_1.npy,1065,1,train,1,5.282443121408772,0.9949456714603909,1
features_1:1066,features_1.npy,1066,1,train,1,5.742304510042693,0.9968028859828564,1
features_1:1067,features_1.npy,1067,1,train,1,6.070422654056956,0.9976951281168962,1
features_1:1068,features_1.npy,1068,1,train,1,6.829905755091193,0.9989202072250065,1
features_1:1069,features_1.npy,1069,1,train,1,5.462542003787551,0.9957751680140077,1
features_1:1070,features_1.npy,1070,1,train,1,3.1940614608209477,0.9606101868633989,1
features_1:1071,features_1.npy,1071,1,train,1,4.916779076405842,0.9927305531315893,1
features_1:1072,features_1.npy,1072,1,test,1,2.6923554850354363,0.9365740487502887,1
features_1:1073,features_1.npy,1073,1,train,1,4.637732787826664,0.99041317825981,1
features_1:1074,features_1.npy,1074,1,train,1,4.169867456221012,0.9847808924209027,1
features_1:1075,features_1.npy,1075,1,train,1,5.013672728005989,0.9933974357691968,1
features_1:1076,features_1.npy,1076,1,train,1,4.784256405701272,0.9917089776137118,1
features_1:1077,features_1.npy,1077,1,train,1,4.6799481968860865,0.9908058227367652,1
features_1:1078,features_1.npy,1078,1,train,1,6.106129727151529,0.997775796506402,1
features_1:1079,features_1.npy,1079,1,train,1,5.438407973593814,0.9956724120717522,1
features_1:1080,features_1.npy,1080,1,train,1,5.452130332446105,0.9957311394207803,1
features_1:1081,features_1.npy,1081,1,train,1,6.308552799594807,0.9981826425987942,1
features_1:1082,features_1.npy,1082,1,test,1,6.299373220551546,0.9981659139566826,1
features_1:1083,features_1.npy,1083,1,test,1,1.9909255867625608,0.879841025708931,1
features_1:1084,features_1.npy,1084,1,train,1,5.614434529358862,0.9963683666495285,1
features_1:1085,features_1.npy,1085,1,train,1,3.6943351062221317,0.9757392390045838,1
features_1:1086,features_1.npy,1086,1,train,1,6.2224183678754645,0.9980194899011581,1
features_1:1087,features_1.npy,1087,1,test,1,6.045457230227225,0.997636999400604,1
features_1:1088,features_1.npy,1088,1,train,1,5.220319400768609,0.9946234611336946,1
features_1:1089,features_1.npy,1089,1,train,1,5.814089084116877,0.9970236865321332,1
features_1:1090,features_1.npy,1090,1,validation,1,5.808517753052626,0.9970071079932894,1
features_1:1091,features_1.npy,1091,1,train,1,4.518233978773952,0.9892094354948542,1
features_1:1092,features_1.npy,1092,1,validation,1,6.3612165578628534,0.9982757141806123,1
features_1:1093,features_1.npy,1093,1,test,1,3.6299623885646564,0.9741678150048376,1
features_1:1094,features_1.npy,1094,1,train,1,6.132126522424434,0.9978327498444992,1
features_1:1095,features_1.npy,1095,1,train,1,4.770004334036717,0.9915909680726995,1
features_1:1096,features_1.npy,1096,1,train,1,5.099182560804259,0.99393527301803,1
features_1:1097,features_1.npy,1097,1,train,1,5.272581540104913,0.9948958368787739,1
features_1:1098,features_1.npy,1098,1,test,1,5.677205609184848,0.9965885671123084,1
features_1:1099,features_1.npy,1099,1,train,1,2.0591669964030066,0.8868706206714877,1
features_1:1100,features_1.npy,1100,1,validation,1,2.660581183516783,0.9346601687317709,1
features_1:1101,features_1.npy,1101,1,train,1,5.186606194525575,0.9944401356718452,1
features_1:1102,features_1.npy,1102,1,validation,1,4.312297505522626,0.9867745358436077,1
features_1:1103,features_1.npy,1103,1,train,1,6.090439163671706,0.9977407017392279,1
features_1:1104,features_1.npy,1104,1,train,1,5.951939562049852,0.9974059553412711,1
features_1:1105,features_1.npy,1105,1,train,1,3.9092825288286703,0.9803394062383167,1
features_1:1106,features_1.npy,1106,1,train,1,5.738195810179918,0.996789765234368,1
features_1:1107,features_1.npy,1107,1,test,1,4.18923863787049,0.985068507815067,1
features_1:1108,features_1.npy,1108,1,train,1,4.544452225669996,0.9894857327493857,1
features_1:1109,features_1.npy,1109,1,test,1,2.1175477087936114,0.8925970606091651,1
features_1:1110,features_1.npy,1110,1,train,1,5.934728702944692,0.9973610420327039,1
features_1:1111,features_1.npy,1111,1,test,1,4.559854237637837,0.9896447688027731,1
features_1:1112,features_1.npy,1112,1,validation,1,4.641752417815262,0.9904512691641245,1
features_1:1113,features_1.npy,1113,1,train,1,5.209969923557218,0.9945678316653761,1
features_1:1114,features_1.npy,1114,1,train,1,2.8865568084891495,0.947177877000494,1
features_1:1115,features_1.npy,1115,1,train,1,6.1507770629430905,0.9978727104437571,1
features_1:1116,features_1.npy,1116,1,train,1,4.8971196424230845,0.9925872957283995,1
features_1:1117,features_1.npy,1117,1,train,1,5.25388856684196,0.9948000283503309,1
features_1:1118,features_1.npy,1118,1,train,1,6.480927700936512,0.998469956199866,1
features_1:1119,features_1.npy,1119,1,train,1,4.685424468114625,0.9908555757702817,1
features_1:1120,features_1.npy,1120,1,train,1,5.8098303944481415,0.9970110222751637,1
features_1:1121,features_1.npy,1121,1,train,1,5.039810061870579,0.9935666775747531,1
features_1:1122,features_1.npy,1122,1,train,1,3.982381462794775,0.9816999417919409,1
features_1:1123,features_1.npy,1123,1,train,1,5.126679308800151,0.9940987907942769,1
features_1:1124,features_1.npy,1124,1,validation,1,3.431556940658694,0.9686763436879418,1
features_1:1125,features_1.npy,1125,1,validation,1,1.3893872363151092,0.8004944009010352,1
features_1:1126,features_1.npy,1126,1,train,1,4.711070966803631,0.9910850522665547,1
features_1:1127,features_1.npy,1127,1,test,1,6.188120140005765,0.9979505252083362,1
features_1:1128,features_1.npy,1128,1,train,1,3.945771418942878,0.9810305054959932,1
features_1:1129,features_1.npy,1129,1,train,1,5.232212825051751,0.9946866900799003,1
features_1:1130,features_1.npy,1130,1,train,1,6.053465420872401,0.9976558030078895,1
features_1:1131,features_1.npy,1131,1,validation,1,6.515069249812523,0.9985212366393611,1
features_1:1132,features_1.npy,1132,1,train,1,5.114953007533002,0.9940295997001929,1
features_1:1133,features_1.npy,1133,1,test,1,5.642916738736774,0.9964699844378491,1
features_1:1134,features_1.npy,1134,1,train,1,5.327711249366309,0.9951682891975142,1
features_1:1135,features_1.npy,1135,1,train,1,4.989399595904692,0.993236307201689,1
features_1:1136,features_1.npy,1136,1,train,1,5.854224851323894,0.9971404428386554,1
features_1:1137,features_1.npy,1137,1,train,1,3.6386717763217185,0.974386082967225,1
features_1:1138,features_1.npy,1138,1,train,1,2.4749727536684865,0.9223685864984673,1
features_1:1139,features_1.npy,1139,1,train,1,4.943202637762467,0.9929187798513305,1
features_1:1140,features_1.npy,1140,1,test,1,5.408115767482347,0.9955399077780155,1
features_1:1141,features_1.npy,1141,1,test,1,0.8740799289431559,0.7055939365942124,1
features_1:1142,features_1.npy,1142,1,test,1,4.7623893088116285,0.991527233272926,1
features_1:1143,features_1.npy,1143,1,train,1,6.085743611286975,0.9977300922774073,1
features_1:1144,features_1.npy,1144,1,train,1,5.90940150728815,0.997293534238153,1
features_1:1145,features_1.npy,1145,1,train,1,4.624293284270872,0.9902847266418267,1
features_1:1146,features_1.npy,1146,1,train,1,4.248246862248134,0.9859120435063153,1
features_1:1147,features_1.npy,1147,1,test,1,5.029752011227908,0.9935020669680034,1
features_1:1148,features_1.npy,1148,1,train,1,4.600441439638276,0.9900525465926955,1
features_1:1149,features_1.npy,1149,1,train,1,5.208306646455071,0.9945588381488806,1
features_1:1150,features_1.npy,1150,1,train,1,3.1067479984638577,0.9571702367882906,1
features_1:1151,features_1.npy,1151,1,train,1,6.44406602926673,0.9984125950380709,1
features_1:1152,features_1.npy,1152,1,train,1,5.701950694576629,0.9966716699121015,1
features_1:1153,features_1.npy,1153,1,validation,1,3.3040011977273736,0.9645658205512802,1
features_1:1154,features_1.npy,1154,1,train,1,5.617104383667441,0.9963780145779397,1
features_1:1155,features_1.npy,1155,1,train,1,5.522984080812079,0.9960219758922676,1
features_1:1156,features_1.npy,1156,1,validation,1,4.207926450434523,0.9853409011670927,1
features_1:1157,features_1.npy,1157,1,train,1,5.031961576361966,0.9935163157365003,1
features_1:1158,features_1.npy,1158,1,train,1,6.1237759916363075,0.9978146160979182,1
features_1:1159,features_1.npy,1159,1,train,1,4.914256505968228,0.9927123260991177,1
features_1:1160,features_1.npy,1160,1,train,1,6.497944821054402,0.9984957340183362,1
features_1:1161,features_1.npy,1161,1,train,1,5.028629463241215,0.993494816107786,1
features_1:1162,features_1.npy,1162,1,train,1,6.503080111399181,0.9985034275290083,1
features_1:1163,features_1.npy,1163,1,train,1,4.894332078535458,0.992566757324874,1
features_1:1164,features_1.npy,1164,1,train,1,3.0002659019328983,0.9525861379380851,1
features_1:1165,features_1.npy,1165,1,train,1,1.9679649998901019,0.8773923661078704,1
features_1:1166,features_1.npy,1166,1,train,1,5.720508797169363,0.9967326678349231,1
features_1:1167,features_1.npy,1167,1,validation,1,6.4813907472925285,0.9984706634338123,1
features_1:1168,features_1.npy,1168,1,train,1,6.334214107296315,0.9982286035250125,1
features_1:1169,features_1.npy,1169,1,train,1,4.105584980141613,0.9837868239016099,1
features_1:1170,features_1.npy,1170,1,train,1,5.023859381182757,0.9934639150214715,1
features_1:1171,features_1.npy,1171,1,train,1,5.963140357155098,0.99743477447055,1
features_1:1172,features_1.npy,1172,1,train,1,6.175080549188643,0.9979236817503372,1
features_1:1173,features_1.npy,1173,1,train,1,5.394348318043631,0.9954783586158411,1
features_1:1174,features_1.npy,1174,1,train,1,5.027780418054152,0.9934893265423161,1
features_1:1175,features_1.npy,1175,1,train,1,6.151326970983717,0.9978738774493194,1
features_1:1176,features_1.npy,1176,1,train,1,5.313358985737483,0.9950987855153407,1
features_1:1177,features_1.npy,1177,1,test,1,2.813939977199166,0.943424482177996,1
features_1:1178,features_1.npy,1178,1,train,1,5.091874890706476,0.9938910633982023,1
features_1:1179,features_1.npy,1179,1,validation,1,5.594395061935091,0.9962951289051892,1
features_1:1180,features_1.npy,1180,1,train,1,6.403517406856575,0.9983470137209697,1
features_1:1181,features_1.npy,1181,1,validation,1,2.5620643950960136,0.9283798422799832,1
features_1:1182,features_1.npy,1182,1,train,1,6.232088856955443,0.998038512706888,1
features_1:1183,features_1.npy,1183,1,validation,1,4.753404049887578,0.9914514139559675,1
features_1:1184,features_1.npy,1184,1,test,1,3.4604322388198194,0.9695407339866486,1
features_1:1185,features_1.npy,1185,1,train,1,6.498808977217096,0.9984970314246531,1
features_1:1186,features_1.npy,1186,1,train,1,4.998722205922084,0.9932986488713672,1
features_1:1187,features_1.npy,1187,1,train,1,4.601631319224725,0.9900642582931647,1
features_1:1188,features_1.npy,1188,1,train,1,5.334884376739634,0.9952026579927241,1
features_1:1189,features_1.npy,1189,1,train,1,5.790359627961447,0.996952433415131,1
features_1:1190,features_1.npy,1190,1,test,1,3.9090658017689055,0.9803352285942,1
features_1:1191,features_1.npy,1191,1,train,1,3.3759485133415974,0.9669443523477939,1
features_1:1192,features_1.npy,1192,1,train,1,6.615240784900154,0.9986620004857727,1
features_1:1193,features_1.npy,1193,1,train,1,5.7919229603501226,0.9969571795667163,1
features_1:1194,features_1.npy,1194,1,train,1,5.233795519988811,0.9946950482014972,1
features_1:1195,features_1.npy,1195,1,test,1,5.556191412427147,0.996151406150031,1
features_1:1196,features_1.npy,1196,1,validation,1,4.2384955242041285,0.985775958702031,1
features_1:1197,features_1.npy,1197,1,train,1,6.299619884522382,0.9981663654743984,1
features_1:1198,features_1.npy,1198,1,test,1,1.281922658331188,0.7827768776730442,1
features_1:1199,features_1.npy,1199,1,train,1,6.186247064210578,0.9979466906789383,1
features_1:1200,features_1.npy,1200,1,train,1,5.417532288218633,0.9955815245094192,1
features_1:1201,features_1.npy,1201,1,train,1,6.274313030289342,0.9981194581819017,1
features_1:1202,features_1.npy,1202,1,train,1,5.667913245416937,0.9965568287526093,1
features_1:1203,features_1.npy,1203,1,validation,1,4.404109153286037,0.9879206995909846,1
features_1:1204,features_1.npy,1204,1,train,1,4.596785372961111,0.9900164752266397,1
features_1:1205,features_1.npy,1205,1,train,1,4.653230720722784,0.9905592169349785,1
features_1:1206,features_1.npy,1206,1,train,1,6.248227668949535,0.9980698540940548,1
features_1:1207,features_1.npy,1207,1,train,1,5.4615950178274995,0.9957711821893648,1
features_1:1208,features_1.npy,1208,1,validation,1,6.086642591071902,0.9977321273358647,1
features_1:1209,features_1.npy,1209,1,train,1,6.135163637905652,0.9978393078476666,1
features_1:1210,features_1.npy,1210,1,train,1,5.678482724736634,0.9965929062908917,1
features_1:1211,features_1.npy,1211,1,train,1,5.7083107615103605,0.996692701352432,1
features_1:1212,features_1.npy,1212,1,train,1,5.766245021654955,0.9968782814855867,1
features_1:1213,features_1.npy,1213,1,train,1,4.27828721824452,0.9863232552405172,1
features_1:1214,features_1.npy,1214,1,train,1,4.187232935683253,0.9850389781391404,1
features_1:1215,features_1.npy,1215,1,train,1,6.239492360990562,0.9980529527916232,1
features_1:1216,features_1.npy,1216,1,train,1,6.113200076210529,0.9977914323292778,1
features_1:1217,features_1.npy,1217,1,train,1,4.82577051681752,0.9920434428874518,1
features_1:1218,features_1.npy,1218,1,train,1,5.991971646412016,0.9975074955289877,1
features_1:1219,features_1.npy,1219,1,test,1,0.1713980634351568,0.5427449228708616,0
features_1:1220,features_1.npy,1220,1,train,1,3.936109188017561,0.9808498565134305,1
features_1:1221,features_1.npy,1221,1,train,1,5.847307734718045,0.997120651531047,1
features_1:1222,features_1.npy,1222,1,train,1,6.389967233075666,0.9983245008154521,1
features_1:1223,features_1.npy,1223,1,train,1,6.151233088196448,0.9978736782580854,1
features_1:1224,features_1.npy,1224,1,train,1,7.018953183626719,0.9991060382287944,1
features_1:1225,features_1.npy,1225,1,test,1,5.529687108858563,0.9960484465162406,1
features_1:1226,features_1.npy,1226,1,train,1,4.877894254050137,0.9924444920315769,1
features_1:1227,features_1.npy,1227,1,train,1,4.681419430655421,0.9908192154800025,1
features_1:1228,features_1.npy,1228,1,train,1,5.054946915973809,0.9936627120473893,1
features_1:1229,features_1.npy,1229,1,validation,1,4.761468597199578,0.9915194948925584,1
features_1:1230,features_1.npy,1230,1,validation,1,4.968649226640897,0.99309547097465,1
features_1:1231,features_1.npy,1231,1,train,1,5.740946207909094,0.9967985542976108,1
features_1:1232,features_1.npy,1232,1,test,1,6.468270714592627,0.9984504975796743,1
features_1:1233,features_1.npy,1233,1,train,1,4.204085490179926,0.9852853179834486,1
features_1:1234,features_1.npy,1234,1,train,1,5.341999847868693,0.9952365101580071,1
features_1:1235,features_1.npy,1235,1,train,1,5.06745469825442,0.9937409907752044,1
features_1:1236,features_1.npy,1236,1,train,1,5.9818617975700565,0.997482232643571,1
features_1:1237,features_1.npy,1237,1,train,1,6.0428019488496245,0.9976307315171155,1
features_1:1238,features_1.npy,1238,1,train,1,2.7446103138700106,0.9396082379133655,1
features_1:1239,features_1.npy,1239,1,validation,1,1.8548965800320028,0.8647009931865818,1
features_1:1240,features_1.npy,1240,1,train,1,6.682788295106222,0.9987492848772153,1
features_1:1241,features_1.npy,1241,1,test,1,1.4439277719601358,0.8090621526321364,1
features_1:1242,features_1.npy,1242,1,train,1,6.819435491248711,0.9989088545167246,1
features_1:1243,features_1.npy,1243,1,test,1,2.297218860126254,0.9086464441140635,1
features_1:1244,features_1.npy,1244,1,test,1,5.669381743448702,0.9965618639605942,1
features_1:1245,features_1.npy,1245,1,train,1,5.271816243895921,0.9948919491476953,1
features_1:1246,features_1.npy,1246,1,test,1,2.090882737517731,0.8900138658471997,1
features_1:1247,features_1.npy,1247,1,train,1,5.810574644362515,0.9970132393522597,1
features_1:1248,features_1.npy,1248,1,train,1,4.925365433950868,0.9927922560274364,1
features_1:1249,features_1.npy,1249,1,test,1,5.830826529912145,0.9970729432379247,1
features_1:1250,features_1.npy,1250,1,test,1,3.9455935160026727,0.9810271945007116,1
features_1:1251,features_1.npy,1251,1,train,1,4.758024881042351,0.9914904890404114,1
features_1:1252,features_1.npy,1252,1,validation,1,4.337630782075843,0.987101104490646,1
features_1:1253,features_1.npy,1253,1,test,1,1.6793835816886757,0.8428228899158579,1
features_1:1254,features_1.npy,1254,1,train,1,6.319456695114566,0.9982023157984374,1
features_1:1255,features_1.npy,1255,1,train,1,6.755588969774631,0.9988370002801177,1
features_1:1256,features_1.npy,1256,1,train,1,5.093446626459552,0.9939005989723915,1
features_1:1257,features_1.npy,1257,1,train,1,5.701058144094317,0.996668707784027,1
features_1:1258,features_1.npy,1258,1,train,1,5.931029949338034,0.9973512890051855,1
features_1:1259,features_1.npy,1259,1,test,1,5.876889677081053,0.9972043460996389,1
features_1:1260,features_1.npy,1260,1,train,1,6.422649105641083,0.9983782867636934,1
features_1:1261,features_1.npy,1261,1,train,1,5.15570002993281,0.9942666192276957,1
features_1:1262,features_1.npy,1262,1,validation,1,5.7830653529670775,0.9969301908445135,1
features_1:1263,features_1.npy,1263,1,train,1,3.326008116705534,0.9653103443884011,1
features_1:1264,features_1.npy,1264,1,validation,1,6.252114414969811,0.9980773271248125,1
features_1:1265,features_1.npy,1265,1,train,1,3.807644189962422,0.9782817371330693,1
features_1:1266,features_1.npy,1266,1,validation,1,6.520262286563365,0.9985288847391246,1
features_1:1267,features_1.npy,1267,1,train,1,7.171294441508505,0.9992322623417775,1
features_1:1268,features_1.npy,1268,1,train,1,5.588405680143779,0.9962729553838583,1
features_1:1269,features_1.npy,1269,1,test,1,6.091288919603787,0.9977426164438538,1
features_1:1270,features_1.npy,1270,1,train,1,5.625845731978237,0.9964094244504252,1
features_1:1271,features_1.npy,1271,1,validation,1,1.7924952778577705,0.8572329324838862,1
features_1:1272,features_1.npy,1272,1,train,1,6.668544664600509,0.9987313654375327,1
features_1:1273,features_1.npy,1273,1,test,1,5.192948363952847,0.9944750914912507,1
features_1:1274,features_1.npy,1274,1,validation,1,5.640388275178991,0.9964610792553641,1
features_1:1275,features_1.npy,1275,1,train,1,6.243287030913439,0.9980603128885152,1
features_1:1276,features_1.npy,1276,1,train,1,6.401444998366749,0.998343590186217,1
features_1:1277,features_1.npy,1277,1,test,1,5.109391932518271,0.9939965052482773,1
features_1:1278,features_1.npy,1278,1,train,1,2.757709903439168,0.9403473022373929,1
features_1:1279,features_1.npy,1279,1,train,1,4.758896442950207,0.9914978393455977,1
features_1:1280,features_1.npy,1280,1,validation,1,5.892807425686915,0.9972483728339397,1
features_1:1281,features_1.npy,1281,1,train,1,6.564729301955607,0.998592777696808,1
features_1:1282,features_1.npy,1282,1,validation,1,0.8144767401792687,0.6930626491779524,1
features_1:1283,features_1.npy,1283,1,train,1,3.5117187031068386,0.9710193689389379,1
features_1:1284,features_1.npy,1284,1,train,1,3.829063561582106,0.9787321936034754,1
features_1:1285,features_1.npy,1285,1,train,1,6.002108523014991,0.9975325720829926,1
features_1:1286,features_1.npy,1286,1,test,1,1.9852203102194648,0.8792365510197241,1
features_1:1287,features_1.npy,1287,1,test,1,5.484304444733369,0.995865741431932,1
features_1:1288,features_1.npy,1288,1,train,1,5.14566339254356,0.9942091205293287,1
features_1:1289,features_1.npy,1289,1,train,1,5.993558384852413,0.9975114375112234,1
features_1:1290,features_1.npy,1290,1,train,1,5.720058279805728,0.9967312003261457,1
features_1:1291,features_1.npy,1291,1,test,1,5.356957489583788,0.9953068986112401,1
features_1:1292,features_1.npy,1292,1,train,1,5.630174611625847,0.9964248785774659,1
features_1:1293,features_1.npy,1293,1,train,1,4.611884195820817,0.9901646109654647,1
features_1:1294,features_1.npy,1294,1,test,1,3.2619122963808116,0.963098812958916,1
features_1:1295,features_1.npy,1295,1,train,1,3.3008406187585293,0.9644576376374818,1
features_1:1296,features_1.npy,1296,1,train,1,5.3382739073983405,0.9952188135895066,1
features_1:1297,features_1.npy,1297,1,train,1,4.307310375025782,0.9867092927921088,1
features_1:1298,features_1.npy,1298,1,train,1,4.5772584021083205,0.9898216151634152,1
features_1:1299,features_1.npy,1299,1,train,1,5.133772226980579,0.9941402550929268,1
features_1:1300,features_1.npy,1300,1,validation,1,3.1999920021956485,0.9608339762306009,1
features_1:1301,features_1.npy,1301,1,train,1,4.845187701740301,0.9921952524155417,1
features_1:1302,features_1.npy,1302,1,test,1,-0.5773354116854343,0.35954594558922326,0
features_1:1303,features_1.npy,1303,1,test,1,4.135273437784679,0.9842536250776649,1
features_1:1304,features_1.npy,1304,1,train,1,5.379575102440708,0.9954113723665154,1
features_1:1305,features_1.npy,1305,1,train,1,5.195258975340215,0.9944877723831791,1
features_1:1306,features_1.npy,1306,1,train,1,4.4802242518135005,0.9887960783004035,1
features_1:1307,features_1.npy,1307,1,validation,1,-0.5548956622337904,0.364729325588867,0
features_1:1308,features_1.npy,1308,1,train,1,5.930711655656041,0.9973504480371326,1
features_1:1309,features_1.npy,1309,1,train,1,4.895976137165313,0.9925788773546768,1
features_1:1310,features_1.npy,1310,1,validation,1,6.083259391928576,0.9977244591663142,1
features_1:1311,features_1.npy,1311,1,train,1,6.245541998388935,0.9980646734365839,1
features_1:1312,features_1.npy,1312,1,test,1,5.847781723245234,0.9971220120589093,1
features_1:1313,features_1.npy,1313,1,train,1,3.5668902039018415,0.9725322381452466,1
features_1:1314,features_1.npy,1314,1,train,1,5.226510942626584,0.9946564700246023,1
features_1:1315,features_1.npy,1315,1,train,1,3.0945035238379734,0.9566654505740351,1
features_1:1316,features_1.npy,1316,1,test,1,4.430326242502551,0.9882295893974451,1
features_1:1317,features_1.npy,1317,1,test,1,3.7291848327552017,0.9765506726892963,1
features_1:1318,features_1.npy,1318,1,train,1,3.566202338769512,0.9725138570348296,1
features_1:1319,features_1.npy,1319,1,train,1,6.490500190246833,0.9984845105595679,1
features_1:1320,features_1.npy,1320,1,train,1,6.4342231482813395,0.9983969184225595,1
features_1:1321,features_1.npy,1321,1,train,1,4.731137129332976,0.9912606103982005,1
features_1:1322,features_1.npy,1322,1,train,1,5.4572245050005215,0.9957527383099591,1
features_1:1323,features_1.npy,1323,1,test,1,5.674634593969135,0.9965798150182996,1
features_1:1324,features_1.npy,1324,1,validation,1,2.0460481539355286,0.8855476972229989,1
features_1:1325,features_1.npy,1325,1,train,1,4.779815428502113,0.9916723827989875,1
features_1:1326,features_1.npy,1326,1,validation,1,5.576495668407146,0.9962284692645162,1
features_1:1327,features_1.npy,1327,1,validation,1,0.7142176678667772,0.6713324395423903,1
features_1:1328,features_1.npy,1328,1,validation,1,6.271241338624936,0.9981136837694087,1
features_1:1329,features_1.npy,1329,1,train,1,6.688625881790178,0.9987565557138611,1
features_1:1330,features_1.npy,1330,1,train,1,3.9863220343540213,0.9817706006003617,1
features_1:1331,features_1.npy,1331,1,train,1,4.70341480101247,0.9910171514686814,1
features_1:1332,features_1.npy,1332,1,train,1,6.5899420294913025,0.9986277659939449,1
features_1:1333,features_1.npy,1333,1,test,1,0.10192089907156254,0.5254581905519649,0
features_1:1334,features_1.npy,1334,1,train,1,5.725320086192087,0.9967482991637334,1
features_1:1335,features_1.npy,1335,1,train,1,5.364865987142512,0.995343695475857,1
features_1:1336,features_1.npy,1336,1,train,1,6.100112251502169,0.9977624021044262,1
features_1:1337,features_1.npy,1337,1,train,1,6.09412462139334,0.997748994254098,1
features_1:1338,features_1.npy,1338,1,train,1,3.5048338898184843,0.9708249955393687,1
features_1:1339,features_1.npy,1339,1,validation,1,6.382298088547208,0.9983116235493954,1
features_1:1340,features_1.npy,1340,1,train,1,5.879988362109268,0.9972129714364086,1
features_1:1341,features_1.npy,1341,1,test,1,2.8314262392111065,0.94435060208655,1
features_1:1342,features_1.npy,1342,1,train,1,6.156948898979026,0.9978857716206169,1
features_1:1343,features_1.npy,1343,1,validation,1,5.8911369599702965,0.9972437851733341,1
features_1:1344,features_1.npy,1344,1,train,1,5.939429233955863,0.9973733849228146,1
features_1:1345,features_1.npy,1345,1,train,1,6.548658149400184,0.9985700119064053,1
features_1:1346,features_1.npy,1346,1,train,1,6.31031158570349,0.9981858303389393,1
features_1:1347,features_1.npy,1347,1,test,1,5.4658716447508935,0.9957891526580888,1
features_1:1348,features_1.npy,1348,1,train,1,3.984902016715462,0.9817451690251131,1
features_1:1349,features_1.npy,1349,1,validation,1,4.560357520807455,0.9896499251780944,1
features_1:1350,features_1.npy,1350,1,train,1,2.6540246289735947,0.9342586134772383,1
features_1:1351,features_1.npy,1351,1,train,1,5.780719727627897,0.9969230039530756,1
features_1:1352,features_1.npy,1352,1,train,1,1.7998816617811138,0.8581345292556546,1
features_1:1353,features_1.npy,1353,1,train,1,5.160063006581992,0.9942914368579271,1
features_1:1354,features_1.npy,1354,1,test,1,4.5293135470851915,0.9893270614646467,1
features_1:1355,features_1.npy,1355,1,test,1,5.183234017496759,0.9944214599450364,1
features_1:1356,features_1.npy,1356,1,train,1,4.600857783608263,0.9900566461204533,1
features_1:1357,features_1.npy,1357,1,validation,1,4.528556038856271,0.9893190599493333,1
features_1:1358,features_1.npy,1358,1,train,1,5.411431874775035,0.9955546077874913,1
features_1:1359,features_1.npy,1359,1,validation,1,5.204447002726056,0.9945379115530653,1
features_1:1360,features_1.npy,1360,1,train,1,4.319582666033169,0.9868692748189791,1
features_1:1361,features_1.npy,1361,1,train,1,4.642252699263403,0.9904559994414859,1
features_1:1362,features_1.npy,1362,1,train,1,6.16176186660084,0.9978959015256432,1
features_1:1363,features_1.npy,1363,1,train,1,5.8635165209350815,0.9971668149111059,1
features_1:1364,features_1.npy,1364,1,test,1,5.27157538543394,0.9948907249690316,1
features_1:1365,features_1.npy,1365,1,train,1,5.094570395872101,0.9939074077056824,1
features_1:1366,features_1.npy,1366,1,train,1,4.975457908830151,0.9931420007358728,1
features_1:1367,features_1.npy,1367,1,test,1,1.6063706160544566,0.8329068842663923,1
features_1:1368,features_1.npy,1368,1,test,1,5.194835237478005,0.9944854490319763,1
features_1:1369,features_1.npy,1369,1,train,1,5.724175917398879,0.9967445886585348,1
features_1:1370,features_1.npy,1370,1,train,1,6.283616398883509,0.9981368399789093,1
features_1:1371,features_1.npy,1371,1,train,1,4.756495353707625,0.9914775745606671,1
features_1:1372,features_1.npy,1372,1,train,1,5.453543374572026,0.99573714154508,1
features_1:1373,features_1.npy,1373,1,train,1,5.836147516495447,0.9970884314775994,1
features_1:1374,features_1.npy,1374,1,validation,1,4.612810248139934,0.9901736253762837,1
features_1:1375,features_1.npy,1375,1,train,1,3.1163695003092178,0.9575629434463511,1
features_1:1376,features_1.npy,1376,1,test,1,3.341928826147075,0.9658395382930561,1
features_1:1377,features_1.npy,1377,1,train,1,4.612520740896207,0.990170808124013,1
features_1:1378,features_1.npy,1378,1,train,1,5.891294363058032,0.997244217780451,1
features_1:1379,features_1.npy,1379,1,train,1,5.5128648180684445,0.99598167943594,1
features_1:1380,features_1.npy,1380,1,train,1,4.808595472861311,0.9919067239333815,1
features_1:1381,features_1.npy,1381,1,validation,1,-0.9978801356115148,0.26935841609884414,0
features_1:1382,features_1.npy,1382,1,train,1,5.220261624798455,0.9946231521602558,1
features_1:1383,features_1.npy,1383,1,train,1,4.712227533564678,0.9910952652772916,1
features_1:1384,features_1.npy,1384,1,train,1,5.0475982842885365,0.9936162685060047,1
features_1:1385,features_1.npy,1385,1,test,1,5.775835769327146,0.9969079858552037,1
features_1:1386,features_1.npy,1386,1,train,1,5.552245832828302,0.9961362500072166,1
features_1:1387,features_1.npy,1387,1,validation,1,6.32458088465195,0.9982114874790358,1
features_1:1388,features_1.npy,1388,1,test,1,5.070297897426295,0.9937586501998961,1
features_1:1389,features_1.npy,1389,1,validation,1,3.9952301235027017,0.9819293471241564,1
features_1:1390,features_1.npy,1390,1,test,1,4.173632628418531,0.9848372200074338,1
features_1:1391,features_1.npy,1391,1,train,1,5.656482481018139,0.9965173827227944,1
features_1:1392,features_1.npy,1392,1,train,1,6.193672842439631,0.9979618506650636,1
features_1:1393,features_1.npy,1393,1,train,1,5.4440470434456945,0.9956966422430524,1
features_1:1394,features_1.npy,1394,1,test,1,3.3955217324454425,0.9675642848686477,1
features_1:1395,features_1.npy,1395,1,train,1,3.8618526611596717,0.9794041073127302,1
features_1:1396,features_1.npy,1396,1,train,1,5.158045171965309,0.9942799722472888,1
features_1:1397,features_1.npy,1397,1,validation,1,5.798230241134417,0.9969762532433017,1
features_1:1398,features_1.npy,1398,1,train,1,5.8669089650348,0.997176382955465,1
features_1:1399,features_1.npy,1399,1,validation,1,4.48155409542975,0.9888108012593054,1
features_1:1400,features_1.npy,1400,1,train,1,5.610174290783465,0.9963529185684208,1
features_1:1401,features_1.npy,1401,1,train,1,5.9283598001189795,0.9973442259088662,1
features_1:1402,features_1.npy,1402,1,train,1,5.4559784231511745,0.9957474650957794,1
features_1:1403,features_1.npy,1403,1,train,1,5.278129485942005,0.9949239327479226,1
features_1:1404,features_1.npy,1404,1,train,1,4.95227419053913,0.9929822782615474,1
features_1:1405,features_1.npy,1405,1,train,1,5.846141769996841,0.9971173020378438,1
features_1:1406,features_1.npy,1406,1,train,1,6.799368705932917,0.9988867621901207,1
features_1:1407,features_1.npy,1407,1,train,1,5.06093528350234,0.9937003102950797,1
features_1:1408,features_1.npy,1408,1,test,1,5.920439468974624,0.9973231643074889,1
features_1:1409,features_1.npy,1409,1,train,1,5.732535223093418,0.9967716007243858,1
features_1:1410,features_1.npy,1410,1,validation,1,6.2870251393980485,0.9981431684230273,1
features_1:1411,features_1.npy,1411,1,train,1,5.649589167063772,0.9964933774884627,1
features_1:1412,features_1.npy,1412,1,train,1,5.508954539001646,0.9959659994297958,1
features_1:1413,features_1.npy,1413,1,train,1,4.788163888616137,0.991741044385432,1
features_1:1414,features_1.npy,1414,1,train,1,5.045488621422792,0.9936028730131521,1
features_1:1415,features_1.npy,1415,1,test,1,6.322427318779176,0.9982076385601468,1
features_1:1416,features_1.npy,1416,1,train,1,6.288549258273748,0.998145991056617,1
features_1:1417,features_1.npy,1417,1,train,1,3.1603901947191066,0.959316177930785,1
features_1:1418,features_1.npy,1418,1,train,1,3.9513209882223035,0.9811335058283914,1
features_1:1419,features_1.npy,1419,1,train,1,6.034381103562925,0.9976107439042213,1
features_1:1420,features_1.npy,1420,1,train,1,5.832775336437672,0.9970786253025204,1
features_1:1421,features_1.npy,1421,1,train,1,3.429189948398079,0.9686044435319886,1
features_1:1422,features_1.npy,1422,1,train,1,5.730209524567231,0.9967641080274428,1
features_1:1423,features_1.npy,1423,1,test,1,6.029335366448981,0.9975986869025839,1
features_1:1424,features_1.npy,1424,1,train,1,5.600277846317811,0.9963167798410444,1
features_1:1425,features_1.npy,1425,1,train,1,6.164174010822075,0.9979009601576476,1
features_1:1426,features_1.npy,1426,1,train,1,4.765770298055437,0.9915555897412366,1
features_1:1427,features_1.npy,1427,1,train,1,4.472469462246954,0.9887098412371075,1
features_1:1428,features_1.npy,1428,1,validation,1,6.197901208449909,0.997970433058007,1
features_1:1429,features_1.npy,1429,1,train,1,6.119459479767594,0.9978051832226782,1
features_1:1430,features_1.npy,1430,1,validation,1,3.14132030971379,0.9585653522800155,1
features_1:1431,features_1.npy,1431,1,train,1,5.059870044982814,0.9936936383899158,1
features_1:1432,features_1.npy,1432,1,train,1,6.015110414490824,0.9975643680233197,1
features_1:1433,features_1.npy,1433,1,train,1,6.26938446868868,0.9981101844970192,1
features_1:1434,features_1.npy,1434,1,train,1,4.535443261796308,0.9893915915314727,1
features_1:1435,features_1.npy,1435,1,train,1,6.494461669705081,0.998490493219494,1
features_1:1436,features_1.npy,1436,1,train,1,4.693208033192954,0.9909258323483896,1
features_1:1437,features_1.npy,1437,1,train,1,5.595361660211686,0.9962986950485881,1
features_1:1438,features_1.npy,1438,1,train,1,4.061585268715538,0.983069869127134,1
features_1:1439,features_1.npy,1439,1,test,1,5.867346682749718,0.9971776151446516,1
features_1:1440,features_1.npy,1440,1,test,1,6.303992673224485,0.9981743514592725,1
features_1:1441,features_1.npy,1441,1,validation,1,3.3032916741054703,0.9645415620332839,1
features_1:1442,features_1.npy,1442,1,validation,1,3.089921980190068,0.9564751171592449,1
features_1:1443,features_1.npy,1443,1,test,1,6.413052551324009,0.9983626745942986,1
features_1:1444,features_1.npy,1444,1,train,1,5.691692495619359,0.9966374669150884,1
features_1:1445,features_1.npy,1445,1,train,1,4.0090009775446696,0.9821720838185459,1
features_1:1446,features_1.npy,1446,1,train,1,5.1837768432606355,0.9944244704194668,1
features_1:1447,features_1.npy,1447,1,test,1,6.473704031793249,0.9984588807484087,1
features_1:1448,features_1.npy,1448,1,train,1,5.579847494882097,0.9962410421792736,1
features_1:1449,features_1.npy,1449,1,train,1,5.224171199832432,0.9946440199425963,1
features_1:1450,features_1.npy,1450,1,train,1,6.256180617677448,0.9980851142891061,1
features_1:1451,features_1.npy,1451,1,train,1,3.7030584678373017,0.9759448852149614,1
features_1:1452,features_1.npy,1452,1,test,1,4.071202467014181,0.9832291915770119,1
features_1:1453,features_1.npy,1453,1,test,1,3.4647982223359497,0.9696694040461186,1
features_1:1454,features_1.npy,1454,1,train,1,5.15210630219229,0.9942460967187283,1
features_1:1455,features_1.npy,1455,1,validation,1,4.843769442158567,0.992184261979333,1
features_1:1456,features_1.npy,1456,1,train,1,4.230007051098396,0.9856564436240045,1
features_1:1457,features_1.npy,1457,1,train,1,6.255154676953891,0.9980831524894618,1
features_1:1458,features_1.npy,1458,1,train,1,4.52561872971928,0.9892879771696914,1
features_1:1459,features_1.npy,1459,1,test,1,3.5266398867577036,0.9714363241322402,1
features_1:1460,features_1.npy,1460,1,train,1,4.011800431056923,0.9822210363689221,1
features_1:1461,features_1.npy,1461,1,train,1,3.9561758053271796,0.9812231615657362,1
features_1:1462,features_1.npy,1462,1,validation,1,0.22758943833871395,0.5566530325604984,0
features_1:1463,features_1.npy,1463,1,train,1,6.19070853959883,0.9979558123783181,1
features_1:1464,features_1.npy,1464,1,train,1,5.842875905402066,0.9971078994188332,1
features_1:1465,features_1.npy,1465,1,test,1,4.9307988880727205,0.9928310327745189,1
features_1:1466,features_1.npy,1466,1,train,1,5.042221184494748,0.993582070986948,1
features_1:1467,features_1.npy,1467,1,train,1,6.693087044337255,0.9987620837141398,1
features_1:1468,features_1.npy,1468,1,train,1,4.4919764532877595,0.9889255287080876,1
features_1:1469,features_1.npy,1469,1,train,1,2.9173691248485207,0.9486984061199126,1
features_1:1470,features_1.npy,1470,1,train,1,5.5245970841623055,0.9960283618225533,1
features_1:1471,features_1.npy,1471,1,train,1,5.950057538667786,0.9974010813916219,1
features_1:1472,features_1.npy,1472,1,test,1,5.84556994513678,0.9971156579240019,1
features_1:1473,features_1.npy,1473,1,test,1,-0.6868478813506018,0.33473464418099397,0
features_1:1474,features_1.npy,1474,1,train,1,6.423108893301195,0.9983790310276476,1
features_1:1475,features_1.npy,1475,1,validation,1,5.25348898402268,0.9947979609268703,1
features_1:1476,features_1.npy,1476,1,train,1,4.820293478289359,0.9920000945385087,1
features_1:1477,features_1.npy,1477,1,train,1,4.340991308159423,0.9871438224701217,1
features_1:1478,features_1.npy,1478,1,test,1,2.5167600255409086,0.925308439685019,1
features_1:1479,features_1.npy,1479,1,train,1,4.1232976833127495,0.9840669393099504,1
features_1:1480,features_1.npy,1480,1,train,1,6.002921312416752,0.9975345718250441,1
features_1:1481,features_1.npy,1481,1,train,1,6.51516845747292,0.9985213831198283,1
features_1:1482,features_1.npy,1482,1,test,1,1.2094505318443516,0.7702017125481697,1
features_1:1483,features_1.npy,1483,1,train,1,4.963187736827079,0.9930579212933932,1
features_1:1484,features_1.npy,1484,1,train,1,5.231813398363709,0.9946845786612666,1
features_1:1485,features_1.npy,1485,1,test,1,5.959955494233608,0.9974266126128722,1
features_1:1486,features_1.npy,1486,1,train,1,6.406469410862618,0.9983518781174838,1
features_1:1487,features_1.npy,1487,1,train,1,5.994859107179231,0.997514664296129,1
features_1:1488,features_1.npy,1488,1,train,1,4.8708065395023254,0.9923911594311559,1
features_1:1489,features_1.npy,1489,1,test,1,2.398404774162315,0.9167055786481925,1
features_1:1490,features_1.npy,1490,1,train,1,6.483823132231031,0.9984743731802141,1
features_1:1491,features_1.npy,1491,1,train,1,6.710469595447583,0.998783389963103,1
features_1:1492,features_1.npy,1492,1,train,1,4.515018862776296,0.9891750629005998,1
features_1:1493,features_1.npy,1493,1,train,1,3.881854761041574,0.9798037382880893,1
features_1:1494,features_1.npy,1494,1,test,1,6.009008763615603,0.9975494977446837,1
features_1:1495,features_1.npy,1495,1,train,1,3.8075603311378616,0.9782799553483879,1
features_1:1496,features_1.npy,1496,1,validation,1,4.329876588940553,0.9870020002904347,1
features_1:1497,features_1.npy,1497,1,train,1,4.221404039431346,0.9855343062543822,1
features_1:1498,features_1.npy,1498,1,train,1,5.298554976684968,0.9950260517422376,1
features_1:1499,features_1.npy,1499,1,train,1,4.203054388045333,0.985270361416948,1
features_1:1500,features_1.npy,1500,1,test,1,6.528905509464676,0.9985415266593225,1
features_1:1501,features_1.npy,1501,1,train,1,5.913530948317397,0.9973046573233819,1
features_1:1502,features_1.npy,1502,1,train,1,5.1840976955003635,0.9944262490842599,1
features_1:1503,features_1.npy,1503,1,train,1,6.0326825927690395,0.9976066919992934,1
features_1:1504,features_1.npy,1504,1,train,1,3.55796994608123,0.9722929416915265,1
features_1:1505,features_1.npy,1505,1,train,1,6.178594772825803,0.9979309505203631,1
features_1:1506,features_1.npy,1506,1,train,1,5.386847516254126,0.9954444702490342,1
features_1:1507,features_1.npy,1507,1,train,1,5.510027017945486,0.9959703060666754,1
features_1:1508,features_1.npy,1508,1,train,1,6.347599216406285,0.9982521147162084,1
features_1:1509,features_1.npy,1509,1,train,1,6.073448160738192,0.9977020749836205,1
features_1:1510,features_1.npy,1510,1,train,1,5.489156215121579,0.9958856689969555,1
features_1:1511,features_1.npy,1511,1,train,1,6.278935548173633,0.998128114725165,1
features_1:1512,features_1.npy,1512,1,train,1,3.501428837690822,0.9707283966712473,1
features_1:1513,features_1.npy,1513,1,train,1,5.95790147221021,0.9974213350305174,1
features_1:1514,features_1.npy,1514,1,train,1,4.634369611618016,0.9903811924634668,1
features_1:1515,features_1.npy,1515,1,train,1,6.039752338464165,0.9976235123400454,1
features_1:1516,features_1.npy,1516,1,train,1,6.278811405921469,0.9981278827657563,1
features_1:1517,features_1.npy,1517,1,train,1,5.4082605174130745,0.9955405504505292,1
features_1:1518,features_1.npy,1518,1,validation,1,5.124075185362056,0.9940834943305417,1
features_1:1519,features_1.npy,1519,1,train,1,4.27332653398976,0.9862561754485497,1
features_1:1520,features_1.npy,1520,1,train,1,5.824729210183347,0.9970550942350664,1
features_1:1521,features_1.npy,1521,1,train,1,5.948580445232074,0.9973972497083816,1
features_1:1522,features_1.npy,1522,1,train,1,1.9335753723978546,0.8736446316755276,1
features_1:1523,features_1.npy,1523,1,test,1,6.120591620748406,0.9978076612140991,1
features_1:1524,features_1.npy,1524,1,train,1,3.838958808147103,0.978937195177128,1
features_1:1525,features_1.npy,1525,1,test,1,5.405234799655266,0.9955270974256067,1
features_1:1526,features_1.npy,1526,1,train,1,5.161563090970379,0.9942999449898914,1
features_1:1527,features_1.npy,1527,1,train,1,5.992685732142879,0.9975092703239564,1
features_1:1528,features_1.npy,1528,1,train,1,5.250083102420485,0.9947803058292616,1
features_1:1529,features_1.npy,1529,1,train,1,6.397091370739413,0.9983363750972309,1
features_1:1530,features_1.npy,1530,1,test,1,4.237383661702903,0.9857603600561705,1
features_1:1531,features_1.npy,1531,1,train,1,5.278797770596626,0.9949273066703933,1
features_1:1532,features_1.npy,1532,1,train,1,4.549107376256595,0.9895340534285051,1
features_1:1533,features_1.npy,1533,1,train,1,5.8580009350910025,0.9971511897014899,1
features_1:1534,features_1.npy,1534,1,train,1,5.293097185202847,0.9949989668871986,1
features_1:1535,features_1.npy,1535,1,validation,1,1.972126551992102,0.87783934244518,1
features_1:1536,features_1.npy,1536,1,train,1,6.8194650052075545,0.9989088866851346,1
features_1:1537,features_1.npy,1537,1,train,1,5.298524582728997,0.9950259013139613,1
features_1:1538,features_1.npy,1538,1,train,1,6.05721012964442,0.9976645444641989,1
features_1:1539,features_1.npy,1539,1,train,1,6.673458964090723,0.9987375767425943,1
features_1:1540,features_1.npy,1540,1,test,1,4.2022128709776965,0.9852581437635989,1
features_1:1541,features_1.npy,1541,1,train,1,4.1458878313878715,0.9844172887006102,1
features_1:1542,features_1.npy,1542,1,train,1,5.292916105090205,0.9949980657476623,1
features_1:1543,features_1.npy,1543,1,train,1,4.395669645813228,0.9878195718244878,1
features_1:1544,features_1.npy,1544,1,train,1,4.7960499868727995,0.9918053875563864,1
features_1:1545,features_1.npy,1545,1,train,1,6.013255264346023,0.9975598564024309,1
features_1:1546,features_1.npy,1546,1,test,1,4.753756599571747,0.9914544014758858,1
features_1:1547,features_1.npy,1547,1,train,1,4.523890969364627,0.9892696521304696,1
features_1:1548,features_1.npy,1548,1,train,1,5.262700979019525,0.9948454161568978,1
features_1:1549,features_1.npy,1549,1,test,1,7.0323814115655345,0.9991179517947779,1
features_1:1550,features_1.npy,1550,1,train,1,5.179502874176038,0.9944007234964997,1
features_1:1551,features_1.npy,1551,1,train,1,6.076446785374212,0.9977089395141527,1
features_1:1552,features_1.npy,1552,1,train,1,5.82101078719543,0.9970441558733396,1
features_1:1553,features_1.npy,1553,1,train,1,5.483282001480961,0.9958615297279072,1
features_1:1554,features_1.npy,1554,1,validation,1,6.390588608946015,0.9983255398640577,1
features_1:1555,features_1.npy,1555,1,test,1,5.721420357070967,0.9967356351287884,1
features_1:1556,features_1.npy,1556,1,train,1,4.735764449026014,0.991300605937314,1
features_1:1557,features_1.npy,1557,1,train,1,5.897855137441716,0.9972621893279503,1
features_1:1558,features_1.npy,1558,1,train,1,6.336690860133449,0.9982329776647132,1
features_1:1559,features_1.npy,1559,1,test,1,5.528684509715379,0.9960444983842391,1
features_1:1560,features_1.npy,1560,1,validation,1,4.2833801154593925,0.9863917869652226,1
features_1:1561,features_1.npy,1561,1,train,1,3.95139395887663,0.9811348565078843,1
features_1:1562,features_1.npy,1562,1,validation,1,1.7995130910800927,0.8580896536612356,1
features_1:1563,features_1.npy,1563,1,train,1,4.935598925816073,0.9928651166995722,1
features_1:1564,features_1.npy,1564,1,train,1,3.405548405147888,0.9678774873971454,1
features_1:1565,features_1.npy,1565,1,validation,1,5.174892694297926,0.994374995767483,1
features_1:1566,features_1.npy,1566,1,train,1,5.701281127143523,0.9966694480491806,1
features_1:1567,features_1.npy,1567,1,test,1,1.643627021041221,0.8380278627721156,1
features_1:1568,features_1.npy,1568,1,train,1,2.3015196592384637,0.9090028183275725,1
features_1:1569,features_1.npy,1569,1,train,1,4.996852128792307,0.9932861893191196,1
features_1:1570,features_1.npy,1570,1,train,1,3.3953884716179576,0.9675601023982812,1
features_1:1571,features_1.npy,1571,1,test,1,4.2081893367918575,0.9853446978683122,1
features_1:1572,features_1.npy,1572,1,train,1,5.771109842288163,0.9968933841416503,1
features_1:1573,features_1.npy,1573,1,validation,1,3.2942892027472803,0.9642323763424833,1
features_1:1574,features_1.npy,1574,1,train,1,5.80927632979415,0.9970093706834948,1
features_1:1575,features_1.npy,1575,1,train,1,4.56679281244099,0.9897156342747435,1
features_1:1576,features_1.npy,1576,1,validation,1,4.482838699126359,0.9888250051943357,1
features_1:1577,features_1.npy,1577,1,validation,1,5.064433192270837,0.9937221694453517,1
features_1:1578,features_1.npy,1578,1,train,1,6.347274625786035,0.9982515482690925,1
features_1:1579,features_1.npy,1579,1,test,1,6.245511403937109,0.9980646143400193,1
features_1:1580,features_1.npy,1580,1,train,1,4.638100213483035,0.9904166663064834,1
features_1:1581,features_1.npy,1581,1,train,1,5.530550511829525,0.9960518433623701,1
features_1:1582,features_1.npy,1582,1,train,1,3.1171831098073985,0.9575959931007585,1
features_1:1583,features_1.npy,1583,1,train,1,5.420740982252414,0.9955956169807603,1
features_1:1584,features_1.npy,1584,1,test,1,6.153535970141253,0.9978785589160946,1
features_1:1585,features_1.npy,1585,1,validation,1,3.707641392611917,0.976052241737648,1
features_1:1586,features_1.npy,1586,1,train,1,5.20737847704215,0.9945538130021337,1
features_1:1587,features_1.npy,1587,1,test,1,6.077487468188419,0.9977113170872306,1
features_1:1588,features_1.npy,1588,1,train,1,5.659427746340917,0.9965275892994554,1
features_1:1589,features_1.npy,1589,1,train,1,3.916903165370455,0.9804857504048567,1
features_1:1590,features_1.npy,1590,1,train,1,5.135010455545617,0.9941474638682107,1
features_1:1591,features_1.npy,1591,1,train,1,4.843627616701459,0.9921831620954568,1
features_1:1592,features_1.npy,1592,1,train,1,5.589664010418655,0.9962776248410662,1
features_1:1593,features_1.npy,1593,1,train,1,5.04509867717379,0.9936003939709244,1
features_1:1594,features_1.npy,1594,1,train,1,4.978027428288961,0.993159479490785,1
features_1:1595,features_1.npy,1595,1,train,1,6.077518760623141,0.9977113885406664,1
features_1:1596,features_1.npy,1596,1,train,1,4.883314047517172,0.9924850236556074,1
features_1:1597,features_1.npy,1597,1,train,1,6.097486926235641,0.997756533160634,1
features_1:1598,features_1.npy,1598,1,train,1,6.359434260587604,0.9982726435636258,1
features_1:1599,features_1.npy,1599,1,train,1,6.039817249518477,0.9976236662287964,1
features_1:1600,features_1.npy,1600,1,train,1,5.798067747272005,0.9969757633491403,1
features_1:1601,features_1.npy,1601,1,test,1,6.515082662289689,0.9985212564437789,1
features_1:1602,features_1.npy,1602,1,train,1,4.406915024382132,0.9879541373479681,1
features_1:1603,features_1.npy,1603,1,validation,1,6.758924667019135,0.9988408687427305,1
features_1:1604,features_1.npy,1604,1,train,1,4.587646718056517,0.9899257444263728,1
features_1:1605,features_1.npy,1605,1,train,1,4.910628020433779,0.9926860286035498,1
features_1:1606,features_1.npy,1606,1,test,1,6.2806725223286985,0.9981313572488679,1
features_1:1607,features_1.npy,1607,1,validation,1,6.265306552816139,0.9981024769068905,1
features_1:1608,features_1.npy,1608,1,test,1,3.5230713538552596,0.9713371384641204,1
features_1:1609,features_1.npy,1609,1,validation,1,1.9774686065442517,0.8784110553263925,1
features_1:1610,features_1.npy,1610,1,train,1,5.869639712523722,0.9971840613394488,1
features_1:1611,features_1.npy,1611,1,train,1,4.151468507730966,0.9845026646392646,1
features_1:1612,features_1.npy,1612,1,train,1,4.477947925927679,0.9887708321863176,1
features_1:1613,features_1.npy,1613,1,train,1,6.138759010614444,0.997847045697489,1
features_1:1614,features_1.npy,1614,1,train,1,5.0559314730496565,0.9936689089156518,1
features_1:1615,features_1.npy,1615,1,train,1,2.7085076823365655,0.9375268001766053,1
features_1:1616,features_1.npy,1616,1,train,1,5.488424920424073,0.9958826715007867,1
features_1:1617,features_1.npy,1617,1,train,1,6.380512968921557,0.9983086120060406,1
features_1:1618,features_1.npy,1618,1,train,1,6.226125306113486,0.9980268034794318,1
features_1:1619,features_1.npy,1619,1,train,1,3.515999256831656,0.9711395843838617,1
features_1:1620,features_1.npy,1620,1,validation,1,5.979500312970179,0.9974762949717462,1
features_1:1621,features_1.npy,1621,1,train,1,4.4834621044954535,0.988831891796098,1
features_1:1622,features_1.npy,1622,1,validation,1,2.5012782687333632,0.9242313827974883,1
features_1:1623,features_1.npy,1623,1,train,1,6.1684341522570865,0.9979098646930746,1
features_1:1624,features_1.npy,1624,1,validation,1,5.765253789770176,0.996875195278569,1
features_1:1625,features_1.npy,1625,1,train,1,6.801588942611116,0.998889228357347,1
features_1:1626,features_1.npy,1626,1,train,1,5.444759983205677,0.9956996959957161,1
features_1:1627,features_1.npy,1627,1,train,1,4.927505207775849,0.9928075516701693,1
features_1:1628,features_1.npy,1628,1,validation,1,4.246754185931711,0.9858912959550107,1
features_1:1629,features_1.npy,1629,1,train,1,5.438374048030954,0.9956722658887962,1
features_1:1630,features_1.npy,1630,1,train,1,4.74259249198367,0.9913592919337764,1
features_1:1631,features_1.npy,1631,1,test,1,6.413607267606687,0.9983635811076299,1
features_1:1632,features_1.npy,1632,1,train,1,5.929980878975038,0.9973485162344553,1
features_1:1633,features_1.npy,1633,1,train,1,4.631185858718156,0.9903508157224354,1
features_1:1634,features_1.npy,1634,1,train,1,4.008685352010021,0.9821665563485269,1
features_1:1635,features_1.npy,1635,1,validation,1,5.382731036522742,0.9954257648087501,1
features_1:1636,features_1.npy,1636,1,train,1,5.727734850215484,0.9967561163405434,1
features_1:1637,features_1.npy,1637,1,validation,1,3.8579139031530842,0.9793245056549393,1
features_1:1638,features_1.npy,1638,1,train,1,5.254908186664748,0.9948053001141801,1
features_1:1639,features_1.npy,1639,1,train,1,5.914493181187124,0.9973072426428677,1
features_1:1640,features_1.npy,1640,1,train,1,4.767277962034301,0.991568204214822,1
features_1:1641,features_1.npy,1641,1,train,1,3.606370872112382,0.9735674491984571,1
features_1:1642,features_1.npy,1642,1,train,1,6.108721605099069,0.9977815411333724,1
features_1:1643,features_1.npy,1643,1,train,1,5.403497472274866,0.9955193546241812,1
features_1:1644,features_1.npy,1644,1,train,1,4.349035208364975,0.9872455077670923,1
features_1:1645,features_1.npy,1645,1,train,1,6.245172617297169,0.998063959815777,1
features_1:1646,features_1.npy,1646,1,validation,1,5.520021778861673,0.9960102213980939,1
features_1:1647,features_1.npy,1647,1,train,1,4.166846391225714,0.9847355478754684,1
features_1:1648,features_1.npy,1648,1,train,1,5.577893889013714,0.9962337191641688,1
features_1:1649,features_1.npy,1649,1,train,1,6.204101223162597,0.99798295217225,1
features_1:1650,features_1.npy,1650,1,train,1,3.80426329111266,0.9782097883211494,1
features_1:1651,features_1.npy,1651,1,train,1,3.349919908280829,0.9661022130368887,1
features_1:1652,features_1.npy,1652,1,train,1,6.077880379978376,0.9977122141042021,1
features_1:1653,features_1.npy,1653,1,train,1,4.816510899984932,0.99197002041601,1
features_1:1654,features_1.npy,1654,1,train,1,5.465575521404283,0.9957879107962,1
features_1:1655,features_1.npy,1655,1,validation,1,2.8319255634850173,0.9443768370252155,1
features_1:1656,features_1.npy,1656,1,validation,1,2.056564418729268,0.8866092381028128,1
features_1:1657,features_1.npy,1657,1,train,1,5.368693713952504,0.9953614019541009,1
features_1:1658,features_1.npy,1658,1,train,1,5.646751962284313,0.9964834493911341,1
features_1:1659,features_1.npy,1659,1,train,1,3.6329498647341385,0.9742428880919989,1
features_1:1660,features_1.npy,1660,1,test,1,5.647591670247761,0.9964863906563584,1
features_1:1661,features_1.npy,1661,1,test,1,2.7215353003458085,0.9382854964129601,1
features_1:1662,features_1.npy,1662,1,train,1,5.764810643594622,0.9968738145563696,1
features_1:1663,features_1.npy,1663,1,train,1,3.4666981048048107,0.9697252309940583,1
features_1:1664,features_1.npy,1664,1,train,1,5.5646316616566915,0.9961836290976385,1
features_1:1665,features_1.npy,1665,1,validation,1,4.149721693054824,0.9844759906259554,1
features_1:1666,features_1.npy,1666,1,train,1,2.5175228768437794,0.9253611453192625,1
features_1:1667,features_1.npy,1667,1,validation,1,3.9512392174975868,0.9811319921477869,1
features_1:1668,features_1.npy,1668,1,train,1,5.564141434634241,0.9961817648960816,1
features_1:1669,features_1.npy,1669,1,train,1,6.5679625924946805,0.9985973139357627,1
features_1:1670,features_1.npy,1670,1,train,1,5.533688383409435,0.99606416407005,1
features_1:1671,features_1.npy,1671,1,validation,1,6.220462723640728,0.9980156206316222,1
features_1:1672,features_1.npy,1672,1,train,1,6.242841968854771,0.9980594510908529,1
features_1:1673,features_1.npy,1673,1,train,1,5.922718646305882,0.9973292420676918,1
features_1:1674,features_1.npy,1674,1,train,1,5.431531486670976,0.9956426810322794,1
features_1:1675,features_1.npy,1675,1,train,1,4.891641504557674,0.9925468799668871,1
features_1:1676,features_1.npy,1676,1,validation,1,3.6747667909678468,0.9752716765795755,1
features_1:1677,features_1.npy,1677,1,validation,1,4.5852335123847645,0.9899016496180406,1
features_1:1678,features_1.npy,1678,1,test,1,0.1453877285620072,0.536283043298721,0
features_1:1679,features_1.npy,1679,1,test,1,6.162104478876526,0.9978966207760858,1
features_1:1680,features_1.npy,1680,1,test,1,2.0911353807639927,0.8900385944517832,1
features_1:1681,features_1.npy,1681,1,validation,1,3.856767004576358,0.9793012704609045,1
features_1:1682,features_1.npy,1682,1,test,1,5.889428108910139,0.9972390842010235,1
features_1:1683,features_1.npy,1683,1,train,1,4.37539027649076,0.9875731397005969,1
features_1:1684,features_1.npy,1684,1,train,1,4.297528134570041,0.986580395194253,1
features_1:1685,features_1.npy,1685,1,train,1,5.522524192866727,0.9960201533087861,1
features_1:1686,features_1.npy,1686,1,test,1,5.2788798826729355,0.994927721070008,1
features_1:1687,features_1.npy,1687,1,train,1,5.675544611185348,0.9965829153991745,1
features_1:1688,features_1.npy,1688,1,train,1,5.1927846844043986,0.9944741921001852,1
features_1:1689,features_1.npy,1689,1,validation,1,5.917863281286051,0.9973162779168558,1
features_1:1690,features_1.npy,1690,1,train,1,5.8997743070079895,0.9972674242680594,1
features_1:1691,features_1.npy,1691,1,train,1,6.634519559495442,0.9986875148878289,1
features_1:1692,features_1.npy,1692,1,test,1,4.048845376330275,0.9828565226045972,1
features_1:1693,features_1.npy,1693,1,test,1,4.468086529145851,0.988660810965388,1
features_1:1694,features_1.npy,1694,1,train,1,5.912851167940083,0.9973028294029651,1
features_1:1695,features_1.npy,1695,1,test,1,2.191024570218024,0.8994406138720756,1
features_1:1696,features_1.npy,1696,1,train,1,4.997199512214867,0.9932885055303284,1
features_1:1697,features_1.npy,1697,1,train,1,4.694493310989647,0.990937382054977,1
features_1:1698,features_1.npy,1698,1,test,1,6.291707330260336,0.998151826110483,1
features_1:1699,features_1.npy,1699,1,test,1,5.9288566467218065,0.9973455415917373,1
features_1:1700,features_1.npy,1700,1,train,1,2.426113211027004,0.9187970147460179,1
features_1:1701,features_1.npy,1701,1,validation,1,6.3392402125663,0.9982374687604922,1
features_1:1702,features_1.npy,1702,1,train,1,5.3564879610991785,0.9953047048977848,1
features_1:1703,features_1.npy,1703,1,train,1,5.535623069789839,0.9960717414337947,1
features_1:1704,features_1.npy,1704,1,train,1,3.9614994156801986,0.981320994330326,1
features_1:1705,features_1.npy,1705,1,validation,1,5.991854353177009,0.9975072038867502,1
features_1:1706,features_1.npy,1706,1,validation,1,5.310017985920582,0.9950824638328999,1
features_1:1707,features_1.npy,1707,1,train,1,6.396784796177003,0.9983358658428463,1
features_1:1708,features_1.npy,1708,1,test,1,6.34541338782731,0.9982482966598327,1
features_1:1709,features_1.npy,1709,1,test,1,5.984907295189805,0.9974898696156547,1
features_1:1710,features_1.npy,1710,1,test,1,0.8472776955223658,0.699995765361306,1
features_1:1711,features_1.npy,1711,1,train,1,5.437954866172982,0.9956704592567963,1
features_1:1712,features_1.npy,1712,1,test,1,4.946023058574995,0.9929385829016525,1
features_1:1713,features_1.npy,1713,1,validation,1,5.3373122047051265,0.9952142353138699,1
features_1:1714,features_1.npy,1714,1,train,1,6.344488283182724,0.9982466782437236,1
features_1:1715,features_1.npy,1715,1,train,1,3.805725410103575,0.9782409321885531,1
features_1:1716,features_1.npy,1716,1,train,1,5.606867641007747,0.9963408831875564,1
features_1:1717,features_1.npy,1717,1,train,1,4.472069103755305,0.9887053712844174,1
features_1:1718,features_1.npy,1718,1,train,1,5.7621047558574165,0.9968653705465598,1
features_1:1719,features_1.npy,1719,1,train,1,5.840207244001539,0.9971001934847692,1
features_1:1720,features_1.npy,1720,1,train,1,4.1127349001124855,0.9839004737314722,1
features_1:1721,features_1.npy,1721,1,train,1,6.213058619802814,0.9980009030344859,1
features_1:1722,features_1.npy,1722,1,train,1,3.504335631050621,0.970810879634737,1
features_1:1723,features_1.npy,1723,1,train,1,3.885359109086563,0.9798729671611359,1
features_1:1724,features_1.npy,1724,1,train,1,4.9250600119449635,0.9927900701619912,1
features_1:1725,features_1.npy,1725,1,validation,1,6.186403967882847,0.9979470121640746,1
features_1:1726,features_1.npy,1726,1,train,1,5.829554791648008,0.9970692293364318,1
features_1:1727,features_1.npy,1727,1,train,1,6.1146037845203685,0.9977945235066221,1
features_1:1728,features_1.npy,1728,1,train,1,4.775221763882531,0.9916343612777777,1
features_1:1729,features_1.npy,1729,1,train,1,5.697577930359451,0.9966571328009726,1
features_1:1730,features_1.npy,1730,1,train,1,6.070040147434038,0.9976942483527058,1
features_1:1731,features_1.npy,1731,1,train,1,6.170663802186494,0.9979145100634685,1
features_1:1732,features_1.npy,1732,1,train,1,4.206258159360686,0.9853167844996293,1
features_1:1733,features_1.npy,1733,1,train,1,6.157779974026863,0.9978875242628849,1
features_1:1734,features_1.npy,1734,1,train,1,5.562807423076649,0.9961766874146762,1
features_1:1735,features_1.npy,1735,1,test,1,1.5220296760620615,0.82083716628431,1
features_1:1736,features_1.npy,1736,1,train,1,5.338652208906488,0.9952206133344716,1
features_1:1737,features_1.npy,1737,1,validation,1,6.217636148340838,0.9980100148769243,1
features_1:1738,features_1.npy,1738,1,train,1,5.381784896297195,0.99542145471752,1
features_1:1739,features_1.npy,1739,1,train,1,5.900465057599251,0.9972693059921238,1
features_1:1740,features_1.npy,1740,1,train,1,5.378214445628779,0.9954051532771484,1
features_1:1741,features_1.npy,1741,1,train,1,6.138588956695862,0.9978466803364785,1
features_1:1742,features_1.npy,1742,1,validation,1,6.134020514467128,0.997836841843485,1
features_1:1743,features_1.npy,1743,1,train,1,4.462318187725787,0.9885959617140277,1
features_1:1744,features_1.npy,1744,1,train,1,5.1745463116218975,0.994373057991434,1
features_1:1745,features_1.npy,1745,1,train,1,6.393756445763945,0.9983308270476491,1
features_1:1746,features_1.npy,1746,1,validation,1,2.143987277920064,0.8951055725442618,1
features_1:1747,features_1.npy,1747,1,train,1,5.967960537848133,0.9974470780779947,1
features_1:1748,features_1.npy,1748,1,test,1,3.490474859430174,0.9704155317140294,1
features_1:1749,features_1.npy,1749,1,train,1,6.431145312800458,0.9983919847465565,1
features_1:1750,features_1.npy,1750,1,train,1,6.132002092986648,0.9978324807425534,1
features_1:1751,features_1.npy,1751,1,train,1,5.132707928218556,0.994134051856312,1
features_1:1752,features_1.npy,1752,1,train,1,5.311003742897969,0.9950872851374168,1
features_1:1753,features_1.npy,1753,1,train,1,5.054383211967815,0.9936591613438286,1
features_1:1754,features_1.npy,1754,1,train,1,4.279359810016297,0.9863377166277032,1
features_1:1755,features_1.npy,1755,1,train,1,5.764288478304238,0.9968721868517081,1
features_1:1756,features_1.npy,1756,1,train,1,5.0544068135601155,0.9936593100470537,1
features_1:1757,features_1.npy,1757,1,train,1,6.046201877227494,0.997638754193629,1
features_1:1758,features_1.npy,1758,1,train,1,5.860968127472458,0.9971596061671336,1
features_1:1759,features_1.npy,1759,1,train,1,5.731296048421565,0.9967676106334108,1
features_1:1760,features_1.npy,1760,1,train,1,5.439832787140185,0.9956785470599061,1
features_1:1761,features_1.npy,1761,1,train,1,5.082679754195806,0.9938349797435789,1
features_1:1762,features_1.npy,1762,1,train,1,6.070691837261629,0.9976957470367568,1
features_1:1763,features_1.npy,1763,1,validation,1,5.295973086776095,0.9950132570860184,1
features_1:1764,features_1.npy,1764,1,test,1,-2.3637662484462183,0.08597775977661587,0
features_1:1765,features_1.npy,1765,1,train,1,6.219637311436849,0.9980139852788021,1
features_1:1766,features_1.npy,1766,1,validation,1,2.658445514044988,0.9345296211122514,1
features_1:1767,features_1.npy,1767,1,train,1,4.917906021702481,0.9927386813329919,1
features_1:1768,features_1.npy,1768,1,test,1,2.298045706615066,0.9087150558696351,1
features_1:1769,features_1.npy,1769,1,train,1,3.1491521938973057,0.9588753028777495,1
features_1:1770,features_1.npy,1770,1,train,1,3.7688753765496044,0.9774425774972951,1
features_1:1771,features_1.npy,1771,1,train,1,4.736796360928284,0.9913095003409926,1
features_1:1772,features_1.npy,1772,1,train,1,2.44841656153477,0.9204455798852036,1
features_1:1773,features_1.npy,1773,1,train,1,4.721235538842747,0.991174414217799,1
features_1:1774,features_1.npy,1774,1,train,1,6.305887471796211,0.9981778011228626,1
features_1:1775,features_1.npy,1775,1,train,1,4.887353906419046,0.9925150950790851,1
features_1:1776,features_1.npy,1776,1,test,1,5.657721462896708,0.996521679951245,1
features_1:1777,features_1.npy,1777,1,validation,1,6.851211014236397,0.9989429450938981,1
features_1:1778,features_1.npy,1778,1,train,1,5.476156099881292,0.9958320574263377,1
features_1:1779,features_1.npy,1779,1,train,1,4.396788877558461,0.9878330311440159,1
features_1:1780,features_1.npy,1780,1,train,1,4.441984069343551,0.9883644227433985,1
features_1:1781,features_1.npy,1781,1,train,1,5.767986111350579,0.9968836950257121,1
features_1:1782,features_1.npy,1782,1,train,1,5.400440206237447,0.9955056967974056,1
features_1:1783,features_1.npy,1783,1,train,1,6.277646540858238,0.9981257048209315,1
features_1:1784,features_1.npy,1784,1,train,1,5.055681697442228,0.9936673373814428,1
features_1:1785,features_1.npy,1785,1,train,1,6.743942083020953,0.99882339179723,1
features_1:1786,features_1.npy,1786,1,train,1,5.6630522474578235,0.9965401088083772,1
features_1:1787,features_1.npy,1787,1,train,1,5.298490438806679,0.9950257323206431,1
features_1:1788,features_1.npy,1788,1,train,1,5.596279515294776,0.9963020781944879,1
features_1:1789,features_1.npy,1789,1,train,1,4.611755519491109,0.9901633577521498,1
features_1:1790,features_1.npy,1790,1,train,1,5.57876822164246,0.9962369983211491,1
features_1:1791,features_1.npy,1791,1,train,1,5.001317155673256,0.9933158999140451,1
features_1:1792,features_1.npy,1792,1,train,1,5.463890238126873,0.9957808362230484,1
features_1:1793,features_1.npy,1793,1,train,1,6.068411601092695,0.9976904989493172,1
features_1:1794,features_1.npy,1794,1,train,1,5.83903039459234,0.9970967887537521,1
features_1:1795,features_1.npy,1795,1,train,1,4.471216986305088,0.9886958516739405,1
features_1:1796,features_1.npy,1796,1,train,1,2.409268733180985,0.9175313655891085,1
features_1:1797,features_1.npy,1797,1,validation,1,6.394698426069221,0.9983323960145918,1
features_1:1798,features_1.npy,1798,1,validation,1,6.233825097580971,0.9980419087033232,1
features_1:1799,features_1.npy,1799,1,test,1,5.243040885081925,0.9947436117718325,1
features_1:1800,features_1.npy,1800,1,train,1,6.231517117580374,0.99803739312833,1
features_1:1801,features_1.npy,1801,1,validation,1,5.7493798573531265,0.996825355279484,1
features_1:1802,features_1.npy,1802,1,train,1,6.324245629666126,0.9982108888437187,1
features_1:1803,features_1.npy,1803,1,train,1,5.705736684130254,0.9966842054080399,1
features_1:1804,features_1.npy,1804,1,validation,1,5.301882107676669,0.9950424913144675,1
features_1:1805,features_1.npy,1805,1,train,1,5.598019187243585,0.9963084820452414,1
features_1:1806,features_1.npy,1806,1,validation,1,3.7372582738922664,0.9767348405338744,1
features_1:1807,features_1.npy,1807,1,validation,1,5.982160631508618,0.9974829830319909,1
features_1:1808,features_1.npy,1808,1,train,1,6.128239450572315,0.9978243275574343,1
features_1:1809,features_1.npy,1809,1,validation,1,4.819867535642496,0.9919967135888133,1
features_1:1810,features_1.npy,1810,1,train,1,5.875399324106432,0.9972001881563477,1
features_1:1811,features_1.npy,1811,1,train,1,5.825974969050768,0.9970587498096865,1
features_1:1812,features_1.npy,1812,1,train,1,5.501944014454952,0.9959377348936514,1
features_1:1813,features_1.npy,1813,1,train,1,3.2038731904872826,0.9609797723367723,1
features_1:1814,features_1.npy,1814,1,train,1,5.6684781617630975,0.996558766615357,1
features_1:1815,features_1.npy,1815,1,train,1,5.873732704959394,0.9971955311429338,1
features_1:1816,features_1.npy,1816,1,train,1,5.614976858454086,0.9963703285091381,1
features_1:1817,features_1.npy,1817,1,train,1,4.673084116847046,0.9907430822868235,1
features_1:1818,features_1.npy,1818,1,train,1,4.087334428535143,0.9834931370436922,1
features_1:1819,features_1.npy,1819,1,train,1,6.213425893016234,0.9980016356474809,1
features_1:1820,features_1.npy,1820,1,train,1,6.128005493940683,0.9978238195927237,1
features_1:1821,features_1.npy,1821,1,train,1,5.694486364064375,0.9966468168214877,1
features_1:1822,features_1.npy,1822,1,test,1,5.318509877214163,0.9951238434468952,1
features_1:1823,features_1.npy,1823,1,test,1,4.553455298847756,0.9895789865907758,1
features_1:1824,features_1.npy,1824,1,train,1,5.503427808988063,0.9959437335594972,1
features_1:1825,features_1.npy,1825,1,validation,1,3.6613669712403825,0.9749464489957226,1
features_1:1826,features_1.npy,1826,1,test,1,4.309857957536754,0.986742660561178,1
features_1:1827,features_1.npy,1827,1,test,1,5.735706545036383,0.9967817899037461,1
features_1:1828,features_1.npy,1828,1,train,1,5.370094745847435,0.9953678661451629,1
features_1:1829,features_1.npy,1829,1,test,1,5.401925910337348,0.9955123391015984,1
features_1:1830,features_1.npy,1830,1,train,1,4.013804847273517,0.9822560054211112,1
features_1:1831,features_1.npy,1831,1,train,1,6.529396749146273,0.9985422418991852,1
features_1:1832,features_1.npy,1832,1,train,1,3.347780556302336,0.9660320820781769,1
features_1:1833,features_1.npy,1833,1,train,1,5.401653917141495,0.9955111238022814,1
features_1:1834,features_1.npy,1834,1,train,1,5.67560201218735,0.9965831108674419,1
features_1:1835,features_1.npy,1835,1,train,1,5.085623026453851,0.9938529870239081,1
features_1:1836,features_1.npy,1836,1,test,1,5.115545843963027,0.994033117008687,1
features_1:1837,features_1.npy,1837,1,validation,1,5.99862792973721,0.9975239903080519,1
features_1:1838,features_1.npy,1838,1,validation,1,5.181155097877178,0.9944099154428703,1
features_1:1839,features_1.npy,1839,1,train,1,5.774015866771592,0.9969023710139452,1
features_1:1840,features_1.npy,1840,1,train,1,3.5495820992805682,0.972066080938913,1
features_1:1841,features_1.npy,1841,1,train,1,4.984957846944772,0.9932064023078988,1
features_1:1842,features_1.npy,1842,1,train,1,4.447824589415574,0.9884313986116159,1
features_1:1843,features_1.npy,1843,1,train,1,3.1964150672873353,0.9606991467447884,1
features_1:1844,features_1.npy,1844,1,validation,1,3.9276783649056504,0.9806908532087502,1
features_1:1845,features_1.npy,1845,1,test,1,5.340311893229726,0.9952285012112602,1
features_1:1846,features_1.npy,1846,1,train,1,6.214119513286845,0.9980030185058311,1
features_1:1847,features_1.npy,1847,1,validation,1,7.051471715411423,0.9991346162206269,1
features_1:1848,features_1.npy,1848,1,train,1,5.481343080371913,0.9958535310806309,1
features_1:1849,features_1.npy,1849,1,train,1,5.878666441855294,0.9972092950590961,1
features_1:1850,features_1.npy,1850,1,train,1,6.2761391846552295,0.9981228827673703,1
features_1:1851,features_1.npy,1851,1,validation,1,6.6058738934026895,0.99864942571479,1
features_1:1852,features_1.npy,1852,1,test,1,6.21974941596243,0.9980142074654667,1
features_1:1853,features_1.npy,1853,1,train,1,3.5886269813132725,0.973106972932636,1
features_1:1854,features_1.npy,1854,1,train,1,5.806189783677464,0.9970001534415174,1
features_1:1855,features_1.npy,1855,1,test,1,4.5652676528818645,0.9897000986889646,1
features_1:1856,features_1.npy,1856,1,train,1,4.697901435959301,0.9909679375223748,1
features_1:1857,features_1.npy,1857,1,train,1,6.648798782991649,0.9987060989082763,1
features_1:1858,features_1.npy,1858,1,test,1,6.553700183373946,0.9985771935761261,1
features_1:1859,features_1.npy,1859,1,train,1,6.144659115655924,0.9978596838464567,1
features_1:1860,features_1.npy,1860,1,train,1,3.605906030218724,0.9735554843834555,1
features_1:1861,features_1.npy,1861,1,train,1,6.077740368379916,0.9977118944981862,1
features_1:1862,features_1.npy,1862,1,train,1,5.746262447152694,0.9968154747329883,1
features_1:1863,features_1.npy,1863,1,test,1,0.4596852890971248,0.6129395153106418,0
features_1:1864,features_1.npy,1864,1,train,1,4.603976232994361,0.9900872987755263,1
features_1:1865,features_1.npy,1865,1,test,1,6.17900795018867,0.9979318034604818,1
features_1:1866,features_1.npy,1866,1,train,1,4.262246048338007,0.9861051681453339,1
features_1:1867,features_1.npy,1867,1,train,1,6.09314701767179,0.9977467975473026,1
features_1:1868,features_1.npy,1868,1,train,1,6.637326057735446,0.9986911883967362,1
features_1:1869,features_1.npy,1869,1,train,1,4.7265071783093715,0.9912204097086558,1
features_1:1870,features_1.npy,1870,1,test,1,0.31953420885558975,0.5792107310851049,0
features_1:1871,features_1.npy,1871,1,train,1,6.702150461282225,0.9987732390724336,1
features_1:1872,features_1.npy,1872,1,train,1,5.468785751226461,0.9958013542076692,1
features_1:1873,features_1.npy,1873,1,test,1,3.6895658652945316,0.9756260841674802,1
features_1:1874,features_1.npy,1874,1,train,1,5.17838996142783,0.9943945234714564,1
features_1:1875,features_1.npy,1875,1,test,1,5.14477919052098,0.9942040276479118,1
features_1:1876,features_1.npy,1876,1,train,1,3.850051884175065,0.9791647140058667,1
features_1:1877,features_1.npy,1877,1,train,1,6.004728476886136,0.9975390122809493,1
features_1:1878,features_1.npy,1878,1,train,1,5.722174412904373,0.9967380876881216,1
features_1:1879,features_1.npy,1879,1,train,1,3.8005435829569065,0.9781303600645814,1
features_1:1880,features_1.npy,1880,1,train,1,3.5177179957615006,0.9711877173372383,1
features_1:1881,features_1.npy,1881,1,validation,1,5.03174174392238,0.9935148995000798,1
features_1:1882,features_1.npy,1882,1,train,1,5.8978969686818425,0.9972623035380397,1
features_1:1883,features_1.npy,1883,1,validation,1,2.197080074098647,0.899986993956875,1
features_1:1884,features_1.npy,1884,1,train,1,5.539317168710096,0.9960861693489752,1
features_1:1885,features_1.npy,1885,1,train,1,6.0459640530231065,0.9976381938918989,1
features_1:1886,features_1.npy,1886,1,train,1,6.333160007221017,0.9982267386242168,1
features_1:1887,features_1.npy,1887,1,validation,1,6.369338632590826,0.9982896383824048,1
features_1:1888,features_1.npy,1888,1,train,1,3.947187433008768,0.9810568390846766,1
features_1:1889,features_1.npy,1889,1,train,1,4.684916899622403,0.9908509756458023,1
features_1:1890,features_1.npy,1890,1,validation,1,4.381206175597266,0.9876443129104958,1
features_1:1891,features_1.npy,1891,1,train,1,6.599010624792742,0.9986401371271686,1
features_1:1892,features_1.npy,1892,1,train,1,4.2328129465352085,0.9856960588554534,1
features_1:1893,features_1.npy,1893,1,train,1,5.045221517810796,0.993601175024313,1
features_1:1894,features_1.npy,1894,1,train,1,5.853284410592616,0.997137760030576,1
features_1:1895,features_1.npy,1895,1,validation,1,6.41584934048829,0.9983672399842365,1
features_1:1896,features_1.npy,1896,1,train,1,4.8718252703272,0.9923988479553825,1
features_1:1897,features_1.npy,1897,1,train,1,4.376711622736214,0.9875893453915269,1
features_1:1898,features_1.npy,1898,1,train,1,4.733276037385979,0.9912791203291906,1
features_1:1899,features_1.npy,1899,1,train,1,4.261350190435942,0.9860928879634698,1
features_1:1900,features_1.npy,1900,1,validation,1,4.898290229594052,0.9925959036588256,1
features_1:1901,features_1.npy,1901,1,train,1,5.954299700842628,0.9974120546021259,1
features_1:1902,features_1.npy,1902,1,train,1,6.9255262188871525,0.9990185781031371,1
features_1:1903,features_1.npy,1903,1,train,1,5.210985450745768,0.9945733154586861,1
features_1:1904,features_1.npy,1904,1,train,1,5.248513340274842,0.9947721485854821,1
features_1:1905,features_1.npy,1905,1,train,1,4.883309541394387,0.9924849900466094,1
features_1:1906,features_1.npy,1906,1,test,1,3.8115623135301493,0.97836482804269,1
features_1:1907,features_1.npy,1907,1,train,1,3.535465277433722,0.9716801930134826,1
features_1:1908,features_1.npy,1908,1,train,1,5.2555487401150724,0.9948086092628948,1
features_1:1909,features_1.npy,1909,1,test,1,4.480633155864126,0.9888006073952219,1
features_1:1910,features_1.npy,1910,1,train,1,5.960773953092356,0.9974287125494274,1
features_1:1911,features_1.npy,1911,1,train,1,5.524212911115671,0.9960268417964869,1
features_1:1912,features_1.npy,1912,1,train,1,6.535947202462054,0.9985517458845363,1
features_1:1913,features_1.npy,1913,1,test,1,2.7669414379970845,0.9408630381053844,1
features_1:1914,features_1.npy,1914,1,train,1,5.592885023503724,0.996289550955152,1
features_1:1915,features_1.npy,1915,1,train,1,5.767905725393357,0.9968834452892354,1
features_1:1916,features_1.npy,1916,1,validation,1,1.1787841512953692,0.764729120512052,1
features_1:1917,features_1.npy,1917,1,train,1,6.163239839529009,0.9978990025004004,1
features_1:1918,features_1.npy,1918,1,validation,1,0.3460108654079249,0.5856498910892257,0
features_1:1919,features_1.npy,1919,1,train,1,5.37800057992486,0.9954041750086402,1
features_1:1920,features_1.npy,1920,1,train,1,5.4379505662966166,0.9956704407208677,1
features_1:1921,features_1.npy,1921,1,train,1,5.137680816475945,0.9941629803023959,1
features_1:1922,features_1.npy,1922,1,train,1,5.878071684015286,0.9972076394078887,1
features_1:1923,features_1.npy,1923,1,train,1,4.680700684167249,0.9908126750972155,1
features_1:1924,features_1.npy,1924,1,validation,1,6.2978776667199154,0.9981631739722534,1
features_1:1925,features_1.npy,1925,1,test,1,0.12271091223007005,0.5306392905816083,0
features_1:1926,features_1.npy,1926,1,validation,1,5.902613223572037,0.9972751497132569,1
features_1:1927,features_1.npy,1927,1,validation,1,5.721399344334455,0.9967355667587492,1
features_1:1928,features_1.npy,1928,1,test,1,6.564940516076599,0.9985930744725133,1
features_1:1929,features_1.npy,1929,1,train,1,6.7286252190723355,0.9988052528196378,1
features_1:1930,features_1.npy,1930,1,train,1,3.4080749797449306,0.9679559474692516,1
features_1:1931,features_1.npy,1931,1,train,1,5.291662164146968,0.9949918211150757,1
features_1:1932,features_1.npy,1932,1,train,1,5.945272824160205,0.9973886490615628,1
features_1:1933,features_1.npy,1933,1,train,1,4.86071448493513,0.9923145749544194,1
features_1:1934,features_1.npy,1934,1,test,1,4.034042002405346,0.9826053008708836,1
features_1:1935,features_1.npy,1935,1,train,1,4.983239383405746,0.993194797237056,1
features_1:1936,features_1.npy,1936,1,train,1,4.230644068959309,0.9856654468814144,1
features_1:1937,features_1.npy,1937,1,train,1,4.008893768655689,0.9821702064851097,1
features_1:1938,features_1.npy,1938,1,train,1,2.361891214528459,0.9138747751520339,1
features_1:1939,features_1.npy,1939,1,validation,1,5.233077614331664,0.9946912586045686,1
features_1:1940,features_1.npy,1940,1,train,1,4.434237079295104,0.9882749929840766,1
features_1:1941,features_1.npy,1941,1,validation,1,4.219867494773824,0.985512384251092,1
features_1:1942,features_1.npy,1942,1,train,1,3.7470486953649504,0.9769562816813349,1
features_1:1943,features_1.npy,1943,1,train,1,6.1683737122223645,0.9979097386254726,1
features_1:1944,features_1.npy,1944,1,train,1,6.032228534009746,0.9976056076526642,1
features_1:1945,features_1.npy,1945,1,train,1,5.004022130415902,0.993333835441044,1
features_1:1946,features_1.npy,1946,1,train,1,5.482301800535332,0.9958574880191476,1
features_1:1947,features_1.npy,1947,1,validation,1,3.001896632539018,0.9526597368348262,1
features_1:1948,features_1.npy,1948,1,train,1,5.389881010739321,0.9954582058156493,1
features_1:1949,features_1.npy,1949,1,validation,1,4.856470199799903,0.9922821387836128,1
features_1:1950,features_1.npy,1950,1,train,1,5.6685799941771435,0.9965591158208934,1
features_1:1951,features_1.npy,1951,1,validation,1,3.165931036809636,0.959531879996919,1
features_1:1952,features_1.npy,1952,1,train,1,4.3273296368826095,0.9869692847490574,1
features_1:1953,features_1.npy,1953,1,train,1,4.701637495074483,0.9910013157968216,1
features_1:1954,features_1.npy,1954,1,validation,1,4.2622526636185665,0.9861052587860654,1
features_1:1955,features_1.npy,1955,1,train,1,5.010769984116149,0.9933783694645173,1
features_1:1956,features_1.npy,1956,1,test,1,5.461907226050222,0.9957724966743975,1
features_1:1957,features_1.npy,1957,1,train,1,6.139093060914152,0.9978477632247893,1
features_1:1958,features_1.npy,1958,1,train,1,5.661014224193293,0.9965330747507484,1
features_1:1959,features_1.npy,1959,1,train,1,6.590271043160169,0.9986282167841898,1
features_1:1960,features_1.npy,1960,1,validation,1,5.1588689274473225,0.9942846552922437,1
features_1:1961,features_1.npy,1961,1,test,1,2.223372631650215,0.9023288344050014,1
features_1:1962,features_1.npy,1962,1,train,1,5.8883095906122565,0.9972360028788428,1
features_1:1963,features_1.npy,1963,1,validation,1,5.393114899218652,0.9954728033614917,1
features_1:1964,features_1.npy,1964,1,train,1,4.526449582551468,0.9892967783675439,1
features_1:1965,features_1.npy,1965,1,test,1,3.950989041958161,0.9811273603391721,1
features_1:1966,features_1.npy,1966,1,train,1,4.61352603333977,0.9901805873922956,1
features_1:1967,features_1.npy,1967,1,train,1,3.8172289174735625,0.9784844489886054,1
features_1:1968,features_1.npy,1968,1,test,1,5.25129177890151,0.9947865780684562,1
features_1:1969,features_1.npy,1969,1,test,1,3.8163597642093707,0.9784661434130136,1
features_1:1970,features_1.npy,1970,1,train,1,5.7006235540473185,0.9966672645489572,1
features_1:1971,features_1.npy,1971,1,train,1,6.08061396123043,0.9977184451639028,1
features_1:1972,features_1.npy,1972,1,train,1,5.81772520378429,0.9970344570769152,1
features_1:1973,features_1.npy,1973,1,train,1,5.782268401521208,0.996927750899762,1
features_1:1974,features_1.npy,1974,1,test,1,4.5718050581235605,0.9897665268800858,1
features_1:1975,features_1.npy,1975,1,train,1,5.275709239152262,0.9949116951209185,1
features_1:1976,features_1.npy,1976,1,test,1,5.740225438375336,0.9967962533566199,1
features_1:1977,features_1.npy,1977,1,test,1,4.554299747233241,0.9895876912944712,1
features_1:1978,features_1.npy,1978,1,train,1,3.837577771238118,0.9789087005091901,1
features_1:1979,features_1.npy,1979,1,train,1,5.427889758605146,0.9956268534529615,1
features_1:1980,features_1.npy,1980,1,validation,1,5.987334541533911,0.9974959396941849,1
features_1:1981,features_1.npy,1981,1,train,1,5.999932581656052,0.9975272105498156,1
features_1:1982,features_1.npy,1982,1,test,1,0.17226654862793112,0.5429604493204603,0
features_1:1983,features_1.npy,1983,1,train,1,5.816188513530687,0.9970299099982369,1
features_1:1984,features_1.npy,1984,1,train,1,2.5666376768067005,0.9286833279430614,1
features_1:1985,features_1.npy,1985,1,test,1,3.1433874620501037,0.9586473772769354,1
features_1:1986,features_1.npy,1986,1,test,1,1.6944856325608326,0.8448131537618329,1
features_1:1987,features_1.npy,1987,1,validation,1,6.115614253456923,0.9977967460389242,1
features_1:1988,features_1.npy,1988,1,train,1,5.6712975252744835,0.9965684217925999,1
features_1:1989,features_1.npy,1989,1,test,1,3.0392938727117476,0.9543180553963219,1
features_1:1990,features_1.npy,1990,1,test,1,2.2835804509969213,0.9075080187819183,1
features_1:1991,features_1.npy,1991,1,train,1,5.660976367730848,0.9965329439577828,1
features_1:1992,features_1.npy,1992,1,train,1,5.455395875244662,0.9957449976127698,1
features_1:1993,features_1.npy,1993,1,validation,1,1.5025916435027311,0.8179606925395001,1
features_1:1994,features_1.npy,1994,1,validation,1,5.661508277512504,0.9965347812397064,1
features_1:1995,features_1.npy,1995,1,validation,1,5.034714854268561,0.9935340273009525,1
features_1:1996,features_1.npy,1996,1,train,1,4.935492230730944,0.9928643608343234,1
features_1:1997,features_1.npy,1997,1,train,1,3.125946146168992,0.9579504007233468,1
features_1:1998,features_1.npy,1998,1,train,1,6.099227264891872,0.9977604254206136,1
features_1:1999,features_1.npy,1999,1,test,1,3.0122628667516222,0.9531250576899308,1
features_1:2000,features_1.npy,2000,1,test,1,6.094528347420854,0.9977499008158254,1
features_1:2001,features_1.npy,2001,1,train,1,3.851772668242995,0.9791997910948764,1
features_1:2002,features_1.npy,2002,1,train,1,4.153665157795611,0.9845361436536431,1
features_1:2003,features_1.npy,2003,1,validation,1,2.3235175348713244,0.9108061125832206,1
features_1:2004,features_1.npy,2004,1,train,1,5.29992195360921,0.9950328126194334,1
features_1:2005,features_1.npy,2005,1,train,1,6.8004087133207305,0.9988879180769565,1
features_1:2006,features_1.npy,2006,1,test,1,2.0491842217161165,0.885865162907487,1
features_1:2007,features_1.npy,2007,1,train,1,2.3511597173834096,0.9130263639381202,1
features_1:2008,features_1.npy,2008,1,validation,1,5.884520100389554,0.9972255379830935,1
features_1:2009,features_1.npy,2009,1,test,1,5.304895078921656,0.9950573319493559,1
features_1:2010,features_1.npy,2010,1,train,1,6.390487584260823,0.9983253709770021,1
features_1:2011,features_1.npy,2011,1,train,1,4.6552566791037355,0.9905781441807879,1
features_1:2012,features_1.npy,2012,1,train,1,5.44565810574346,0.9957035398754777,1
features_1:2013,features_1.npy,2013,1,test,1,2.5790337398198107,0.9294999765715731,1
features_1:2014,features_1.npy,2014,1,test,1,5.765201433059399,0.9968750321810612,1
features_1:2015,features_1.npy,2015,1,train,1,5.2283560069546935,0.9946662675537278,1
features_1:2016,features_1.npy,2016,1,test,1,3.263854020605049,0.9631677588279812,1
features_1:2017,features_1.npy,2017,1,test,1,2.967407722526635,0.9510798070231482,1
features_1:2018,features_1.npy,2018,1,test,1,2.7529748087221617,0.9400811361524914,1
features_1:2019,features_1.npy,2019,1,train,1,5.078014172942067,0.9938063277044993,1
features_1:2020,features_1.npy,2020,1,validation,1,4.589811193749994,0.9899473073592497,1
features_1:2021,features_1.npy,2021,1,train,1,3.805625079041713,0.9782387964781465,1
features_1:2022,features_1.npy,2022,1,train,1,6.122712798633042,0.997812296463249,1
features_1:2023,features_1.npy,2023,1,train,1,4.442992627468971,0.9883760156430758,1
features_1:2024,features_1.npy,2024,1,train,1,5.2577927285545485,0.9948201853486942,1
features_1:2025,features_1.npy,2025,1,validation,1,2.07629270091939,0.8885775112305966,1
features_1:2026,features_1.npy,2026,1,validation,1,2.4797881924070224,0.9227126943736397,1
features_1:2027,features_1.npy,2027,1,train,1,4.856731596857054,0.9922841403820275,1
features_1:2028,features_1.npy,2028,1,train,1,4.136798727140379,0.9842772472102643,1
features_1:2029,features_1.npy,2029,1,train,1,4.742424372403073,0.9913578516947061,1
features_1:2030,features_1.npy,2030,1,train,1,6.107669920119127,0.9977792119703102,1
features_1:2031,features_1.npy,2031,1,train,1,5.733537844848345,0.9967748255313831,1
features_1:2032,features_1.npy,2032,1,test,1,4.859937555571087,0.99230864754505,1
features_1:2033,features_1.npy,2033,1,test,1,0.15683449196582047,0.5391284521183819,0
features_1:2034,features_1.npy,2034,1,train,1,3.9786283177056507,0.9816323938772077,1
features_1:2035,features_1.npy,2035,1,test,1,4.865278607418243,0.992349304495296,1
features_1:2036,features_1.npy,2036,1,train,1,5.437094423287018,0.9956667484807974,1
features_1:2037,features_1.npy,2037,1,validation,1,3.5990945783204307,0.9733795553736895,1
features_1:2038,features_1.npy,2038,1,train,1,5.5906379820102865,0.9962812350879637,1
features_1:2039,features_1.npy,2039,1,train,1,5.9054520777439405,0.9972828532077787,1
features_1:2040,features_1.npy,2040,1,test,1,6.137816713895068,0.9978450203934981,1
features_1:2041,features_1.npy,2041,1,validation,1,5.991810020613599,0.997507093647761,1
features_1:2042,features_1.npy,2042,1,train,1,4.471232503487301,0.9886960250983107,1
features_1:2043,features_1.npy,2043,1,test,1,6.476058168450853,0.99846249891517,1
features_1:2044,features_1.npy,2044,1,train,1,5.135008351867799,0.9941474516284031,1
features_1:2045,features_1.npy,2045,1,train,1,4.821980671299824,0.9920134728367999,1
features_1:2046,features_1.npy,2046,1,validation,1,2.8958684206910554,0.9476418198965068,1
features_1:2047,features_1.npy,2047,1,train,1,5.60168744582726,0.9963219489663738,1
features_1:2048,features_1.npy,2048,1,train,1,6.47620592479498,0.9984627257247216,1
features_1:2049,features_1.npy,2049,1,train,1,6.292825906736901,0.9981538884641449,1
features_1:2050,features_1.npy,2050,1,train,1,4.918587817771746,0.9927435944718807,1
features_1:2051,features_1.npy,2051,1,test,1,1.8849464146300323,0.8681782494420961,1
features_1:2052,features_1.npy,2052,1,train,1,2.746187542186642,0.9396976750679048,1
features_1:2053,features_1.npy,2053,1,train,1,6.315123349405944,0.9981945230037172,1
features_1:2054,features_1.npy,2054,1,test,1,4.4340420799412845,0.9882727332078215,1
features_1:2055,features_1.npy,2055,1,train,1,5.339822393281298,0.9952261761438095,1
features_1:2056,features_1.npy,2056,1,validation,1,5.758363587456932,0.9968536583726586,1
features_1:2057,features_1.npy,2057,1,test,1,5.791013971663746,0.9969544208474703,1
features_1:2058,features_1.npy,2058,1,validation,1,5.930545770628877,0.9973500096444993,1
features_1:2059,features_1.npy,2059,1,train,1,3.8019593327635195,0.9781606243852777,1
features_1:2060,features_1.npy,2060,1,train,1,5.572502304058344,0.9962134351996839,1
features_1:2061,features_1.npy,2061,1,test,1,5.354134922660968,0.9952936957367577,1
features_1:2062,features_1.npy,2062,1,train,1,3.231213940808831,0.9619921634406072,1
features_1:2063,features_1.npy,2063,1,train,1,5.577446868121089,0.9962320415267645,1
features_1:2064,features_1.npy,2064,1,train,1,4.133205804937137,0.9842215479156334,1
features_1:2065,features_1.npy,2065,1,train,1,3.9122370800533037,0.980396271676494,1
features_1:2066,features_1.npy,2066,1,train,1,5.63137361629038,0.9964291472983365,1
features_1:2067,features_1.npy,2067,1,train,1,5.602377877418101,0.9963244782019909,1
features_1:2068,features_1.npy,2068,1,test,1,5.687943238894627,0.9966248788823213,1
features_1:2069,features_1.npy,2069,1,train,1,4.871168562854359,0.9923938925627491,1
features_1:2070,features_1.npy,2070,1,test,1,6.040262828049995,0.997624722321758,1
features_1:2071,features_1.npy,2071,1,validation,1,5.793037691047815,0.9969605592984095,1
features_1:2072,features_1.npy,2072,1,train,1,2.675240064619064,0.9355497107201889,1
features_1:2073,features_1.npy,2073,1,train,1,4.914829609110308,0.9927164710797592,1
features_1:2074,features_1.npy,2074,1,train,1,5.764824935212735,0.9968738590946293,1
features_1:2075,features_1.npy,2075,1,train,1,5.60246190972483,0.9963247859165008,1
features_1:2076,features_1.npy,2076,1,train,1,5.801884072269646,0.9969872481187388,1
features_1:2077,features_1.npy,2077,1,train,1,6.214888525116228,0.9980045505546493,1
features_1:2078,features_1.npy,2078,1,train,1,5.4959210341985285,0.995913294411925,1
features_1:2079,features_1.npy,2079,1,train,1,5.843278878316576,0.9971090612537132,1
features_1:2080,features_1.npy,2080,1,train,1,3.232939031423742,0.96205518809945,1
features_1:2081,features_1.npy,2081,1,validation,1,3.6405746779467085,0.9744335324422391,1
features_1:2082,features_1.npy,2082,1,train,1,6.473768683212726,0.9984589802271998,1
features_1:2083,features_1.npy,2083,1,train,1,6.159096548401393,0.9978902978005522,1
features_1:2084,features_1.npy,2084,1,train,1,5.112711759454721,0.9940162837043379,1
features_1:2085,features_1.npy,2085,1,train,1,5.18026324388606,0.9944049555865556,1
features_1:2086,features_1.npy,2086,1,train,1,4.33192915640053,0.9870283064795038,1
features_1:2087,features_1.npy,2087,1,train,1,6.080553622589667,0.9977183078079526,1
features_1:2088,features_1.npy,2088,1,train,1,5.544077879824614,0.9961046852766858,1
features_1:2089,features_1.npy,2089,1,train,1,6.6167957313574,0.9986640766094161,1
features_1:2090,features_1.npy,2090,1,train,1,5.301361486873236,0.9950399224655442,1
features_1:2091,features_1.npy,2091,1,train,1,6.105318666633186,0.9977739958282634,1
features_1:2092,features_1.npy,2092,1,train,1,3.879404677919721,0.9797551980924835,1
features_1:2093,features_1.npy,2093,1,train,1,4.37091180456465,0.9875180577680727,1
features_1:2094,features_1.npy,2094,1,train,1,4.934582445421223,0.992857912367436,1
features_1:2095,features_1.npy,2095,1,train,1,6.191914744898884,0.9979582715705081,1
features_1:2096,features_1.npy,2096,1,test,1,-1.3894887468438435,0.19948938804582314,0
features_1:2097,features_1.npy,2097,1,train,1,4.339463317132703,0.9871244164534426,1
features_1:2098,features_1.npy,2098,1,validation,1,6.241227388803836,0.9980563214833535,1
features_1:2099,features_1.npy,2099,1,test,1,5.085133306030261,0.9938499944868873,1
features_1:2100,features_1.npy,2100,1,train,1,3.982934331838504,0.9817098715314194,1
features_1:2101,features_1.npy,2101,1,train,1,6.138186746156125,0.9978458159405041,1
features_1:2102,features_1.npy,2102,1,train,1,5.348833714539703,0.9952687987438176,1
features_1:2103,features_1.npy,2103,1,train,1,4.823860836074057,0.9920283551267617,1
features_1:2104,features_1.npy,2104,1,train,1,5.723761386467155,0.9967432433059036,1
features_1:2105,features_1.npy,2105,1,train,1,5.486096375807785,0.995873112558835,1
features_1:2106,features_1.npy,2106,1,train,1,4.012356170354129,0.9822307385728455,1
features_1:2107,features_1.npy,2107,1,train,1,5.888430992956387,0.9972363374868982,1
features_1:2108,features_1.npy,2108,1,train,1,6.49143618393556,0.9984859262377869,1
features_1:2109,features_1.npy,2109,1,train,1,6.7528133264601395,0.9988337714934834,1
features_1:2110,features_1.npy,2110,1,train,1,6.152704707323583,0.9978767984536125,1
features_1:2111,features_1.npy,2111,1,train,1,4.2140217063388645,0.985428682368392,1
features_1:2112,features_1.npy,2112,1,train,1,5.406490015723381,0.9955326832967509,1
features_1:2113,features_1.npy,2113,1,test,1,6.212769422221505,0.9980003259731198,1
features_1:2114,features_1.npy,2114,1,train,1,2.6689043347737096,0.9351666328740089,1
features_1:2115,features_1.npy,2115,1,train,1,4.269471268001859,0.9862038194967909,1
features_1:2116,features_1.npy,2116,1,validation,1,5.190749996469989,0.9944629996769668,1
features_1:2117,features_1.npy,2117,1,train,1,4.175302360211351,0.9848621337207522,1
features_1:2118,features_1.npy,2118,1,validation,1,2.596803319192881,0.9306555631402368,1
features_1:2119,features_1.npy,2119,1,validation,1,6.239762165932578,0.9980534770213061,1
features_1:2120,features_1.npy,2120,1,validation,1,5.697971325469469,0.9966584432164366,1
features_1:2121,features_1.npy,2121,1,train,1,3.1282180159594697,0.958041819736367,1
features_1:2122,features_1.npy,2122,1,test,1,1.1537450127871214,0.7601942938758514,1
features_1:2123,features_1.npy,2123,1,train,1,5.575733372690974,0.9962256040023139,1
features_1:2124,features_1.npy,2124,1,train,1,4.6483822275505755,0.9905137674898693,1
features_1:2125,features_1.npy,2125,1,train,1,6.076010444427112,0.99770794190435,1
features_1:2126,features_1.npy,2126,1,test,1,6.398388711065379,0.9983385284018844,1
features_1:2127,features_1.npy,2127,1,train,1,5.877696849881495,0.9972065954639627,1
features_1:2128,features_1.npy,2128,1,test,1,5.640663474206047,0.9964620495837504,1
features_1:2129,features_1.npy,2129,1,validation,1,5.919002113146391,0.9973193242971106,1
features_1:2130,features_1.npy,2130,1,train,1,5.630540210502361,0.9964261807285968,1
features_1:2131,features_1.npy,2131,1,train,1,6.124476308735242,0.9978161426827135,1
features_1:2132,features_1.npy,2132,1,test,1,5.125762818165402,0.9940934118720255,1
features_1:2133,features_1.npy,2133,1,train,1,6.1908482010299775,0.99795609726907,1
features_1:2134,features_1.npy,2134,1,test,1,5.369835028745151,0.995366668519369,1
features_1:2135,features_1.npy,2135,1,train,1,6.445185427367473,0.9984143681659976,1
features_1:2136,features_1.npy,2136,1,train,1,5.359027633142871,0.9953165585012452,1
features_1:2137,features_1.npy,2137,1,train,1,5.019963911060998,0.9934385716288979,1
features_1:2138,features_1.npy,2138,1,train,1,4.595286525593045,0.9900016499522817,1
features_1:2139,features_1.npy,2139,1,test,1,3.5357397984446197,0.9716877462484396,1
features_1:2140,features_1.npy,2140,1,test,1,5.8021056613818365,0.9969879136271682,1
features_1:2141,features_1.npy,2141,1,train,1,6.338427765330631,0.9982360387419587,1
features_1:2142,features_1.npy,2142,1,train,1,6.227195099956618,0.9980289091056247,1
features_1:2143,features_1.npy,2143,1,train,1,6.292416120324204,0.9981531331951581,1
features_1:2144,features_1.npy,2144,1,train,1,4.706504571567431,0.9910446154029262,1
features_1:2145,features_1.npy,2145,1,train,1,4.654286720399246,0.9905690871652988,1
features_1:2146,features_1.npy,2146,1,test,1,4.6046019472221476,0.9900934379272092,1
features_1:2147,features_1.npy,2147,1,test,1,5.02332386317134,0.9934604367887181,1
features_1:2148,features_1.npy,2148,1,train,1,4.60545146697412,0.9901017669072971,1
features_1:2149,features_1.npy,2149,1,train,1,5.0652335274502365,0.9937271602994914,1
features_1:2150,features_1.npy,2150,1,train,1,5.4276534265908,0.9956258243376015,1
features_1:2151,features_1.npy,2151,1,validation,1,5.977180826587118,0.9974704493026737,1
features_1:2152,features_1.npy,2152,1,train,1,5.833964244200989,0.9970820863551049,1
features_1:2153,features_1.npy,2153,1,validation,1,0.33250957673859804,0.5823698699383536,0
features_1:2154,features_1.npy,2154,1,train,1,5.76644153996947,0.9968788929856394,1
features_1:2155,features_1.npy,2155,1,validation,1,5.095631784739621,0.9939138315487416,1
features_1:2156,features_1.npy,2156,1,train,1,4.556867137431263,0.9896141121825798,1
features_1:2157,features_1.npy,2157,1,train,1,5.115842421809389,0.9940348758370124,1
features_1:2158,features_1.npy,2158,1,train,1,5.0637739911663155,0.9937180557336853,1
features_1:2159,features_1.npy,2159,1,train,1,5.173215067602302,0.9943656044046818,1
features_1:2160,features_1.npy,2160,1,train,1,5.668382741333958,0.9965584393658623,1
features_1:2161,features_1.npy,2161,1,train,1,4.898631725435893,0.9925984129837755,1
features_1:2162,features_1.npy,2162,1,train,1,5.142472779081986,0.994190722070638,1
features_1:2163,features_1.npy,2163,1,test,1,4.790577371472299,0.9917607891658533,1
features_1:2164,features_1.npy,2164,1,train,1,4.447041624064639,0.9884224421590976,1
features_1:2165,features_1.npy,2165,1,validation,1,5.863085812954696,0.9971655978323456,1
features_1:2166,features_1.npy,2166,1,train,1,3.613759836641746,0.9737569319638324,1
features_1:2167,features_1.npy,2167,1,train,1,5.633951920312793,0.9964383094341864,1
features_1:2168,features_1.npy,2168,1,train,1,3.779430013767952,0.9776741233521035,1
features_1:2169,features_1.npy,2169,1,validation,1,5.945623308305746,0.9973895617495445,1
features_1:2170,features_1.npy,2170,1,validation,1,5.681772896595139,0.9966040597879788,1
features_1:2171,features_1.npy,2171,1,train,1,6.355605049305469,0.9982660279618933,1
features_1:2172,features_1.npy,2172,1,train,1,4.2817509847147885,0.9863699017581538,1
features_1:2173,features_1.npy,2173,1,train,1,4.910797850526548,0.9926872615479024,1
features_1:2174,features_1.npy,2174,1,test,1,4.774793657165858,0.9916308091046553,1
features_1:2175,features_1.npy,2175,1,validation,1,5.01462537613536,0.9934036812240071,1
features_1:2176,features_1.npy,2176,1,train,1,5.558475061359739,0.9961601512502928,1
features_1:2177,features_1.npy,2177,1,train,1,5.438274956034098,0.9956718388799302,1
features_1:2178,features_1.npy,2178,1,train,1,5.736562568386595,0.9967845347335813,1
features_1:2179,features_1.npy,2179,1,train,1,6.065841137035981,0.997684568586785,1
features_1:2180,features_1.npy,2180,1,train,1,6.242095085640213,0.9980580040017676,1
features_1:2181,features_1.npy,2181,1,train,1,6.1877673762727206,0.9979498035829355,1
features_1:2182,features_1.npy,2182,1,train,1,1.9604401133914078,0.8765805749054176,1
features_1:2183,features_1.npy,2183,1,train,1,3.5544593731273504,0.9721982120762368,1
features_1:2184,features_1.npy,2184,1,train,1,3.9214251636004227,0.9805720840741219,1
features_1:2185,features_1.npy,2185,1,validation,1,1.9753393537680464,0.878183457030333,1
features_1:2186,features_1.npy,2186,1,train,1,6.6326198207350435,0.9986850224209578,1
features_1:2187,features_1.npy,2187,1,train,1,5.525708205264112,0.9960327548451612,1
features_1:2188,features_1.npy,2188,1,train,1,6.567212330253078,0.9985962626363145,1
features_1:2189,features_1.npy,2189,1,train,1,5.732688713143902,0.9967720946141342,1
features_1:2190,features_1.npy,2190,1,train,1,4.725071345422137,0.9912079055427389,1
features_1:2191,features_1.npy,2191,1,train,1,6.190640792083194,0.9979556741681195,1
features_1:2192,features_1.npy,2192,1,train,1,5.3271307311745595,0.9951654970514068,1
features_1:2193,features_1.npy,2193,1,train,1,5.727479547757817,0.9967552907508653,1
features_1:2194,features_1.npy,2194,1,train,1,3.1477483264843533,0.9588199078569378,1
features_1:2195,features_1.npy,2195,1,train,1,4.0653913559512445,0.9831330994139887,1
features_1:2196,features_1.npy,2196,1,train,1,4.252929878115952,0.9859769403958657,1
features_1:2197,features_1.npy,2197,1,validation,1,6.384030933970296,0.9983145417845075,1
features_1:2198,features_1.npy,2198,1,train,1,4.808421113312364,0.9919053240941036,1
features_1:2199,features_1.npy,2199,1,train,1,5.577954739484413,0.9962339474740802,1
features_1:2200,features_1.npy,2200,1,train,1,4.257224562430405,0.9860361967106621,1
features_1:2201,features_1.npy,2201,1,train,1,5.257595779145305,0.994819170372595,1
features_1:2202,features_1.npy,2202,1,validation,1,3.0174052870063637,0.9533542744904374,1
features_1:2203,features_1.npy,2203,1,train,1,6.787314555490564,0.9988732770611288,1
features_1:2204,features_1.npy,2204,1,test,1,3.436051484560006,0.9688124324200958,1
features_1:2205,features_1.npy,2205,1,train,1,4.928741431196629,0.9928163738160334,1
features_1:2206,features_1.npy,2206,1,train,1,4.868772320063913,0.9923757837543296,1
features_1:2207,features_1.npy,2207,1,train,1,5.6925374713078,0.9966402974319851,1
features_1:2208,features_1.npy,2208,1,validation,1,5.96741716088912,0.9974456940463833,1
features_1:2209,features_1.npy,2209,1,train,1,2.3894340745605263,0.9160180422794901,1
features_1:2210,features_1.npy,2210,1,train,1,5.764062361374552,0.996871481733135,1
features_1:2211,features_1.npy,2211,1,train,1,5.742543410500139,0.9968036472425726,1
features_1:2212,features_1.npy,2212,1,validation,1,3.0936670285277956,0.9566307590170395,1
features_1:2213,features_1.npy,2213,1,train,1,4.8151279087420304,0.991958996701961,1
features_1:2214,features_1.npy,2214,1,test,1,4.27379986555794,0.9862625899492095,1
features_1:2215,features_1.npy,2215,1,train,1,4.304253782308078,0.9866691487487221,1
features_1:2216,features_1.npy,2216,1,validation,1,5.298624098601593,0.9950263938292816,1
features_1:2217,features_1.npy,2217,1,test,1,4.6803529341428085,0.990809509016916,1
features_1:2218,features_1.npy,2218,1,train,1,5.760143776287752,0.9968592368963232,1
features_1:2219,features_1.npy,2219,1,test,1,5.935462324001622,0.9973629722144666,1
features_1:2220,features_1.npy,2220,1,train,1,3.6245041705945518,0.974030103516301,1
features_1:2221,features_1.npy,2221,1,train,1,3.881625028565426,0.9797991917550959,1
features_1:2222,features_1.npy,2222,1,train,1,4.37862695087752,0.9876127989500847,1
features_1:2223,features_1.npy,2223,1,train,1,6.026001282007822,0.9975906866820506,1
features_1:2224,features_1.npy,2224,1,train,1,5.159088978641352,0.99428590563666,1
features_1:2225,features_1.npy,2225,1,train,1,6.018043692192044,0.9975714846154633,1
features_1:2226,features_1.npy,2226,1,train,1,3.5046934749638954,0.9708210181908608,1
features_1:2227,features_1.npy,2227,1,train,1,4.935483600244856,0.9928642996894702,1
features_1:2228,features_1.npy,2228,1,train,1,5.272753284861699,0.9948967089435268,1
features_1:2229,features_1.npy,2229,1,validation,1,6.171199863745217,0.9979156253852587,1
features_1:2230,features_1.npy,2230,1,train,1,2.465190906762949,0.9216652593110848,1
features_1:2231,features_1.npy,2231,1,train,1,4.875829852645731,0.9924289965308456,1
features_1:2232,features_1.npy,2232,1,validation,1,6.288036738820831,0.9981450423604856,1
features_1:2233,features_1.npy,2233,1,train,1,4.885419691340232,0.9925007123282479,1
features_1:2234,features_1.npy,2234,1,train,1,5.605592648133907,0.9963362319679425,1
features_1:2235,features_1.npy,2235,1,validation,1,5.911348872848273,0.9972987853650831,1
features_1:2236,features_1.npy,2236,1,train,1,4.192081846468024,0.9851102696462009,1
features_1:2237,features_1.npy,2237,1,train,1,2.979540019284283,0.9516412072635252,1
features_1:2238,features_1.npy,2238,1,train,1,4.69136921511333,0.9909092830793409,1
features_1:2239,features_1.npy,2239,1,train,1,4.8107440995895265,0.9919239544072762,1
features_1:2240,features_1.npy,2240,1,test,1,1.7235467315070545,0.8485851138999448,1
features_1:2241,features_1.npy,2241,1,test,1,4.397995575330294,0.9878475258302587,1
features_1:2242,features_1.npy,2242,1,test,1,1.7919391269309688,0.8571648546337604,1
features_1:2243,features_1.npy,2243,1,train,1,4.434882894756528,0.9882824740316022,1
features_1:2244,features_1.npy,2244,1,train,1,5.156075730815472,0.9942687605163478,1
features_1:2245,features_1.npy,2245,1,train,1,6.392720246252195,0.9983290994465189,1
features_1:2246,features_1.npy,2246,1,test,1,5.2390888690933854,0.9947229071788115,1
features_1:2247,features_1.npy,2247,1,test,1,5.129690343673043,0.9941164284302004,1
features_1:2248,features_1.npy,2248,1,validation,1,1.9729340492070575,0.8779259099554779,1
features_1:2249,features_1.npy,2249,1,train,1,4.4075084067313455,0.9879611970045185,1
features_1:2250,features_1.npy,2250,1,validation,1,5.1819891324812914,0.9944145497927798,1
features_1:2251,features_1.npy,2251,1,train,1,6.254443738068537,0.9980817918584839,1
features_1:2252,features_1.npy,2252,1,test,1,5.970548946230042,0.9974536607332993,1
features_1:2253,features_1.npy,2253,1,test,1,0.4973619009653915,0.6218391681454584,0
features_1:2254,features_1.npy,2254,1,train,1,3.9124200206198005,0.9803997873794879,1
features_1:2255,features_1.npy,2255,1,test,1,4.810082180554715,0.9919186501640536,1
features_1:2256,features_1.npy,2256,1,train,1,6.271039106794487,0.998113302977446,1
features_1:2257,features_1.npy,2257,1,test,1,2.645635780393659,0.9337414941590242,1
features_1:2258,features_1.npy,2258,1,train,1,3.9407916101657965,0.980937610651681,1
features_1:2259,features_1.npy,2259,1,train,1,6.0425137941057905,0.9976300503210249,1
features_1:2260,features_1.npy,2260,1,train,1,4.156960040904012,0.9845862273410868,1
features_1:2261,features_1.npy,2261,1,train,1,6.210424130087025,0.997995640060671,1
features_1:2262,features_1.npy,2262,1,test,1,6.382931964533873,0.9983126916263406,1
features_1:2263,features_1.npy,2263,1,validation,1,3.7993222997194946,0.978104219895825,1
features_1:2264,features_1.npy,2264,1,test,1,3.6822081071556396,0.9754505042870295,1
features_1:2265,features_1.npy,2265,1,test,1,5.381435442897596,0.9954198617791603,1
features_1:2266,features_1.npy,2266,1,test,1,3.3995424601605277,0.9676902329921628,1
features_1:2267,features_1.npy,2267,1,train,1,6.040051538376191,0.9976242215895501,1
features_1:2268,features_1.npy,2268,1,validation,1,4.740149792512174,0.9913383425232083,1
features_1:2269,features_1.npy,2269,1,test,1,5.33728169838294,0.9952140900142983,1
features_1:2270,features_1.npy,2270,1,train,1,5.529463068511112,0.9960475646091578,1
features_1:2271,features_1.npy,2271,1,train,1,4.61084325767695,0.9901544684547747,1
features_1:2272,features_1.npy,2272,1,test,1,4.266747759823851,0.986166714753769,1
features_1:2273,features_1.npy,2273,1,train,1,4.35411397747533,0.9873093006894121,1
features_1:2274,features_1.npy,2274,1,train,1,4.538088852560161,0.9894193233871322,1
features_1:2275,features_1.npy,2275,1,validation,1,5.553824500444742,0.9961423212604934,1
features_1:2276,features_1.npy,2276,1,validation,1,-0.4367088958599435,0.3925254522863431,0
features_1:2277,features_1.npy,2277,1,validation,1,0.6974447819410947,0.6676210041666168,1
features_1:2278,features_1.npy,2278,1,train,1,5.2112388433599115,0.9945746829069555,1
features_1:2279,features_1.npy,2279,1,train,1,3.0342574835220892,0.954097990412606,1
features_1:2280,features_1.npy,2280,1,train,1,6.290459746288059,0.998149523188856,1
features_1:2281,features_1.npy,2281,1,train,1,6.667744121575135,0.9987303507243268,1
features_1:2282,features_1.npy,2282,1,train,1,5.330145736114901,0.9951799809992825,1
features_1:2283,features_1.npy,2283,1,train,1,5.531084614832703,0.9960539432027338,1
features_1:2284,features_1.npy,2284,1,train,1,5.109453352445348,0.9939968717576728,1
features_1:2285,features_1.npy,2285,1,train,1,4.1783013191805685,0.9849067793822781,1
features_1:2286,features_1.npy,2286,1,train,1,2.505908117997835,0.9245549645158291,1
features_1:2287,features_1.npy,2287,1,train,1,3.923800292668693,0.9806172797953743,1
features_1:2288,features_1.npy,2288,1,train,1,5.138592145202524,0.9941682663155311,1
features_1:2289,features_1.npy,2289,1,train,1,4.687374386302898,0.9908732266964932,1
features_1:2290,features_1.npy,2290,1,validation,1,1.0816024565806983,0.7467971135685716,1
features_1:2291,features_1.npy,2291,1,train,1,5.4556672461090345,0.995746147228598,1
features_1:2292,features_1.npy,2292,1,validation,1,5.417538789552688,0.9955815531083871,1
features_1:2293,features_1.npy,2293,1,train,1,5.005335168818297,0.9933425243929761,1
features_1:2294,features_1.npy,2294,1,validation,1,2.586186113707825,0.9299672326117903,1
features_1:2295,features_1.npy,2295,1,train,1,5.341405457435222,0.9952336914427857,1
features_1:2296,features_1.npy,2296,1,train,1,4.005652799698738,0.982113362206109,1
features_1:2297,features_1.npy,2297,1,train,1,3.5148232839017077,0.9711066065444585,1
features_1:2298,features_1.npy,2298,1,train,1,6.500131460987876,0.998499014780999,1
features_1:2299,features_1.npy,2299,1,train,1,3.5102868407429746,0.9709790480653581,1
features_1:2300,features_1.npy,2300,1,train,1,3.955120433216147,0.9812037072278481,1
features_1:2301,features_1.npy,2301,1,test,1,5.3757720925103225,0.9953939690765783,1
features_1:2302,features_1.npy,2302,1,test,1,5.709245622151085,0.9966957815595664,1
features_1:2303,features_1.npy,2303,1,train,1,5.013729805183609,0.9933978101261713,1
features_1:2304,features_1.npy,2304,1,train,1,4.447809102888603,0.9884312215254202,1
features_1:2305,features_1.npy,2305,1,train,1,3.406098112785206,0.9678945737736554,1
features_1:2306,features_1.npy,2306,1,train,1,5.563711963932782,0.9961801309890387,1
features_1:2307,features_1.npy,2307,1,test,1,6.238413770140009,0.9980508556868972,1
features_1:2308,features_1.npy,2308,1,validation,1,2.671576297547097,0.9353284457373007,1
features_1:2309,features_1.npy,2309,1,train,1,6.053948124694515,0.997656931637013,1
features_1:2310,features_1.npy,2310,1,test,1,5.036165475033523,0.9935433396578625,1
features_1:2311,features_1.npy,2311,1,validation,1,5.064338168811626,0.9937215766213485,1
features_1:2312,features_1.npy,2312,1,train,1,5.3439701827713995,0.9952458420108853,1
features_1:2313,features_1.npy,2313,1,validation,1,1.6293049818859318,0.8360744060165615,1
features_1:2314,features_1.npy,2314,1,test,1,2.6126725829481083,0.9316727257236787,1
features_1:2315,features_1.npy,2315,1,train,1,4.02289378904996,0.9824137255034598,1
features_1:2316,features_1.npy,2316,1,train,1,3.0466171932372523,0.954636256206856,1
features_1:2317,features_1.npy,2317,1,train,1,5.014963732732281,0.9934058980394934,1
features_1:2318,features_1.npy,2318,1,train,1,6.262404780461356,0.9980969732238887,1
features_1:2319,features_1.npy,2319,1,test,1,4.48230630247349,0.9888191206191557,1
features_1:2320,features_1.npy,2320,1,train,1,6.007849049162763,0.9975466611894239,1
features_1:2321,features_1.npy,2321,1,train,1,5.6124034660937365,0.9963610099454725,1
features_1:2322,features_1.npy,2322,1,validation,1,5.42493258964558,0.9956139589844394,1
features_1:2323,features_1.npy,2323,1,train,1,6.584219865818547,0.9986199022056116,1
features_1:2324,features_1.npy,2324,1,train,1,5.71225155327362,0.9967056662286954,1
features_1:2325,features_1.npy,2325,1,train,1,5.415495368476103,0.9955725551449817,1
features_1:2326,features_1.npy,2326,1,train,1,4.289090120959947,0.9864682200526508,1
features_1:2327,features_1.npy,2327,1,validation,1,2.3413447282094855,0.912243797151582,1
features_1:2328,features_1.npy,2328,1,train,1,3.666517256624651,0.9750719419530582,1
features_1:2329,features_1.npy,2329,1,train,1,4.091847820207172,0.9835662495185042,1
features_1:2330,features_1.npy,2330,1,train,1,5.781751138058464,0.9969261662125595,1
features_1:2331,features_1.npy,2331,1,train,1,5.889674321399167,0.9972397620131956,1
features_1:2332,features_1.npy,2332,1,train,1,4.519435727117306,0.9892222555722113,1
features_1:2333,features_1.npy,2333,1,validation,1,6.055003286766647,0.9976593968663324,1
features_1:2334,features_1.npy,2334,1,train,1,5.865529858744323,0.9971724972191193,1
features_1:2335,features_1.npy,2335,1,test,1,6.103445486952445,0.9977698315225974,1
features_1:2336,features_1.npy,2336,1,train,1,4.899368883637493,0.9926038267741334,1
features_1:2337,features_1.npy,2337,1,train,1,3.625326017480626,0.9740508844151274,1
features_1:2338,features_1.npy,2338,1,train,1,6.569050516374631,0.9985988369846005,1
features_1:2339,features_1.npy,2339,1,test,1,2.538482401982878,0.9267959314521081,1
features_1:2340,features_1.npy,2340,1,train,1,6.1614724289164124,0.9978952937140729,1
features_1:2341,features_1.npy,2341,1,train,1,4.465128669880066,0.9886276035799124,1
features_1:2342,features_1.npy,2342,1,train,1,6.496882352331452,0.9984941373414435,1
features_1:2343,features_1.npy,2343,1,train,1,3.288143424766748,0.9640198131145866,1
features_1:2344,features_1.npy,2344,1,train,1,6.089822028906896,0.9977393101704392,1
features_1:2345,features_1.npy,2345,1,train,1,4.343931244750824,0.9871810795149939,1
features_1:2346,features_1.npy,2346,1,train,1,2.380216143002772,0.9153061913448564,1
features_1:2347,features_1.npy,2347,1,train,1,4.83714266452079,0.9921327056559389,1
features_1:2348,features_1.npy,2348,1,train,1,4.241677083849397,0.9858205007555709,1
features_1:2349,features_1.npy,2349,1,train,1,5.661481472331697,0.9965346886745287,1
features_1:2350,features_1.npy,2350,1,test,1,6.784090430277798,0.9988696426157332,1
features_1:2351,features_1.npy,2351,1,test,1,4.910302318462972,0.9926836634723017,1
features_1:2352,features_1.npy,2352,1,validation,1,5.9238097955838045,0.9973321469035424,1
features_1:2353,features_1.npy,2353,1,validation,1,4.983128105207193,0.9931940450784533,1
features_1:2354,features_1.npy,2354,1,train,1,5.5277378436509546,0.9960407669046412,1
features_1:2355,features_1.npy,2355,1,train,1,6.106645905701048,0.9977769417446737,1
features_1:2356,features_1.npy,2356,1,train,1,4.776420094833567,0.991644296363345,1
features_1:2357,features_1.npy,2357,1,test,1,3.8664176024576364,0.9794959887101965,1
features_1:2358,features_1.npy,2358,1,test,1,5.29933861811975,0.9950299286426344,1
features_1:2359,features_1.npy,2359,1,train,1,3.0307268548643087,0.9539431183392272,1
features_1:2360,features_1.npy,2360,1,validation,1,5.918434570654515,0.997317806549772,1
features_1:2361,features_1.npy,2361,1,validation,1,6.204433683456479,0.9979836212971687,1
features_1:2362,features_1.npy,2362,1,validation,1,3.2528030216402124,0.9627737047665296,1
features_1:2363,features_1.npy,2363,1,train,1,5.827125388914583,0.997062121601651,1
features_1:2364,features_1.npy,2364,1,validation,1,2.5309235700471016,0.9262814434097248,1
features_1:2365,features_1.npy,2365,1,validation,1,4.278508938972441,0.9863262458622317,1
features_1:2366,features_1.npy,2366,1,train,1,3.018170097117924,0.9533882737307835,1
features_1:2367,features_1.npy,2367,1,train,1,5.782978939205681,0.9969299263737408,1
features_1:2368,features_1.npy,2368,1,train,1,6.582308889375427,0.998617265999908,1
features_1:2369,features_1.npy,2369,1,test,1,5.556508578659795,0.9961526219049559,1
features_1:2370,features_1.npy,2370,1,validation,1,5.741111433542265,0.9967990815217866,1
features_1:2371,features_1.npy,2371,1,train,1,5.155893122692293,0.9942677198496855,1
features_1:2372,features_1.npy,2372,1,train,1,5.507028688889274,0.9959582544937828,1
features_1:2373,features_1.npy,2373,1,test,1,4.778030714198686,0.9916576312094527,1
features_1:2374,features_1.npy,2374,1,train,1,5.027973201952769,0.9934905734048102,1
features_1:2375,features_1.npy,2375,1,validation,1,5.927481852033795,0.9973418994536959,1
features_1:2376,features_1.npy,2376,1,test,1,5.2043890352291795,0.9945375966498691,1
features_1:2377,features_1.npy,2377,1,train,1,6.455896628489567,0.9984312350499853,1
features_1:2378,features_1.npy,2378,1,validation,1,1.8741146024291917,0.8669336537886774,1
features_1:2379,features_1.npy,2379,1,train,1,4.958183160543858,0.993023335042791,1
features_1:2380,features_1.npy,2380,1,test,1,6.367800141342436,0.9982870094918033,1
features_1:2381,features_1.npy,2381,1,train,1,5.119137533365943,0.9940543825649386,1
features_1:2382,features_1.npy,2382,1,validation,1,6.534311341088008,0.9985493782422601,1
