sample_id,source_file,source_index,split,y_true,raw_score,probability,y_pred
features_0:0,features_0.npy,0,train,1,5.684720516204834,0.9966140211461364,1
features_0:2,features_0.npy,2,train,1,6.401648044586182,0.9983439259228976,1
features_0:3,features_0.npy,3,train,1,4.2023539543151855,0.9852601927930348,1
features_0:5,features_0.npy,5,train,0,-8.042492866516113,0.0003214031443806348,0
features_0:6,features_0.npy,6,train,0,-5.143612384796143,0.005802699807517325,0
features_0:7,features_0.npy,7,train,0,-2.4430553913116455,0.07994788051085859,0
features_0:9,features_0.npy,9,train,1,6.105645656585693,0.9977747219707972,1
features_0:10,features_0.npy,10,train,1,4.718679428100586,0.9911520260450302,1
features_0:11,features_0.npy,11,train,1,2.1039376258850098,0.891285306513543,1
features_0:12,features_0.npy,12,train,0,-9.463939666748047,7.759424747450293e-05,0
features_0:15,features_0.npy,15,train,1,9.020931243896484,0.999879161074103,1
features_0:18,features_0.npy,18,train,1,8.476188659667969,0.9997916720441871,1
features_0:23,features_0.npy,23,train,1,6.8125481605529785,0.9989013217831616,1
features_0:24,features_0.npy,24,train,1,2.5670807361602783,0.9287126664590014,1
features_0:25,features_0.npy,25,train,0,-9.502096176147461,7.4689512660228e-05,0
features_0:27,features_0.npy,27,train,0,-4.4751105308532715,0.01126071535012938,0
features_0:28,features_0.npy,28,train,1,8.224818229675293,0.9997321507176223,1
features_0:29,features_0.npy,29,train,1,9.604205131530762,0.9999325600222224,1
features_0:30,features_0.npy,30,train,1,1.4595626592636108,0.8114657755472154,1
features_0:31,features_0.npy,31,train,1,4.580526828765869,0.9898544911982958,1
features_0:32,features_0.npy,32,train,1,8.874296188354492,0.9998600794950832,1
features_0:33,features_0.npy,33,train,1,3.9554972648620605,0.9812106558708366,1
features_0:36,features_0.npy,36,train,0,-6.411885738372803,0.0016392338396879523,0
features_0:38,features_0.npy,38,train,0,-5.684814929962158,0.0033856602682554664,0
features_0:39,features_0.npy,39,train,1,7.536538600921631,0.9994670440054293,1
features_0:41,features_0.npy,41,train,1,0.2342727780342102,0.5583017864566915,0
features_0:42,features_0.npy,42,train,1,2.23886775970459,0.903685955788792,1
features_0:43,features_0.npy,43,train,0,-8.666837692260742,0.00017217315365609736,0
features_0:44,features_0.npy,44,train,1,6.088314056396484,0.9977359062648958,1
features_0:45,features_0.npy,45,train,1,9.511120796203613,0.9999259814497776,1
features_0:47,features_0.npy,47,train,0,-9.357931137084961,8.6270969084996e-05,0
features_0:48,features_0.npy,48,train,0,-5.937504768371582,0.002631661459139216,0
features_0:49,features_0.npy,49,train,0,-2.3251068592071533,0.08906485762065927,0
features_0:51,features_0.npy,51,train,1,6.699742794036865,0.9987702855182936,1
features_0:52,features_0.npy,52,train,1,5.058768272399902,0.9936867302744198,1
features_0:54,features_0.npy,54,train,0,-5.184261798858643,0.005572841416442374,0
features_0:55,features_0.npy,55,train,0,-0.34963563084602356,0.413470782441111,0
features_0:56,features_0.npy,56,train,0,-9.890080451965332,5.067230112521621e-05,0
features_0:57,features_0.npy,57,train,0,-10.250192642211914,3.534944053215322e-05,0
features_0:58,features_0.npy,58,train,0,-3.7155280113220215,0.023764104829537662,0
features_0:59,features_0.npy,59,train,0,-9.015331268310547,0.00012151743675045741,0
features_0:60,features_0.npy,60,train,1,8.79238224029541,0.9998481373576572,1
features_0:61,features_0.npy,61,train,1,7.507437229156494,0.9994513150071966,1
features_0:62,features_0.npy,62,train,0,-4.828197956085205,0.007937419594148372,0
features_0:63,features_0.npy,63,train,1,7.576730251312256,0.9994880288865338,1
features_0:65,features_0.npy,65,train,0,-8.086282730102539,0.0003076368853015579,0
features_0:66,features_0.npy,66,train,0,-7.645529747009277,0.0004779483863503899,0
features_0:67,features_0.npy,67,train,1,3.9820127487182617,0.9816933166056998,1
features_0:68,features_0.npy,68,train,0,-3.114197254180908,0.04252541606845726,0
features_0:69,features_0.npy,69,train,1,8.456711769104004,0.9997875755614456,1
features_0:70,features_0.npy,70,train,0,-5.517866134643555,0.003998353996493877,0
features_0:71,features_0.npy,71,train,0,-10.97744369506836,1.7082418562085514e-05,0
features_0:72,features_0.npy,72,train,0,-3.0662076473236084,0.04452287813458649,0
features_0:73,features_0.npy,73,train,1,6.846984386444092,0.9989384726138262,1
features_0:74,features_0.npy,74,train,0,-4.759292125701904,0.008498825747300738,0
features_0:75,features_0.npy,75,train,1,3.6179518699645996,0.9738638442470917,1
features_0:76,features_0.npy,76,train,1,6.537850379943848,0.998554495567538,1
features_0:77,features_0.npy,77,train,0,-2.439761161804199,0.08019052711340817,0
features_0:78,features_0.npy,78,train,1,3.2352373600006104,0.9621389995505365,1
features_0:79,features_0.npy,79,train,1,9.09553337097168,0.9998878468859299,1
features_0:80,features_0.npy,80,train,0,-7.018822193145752,0.0008940787746539205,0
features_0:81,features_0.npy,81,train,1,1.5642873048782349,0.826967692805621,1
features_0:82,features_0.npy,82,train,1,6.266854763031006,0.9981054068369983,1
features_0:83,features_0.npy,83,train,0,-5.608458042144775,0.003653323217576917,0
features_0:84,features_0.npy,84,train,1,7.568366527557373,0.9994837311647997,1
features_0:85,features_0.npy,85,train,1,6.895178318023682,0.9989883680520024,1
features_0:86,features_0.npy,86,train,0,-8.401311874389648,0.0002245220984171371,0
features_0:88,features_0.npy,88,train,1,9.478754997253418,0.9999235467758681,1
features_0:89,features_0.npy,89,train,0,-5.29234504699707,0.005004777163409653,0
features_0:90,features_0.npy,90,train,0,-7.633800029754639,0.0004835848672499643,0
features_0:92,features_0.npy,92,train,0,-8.239398956298828,0.00026397320284398236,0
features_0:94,features_0.npy,94,train,0,-7.633981227874756,0.00048349729288178674,0
features_0:96,features_0.npy,96,train,1,6.98749303817749,0.9990774933474148,1
features_0:97,features_0.npy,97,train,1,3.606445789337158,0.9735693770402621,1
features_0:99,features_0.npy,99,train,1,2.9521055221557617,0.9503629070055082,1
features_0:100,features_0.npy,100,train,0,-0.8615418672561646,0.29701730609018323,0
features_0:101,features_0.npy,101,train,0,-9.786144256591797,5.6222108975698174e-05,0
features_0:102,features_0.npy,102,train,0,-9.785453796386719,5.626093932445344e-05,0
features_0:104,features_0.npy,104,train,0,-1.6963478326797485,0.15494286129644005,0
features_0:105,features_0.npy,105,train,1,6.176277160644531,0.9979261596611447,1
features_0:106,features_0.npy,106,train,0,-9.412803649902344,8.166497764375346e-05,0
features_0:107,features_0.npy,107,train,0,-3.6983137130737305,0.024166756765186988,0
features_0:108,features_0.npy,108,train,1,8.19993782043457,0.9997254047749058,1
features_0:109,features_0.npy,109,train,1,8.48143196105957,0.9997927612859684,1
features_0:110,features_0.npy,110,train,1,9.272014617919922,0.9999059899279917,1
features_0:111,features_0.npy,111,train,0,-9.546871185302734,7.141928642194321e-05,0
features_0:113,features_0.npy,113,train,1,5.652950286865234,0.9965051027592817,1
features_0:114,features_0.npy,114,train,1,8.874783515930176,0.9998601476560578,1
features_0:115,features_0.npy,115,train,0,-4.122615337371826,0.01594376286186812,0
features_0:117,features_0.npy,117,train,1,4.3558783531188965,0.9873313886937646,1
features_0:118,features_0.npy,118,train,0,-4.325185298919678,0.013058322218094096,0
features_0:120,features_0.npy,120,train,1,6.0839524269104,0.9977260320645005,1
features_0:123,features_0.npy,123,train,1,8.943349838256836,0.9998694142465617,1
features_0:124,features_0.npy,124,train,1,1.984901785850525,0.8792027261317898,1
features_0:125,features_0.npy,125,train,0,-10.265352249145508,3.481761687037976e-05,0
features_0:126,features_0.npy,126,train,1,7.314605712890625,0.9993346991643298,1
features_0:128,features_0.npy,128,train,1,5.86578893661499,0.9971732275971692,1
features_0:129,features_0.npy,129,train,1,5.966477394104004,0.9974432986063265,1
features_0:131,features_0.npy,131,train,1,9.173009872436523,0.9998962071706113,1
features_0:132,features_0.npy,132,train,1,8.024507522583008,0.9996727659226285,1
features_0:133,features_0.npy,133,train,0,-2.3444149494171143,0.08751072701747004,0
features_0:135,features_0.npy,135,train,0,-8.517173767089844,0.0001999638913478995,0
features_0:136,features_0.npy,136,train,0,-5.183801651000977,0.005575392037116722,0
features_0:137,features_0.npy,137,train,1,7.828277111053467,0.9996018474532744,1
features_0:138,features_0.npy,138,train,1,8.024568557739258,0.999672785888267,1
features_0:139,features_0.npy,139,train,0,-3.9171180725097656,0.01951013810606901,0
features_0:140,features_0.npy,140,train,1,8.515035629272461,0.9997996081866565,1
features_0:141,features_0.npy,141,train,1,3.611724853515625,0.9737048790877151,1
features_0:142,features_0.npy,142,train,0,-9.551446914672852,7.109326079976344e-05,0
features_0:144,features_0.npy,144,train,1,5.379239559173584,0.995409839493642,1
features_0:145,features_0.npy,145,train,0,-2.7641167640686035,0.05929432199018553,0
features_0:147,features_0.npy,147,train,1,5.372528076171875,0.9953790719328729,1
features_0:148,features_0.npy,148,train,1,6.778334617614746,0.9988631251483701,1
features_0:155,features_0.npy,155,train,1,8.683101654052734,0.9998306039450616,1
features_0:156,features_0.npy,156,train,1,6.1940178871154785,0.9979625523637342,1
features_0:158,features_0.npy,158,train,1,7.211912631988525,0.9992627990951536,1
features_0:162,features_0.npy,162,train,1,2.9322099685668945,0.949415915023986,1
features_0:163,features_0.npy,163,train,1,8.39852523803711,0.9997748515086489,1
features_0:164,features_0.npy,164,train,1,7.134369850158691,0.9992034070684572,1
features_0:165,features_0.npy,165,train,1,9.622699737548828,0.9999337957530653,1
features_0:167,features_0.npy,167,train,1,5.597171306610107,0.9963053623203615,1
features_0:168,features_0.npy,168,train,1,8.88894271850586,0.9998621136295305,1
features_0:169,features_0.npy,169,train,0,-10.685749053955078,2.2868001883045215e-05,0
features_0:170,features_0.npy,170,train,1,7.7504496574401855,0.9995696363950483,1
features_0:171,features_0.npy,171,train,1,3.8677353858947754,0.9795224378251527,1
features_0:172,features_0.npy,172,train,1,7.8207221031188965,0.9995988292273605,1
features_0:173,features_0.npy,173,train,1,2.9622395038604736,0.9508387839178573,1
features_0:174,features_0.npy,174,train,1,6.945428848266602,0.999037899277951,1
features_0:175,features_0.npy,175,train,1,7.37074613571167,0.9993709975059137,1
features_0:176,features_0.npy,176,train,0,-7.457983493804932,0.0005764856295266523,0
features_0:177,features_0.npy,177,train,1,5.530131816864014,0.9960501964736297,1
features_0:178,features_0.npy,178,train,0,-5.191262722015381,0.0055341777964930255,0
features_0:179,features_0.npy,179,train,1,6.520224094390869,0.9985288286356234,1
features_0:181,features_0.npy,181,train,1,8.005951881408691,0.9996666392422364,1
features_0:182,features_0.npy,182,train,0,-7.913838863372803,0.00036551455962622334,0
features_0:183,features_0.npy,183,train,1,0.7438783645629883,0.6778433649464887,1
features_0:184,features_0.npy,184,train,0,-8.607843399047852,0.00018263406538310422,0
features_0:185,features_0.npy,185,train,0,-10.658441543579102,2.35010596835231e-05,0
features_0:188,features_0.npy,188,train,0,-8.322927474975586,0.00024282480802397923,0
features_0:191,features_0.npy,191,train,1,5.536225318908691,0.996074097226734,1
features_0:192,features_0.npy,192,train,0,-9.74920654296875,5.833753293065062e-05,0
features_0:193,features_0.npy,193,train,0,-0.29650694131851196,0.4264116116485865,0
features_0:194,features_0.npy,194,train,0,-5.186289310455322,0.005561616639581684,0
features_0:195,features_0.npy,195,train,0,-7.193846225738525,0.0007506304248634626,0
features_0:196,features_0.npy,196,train,1,5.655121326446533,0.9965126556573017,1
features_0:198,features_0.npy,198,train,0,-9.15119743347168,0.00010608143325600573,0
features_0:199,features_0.npy,199,train,0,-8.270981788635254,0.00025576855871792384,0
features_0:203,features_0.npy,203,train,0,-9.696168899536133,6.151494427233275e-05,0
features_0:204,features_0.npy,204,train,0,-0.011088494211435318,0.4972279048505945,0
features_0:208,features_0.npy,208,train,0,-6.5914411544799805,0.0013701812135157624,0
features_0:209,features_0.npy,209,train,1,0.81944739818573,0.6941190254917561,1
features_0:210,features_0.npy,210,train,0,-5.8967719078063965,0.002740769823896866,0
features_0:211,features_0.npy,211,train,1,8.048539161682129,0.9996805336718974,1
features_0:212,features_0.npy,212,train,0,-4.077868938446045,0.01666123470984869,0
features_0:213,features_0.npy,213,train,1,8.296856880187988,0.9997507629604561,1
features_0:214,features_0.npy,214,train,0,-3.8454694747924805,0.02092897809686088,0
features_0:215,features_0.npy,215,train,1,-0.4519979655742645,0.3888858369765678,0
features_0:218,features_0.npy,218,train,1,5.126279354095459,0.9940964440422952,1
features_0:220,features_0.npy,220,train,1,4.2457451820373535,0.9858772541824745,1
features_0:221,features_0.npy,221,train,1,8.275203704833984,0.9997453087239802,1
features_0:222,features_0.npy,222,train,0,-8.943023681640625,0.00013062834622765674,0
features_0:223,features_0.npy,223,train,1,5.3449788093566895,0.9952506120009266,1
features_0:224,features_0.npy,224,train,1,3.7470178604125977,0.9769555874929283,1
features_0:226,features_0.npy,226,train,1,5.134432315826416,0.9941440991259932,1
features_0:227,features_0.npy,227,train,0,-9.400946617126465,8.263896482865586e-05,0
features_0:228,features_0.npy,228,train,1,8.643872261047363,0.9998238277676961,1
features_0:231,features_0.npy,231,train,0,-8.662975311279297,0.00017283932270360742,0
features_0:232,features_0.npy,232,train,1,3.8501641750335693,0.9791670047482722,1
features_0:233,features_0.npy,233,train,0,-2.4129409790039062,0.08219119024511433,0
features_0:234,features_0.npy,234,train,1,8.891172409057617,0.9998624206887193,1
features_0:235,features_0.npy,235,train,1,6.518357276916504,0.9985260837138518,1
features_0:236,features_0.npy,236,train,1,2.504638910293579,0.9244663856479327,1
features_0:237,features_0.npy,237,train,0,-9.544939041137695,7.155740229201859e-05,0
features_0:238,features_0.npy,238,train,0,-9.725667953491211,5.972692213404664e-05,0
features_0:239,features_0.npy,239,train,0,-10.114269256591797,4.049590284401195e-05,0
features_0:240,features_0.npy,240,train,0,-9.454341888427734,7.834250658506585e-05,0
features_0:242,features_0.npy,242,train,1,6.344691753387451,0.9982470343308643,1
features_0:243,features_0.npy,243,train,1,3.3065531253814697,0.9646529385326652,1
features_0:244,features_0.npy,244,train,0,-8.105910301208496,0.0003016593956283236,0
features_0:247,features_0.npy,247,train,1,4.548627853393555,0.9895290861269322,1
features_0:248,features_0.npy,248,train,0,-9.773789405822754,5.692099362162054e-05,0
features_0:249,features_0.npy,249,train,0,-8.759324073791504,0.0001569660446445156,0
features_0:250,features_0.npy,250,train,1,7.124004364013672,0.9991951137334976,1
features_0:251,features_0.npy,251,train,1,5.955855846405029,0.997416068292059,1
features_0:254,features_0.npy,254,train,1,4.372653007507324,0.987539501876513,1
features_0:255,features_0.npy,255,train,0,-1.8803635835647583,0.1323471171664497,0
features_0:256,features_0.npy,256,train,0,-8.948789596557617,0.0001298774190916007,0
features_0:258,features_0.npy,258,train,1,8.269765853881836,0.9997439203339382,1
features_0:259,features_0.npy,259,train,1,-0.02369881048798561,0.49407557465511187,0
features_0:260,features_0.npy,260,train,1,7.838332653045654,0.9996058294606363,1
features_0:261,features_0.npy,261,train,0,-9.334484100341797,8.831748765903106e-05,0
features_0:264,features_0.npy,264,train,0,-6.334996700286865,0.0017700131876070128,0
features_0:265,features_0.npy,265,train,0,-6.379964351654053,0.0016923146024319506,0
features_0:266,features_0.npy,266,train,0,-2.511728286743164,0.07504006259951605,0
features_0:267,features_0.npy,267,train,1,3.791714668273926,0.9779406981815338,1
features_0:270,features_0.npy,270,train,1,6.384684085845947,0.9983156404316271,1
features_0:271,features_0.npy,271,train,1,7.100039005279541,0.9991756074433806,1
features_0:272,features_0.npy,272,train,1,2.9544291496276855,0.9504724054330776,1
features_0:273,features_0.npy,273,train,0,-2.0991556644439697,0.1091789132306166,0
features_0:274,features_0.npy,274,train,1,5.270532608032227,0.9948854216175008,1
features_0:275,features_0.npy,275,train,1,5.9262003898620605,0.9973385000865302,1
features_0:277,features_0.npy,277,train,1,5.9601569175720215,0.9974271295674633,1
features_0:278,features_0.npy,278,train,1,6.580521106719971,0.9986147951883314,1
features_0:280,features_0.npy,280,train,1,8.176005363464355,0.9997187556370198,1
features_0:281,features_0.npy,281,train,1,5.003252983093262,0.9933287404245631,1
features_0:282,features_0.npy,282,train,1,8.62312126159668,0.9998201344882511,1
features_0:284,features_0.npy,284,train,1,4.244130611419678,0.9858547563970479,1
features_0:285,features_0.npy,285,train,1,6.025996685028076,0.9975906756331454,1
features_0:286,features_0.npy,286,train,1,9.492996215820312,0.9999246277653058,1
features_0:287,features_0.npy,287,train,0,-9.483413696289062,7.609790697476421e-05,0
features_0:289,features_0.npy,289,train,1,6.178695201873779,0.99793115787273,1
features_0:290,features_0.npy,290,train,1,8.221171379089355,0.9997311723910813,1
features_0:291,features_0.npy,291,train,0,-7.758129119873047,0.0004270727076080498,0
features_0:292,features_0.npy,292,train,1,7.494087219238281,0.9994439450450995,1
features_0:294,features_0.npy,294,train,0,-4.481939792633057,0.011184932191054604,0
features_0:296,features_0.npy,296,train,1,0.7260962724685669,0.6739480425677359,1
features_0:297,features_0.npy,297,train,1,7.239590644836426,0.9992829091328275,1
features_0:298,features_0.npy,298,train,1,5.168280124664307,0.9943378880883625,1
features_0:299,features_0.npy,299,train,1,7.748312473297119,0.9995687160423252,1
features_0:300,features_0.npy,300,train,1,7.6138434410095215,0.9995066722958468,1
features_0:302,features_0.npy,302,train,1,3.9876928329467773,0.9817951177087568,1
features_0:303,features_0.npy,303,train,1,4.37415075302124,0.9875579185342267,1
features_0:305,features_0.npy,305,train,1,4.656222820281982,0.9905871569855175,1
features_0:306,features_0.npy,306,train,0,-5.697241306304932,0.003343988914369631,0
features_0:307,features_0.npy,307,train,0,-8.019828796386719,0.0003287681987330526,0
features_0:308,features_0.npy,308,train,0,-9.220290184020996,9.900015035710595e-05,0
features_0:309,features_0.npy,309,train,0,-8.52174186706543,0.00019905270091543007,0
features_0:310,features_0.npy,310,train,1,9.9393892288208,0.9999517655694142,1
features_0:311,features_0.npy,311,train,1,8.051290512084961,0.999681411148004,1
features_0:312,features_0.npy,312,train,0,-5.412586688995361,0.004440284354901019,0
features_0:314,features_0.npy,314,train,1,6.019038677215576,0.9975738938908165,1
features_0:316,features_0.npy,316,train,1,5.881093502044678,0.9972160412216413,1
features_0:318,features_0.npy,318,train,1,4.307250499725342,0.9867085075606854,1
features_0:319,features_0.npy,319,train,0,-2.6765923500061035,0.0643687992812828,0
features_0:321,features_0.npy,321,train,0,-3.688121795654297,0.02440827915630764,0
features_0:322,features_0.npy,322,train,0,-3.813727617263794,0.021589386218498725,0
features_0:323,features_0.npy,323,train,1,1.7956068515777588,0.8576133181612727,1
features_0:324,features_0.npy,324,train,0,-7.616768836975098,0.0004918873429996375,0
features_0:325,features_0.npy,325,train,1,7.52175760269165,0.999459112168906,1
features_0:326,features_0.npy,326,train,1,7.594527244567871,0.9994970552907105,1
features_0:327,features_0.npy,327,train,0,-7.212777614593506,0.0007365639840716073,0
features_0:328,features_0.npy,328,train,0,-8.966358184814453,0.00012761587164839097,0
features_0:329,features_0.npy,329,train,1,4.015957355499268,0.9822934828812747,1
features_0:331,features_0.npy,331,train,1,3.2038216590881348,0.9609778399845265,1
features_0:332,features_0.npy,332,train,1,4.807705402374268,0.9918995755184923,1
features_0:333,features_0.npy,333,train,1,8.9401216506958,0.9998689920654106,1
features_0:334,features_0.npy,334,train,1,9.392797470092773,0.9999166849029951,1
features_0:336,features_0.npy,336,train,1,6.640949726104736,0.9986959163396456,1
features_0:338,features_0.npy,338,train,0,-1.3796778917312622,0.20106073673210362,0
features_0:339,features_0.npy,339,train,1,5.391546726226807,0.9954657305804888,1
features_0:341,features_0.npy,341,train,1,4.16273832321167,0.9846736745391589,1
features_0:342,features_0.npy,342,train,1,3.775394916534424,0.9775858775714975,1
features_0:344,features_0.npy,344,train,1,3.2963409423828125,0.9643030699967335,1
features_0:346,features_0.npy,346,train,1,1.7737888097763062,0.8549282140460562,1
features_0:347,features_0.npy,347,train,1,3.6010043621063232,0.9734289965901247,1
features_0:348,features_0.npy,348,train,1,9.107288360595703,0.9998891573809738,1
features_0:349,features_0.npy,349,train,1,7.248749256134033,0.9992894420607764,1
features_0:350,features_0.npy,350,train,1,3.388888359069824,0.9673554585548221,1
features_0:351,features_0.npy,351,train,1,2.8726699352264404,0.9464787594863295,1
features_0:352,features_0.npy,352,train,1,5.265128135681152,0.9948578477132628,1
features_0:353,features_0.npy,353,train,0,-9.548336029052734,7.131475236913125e-05,0
features_0:354,features_0.npy,354,train,1,4.2387471199035645,0.9857794860748341,1
features_0:355,features_0.npy,355,train,1,7.9730544090271,0.999655493973574,1
features_0:357,features_0.npy,357,train,1,6.515896320343018,0.9985224573689778,1
features_0:358,features_0.npy,358,train,1,9.846345901489258,0.9999470625134897,1
features_0:359,features_0.npy,359,train,1,0.6436820030212402,0.6555853074920729,1
features_0:360,features_0.npy,360,train,1,3.1928107738494873,0.9605628357780989,1
features_0:361,features_0.npy,361,train,1,9.190362930297852,0.9998979925739508,1
features_0:362,features_0.npy,362,train,1,2.1400604248046875,0.8947363016178509,1
features_0:363,features_0.npy,363,train,1,5.225988864898682,0.9946536944769425,1
features_0:364,features_0.npy,364,train,1,9.695636749267578,0.9999384523138374,1
features_0:365,features_0.npy,365,train,1,5.634928226470947,0.9964417726707293,1
features_0:366,features_0.npy,366,train,0,-7.9121012687683105,0.000366149995109883,0
features_0:367,features_0.npy,367,train,1,8.790016174316406,0.9998477776699672,1
features_0:368,features_0.npy,368,train,1,3.854246139526367,0.9792501100021823,1
features_0:370,features_0.npy,370,train,1,6.470098972320557,0.9984533235038386,1
features_0:371,features_0.npy,371,train,1,8.476418495178223,0.9997917199098755,1
features_0:372,features_0.npy,372,train,1,8.850553512573242,0.999856718137991,1
features_0:373,features_0.npy,373,train,0,-8.908716201782227,0.0001351870209381546,0
features_0:374,features_0.npy,374,train,1,3.684260368347168,0.9754996014884579,1
features_0:375,features_0.npy,375,train,1,5.836972713470459,0.9970908261173439,1
features_0:376,features_0.npy,376,train,1,3.287898063659668,0.9640113016451634,1
features_0:377,features_0.npy,377,train,1,8.45034408569336,0.999786218884182,1
features_0:380,features_0.npy,380,train,0,-7.350305557250977,0.0006419836338501124,0
features_0:381,features_0.npy,381,train,0,-7.4669904708862305,0.0005713195037029517,0
features_0:382,features_0.npy,382,train,1,7.625446319580078,0.9995123604626652,1
features_0:383,features_0.npy,383,train,1,8.511474609375,0.9997988934591071,1
features_0:386,features_0.npy,386,train,1,8.161751747131348,0.9997147193337701,1
features_0:388,features_0.npy,388,train,1,6.1628007888793945,0.997898081792882,1
features_0:389,features_0.npy,389,train,1,-1.936607837677002,0.12602099454798726,0
features_0:390,features_0.npy,390,train,1,5.664465427398682,0.9965449779227754,1
features_0:393,features_0.npy,393,train,1,3.2998080253601074,0.9644222242812317,1
features_0:394,features_0.npy,394,train,0,-7.740026950836182,0.00043487065493221904,0
features_0:395,features_0.npy,395,train,0,-3.759613037109375,0.022762549636871403,0
features_0:396,features_0.npy,396,train,1,5.497806072235107,0.995920959357497,1
features_0:398,features_0.npy,398,train,0,-8.239435195922852,0.00026396363925280323,0
features_0:404,features_0.npy,404,train,1,6.942819118499756,0.9990353876010554,1
features_0:405,features_0.npy,405,train,1,5.059506893157959,0.9936913622577553,1
features_0:408,features_0.npy,408,train,1,4.573338985443115,0.9897820519785899,1
features_0:409,features_0.npy,409,train,1,9.023025512695312,0.9998794138479982,1
features_0:410,features_0.npy,410,train,0,-5.472846984863281,0.004181699849831401,0
features_0:411,features_0.npy,411,train,1,5.941555500030518,0.9973789492493681,1
features_0:412,features_0.npy,412,train,0,-5.894806385040283,0.002746147358864138,0
features_0:413,features_0.npy,413,train,1,7.1824212074279785,0.999240750980028,1
features_0:414,features_0.npy,414,train,1,6.1098151206970215,0.9977839603538443,1
features_0:415,features_0.npy,415,train,0,-7.952803134918213,0.00035155135741971684,0
features_0:416,features_0.npy,416,train,0,-8.013476371765137,0.00033086262824479285,0
features_0:417,features_0.npy,417,train,1,1.6339527368545532,0.836710404826768,1
features_0:419,features_0.npy,419,train,0,-8.834195137023926,0.0001456446521616119,0
features_0:420,features_0.npy,420,train,0,-7.405529499053955,0.0006075128707614293,0
features_0:421,features_0.npy,421,train,1,4.391669750213623,0.9877713507933564,1
features_0:422,features_0.npy,422,train,1,3.2318193912506104,0.9620142944799513,1
features_0:423,features_0.npy,423,train,1,4.221099376678467,0.985529962206346,1
features_0:424,features_0.npy,424,train,1,9.477783203125,0.9999234724486501,1
features_0:425,features_0.npy,425,train,1,4.285449504852295,0.9864195364994884,1
features_0:426,features_0.npy,426,train,1,4.225574016571045,0.985593635065588,1
features_0:427,features_0.npy,427,train,1,8.040300369262695,0.9996778916342745,1
features_0:428,features_0.npy,428,train,0,-1.998841404914856,0.11932462075274135,0
features_0:429,features_0.npy,429,train,0,-2.566059112548828,0.07135500022250421,0
features_0:430,features_0.npy,430,train,0,-6.857893466949463,0.0010500221280127437,0
features_0:432,features_0.npy,432,train,1,5.784865856170654,0.9969356961510601,1
features_0:433,features_0.npy,433,train,1,9.436480522155762,0.9999202457303344,1
features_0:434,features_0.npy,434,train,1,1.7888425588607788,0.8567853122245911,1
features_0:435,features_0.npy,435,train,1,6.937143802642822,0.9990299028827564,1
features_0:436,features_0.npy,436,train,0,-5.159321308135986,0.005712774548015272,0
features_0:438,features_0.npy,438,train,0,-4.840036869049072,0.00784473606620663,0
features_0:439,features_0.npy,439,train,1,7.949362754821777,0.9996472375167712,1
features_0:440,features_0.npy,440,train,1,4.0721516609191895,0.9832448361788446,1
features_0:442,features_0.npy,442,train,1,9.125412940979004,0.9998911480437929,1
features_0:444,features_0.npy,444,train,0,-8.7307710647583,0.0001615117617848084,0
features_0:445,features_0.npy,445,train,1,7.9219489097595215,0.999637436721955,1
features_0:446,features_0.npy,446,train,1,9.440299987792969,0.9999205497438707,1
features_0:447,features_0.npy,447,train,1,5.998561382293701,0.9975238259384721,1
features_0:448,features_0.npy,448,train,1,4.309647083282471,0.9867399017090842,1
features_0:449,features_0.npy,449,train,0,-6.246081352233887,0.0019342850375503016,0
features_0:450,features_0.npy,450,train,1,2.762500286102295,0.9406154490262203,1
features_0:451,features_0.npy,451,train,1,9.164449691772461,0.9998953149649787,1
features_0:453,features_0.npy,453,train,1,4.641043186187744,0.990444559234995,1
features_0:454,features_0.npy,454,train,1,6.504000186920166,0.9985048017975642,1
features_0:456,features_0.npy,456,train,1,3.5271248817443848,0.9714497785958421,1
features_0:457,features_0.npy,457,train,1,5.71759033203125,0.9967231496040664,1
features_0:458,features_0.npy,458,train,1,6.534350872039795,0.9985494355024052,1
features_0:460,features_0.npy,460,train,1,3.9978108406066895,0.9819750827300033,1
features_0:461,features_0.npy,461,train,0,-7.2474493980407715,0.0007114815066931505,0
features_0:462,features_0.npy,462,train,1,4.895690441131592,0.9925767726073441,1
features_0:464,features_0.npy,464,train,0,2.8955841064453125,0.9476277113376169,1
features_0:465,features_0.npy,465,train,0,-4.705214023590088,0.008966845711514715,0
features_0:467,features_0.npy,467,train,1,6.274445056915283,0.9981197059802922,1
features_0:468,features_0.npy,468,train,1,8.028548240661621,0.9996740850853594,1
features_0:471,features_0.npy,471,train,1,5.126279354095459,0.9940964440422952,1
features_0:475,features_0.npy,475,train,1,3.333369493484497,0.9655560069540364,1
features_0:477,features_0.npy,477,train,1,8.228803634643555,0.9997332157968983,1
features_0:478,features_0.npy,478,train,1,-0.45003342628479004,0.3893528186814648,0
features_0:479,features_0.npy,479,train,1,1.4929758310317993,0.8165245084706964,1
features_0:480,features_0.npy,480,train,0,-9.705711364746094,6.093076749945977e-05,0
features_0:481,features_0.npy,481,train,0,-8.240606307983398,0.0002636547706503656,0
features_0:482,features_0.npy,482,train,0,-9.122928619384766,0.00010912268611394988,0
features_0:483,features_0.npy,483,train,1,2.699061393737793,0.9369712362105882,1
features_0:485,features_0.npy,485,train,1,8.036775588989258,0.9996767546374064,1
features_0:486,features_0.npy,486,train,1,7.775573253631592,0.9995803095038299,1
features_0:490,features_0.npy,490,train,1,8.291200637817383,0.9997493495752495,1
features_0:491,features_0.npy,491,train,1,7.939412593841553,0.9996437112092945,1
features_0:493,features_0.npy,493,train,1,6.272950172424316,0.9981168983529713,1
features_0:494,features_0.npy,494,train,1,9.68925666809082,0.9999380584036733,1
features_0:495,features_0.npy,495,train,0,-3.116084575653076,0.04244863630509306,0
features_0:497,features_0.npy,497,train,1,4.52864408493042,0.989319990279577,1
features_0:498,features_0.npy,498,train,0,-8.260395050048828,0.0002584899938031343,0
features_0:499,features_0.npy,499,train,0,-1.0050773620605469,0.2679443233051726,0
features_0:500,features_0.npy,500,train,1,4.6965484619140625,0.9909558197017723,1
features_0:501,features_0.npy,501,train,1,7.257446765899658,0.9992955910130363,1
features_0:503,features_0.npy,503,train,1,9.213068008422852,0.9999002823365866,1
features_0:504,features_0.npy,504,train,0,-8.590771675109863,0.0001857781253983639,0
features_0:505,features_0.npy,505,train,1,5.547268390655518,0.9961170453350349,1
features_0:506,features_0.npy,506,train,0,-1.2468146085739136,0.22325203235525173,0
features_0:507,features_0.npy,507,train,0,-1.3919438123703003,0.19909761958623387,0
features_0:513,features_0.npy,513,train,0,-7.866917133331299,0.00038306714383899476,0
features_0:514,features_0.npy,514,train,1,4.331784725189209,0.9870264571347057,1
features_0:516,features_0.npy,516,train,1,8.711981773376465,0.9998354253615623,1
features_0:518,features_0.npy,518,train,0,-8.413695335388184,0.0002217594949393677,0
features_0:519,features_0.npy,519,train,0,-10.93780517578125,1.777312720394935e-05,0
features_0:522,features_0.npy,522,train,0,-7.609048366546631,0.0004956977523724119,0
features_0:523,features_0.npy,523,train,0,-8.590654373168945,0.0001857999147620188,0
features_0:525,features_0.npy,525,train,0,-6.1367998123168945,0.0021571673936369626,0
features_0:526,features_0.npy,526,train,1,6.660325527191162,0.9987209087794413,1
features_0:527,features_0.npy,527,train,0,-2.0409512519836426,0.1149699049626603,0
features_0:528,features_0.npy,528,train,1,7.565287113189697,0.9994821397333474,1
features_0:529,features_0.npy,529,train,0,-8.288871765136719,0.00025123469110002186,0
features_0:530,features_0.npy,530,train,1,5.0557942390441895,0.9936680455168826,1
features_0:531,features_0.npy,531,train,0,-2.6418614387512207,0.06649240063215278,0
features_0:532,features_0.npy,532,train,1,5.468631267547607,0.9958007082592822,1
features_0:533,features_0.npy,533,train,0,-10.318889617919922,3.300265249416187e-05,0
features_0:534,features_0.npy,534,train,1,5.678747653961182,0.9965938057358735,1
features_0:535,features_0.npy,535,train,1,10.145549774169922,0.9999607511739512,1
features_0:536,features_0.npy,536,train,1,5.577262878417969,0.996231350810338,1
features_0:538,features_0.npy,538,train,1,9.112956047058105,0.9998897837562188,1
features_0:539,features_0.npy,539,train,1,8.004125595092773,0.9996660300772857,1
features_0:541,features_0.npy,541,train,0,-10.751813888549805,2.140608576411156e-05,0
features_0:542,features_0.npy,542,train,1,6.786652088165283,0.9988725312385448,1
features_0:543,features_0.npy,543,train,0,-6.506082534790039,0.0014920925599443068,0
features_0:544,features_0.npy,544,train,1,6.978735446929932,0.9990693864831068,1
features_0:545,features_0.npy,545,train,1,9.039385795593262,0.9998813703890997,1
features_0:547,features_0.npy,547,train,0,-3.4527454376220703,0.030687089931616177,0
features_0:548,features_0.npy,548,train,0,-8.30477237701416,0.0002472724778744921,0
features_0:549,features_0.npy,549,train,1,3.6512551307678223,0.974698268697221,1
features_0:551,features_0.npy,551,train,1,6.176790714263916,0.9979272222089289,1
features_0:552,features_0.npy,552,train,0,-1.7276586294174194,0.15088731178115478,0
features_0:553,features_0.npy,553,train,1,0.18808335065841675,0.5468827114005693,0
features_0:554,features_0.npy,554,train,1,5.236683368682861,0.9947102650788255,1
features_0:555,features_0.npy,555,train,1,9.37503433227539,0.9999151918697354,1
features_0:557,features_0.npy,557,train,0,-10.337234497070312,3.240276172550658e-05,0
features_0:558,features_0.npy,558,train,0,-7.947618007659912,0.0003533782841247864,0
features_0:560,features_0.npy,560,train,0,-7.51509952545166,0.0005444991520475733,0
features_0:561,features_0.npy,561,train,1,5.67400598526001,0.9965776717445258,1
features_0:566,features_0.npy,566,train,0,-8.635269165039062,0.0001776941267297241,0
features_0:567,features_0.npy,567,train,1,4.5346360206604,0.9893831154852786,1
features_0:568,features_0.npy,568,train,0,-6.637617588043213,0.001308430599796501,0
features_0:570,features_0.npy,570,train,1,6.09260892868042,0.9977455875316511,1
features_0:571,features_0.npy,571,train,0,-4.783195972442627,0.008299746114825552,0
features_0:572,features_0.npy,572,train,0,-6.923218250274658,0.0009836873729733716,0
features_0:573,features_0.npy,573,train,0,-9.00848388671875,0.0001223522661393647,0
features_0:575,features_0.npy,575,train,1,7.716393947601318,0.9995547342720208,1
features_0:576,features_0.npy,576,train,1,5.7803192138671875,0.996921775121292,1
features_0:578,features_0.npy,578,train,1,1.9609514474868774,0.8766358839918672,1
features_0:579,features_0.npy,579,train,1,0.27669429779052734,0.5687356013783618,0
features_0:581,features_0.npy,581,train,0,-7.530385494232178,0.0005362436754963834,0
features_0:582,features_0.npy,582,train,0,-5.082242965698242,0.006167697042472575,0
features_0:583,features_0.npy,583,train,1,6.958496570587158,0.9990503780915287,1
features_0:584,features_0.npy,584,train,1,5.721051216125488,0.9967344338313854,1
features_0:585,features_0.npy,585,train,1,8.941791534423828,0.9998692106222832,1
features_0:587,features_0.npy,587,train,0,-5.045612812042236,0.006396337654354258,0
features_0:588,features_0.npy,588,train,1,10.352858543395996,0.9999680995500849,1
features_0:589,features_0.npy,589,train,1,4.57247257232666,0.9897732857540982,1
features_0:590,features_0.npy,590,train,1,5.167018890380859,0.9943307828442511,1
features_0:591,features_0.npy,591,train,0,-7.897607326507568,0.0003714936119883624,0
features_0:593,features_0.npy,593,train,1,5.665338516235352,0.9965479827389025,1
features_0:594,features_0.npy,594,train,1,8.285152435302734,0.9997478293804182,1
features_0:595,features_0.npy,595,train,1,6.692471027374268,0.9987613218466594,1
features_0:596,features_0.npy,596,train,1,6.225739002227783,0.9980260425836457,1
features_0:597,features_0.npy,597,train,1,6.178100109100342,0.9979299289026655,1
features_0:598,features_0.npy,598,train,0,-3.026036262512207,0.04626340522681106,0
features_0:599,features_0.npy,599,train,0,-2.7233386039733887,0.06161016429928766,0
features_0:601,features_0.npy,601,train,1,8.667495727539062,0.9998279400855975,1
features_0:602,features_0.npy,602,train,1,8.142839431762695,0.9997092742571936,1
features_0:603,features_0.npy,603,train,1,2.204916000366211,0.9006901015255112,1
features_0:604,features_0.npy,604,train,1,8.509920120239258,0.9997985806610838,1
features_0:605,features_0.npy,605,train,1,4.693387031555176,0.9909274417292913,1
features_0:607,features_0.npy,607,train,0,-10.50066089630127,2.751749939102646e-05,0
features_0:609,features_0.npy,609,train,1,9.010879516601562,0.9998779404580593,1
features_0:610,features_0.npy,610,train,0,-1.6471904516220093,0.16148902969975712,0
features_0:611,features_0.npy,611,train,1,6.991166591644287,0.9990808728988354,1
features_0:613,features_0.npy,613,train,1,5.959090232849121,0.9974243907340118,1
features_0:614,features_0.npy,614,train,1,10.123735427856445,0.9999598856143279,1
features_0:615,features_0.npy,615,train,0,-10.04937744140625,4.321077583839848e-05,0
features_0:616,features_0.npy,616,train,0,-9.431194305419922,8.017695042494298e-05,0
features_0:617,features_0.npy,617,train,1,5.684769153594971,0.9966141852697262,1
features_0:618,features_0.npy,618,train,0,-4.924158573150635,0.007216385156041594,0
features_0:619,features_0.npy,619,train,0,-2.7593092918395996,0.05956304442510346,0
features_0:620,features_0.npy,620,train,0,-8.827764511108398,0.0001465841185886897,0
features_0:621,features_0.npy,621,train,0,-7.756048679351807,0.0004279617512112316,0
features_0:622,features_0.npy,622,train,1,9.077625274658203,0.9998858205769697,1
features_0:624,features_0.npy,624,train,0,-4.040493011474609,0.017284780275535296,0
features_0:626,features_0.npy,626,train,1,6.084222793579102,0.9977266453890509,1
features_0:628,features_0.npy,628,train,0,-8.449101448059082,0.00021404687650382237,0
features_0:629,features_0.npy,629,train,0,-5.674066066741943,0.0034221233467286345,0
features_0:630,features_0.npy,630,train,0,-9.20421028137207,0.00010060476946812462,0
features_0:631,features_0.npy,631,train,1,5.2446608543396,0.9947520754148359,1
features_0:634,features_0.npy,634,train,1,3.330815315246582,0.9654709600204805,1
features_0:636,features_0.npy,636,train,1,8.921886444091797,0.9998665815157486,1
features_0:637,features_0.npy,637,train,1,6.10709810256958,0.9977779445441634,1
features_0:638,features_0.npy,638,train,1,3.2492473125457764,0.9626460564718798,1
features_0:643,features_0.npy,643,train,0,-7.334532737731934,0.0006521831479992117,0
features_0:644,features_0.npy,644,train,0,-3.7008979320526123,0.02410588872132594,0
features_0:649,features_0.npy,649,train,1,5.825325012207031,0.9970568431308247,1
features_0:650,features_0.npy,650,train,0,-7.244307994842529,0.0007137184735448938,0
features_0:651,features_0.npy,651,train,1,6.153958797454834,0.9978794538279824,1
features_0:652,features_0.npy,652,train,0,-7.145596981048584,0.000787706501152402,0
features_0:654,features_0.npy,654,train,0,-4.465296745300293,0.0113705068923941,0
features_0:657,features_0.npy,657,train,1,2.4452035427093506,0.9202099868692561,1
features_0:660,features_0.npy,660,train,1,8.461797714233398,0.9997886529700064,1
features_0:661,features_0.npy,661,train,1,7.182915210723877,0.9992411256743563,1
features_0:662,features_0.npy,662,train,0,-7.626628398895264,0.00048706372987395797,0
features_0:664,features_0.npy,664,train,0,-7.973778247833252,0.00034425683563929065,0
features_0:665,features_0.npy,665,train,1,2.0672357082366943,0.8876776400620481,1
features_0:666,features_0.npy,666,train,1,6.947206974029541,0.9990396068524611,1
features_0:667,features_0.npy,667,train,1,8.917867660522461,0.9998660443288645,1
features_0:668,features_0.npy,668,train,1,3.809828758239746,0.9783281032739781,1
features_0:669,features_0.npy,669,train,0,-9.5253324508667,7.297413988922782e-05,0
features_0:670,features_0.npy,670,train,1,1.6937302350997925,0.8447140924190607,1
features_0:671,features_0.npy,671,train,1,7.143431186676025,0.9992105869879782,1
features_0:672,features_0.npy,672,train,1,7.147646427154541,0.9992139049399821,1
features_0:673,features_0.npy,673,train,0,-7.071985244750977,0.0008478274413939094,0
features_0:674,features_0.npy,674,train,0,-7.043483257293701,0.0008723184929972163,0
features_0:675,features_0.npy,675,train,0,-9.698676109313965,6.136091603755238e-05,0
features_0:676,features_0.npy,676,train,0,-9.182533264160156,0.00010280916259557021,0
features_0:677,features_0.npy,677,train,0,-5.375970363616943,0.00460512197628006,0
features_0:678,features_0.npy,678,train,0,-6.935827255249023,0.0009713738957422444,0
features_0:679,features_0.npy,679,train,1,8.336606979370117,0.9997604735082637,1
features_0:680,features_0.npy,680,train,1,4.001698017120361,0.9820437570811942,1
features_0:682,features_0.npy,682,train,1,7.639477252960205,0.9995191514571379,1
features_0:688,features_0.npy,688,train,1,7.777027606964111,0.9995809191828521,1
features_0:691,features_0.npy,691,train,1,6.408106327056885,0.9983545693125477,1
features_0:692,features_0.npy,692,train,1,8.169790267944336,0.9997170027295064,1
features_0:693,features_0.npy,693,train,1,7.481633186340332,0.9994369805393047,1
features_0:694,features_0.npy,694,train,1,6.946186542510986,0.9990386272794747,1
features_0:695,features_0.npy,695,train,1,6.208820343017578,0.9979924293736462,1
features_0:697,features_0.npy,697,train,1,9.292573928833008,0.9999079028012314,1
features_0:700,features_0.npy,700,train,1,7.964889049530029,0.9996526704230984,1
features_0:701,features_0.npy,701,train,1,5.39447021484375,0.9954789072641101,1
features_0:704,features_0.npy,704,train,1,8.145057678222656,0.9997099182569302,1
features_0:705,features_0.npy,705,train,1,0.47075843811035156,0.6155632528037142,1
features_0:706,features_0.npy,706,train,1,9.111031532287598,0.9998895714626375,1
features_0:707,features_0.npy,707,train,0,-8.976337432861328,0.0001263488545706099,0
features_0:708,features_0.npy,708,train,1,2.592195510864258,0.9303576038715873,1
features_0:710,features_0.npy,710,train,1,8.510397911071777,0.9997986768550408,1
features_0:711,features_0.npy,711,train,1,7.5326361656188965,0.9994649612306252,1
features_0:712,features_0.npy,712,train,1,2.7970194816589355,0.9425145498425661,1
features_0:713,features_0.npy,713,train,1,10.027311325073242,0.999955825174982,1
features_0:714,features_0.npy,714,train,0,-4.243039131164551,0.014160472539444989,0
features_0:715,features_0.npy,715,train,1,7.192872047424316,0.9992486385206553,1
features_0:716,features_0.npy,716,train,1,9.28067684173584,0.9999068006718889,1
features_0:717,features_0.npy,717,train,0,-8.204535484313965,0.00027333597066459805,0
features_0:718,features_0.npy,718,train,1,9.80756950378418,0.9999449695855576,1
features_0:720,features_0.npy,720,train,0,-4.414706230163574,0.011953493016744317,0
features_0:721,features_0.npy,721,train,1,6.572973728179932,0.9986043156177776,1
features_0:722,features_0.npy,722,train,1,5.442610740661621,0.9956904835332948,1
features_0:723,features_0.npy,723,train,0,-7.289742469787598,0.0006820383017436912,0
features_0:724,features_0.npy,724,train,1,5.60070276260376,0.9963183388080146,1
features_0:727,features_0.npy,727,train,1,7.282699108123779,0.9993131442096341,1
features_0:728,features_0.npy,728,train,0,-5.959746837615967,0.0025739230152360135,0
features_0:730,features_0.npy,730,train,0,-9.823501586914062,5.4160659690135834e-05,0
features_0:731,features_0.npy,731,train,0,-7.307587146759033,0.0006699835789715494,0
features_0:732,features_0.npy,732,train,0,-4.9803290367126465,0.006824901743240661,0
features_0:733,features_0.npy,733,train,1,9.862448692321777,0.9999479080840625,1
features_0:734,features_0.npy,734,train,1,7.8256402015686035,0.9996007965952683,1
features_0:735,features_0.npy,735,train,1,7.267927646636963,0.9993029301656983,1
features_0:736,features_0.npy,736,train,1,8.461555480957031,0.9997886017793457,1
features_0:737,features_0.npy,737,train,1,4.599417686462402,0.9900424590979844,1
features_0:738,features_0.npy,738,train,0,-5.1203789710998535,0.0059382847048872105,0
features_0:739,features_0.npy,739,train,1,2.9325344562530518,0.9494314963815569,1
features_0:741,features_0.npy,741,train,1,6.449051856994629,0.9984204773981967,1
features_0:743,features_0.npy,743,train,1,6.317580699920654,0.998198946265848,1
features_0:744,features_0.npy,744,train,0,-9.382234573364258,8.419973561840337e-05,0
features_0:745,features_0.npy,745,train,0,-7.613093852996826,0.0004936974526830391,0
features_0:746,features_0.npy,746,train,0,-8.725202560424805,0.00016241350300375915,0
features_0:750,features_0.npy,750,train,0,-0.5266661047935486,0.3712948012511177,0
features_0:752,features_0.npy,752,train,1,5.675034046173096,0.9965811762760333,1
features_0:753,features_0.npy,753,train,0,-7.3767523765563965,0.0006252382315774958,0
features_0:754,features_0.npy,754,train,0,-8.087668418884277,0.0003072110224062813,0
features_0:755,features_0.npy,755,train,1,6.165451526641846,0.9979036343841824,1
features_0:756,features_0.npy,756,train,1,6.709018707275391,0.9987816256690348,1
features_0:757,features_0.npy,757,train,0,-7.565169334411621,0.0005179212316025807,0
features_0:759,features_0.npy,759,train,1,0.45605725049972534,0.6120784306217889,1
features_0:760,features_0.npy,760,train,0,-5.400336742401123,0.004494766134336649,0
features_0:762,features_0.npy,762,train,0,-9.151190757751465,0.00010608214135321347,0
features_0:764,features_0.npy,764,train,1,7.622946262359619,0.9995111404074323,1
features_0:765,features_0.npy,765,train,1,8.009044647216797,0.999667668314194,1
features_0:767,features_0.npy,767,train,1,6.3128437995910645,0.9981904100906341,1
features_0:770,features_0.npy,770,train,0,-8.723705291748047,0.00016265682221180595,0
features_0:771,features_0.npy,771,train,1,6.6353373527526855,0.9986885863835185,1
features_0:772,features_0.npy,772,train,1,5.100186347961426,0.993941320793847,1
features_0:774,features_0.npy,774,train,0,-7.012372016906738,0.000899859173118456,0
features_0:777,features_0.npy,777,train,0,-8.680337905883789,0.0001698647908854741,0
features_0:778,features_0.npy,778,train,0,-10.515369415283203,2.7115730658490807e-05,0
features_0:780,features_0.npy,780,train,1,2.7325456142425537,0.9389199894495925,1
features_0:781,features_0.npy,781,train,0,-4.151650905609131,0.015494552731588083,0
features_0:782,features_0.npy,782,train,1,4.502562046051025,0.9890408622990741,1
features_0:783,features_0.npy,783,train,1,5.428269863128662,0.9956285081247274,1
features_0:785,features_0.npy,785,train,0,-8.110078811645508,0.00030040491950443894,0
features_0:786,features_0.npy,786,train,1,8.624306678771973,0.9998203475393111,1
features_0:787,features_0.npy,787,train,1,5.538011074066162,0.9960810742219851,1
features_0:788,features_0.npy,788,train,1,4.594358444213867,0.9899924592683857,1
features_0:792,features_0.npy,792,train,1,5.781849384307861,0.9969264672622273,1
features_0:793,features_0.npy,793,train,1,6.665574073791504,0.9987275960426426,1
features_0:796,features_0.npy,796,train,0,-2.4376955032348633,0.08034302228986279,0
features_0:798,features_0.npy,798,train,1,8.754961967468262,0.9998423478654137,1
features_0:799,features_0.npy,799,train,1,6.698267459869385,0.9987684721754749,1
features_0:802,features_0.npy,802,train,0,2.7149341106414795,0.9379021413531995,1
features_0:803,features_0.npy,803,train,1,7.569260120391846,0.999484192055017,1
features_0:806,features_0.npy,806,train,1,7.671782970428467,0.9995344302569806,1
features_0:807,features_0.npy,807,train,1,5.704298973083496,0.9966794506659444,1
features_0:808,features_0.npy,808,train,1,3.9541118144989014,0.9811850962494829,1
features_0:809,features_0.npy,809,train,1,4.234165668487549,0.9857151188145142,1
features_0:810,features_0.npy,810,train,0,-9.423288345336914,8.081328708062197e-05,0
features_0:811,features_0.npy,811,train,0,-9.216131210327148,9.941270575489511e-05,0
features_0:812,features_0.npy,812,train,0,-3.3888936042785645,0.032644375807790865,0
features_0:813,features_0.npy,813,train,1,5.5992207527160645,0.9963128986373047,1
features_0:814,features_0.npy,814,train,0,-2.2150607109069824,0.09840616139935464,0
features_0:816,features_0.npy,816,train,1,2.319024085998535,0.9104403977946749,1
features_0:817,features_0.npy,817,train,0,-10.543146133422852,2.637292857483728e-05,0
features_0:818,features_0.npy,818,train,1,2.957157611846924,0.9506006889807507,1
features_0:819,features_0.npy,819,train,0,-5.828402042388916,0.0029341411367304884,0
features_0:820,features_0.npy,820,train,1,7.360299587249756,0.999364396357793,1
features_0:823,features_0.npy,823,train,1,5.193484783172607,0.9944780380027517,1
features_0:824,features_0.npy,824,train,1,6.607842922210693,0.9986520788370175,1
features_0:825,features_0.npy,825,train,0,-7.133913516998291,0.0007969562364976325,0
features_0:826,features_0.npy,826,train,0,-6.044503688812256,0.0023652495609746025,0
features_0:828,features_0.npy,828,train,0,-8.301246643066406,0.0002481456168298633,0
features_0:829,features_0.npy,829,train,1,5.909696102142334,0.9972943292746662,1
features_0:832,features_0.npy,832,train,1,8.44704532623291,0.9997855126587696,1
features_0:834,features_0.npy,834,train,1,4.41231107711792,0.9880181856793394,1
features_0:836,features_0.npy,836,train,1,9.407672882080078,0.9999179149760521,1
features_0:838,features_0.npy,838,train,1,7.733763217926025,0.9995623980783922,1
features_0:839,features_0.npy,839,train,1,6.716602802276611,0.9987908198537063,1
features_0:841,features_0.npy,841,train,1,7.370295524597168,0.9993707141849318,1
features_0:842,features_0.npy,842,train,0,-9.047489166259766,0.00011767230823694783,0
features_0:843,features_0.npy,843,train,0,-2.1973514556884766,0.09998858152781495,0
features_0:844,features_0.npy,844,train,0,-3.242170572280884,0.03760924819629428,0
features_0:845,features_0.npy,845,train,1,9.282835006713867,0.9999070015758393,1
features_0:846,features_0.npy,846,train,1,4.461577415466309,0.988587607234375,1
features_0:847,features_0.npy,847,train,1,10.095224380493164,0.9999587254989164,1
features_0:848,features_0.npy,848,train,1,3.2999019622802734,0.9644254473039992,1
features_0:849,features_0.npy,849,train,0,-7.882978916168213,0.0003769658519164796,0
features_0:850,features_0.npy,850,train,1,1.3470507860183716,0.7936470495424243,1
features_0:852,features_0.npy,852,train,0,-10.67451286315918,2.312639412675137e-05,0
features_0:855,features_0.npy,855,train,0,-7.4908294677734375,0.0005578683854210657,0
features_0:857,features_0.npy,857,train,0,-10.627278327941895,2.4244941187276794e-05,0
features_0:858,features_0.npy,858,train,0,-7.235352039337158,0.0007201345896541034,0
features_0:859,features_0.npy,859,train,0,-5.313052177429199,0.004902711075185312,0
features_0:861,features_0.npy,861,train,0,-6.1283416748046875,0.0021754505312971,0
features_0:862,features_0.npy,862,train,1,3.071173667907715,0.9556879021193695,1
features_0:864,features_0.npy,864,train,1,9.771259307861328,0.9999429348165765,1
features_0:865,features_0.npy,865,train,1,2.7100536823272705,0.9376172886326102,1
features_0:867,features_0.npy,867,train,1,7.076730251312256,0.9991561825894106,1
features_0:868,features_0.npy,868,train,0,-10.088342666625977,4.155950812931898e-05,0
features_0:869,features_0.npy,869,train,0,-7.132099151611328,0.0007984023633468829,0
features_0:872,features_0.npy,872,train,0,-3.9933838844299316,0.01810344189960504,0
features_0:873,features_0.npy,873,train,1,4.298386096954346,0.9865917494628155,1
features_0:874,features_0.npy,874,train,0,-8.630393028259277,0.00017856254842997513,0
features_0:875,features_0.npy,875,train,1,3.3211021423339844,0.9651456859881758,1
features_0:879,features_0.npy,879,train,0,-8.161371231079102,0.00028538920977264374,0
features_0:881,features_0.npy,881,train,0,-2.3413100242614746,0.08775898111451752,0
features_0:882,features_0.npy,882,train,1,2.5608320236206055,0.928297857753553,1
features_0:884,features_0.npy,884,train,0,-8.592066764831543,0.00018553772640063864,0
features_0:885,features_0.npy,885,train,0,-4.765788555145264,0.00844425739165642,0
features_0:886,features_0.npy,886,train,1,8.727888107299805,0.9998380220103643,1
features_0:887,features_0.npy,887,train,1,4.353805065155029,0.9873054295448449,1
features_0:888,features_0.npy,888,train,0,-8.010665893554688,0.0003317935094211412,0
features_0:889,features_0.npy,889,train,1,4.862477779388428,0.992328010804367,1
features_0:890,features_0.npy,890,train,1,6.826432228088379,0.9989164540851465,1
features_0:892,features_0.npy,892,train,0,-9.256321907043457,9.54968391966339e-05,0
features_0:893,features_0.npy,893,train,1,4.529858112335205,0.98933281001182,1
features_0:894,features_0.npy,894,train,0,-5.916805744171143,0.0026865540912609878,0
features_0:898,features_0.npy,898,train,0,-2.88716459274292,0.052791722633726834,0
features_0:899,features_0.npy,899,train,0,-9.075872421264648,0.00011437971541778743,0
features_0:900,features_0.npy,900,train,0,-2.445620536804199,0.07975940130131308,0
features_0:901,features_0.npy,901,train,1,8.241167068481445,0.9997364929961365,1
features_0:903,features_0.npy,903,train,1,-0.4654942750930786,0.3856832411804535,0
features_0:904,features_0.npy,904,train,0,-9.50091552734375,7.477774022257747e-05,0
features_0:905,features_0.npy,905,train,0,-2.4173998832702637,0.0818554552616667,0
features_0:906,features_0.npy,906,train,1,7.475160598754883,0.999433326599133,1
features_0:907,features_0.npy,907,train,1,9.120445251464844,0.9998906060150248,1
features_0:908,features_0.npy,908,train,1,6.293223857879639,0.9981546216247197,1
features_0:909,features_0.npy,909,train,0,-5.909239292144775,0.002706903638681552,0
features_0:910,features_0.npy,910,train,1,6.118374824523926,0.9978028065451285,1
features_0:912,features_0.npy,912,train,1,8.075632095336914,0.9996890701001445,1
features_0:914,features_0.npy,914,train,0,-7.6830220222473145,0.0004603688706443318,0
features_0:915,features_0.npy,915,train,0,-9.682385444641113,6.236864984072204e-05,0
features_0:916,features_0.npy,916,train,1,2.562089204788208,0.9283814918765181,1
features_0:917,features_0.npy,917,train,0,2.0136497020721436,0.8822227765539857,1
features_0:918,features_0.npy,918,train,0,-7.578792095184326,0.0005109171352323349,0
features_0:919,features_0.npy,919,train,0,-6.054227352142334,0.0023424157376308206,0
features_0:921,features_0.npy,921,train,1,6.502231597900391,0.9985021590310234,1
features_0:922,features_0.npy,922,train,1,4.9863786697387695,0.9932159825161339,1
features_0:923,features_0.npy,923,train,1,9.661964416503906,0.9999363447067009,1
features_0:924,features_0.npy,924,train,0,-10.367431640625,3.143894710262445e-05,0
features_0:925,features_0.npy,925,train,0,-9.694368362426758,6.162579715402208e-05,0
features_0:926,features_0.npy,926,train,0,-6.709953308105469,0.0012172375546634386,0
features_0:930,features_0.npy,930,train,0,-9.652400970458984,6.426693819349258e-05,0
features_0:931,features_0.npy,931,train,1,5.983609199523926,0.9974866173054131,1
features_0:932,features_0.npy,932,train,0,-10.525235176086426,2.6849535795080375e-05,0
features_0:933,features_0.npy,933,train,1,4.851474285125732,0.9922437843419509,1
features_0:934,features_0.npy,934,train,1,9.26535415649414,0.9999053617471264,1
features_0:936,features_0.npy,936,train,0,-4.433318614959717,0.01173565452435687,0
features_0:937,features_0.npy,937,train,0,-7.4466633796691895,0.0005830447627939539,0
features_0:938,features_0.npy,938,train,0,-7.663825511932373,0.0004692875287776829,0
features_0:939,features_0.npy,939,train,0,-4.534918308258057,0.010613919728452771,0
features_0:940,features_0.npy,940,train,1,8.481689453125,0.9997928146303688,1
features_0:941,features_0.npy,941,train,1,5.136227130889893,0.9941545385765339,1
features_0:942,features_0.npy,942,train,0,-7.993264675140381,0.0003376156810118351,0
features_0:943,features_0.npy,943,train,1,6.088855266571045,0.9977371285118745,1
features_0:944,features_0.npy,944,train,1,5.806033134460449,0.9969996848911236,1
features_0:945,features_0.npy,945,train,0,-6.373296737670898,0.0017036167170353426,0
features_0:946,features_0.npy,946,train,1,8.645986557006836,0.9998241997890327,1
features_0:947,features_0.npy,947,train,1,6.900672435760498,0.998993905260166,1
features_0:948,features_0.npy,948,train,1,9.655445098876953,0.9999359283886338,1
features_0:949,features_0.npy,949,train,1,0.9866145849227905,0.728418721118582,1
features_0:950,features_0.npy,950,train,1,7.905308246612549,0.9996313551927147,1
features_0:952,features_0.npy,952,train,1,8.908573150634766,0.9998647936416349,1
features_0:953,features_0.npy,953,train,1,6.733120441436768,0.9988106050473143,1
features_0:958,features_0.npy,958,train,1,8.109331130981445,0.9996993704571064,1
features_0:962,features_0.npy,962,train,1,3.282777786254883,0.9638332385747841,1
features_0:963,features_0.npy,963,train,1,5.823323726654053,0.997050964523184,1
features_0:964,features_0.npy,964,train,0,-9.858363151550293,5.230516377173695e-05,0
features_0:965,features_0.npy,965,train,0,-1.0401289463043213,0.26112511440564,0
features_0:966,features_0.npy,966,train,0,-3.481435775756836,0.02984507977401941,0
features_0:967,features_0.npy,967,train,0,-9.521366119384766,7.326413303639289e-05,0
features_0:968,features_0.npy,968,train,0,-6.2632551193237305,0.0019014123219002383,0
features_0:969,features_0.npy,969,train,0,-6.402557849884033,0.0016545705491455933,0
features_0:970,features_0.npy,970,train,1,6.7975969314575195,0.9988847902370187,1
features_0:973,features_0.npy,973,train,1,7.865210056304932,0.9996162786237115,1
features_0:974,features_0.npy,974,train,0,-5.377758026123047,0.004596934736401686,0
features_0:976,features_0.npy,976,train,1,-1.971341609954834,0.1222448576905365,0
features_0:977,features_0.npy,977,train,0,-5.632527828216553,0.00356674825047453,0
features_0:978,features_0.npy,978,train,1,1.2307331562042236,0.773946867991592,1
features_0:979,features_0.npy,979,train,1,6.7939534187316895,0.998880724100977,1
features_0:982,features_0.npy,982,train,1,7.789486408233643,0.9995861058892636,1
features_0:983,features_0.npy,983,train,0,-5.024451732635498,0.006532239748680081,0
features_0:984,features_0.npy,984,train,1,8.44006061553955,0.9997840096072463,1
features_0:985,features_0.npy,985,train,0,-8.61909008026123,0.00018059191444756573,0
features_0:986,features_0.npy,986,train,0,-9.832061767578125,5.369903815522854e-05,0
features_0:987,features_0.npy,987,train,1,4.6934967041015625,0.990928427659483,1
features_0:988,features_0.npy,988,train,1,5.943201065063477,0.997383247534969,1
features_0:989,features_0.npy,989,train,1,5.441696643829346,0.9956865594167087,1
features_0:990,features_0.npy,990,train,1,6.733431816101074,0.9988109748968322,1
features_0:993,features_0.npy,993,train,1,7.598948955535889,0.9994992731463217,1
features_0:994,features_0.npy,994,train,1,9.78750228881836,0.9999438541863559,1
features_0:997,features_0.npy,997,train,0,-7.559961795806885,0.0005206239533944355,0
features_0:998,features_0.npy,998,train,1,6.225504398345947,0.9980255803457037,1
features_0:999,features_0.npy,999,train,1,6.984025478363037,0.9990742919142436,1
features_0:1000,features_0.npy,1000,train,1,4.626012325286865,0.9903012514094167,1
features_0:1001,features_0.npy,1001,train,1,9.510851860046387,0.9999259615423101,1
features_0:1004,features_0.npy,1004,train,0,-10.089763641357422,4.1500497505460317e-05,0
features_0:1005,features_0.npy,1005,train,1,5.269999980926514,0.9948827106728535,1
features_0:1006,features_0.npy,1006,train,0,-6.7465901374816895,0.0011735002532972277,0
features_0:1007,features_0.npy,1007,train,1,5.1323771476745605,0.9941321225814145,1
features_0:1009,features_0.npy,1009,train,0,-7.911594867706299,0.0003663353928696622,0
features_0:1010,features_0.npy,1010,train,1,8.66263484954834,0.999827101832279,1
features_0:1013,features_0.npy,1013,train,0,-7.664180755615234,0.0004691209251496547,0
features_0:1018,features_0.npy,1018,train,0,-8.163717269897461,0.0002847206507776965,0
features_0:1022,features_0.npy,1022,train,1,5.585793972015381,0.9962632451298794,1
features_0:1023,features_0.npy,1023,train,0,-4.110838413238525,0.01612959483457786,0
features_0:1024,features_0.npy,1024,train,1,8.695350646972656,0.9998326658748701,1
features_0:1026,features_0.npy,1026,train,0,-5.395147800445557,0.004518044182192319,0
features_0:1027,features_0.npy,1027,train,1,7.5341057777404785,0.9994657465328168,1
features_0:1029,features_0.npy,1029,train,1,7.7309136390686035,0.9995611498668523,1
features_0:1030,features_0.npy,1030,train,1,9.229632377624512,0.9999019203311497,1
features_0:1031,features_0.npy,1031,train,0,-10.329080581665039,3.266804254118105e-05,0
features_0:1032,features_0.npy,1032,train,0,-9.127418518066406,0.00010863388768344426,0
features_0:1033,features_0.npy,1033,train,0,-8.87177562713623,0.00014027357842855584,0
features_0:1034,features_0.npy,1034,train,1,6.945329189300537,0.9990378034834717,1
features_0:1035,features_0.npy,1035,train,0,-7.123669147491455,0.0008051559056286932,0
features_0:1036,features_0.npy,1036,train,1,8.084632873535156,0.9996918552955647,1
features_0:1037,features_0.npy,1037,train,1,4.176909446716309,0.9848860746491699,1
features_0:1040,features_0.npy,1040,train,1,6.139431476593018,0.9978484898854413,1
features_0:1041,features_0.npy,1041,train,0,-3.1325531005859375,0.041784265476015395,0
features_0:1042,features_0.npy,1042,train,1,6.575925350189209,0.9986084233526501,1
features_0:1043,features_0.npy,1043,train,1,9.240633964538574,0.9999029933452261,1
features_0:1046,features_0.npy,1046,train,1,5.3846259117126465,0.9954343846712167,1
features_0:1047,features_0.npy,1047,train,0,-8.881284713745117,0.00013894621118605826,0
features_0:1048,features_0.npy,1048,train,0,-9.608097076416016,6.717803280188549e-05,0
features_0:1049,features_0.npy,1049,train,1,7.976169109344482,0.9996565649693055,1
features_0:1050,features_0.npy,1050,train,1,8.540980339050293,0.9998047394268178,1
features_0:1052,features_0.npy,1052,train,1,9.80093765258789,0.9999446034394837,1
features_0:1053,features_0.npy,1053,train,1,6.561281204223633,0.9985879239452119,1
features_0:1054,features_0.npy,1054,train,1,7.457237720489502,0.9994230845306443,1
features_0:1055,features_0.npy,1055,train,0,-6.5922064781188965,0.0013691344177815762,0
features_0:1057,features_0.npy,1057,train,0,-5.558015823364258,0.0038416057832626844,0
features_0:1058,features_0.npy,1058,train,0,-9.668363571166992,6.324927945440404e-05,0
features_0:1061,features_0.npy,1061,train,0,-4.0858283042907715,0.016531331772889766,0
features_0:1063,features_0.npy,1063,train,1,9.026966094970703,0.9998798880356751,1
features_0:1065,features_0.npy,1065,train,0,-5.3889288902282715,0.004546100910821488,0
features_0:1066,features_0.npy,1066,train,1,3.5183775424957275,0.9712061671286979,1
features_0:1067,features_0.npy,1067,train,1,8.992820739746094,0.9998757164651239,1
features_0:1068,features_0.npy,1068,train,0,-9.501791000366211,7.47123078657509e-05,0
features_0:1073,features_0.npy,1073,train,1,8.440288543701172,0.9997840588212997,1
features_0:1074,features_0.npy,1074,train,1,5.711497783660889,0.9967031903135214,1
features_0:1075,features_0.npy,1075,train,0,-8.58169174194336,0.00018747234217004642,0
features_0:1078,features_0.npy,1078,train,1,7.857848644256592,0.9996134445659287,1
features_0:1079,features_0.npy,1079,train,1,8.431124687194824,0.9997820713058289,1
features_0:1080,features_0.npy,1080,train,1,7.9497880935668945,0.999647387475522,1
features_0:1083,features_0.npy,1083,train,1,4.947498798370361,0.9929489226066751,1
features_0:1084,features_0.npy,1084,train,0,-6.963346004486084,0.0009450322693625238,0
features_0:1085,features_0.npy,1085,train,0,-6.786014080047607,0.0011281875133938417,0
features_0:1087,features_0.npy,1087,train,0,-4.38943338394165,0.012255692007352171,0
features_0:1088,features_0.npy,1088,train,0,-6.143316745758057,0.002143185017050661,0
features_0:1089,features_0.npy,1089,train,0,-4.755795955657959,0.008528337240441941,0
features_0:1090,features_0.npy,1090,train,1,6.512284755706787,0.9985171194078771,1
features_0:1091,features_0.npy,1091,train,0,-7.725759983062744,0.0004411166535228414,0
features_0:1093,features_0.npy,1093,train,0,-5.998138904571533,0.002477217818883787,0
features_0:1094,features_0.npy,1094,train,0,-9.141937255859375,0.00010706822286470904,0
features_0:1096,features_0.npy,1096,train,1,4.486819744110107,0.9888689106968243,1
features_0:1097,features_0.npy,1097,train,0,-5.837700843811035,0.0029070625515494482,0
features_0:1098,features_0.npy,1098,train,1,8.617570877075195,0.9998191335708934,1
features_0:1100,features_0.npy,1100,train,0,-6.343728542327881,0.0017546519943808848,0
features_0:1101,features_0.npy,1101,train,0,-6.749034881591797,0.0011706382038326522,0
features_0:1102,features_0.npy,1102,train,1,4.239029407501221,0.9857834427218987,1
features_0:1103,features_0.npy,1103,train,1,2.7779483795166016,0.9414724983363496,1
features_0:1105,features_0.npy,1105,train,0,-8.744527816772461,0.00015930544913069598,0
features_0:1106,features_0.npy,1106,train,0,-8.246138572692871,0.0002622005713317722,0
features_0:1107,features_0.npy,1107,train,0,-6.062889575958252,0.002322259751982803,0
features_0:1108,features_0.npy,1108,train,1,8.030311584472656,0.9996746590921991,1
features_0:1110,features_0.npy,1110,train,1,6.9517502784729,0.999043956151777,1
features_0:1111,features_0.npy,1111,train,1,7.0495829582214355,0.9991329815947132,1
features_0:1112,features_0.npy,1112,train,1,8.499330520629883,0.9997964368139138,1
features_0:1113,features_0.npy,1113,train,0,-5.336319446563721,0.004790495380658909,0
features_0:1114,features_0.npy,1114,train,0,-6.710397243499756,0.001216697957084718,0
features_0:1116,features_0.npy,1116,train,1,4.985085964202881,0.9932072667173942,1
features_0:1117,features_0.npy,1117,train,1,5.041331768035889,0.9935763969196078,1
features_0:1118,features_0.npy,1118,train,0,-0.45839327573776245,0.38736705265867094,0
features_0:1120,features_0.npy,1120,train,0,-8.084831237792969,0.00030808360443160943,0
features_0:1121,features_0.npy,1121,train,0,-9.697896957397461,6.140874120607817e-05,0
features_0:1124,features_0.npy,1124,train,0,-6.570581436157227,0.0013990225870495136,0
features_0:1125,features_0.npy,1125,train,1,5.371090888977051,0.9953724567739106,1
features_0:1128,features_0.npy,1128,train,1,6.448174953460693,0.998419093892429,1
features_0:1131,features_0.npy,1131,train,1,7.482511043548584,0.9994374742952128,1
features_0:1132,features_0.npy,1132,train,0,-2.869938373565674,0.053659781336647276,0
features_0:1133,features_0.npy,1133,train,0,-8.417407035827637,0.00022093809731373758,0
features_0:1134,features_0.npy,1134,train,1,8.0330810546875,0.9996755585757027,1
features_0:1137,features_0.npy,1137,train,1,6.672770023345947,0.9987367078072164,1
features_0:1138,features_0.npy,1138,train,0,-3.3602840900421143,0.03356000795960501,0
features_0:1140,features_0.npy,1140,train,1,4.715738773345947,0.9911262001403758,1
features_0:1142,features_0.npy,1142,train,1,2.4710652828216553,0.9220883307437695,1
features_0:1144,features_0.npy,1144,train,1,7.802823543548584,0.9995915871630245,1
features_0:1145,features_0.npy,1145,train,0,-9.78558349609375,5.62536431807542e-05,0
features_0:1146,features_0.npy,1146,train,0,0.24337676167488098,0.560545630549349,0
features_0:1149,features_0.npy,1149,train,1,8.67782211303711,0.9998297073993477,1
features_0:1151,features_0.npy,1151,train,1,2.9737014770507812,0.95137180664175,1
features_0:1155,features_0.npy,1155,train,0,-6.353843688964844,0.001737023569190522,0
features_0:1156,features_0.npy,1156,train,1,4.798989772796631,0.9918292460393177,1
features_0:1157,features_0.npy,1157,train,0,-6.555666446685791,0.0014200155291715082,0
features_0:1159,features_0.npy,1159,train,0,-3.7729129791259766,0.022468570481151875,0
features_0:1160,features_0.npy,1160,train,0,-8.06610107421875,0.00031390661206129767,0
features_0:1161,features_0.npy,1161,train,1,0.8861657381057739,0.7080982822236396,1
features_0:1163,features_0.npy,1163,train,0,-10.182050704956055,3.784209132387943e-05,0
features_0:1164,features_0.npy,1164,train,0,-8.76136589050293,0.00015664592587894753,0
features_0:1165,features_0.npy,1165,train,0,-7.0673065185546875,0.0008518001012205954,0
features_0:1167,features_0.npy,1167,train,0,-6.6381940841674805,0.0013076774981157,0
features_0:1168,features_0.npy,1168,train,1,1.4772201776504517,0.8141523377524785,1
features_0:1169,features_0.npy,1169,train,1,7.325740337371826,0.9993420611031003,1
features_0:1170,features_0.npy,1170,train,1,3.9687232971191406,0.9814529494200561,1
features_0:1172,features_0.npy,1172,train,1,3.957429885864258,0.9812462531439908,1
features_0:1173,features_0.npy,1173,train,0,-7.554444789886475,0.000523502668821855,0
features_0:1174,features_0.npy,1174,train,0,-10.438131332397461,2.929303961787133e-05,0
features_0:1175,features_0.npy,1175,train,1,6.289323806762695,0.9981474238611466,1
features_0:1176,features_0.npy,1176,train,1,8.49465560913086,0.99979548314123,1
features_0:1177,features_0.npy,1177,train,1,7.916182994842529,0.9996353409390182,1
features_0:1178,features_0.npy,1178,train,0,-5.678494930267334,0.003407052265657943,0
features_0:1179,features_0.npy,1179,train,1,6.28973913192749,0.9981481916983536,1
features_0:1181,features_0.npy,1181,train,1,7.94120454788208,0.9996443488638717,1
features_0:1182,features_0.npy,1182,train,1,6.840229511260986,0.998931285545483,1
features_0:1185,features_0.npy,1185,train,0,-4.255373954772949,0.013989306896967436,0
features_0:1187,features_0.npy,1187,train,0,-6.961217880249023,0.0009470436502717538,0
features_0:1188,features_0.npy,1188,train,1,5.570897102355957,0.996207375189285,1
features_0:1189,features_0.npy,1189,train,1,7.082610607147217,0.9991611258253584,1
features_0:1190,features_0.npy,1190,train,0,-6.839785099029541,0.0010691890019208052,0
features_0:1191,features_0.npy,1191,train,1,6.891289234161377,0.9989844300734965,1
features_0:1192,features_0.npy,1192,train,1,7.7172651290893555,0.999555121837864,1
features_0:1193,features_0.npy,1193,train,0,-4.653969764709473,0.009433874285921217,0
features_0:1196,features_0.npy,1196,train,1,5.493031978607178,0.9959015190803072,1
features_0:1197,features_0.npy,1197,train,0,-2.948159694671631,0.04982356163168813,0
features_0:1198,features_0.npy,1198,train,1,7.557535648345947,0.9994781120626394,1
features_0:1200,features_0.npy,1200,train,0,-9.884673118591309,5.094703130005259e-05,0
features_0:1201,features_0.npy,1201,train,1,6.67486572265625,0.9987393491815149,1
features_0:1202,features_0.npy,1202,train,1,2.9465904235839844,0.9501020947274436,1
features_0:1203,features_0.npy,1203,train,1,3.4119300842285156,0.9680753066623424,1
features_0:1204,features_0.npy,1204,train,1,8.616130828857422,0.9998188729740993,1
features_0:1205,features_0.npy,1205,train,0,-5.338184356689453,0.004781612540916962,0
features_0:1206,features_0.npy,1206,train,1,2.9231719970703125,0.948980096166247,1
features_0:1208,features_0.npy,1208,train,0,-9.344362258911133,8.744944419758584e-05,0
features_0:1209,features_0.npy,1209,train,1,3.3485782146453857,0.9660582467898842,1
features_0:1210,features_0.npy,1210,train,1,4.1842942237854,0.9849956079963224,1
features_0:1211,features_0.npy,1211,train,1,7.680601596832275,0.9995385160060751,1
features_0:1212,features_0.npy,1212,train,1,4.210977554321289,0.9853849067525784,1
features_0:1214,features_0.npy,1214,train,0,-4.395348072052002,0.012184297979043164,0
features_0:1217,features_0.npy,1217,train,1,9.16716480255127,0.9998955987813007,1
features_0:1220,features_0.npy,1220,train,0,-7.276669979095459,0.000691006571216565,0
features_0:1221,features_0.npy,1221,train,1,5.397697925567627,0.995493410860657,1
features_0:1222,features_0.npy,1222,train,0,-7.563003063201904,0.0005190438225894759,0
features_0:1223,features_0.npy,1223,train,1,9.515399932861328,0.9999262974852633,1
features_0:1225,features_0.npy,1225,train,1,2.4820947647094727,0.9228770249221075,1
features_0:1226,features_0.npy,1226,train,1,9.038761138916016,0.999881296271971,1
features_0:1227,features_0.npy,1227,train,1,6.912529468536377,0.9990057523234884,1
features_0:1228,features_0.npy,1228,train,1,10.767801284790039,0.9999789334135155,1
features_0:1229,features_0.npy,1229,train,1,6.340966701507568,0.9982405037763408,1
features_0:1230,features_0.npy,1230,train,1,7.730915546417236,0.9995611507035242,1
features_0:1231,features_0.npy,1231,train,0,-9.88400650024414,5.0981003116282553e-05,0
features_0:1232,features_0.npy,1232,train,1,4.6853556632995605,0.9908549523223007,1
features_0:1233,features_0.npy,1233,train,0,-6.26690149307251,0.0018945047983781275,0
features_0:1234,features_0.npy,1234,train,1,6.408798694610596,0.9983557062884698,1
features_0:1235,features_0.npy,1235,train,0,-4.064546585083008,0.01688091464024399,0
features_0:1236,features_0.npy,1236,train,1,9.569673538208008,0.9999301907021427,1
features_0:1237,features_0.npy,1237,train,0,0.801628053188324,0.6903226297357652,1
features_0:1239,features_0.npy,1239,train,0,-4.411283016204834,0.011993990871277853,0
features_0:1240,features_0.npy,1240,train,0,-8.508901596069336,0.00020162455250753874,0
features_0:1242,features_0.npy,1242,train,1,2.4854934215545654,0.9231185770026064,1
features_0:1244,features_0.npy,1244,train,1,6.951584339141846,0.9990437976450462,1
features_0:1245,features_0.npy,1245,train,0,-5.575018405914307,0.003777085333984329,0
features_0:1246,features_0.npy,1246,train,0,-6.979767322540283,0.000929654627041331,0
features_0:1247,features_0.npy,1247,train,0,-8.83968734741211,0.00014484704926118433,0
features_0:1249,features_0.npy,1249,train,1,7.7963080406188965,0.9995889185576702,1
features_0:1251,features_0.npy,1251,train,1,6.897735595703125,0.9989909491636481,1
features_0:1252,features_0.npy,1252,train,1,7.066780090332031,0.9991477517513756,1
features_0:1253,features_0.npy,1253,train,1,4.282900810241699,0.9863853517369887,1
features_0:1255,features_0.npy,1255,train,1,9.397510528564453,0.9999170766155503,1
features_0:1258,features_0.npy,1258,train,1,3.893369197845459,0.9800303358748681,1
features_0:1259,features_0.npy,1259,train,0,-6.250832557678223,0.0019251343000215233,0
features_0:1260,features_0.npy,1260,train,1,6.122090816497803,0.997810938307085,1
features_0:1261,features_0.npy,1261,train,1,9.259904861450195,0.9999048446768822,1
features_0:1262,features_0.npy,1262,train,0,-9.304811477661133,9.097712479519645e-05,0
features_0:1263,features_0.npy,1263,train,0,-8.737834930419922,0.0001603750668251123,0
features_0:1265,features_0.npy,1265,train,1,2.9891974925994873,0.9520837127878766,1
features_0:1268,features_0.npy,1268,train,1,5.621135234832764,0.9963925323151346,1
features_0:1269,features_0.npy,1269,train,1,7.51638126373291,0.9994561979270056,1
features_0:1270,features_0.npy,1270,train,1,9.300788879394531,0.9999086562072244,1
features_0:1271,features_0.npy,1271,train,1,5.451963424682617,0.9957304298976917,1
features_0:1272,features_0.npy,1272,train,0,-9.516252517700195,7.363970849510304e-05,0
features_0:1273,features_0.npy,1273,train,0,-8.349678039550781,0.00023641673492179433,0
features_0:1274,features_0.npy,1274,train,0,-6.700201511383057,0.001229151212896796,0
features_0:1276,features_0.npy,1276,train,0,-7.004024982452393,0.0009073949198719542,0
features_0:1277,features_0.npy,1277,train,1,7.718130588531494,0.9995555065242403,1
features_0:1278,features_0.npy,1278,train,0,-8.781911849975586,0.00015346081159856774,0
features_0:1280,features_0.npy,1280,train,0,-4.708005428314209,0.008942074026985374,0
features_0:1281,features_0.npy,1281,train,0,-7.490051746368408,0.0005583021780401987,0
features_0:1284,features_0.npy,1284,train,1,8.615335464477539,0.9998187288809333,1
features_0:1285,features_0.npy,1285,train,0,0.08448284864425659,0.5211081589580534,0
features_0:1287,features_0.npy,1287,train,1,9.395977973937988,0.9999169494440645,1
features_0:1288,features_0.npy,1288,train,0,-7.271599769592285,0.0006945165767408503,0
features_0:1289,features_0.npy,1289,train,1,4.826903820037842,0.9920523833469839,1
features_0:1290,features_0.npy,1290,train,1,4.070916652679443,0.9832244779767223,1
features_0:1292,features_0.npy,1292,train,1,2.873781204223633,0.9465350248035175,1
features_0:1293,features_0.npy,1293,train,1,9.48430061340332,0.9999239695505107,1
features_0:1295,features_0.npy,1295,train,1,3.954033851623535,0.9811836569303971,1
features_0:1296,features_0.npy,1296,train,1,6.4824299812316895,0.9984722495198638,1
features_0:1298,features_0.npy,1298,train,1,5.506801128387451,0.9959573383661182,1
features_0:1299,features_0.npy,1299,train,1,8.062671661376953,0.9996850153642204,1
features_0:1301,features_0.npy,1301,train,1,7.450265407562256,0.9994190503849714,1
features_0:1302,features_0.npy,1302,train,0,-9.95755386352539,4.7366220506106545e-05,0
features_0:1304,features_0.npy,1304,train,0,-8.631879806518555,0.00017829731007410775,0
features_0:1305,features_0.npy,1305,train,1,3.667968988418579,0.9751072043637539,1
features_0:1307,features_0.npy,1307,train,0,-10.050466537475586,4.316374279999285e-05,0
features_0:1308,features_0.npy,1308,train,0,-9.984943389892578,4.6086546777608154e-05,0
features_0:1309,features_0.npy,1309,train,1,2.4422786235809326,0.9199949647477076,1
features_0:1310,features_0.npy,1310,train,1,6.67417573928833,0.9987384801509489,1
features_0:1311,features_0.npy,1311,train,1,10.121410369873047,0.9999597922412987,1
features_0:1312,features_0.npy,1312,train,0,-6.744869709014893,0.0011755185389172892,0
features_0:1313,features_0.npy,1313,train,1,3.6166346073150635,0.973830294948911,1
features_0:1314,features_0.npy,1314,train,0,-9.298868179321289,9.15193893287983e-05,0
features_0:1315,features_0.npy,1315,train,0,-7.798025608062744,0.00041037627773518587,0
features_0:1316,features_0.npy,1316,train,0,-6.359388828277588,0.0017274347803817448,0
features_0:1317,features_0.npy,1317,train,1,5.785706520080566,0.9969382632343505,1
features_0:1318,features_0.npy,1318,train,1,4.813150405883789,0.9919432081010094,1
features_0:1319,features_0.npy,1319,train,1,5.485384464263916,0.9958701856716137,1
features_0:1322,features_0.npy,1322,train,1,7.0574870109558105,0.9991398016703809,1
features_0:1323,features_0.npy,1323,train,1,5.823172569274902,0.9970505200359024,1
features_0:1324,features_0.npy,1324,train,1,7.094318866729736,0.9991708822119529,1
features_0:1325,features_0.npy,1325,train,1,5.122844219207764,0.9940762499972403,1
features_0:1326,features_0.npy,1326,train,1,5.474588871002197,0.9958255474744347,1
features_0:1328,features_0.npy,1328,train,1,8.369245529174805,0.9997681633183816,1
features_0:1329,features_0.npy,1329,train,0,-2.9441184997558594,0.050015224967552174,0
features_0:1330,features_0.npy,1330,train,0,-7.075220584869385,0.0008450911781109357,0
features_0:1331,features_0.npy,1331,train,1,5.726496696472168,0.9967521104793333,1
features_0:1333,features_0.npy,1333,train,0,-4.809135913848877,0.00808893868118156,0
features_0:1334,features_0.npy,1334,train,0,-8.006392478942871,0.00033321396111907583,0
features_0:1335,features_0.npy,1335,train,1,-0.7799106240272522,0.31433914894982334,0
features_0:1336,features_0.npy,1336,train,0,-10.029915809631348,4.405992712750505e-05,0
features_0:1338,features_0.npy,1338,train,1,5.067209243774414,0.9937394639040421,1
features_0:1339,features_0.npy,1339,train,0,-3.9618775844573975,0.018672075059609577,0
features_0:1340,features_0.npy,1340,train,0,-8.832761764526367,0.0001458535344188878,0
features_0:1341,features_0.npy,1341,train,0,-4.962274074554443,0.006948380228709487,0
features_0:1342,features_0.npy,1342,train,1,7.669061660766602,0.9995331621643514,1
features_0:1343,features_0.npy,1343,train,1,10.135171890258789,0.9999603417495395,1
features_0:1346,features_0.npy,1346,train,1,8.360273361206055,0.9997660743701324,1
features_0:1347,features_0.npy,1347,train,1,4.9746575355529785,0.9931365472676259,1
features_0:1348,features_0.npy,1348,train,0,-10.009195327758789,4.49823525294645e-05,0
features_0:1350,features_0.npy,1350,train,1,8.33110237121582,0.9997591516916388,1
features_0:1351,features_0.npy,1351,train,1,1.8046990633010864,0.858719986864471,1
features_0:1352,features_0.npy,1352,train,1,2.3271379470825195,0.911099791747521,1
features_0:1353,features_0.npy,1353,train,1,6.090109348297119,0.9977399581493818,1
features_0:1355,features_0.npy,1355,train,0,-10.250762939453125,3.532928730317846e-05,0
features_0:1357,features_0.npy,1357,train,0,-1.8277677297592163,0.13850441488517007,0
features_0:1358,features_0.npy,1358,train,0,-7.184372901916504,0.000757769764721107,0
features_0:1359,features_0.npy,1359,train,1,5.392033100128174,0.9954679254021888,1
features_0:1360,features_0.npy,1360,train,0,0.25249597430229187,0.5627907495864992,0
features_0:1361,features_0.npy,1361,train,1,6.4716033935546875,0.9984556450166103,1
features_0:1362,features_0.npy,1362,train,1,7.038329601287842,0.9991231782252129,1
features_0:1364,features_0.npy,1364,train,0,-5.825501441955566,0.0029426391824141423,0
features_0:1365,features_0.npy,1365,train,1,7.066510200500488,0.9991475219033051,1
features_0:1366,features_0.npy,1366,train,0,-8.96794605255127,0.00012741342111665492,0
features_0:1368,features_0.npy,1368,train,0,-1.3441697359085083,0.20682518328512814,0
features_0:1373,features_0.npy,1373,train,1,6.591914653778076,0.9986304665244375,1
features_0:1374,features_0.npy,1374,train,0,-2.773897409439087,0.05875111795917067,0
features_0:1375,features_0.npy,1375,train,0,-8.304227828979492,0.00024740713296229894,0
features_0:1379,features_0.npy,1379,train,1,2.865753650665283,0.9461273193773126,1
features_0:1381,features_0.npy,1381,train,1,6.586642742156982,0.9986232373663022,1
features_0:1383,features_0.npy,1383,train,1,6.430800437927246,0.9983914309790697,1
features_0:1384,features_0.npy,1384,train,1,6.614120006561279,0.9986605020540639,1
features_0:1385,features_0.npy,1385,train,0,-10.320788383483887,3.2940049711064536e-05,0
features_0:1386,features_0.npy,1386,train,1,5.509069919586182,0.9959664629710063,1
features_0:1387,features_0.npy,1387,train,0,-2.843701124191284,0.05500782889890508,0
features_0:1388,features_0.npy,1388,train,0,-7.398373603820801,0.0006118730912568999,0
features_0:1389,features_0.npy,1389,train,0,-4.4047322273254395,0.012071867282927431,0
features_0:1391,features_0.npy,1391,train,1,7.4221978187561035,0.9994025234213834,1
features_0:1392,features_0.npy,1392,train,0,-9.420515060424805,8.103769822253803e-05,0
features_0:1395,features_0.npy,1395,train,1,5.816439151763916,0.9970306521129062,1
features_0:1398,features_0.npy,1398,train,1,5.538011074066162,0.9960810742219851,1
features_0:1399,features_0.npy,1399,train,1,8.415620803833008,0.9997786669907391,1
features_0:1401,features_0.npy,1401,train,1,7.1184234619140625,0.9991906128299343,1
features_0:1403,features_0.npy,1403,train,0,-10.790521621704102,2.059335277083443e-05,0
features_0:1404,features_0.npy,1404,train,1,8.136472702026367,0.9997074179234058,1
features_0:1405,features_0.npy,1405,train,1,8.474906921386719,0.999791404906807,1
features_0:1406,features_0.npy,1406,train,0,-6.656371593475342,0.001284152166665568,0
features_0:1414,features_0.npy,1414,train,0,-6.864002227783203,0.0010436340197579473,0
features_0:1415,features_0.npy,1415,train,0,-6.452970027923584,0.0015733555891032176,0
features_0:1418,features_0.npy,1418,train,0,-6.781731128692627,0.0011330243614895011,0
features_0:1419,features_0.npy,1419,train,1,3.683924674987793,0.9754915770930743,1
features_0:1421,features_0.npy,1421,train,1,4.438125133514404,0.9883199605089729,1
features_0:1423,features_0.npy,1423,train,1,5.883944034576416,0.9972239436881055,1
features_0:1424,features_0.npy,1424,train,0,-8.457202911376953,0.00021232015569529254,0
features_0:1428,features_0.npy,1428,train,1,4.221904277801514,0.9855414361395409,1
features_0:1429,features_0.npy,1429,train,1,7.3283915519714355,0.9993438019869308,1
features_0:1431,features_0.npy,1431,train,1,6.354831218719482,0.9982646879713418,1
features_0:1432,features_0.npy,1432,train,0,-10.577421188354492,2.5484333350674255e-05,0
features_0:1433,features_0.npy,1433,train,1,8.057706832885742,0.9996834481272522,1
features_0:1436,features_0.npy,1436,train,1,4.282651901245117,0.9863820086612712,1
features_0:1438,features_0.npy,1438,train,0,-6.281033039093018,0.0018679704536971034,0
features_0:1439,features_0.npy,1439,train,0,-6.8352274894714355,0.0010740678234976283,0
features_0:1440,features_0.npy,1440,train,1,7.7123122215271,0.9995529139192834,1
features_0:1441,features_0.npy,1441,train,1,7.919031620025635,0.9996363778606784,1
features_0:1442,features_0.npy,1442,train,0,-1.0206810235977173,0.2648947666218093,0
features_0:1443,features_0.npy,1443,train,0,-3.7592616081237793,0.022770368280635167,0
features_0:1444,features_0.npy,1444,train,1,8.976057052612305,0.9998736157192171,1
features_0:1448,features_0.npy,1448,train,0,-6.8301777839660645,0.0010794993971717894,0
features_0:1449,features_0.npy,1449,train,1,7.090248107910156,0.9991675030099054,1
features_0:1450,features_0.npy,1450,train,1,8.170282363891602,0.9997171419176751,1
features_0:1453,features_0.npy,1453,train,0,-6.833553791046143,0.0010758650586721375,0
features_0:1454,features_0.npy,1454,train,1,5.98246955871582,0.9974837585306542,1
features_0:1455,features_0.npy,1455,train,1,2.7225565910339355,0.9383446086266622,1
features_0:1456,features_0.npy,1456,train,1,5.458454608917236,0.9957579375217922,1
features_0:1457,features_0.npy,1457,train,1,6.9204182624816895,0.9990135571755472,1
features_0:1458,features_0.npy,1458,train,1,5.997928142547607,0.9975222613164236,1
features_0:1461,features_0.npy,1461,train,1,2.8617377281188965,0.9459222590257483,1
features_0:1463,features_0.npy,1463,train,0,-10.590317726135254,2.5157792102789355e-05,0
features_0:1464,features_0.npy,1464,train,0,-4.770633220672607,0.008403789690054503,0
features_0:1466,features_0.npy,1466,train,1,4.761358737945557,0.9915185710816747,1
features_0:1467,features_0.npy,1467,train,1,5.174798488616943,0.9943744688163185,1
features_0:1469,features_0.npy,1469,train,0,-5.485604286193848,0.004128910352313873,0
features_0:1470,features_0.npy,1470,train,0,-9.489057540893555,7.566966431628125e-05,0
features_0:1471,features_0.npy,1471,train,1,1.182436227798462,0.7653855612281859,1
features_0:1472,features_0.npy,1472,train,0,-9.563600540161133,7.023450965915302e-05,0
features_0:1473,features_0.npy,1473,train,0,-5.763213157653809,0.0031311678223365056,0
features_0:1475,features_0.npy,1475,train,0,-10.337711334228516,3.238731506816148e-05,0
features_0:1477,features_0.npy,1477,train,0,-7.92022180557251,0.000363189776034561,0
features_0:1479,features_0.npy,1479,train,0,-10.635741233825684,2.404062922045775e-05,0
features_0:1483,features_0.npy,1483,train,0,-7.7154107093811035,0.0004457035503377606,0
features_0:1486,features_0.npy,1486,train,1,6.351478099822998,0.998258869645598,1
features_0:1487,features_0.npy,1487,train,1,5.166075229644775,0.994325460873694,1
features_0:1488,features_0.npy,1488,train,0,-6.086111545562744,0.002269074594094993,0
features_0:1489,features_0.npy,1489,train,0,-9.817934036254883,5.4463026423793495e-05,0
features_0:1490,features_0.npy,1490,train,1,3.472942352294922,0.9699080141949656,1
features_0:1492,features_0.npy,1492,train,0,-4.722970485687256,0.008810421922541231,0
features_0:1493,features_0.npy,1493,train,1,9.256437301635742,0.9999045141789342,1
features_0:1496,features_0.npy,1496,train,0,2.4005239009857178,0.9168672448520926,1
features_0:1497,features_0.npy,1497,train,1,7.597545146942139,0.9994985700807596,1
features_0:1498,features_0.npy,1498,train,0,-7.1152119636535645,0.0008119885798913221,0
features_0:1501,features_0.npy,1501,train,1,3.8455066680908203,0.9790717840157983,1
features_0:1504,features_0.npy,1504,train,0,-10.275564193725586,3.446388278083021e-05,0
features_0:1505,features_0.npy,1505,train,0,-8.50722885131836,0.0002019620329850609,0
features_0:1506,features_0.npy,1506,train,1,8.355911254882812,0.999765051973125,1
features_0:1507,features_0.npy,1507,train,1,6.550652027130127,0.998572856222165,1
features_0:1510,features_0.npy,1510,train,1,9.706710815429688,0.9999391300956709,1
features_0:1511,features_0.npy,1511,train,1,8.070906639099121,0.9996875977976069,1
features_0:1514,features_0.npy,1514,train,0,-3.457965850830078,0.030532186558221073,0
features_0:1517,features_0.npy,1517,train,1,1.9180582761764526,0.8719217497534504,1
features_0:1519,features_0.npy,1519,train,1,7.215286731719971,0.9992652804684404,1
features_0:1520,features_0.npy,1520,train,1,8.006328582763672,0.9996667647541969,1
features_0:1521,features_0.npy,1521,train,1,7.130584239959717,0.9992003881788684,1
features_0:1524,features_0.npy,1524,train,1,8.231342315673828,0.9997338920379208,1
features_0:1525,features_0.npy,1525,train,0,-4.139769077301025,0.015676851055893438,0
features_0:1529,features_0.npy,1529,train,1,7.580591678619385,0.9994900010074835,1
features_0:1530,features_0.npy,1530,train,1,9.251611709594727,0.9999040523340852,1
features_0:1531,features_0.npy,1531,train,1,3.4893689155578613,0.9703837643959622,1
features_0:1532,features_0.npy,1532,train,1,8.673884391784668,0.9998290356274403,1
features_0:1533,features_0.npy,1533,train,0,-10.958553314208984,1.7408173467350063e-05,0
features_0:1534,features_0.npy,1534,train,1,6.826715469360352,0.9989167606142053,1
features_0:1535,features_0.npy,1535,train,0,-6.380120754241943,0.0016920503885669393,0
features_0:1536,features_0.npy,1536,train,0,-9.622446060180664,6.622104247187559e-05,0
features_0:1537,features_0.npy,1537,train,0,-9.342967987060547,8.757144685121088e-05,0
features_0:1538,features_0.npy,1538,train,0,-7.506188869476318,0.0005493700002099438,0
features_0:1539,features_0.npy,1539,train,0,-5.278533935546875,0.005074025068732427,0
features_0:1540,features_0.npy,1540,train,1,7.401705741882324,0.9993901611199734,1
features_0:1541,features_0.npy,1541,train,0,-4.794936180114746,0.008203669824826829,0
features_0:1542,features_0.npy,1542,train,0,-8.754341125488281,0.00015775002659416484,0
features_0:1543,features_0.npy,1543,train,1,7.9883341789245605,0.999660716161885,1
features_0:1544,features_0.npy,1544,train,1,4.597589492797852,0.9900244198988267,1
features_0:1545,features_0.npy,1545,train,1,1.4453374147415161,0.8092798202081133,1
features_0:1547,features_0.npy,1547,train,0,-10.793323516845703,2.053573429883036e-05,0
features_0:1549,features_0.npy,1549,train,1,5.151047229766846,0.994240034809068,1
features_0:1554,features_0.npy,1554,train,0,-4.763129711151123,0.008466548885734643,0
features_0:1555,features_0.npy,1555,train,1,1.0537203550338745,0.7414886692689225,1
features_0:1557,features_0.npy,1557,train,1,4.865170955657959,0.9923484871423325,1
features_0:1559,features_0.npy,1559,train,0,-5.427643299102783,0.004374219768258089,0
features_0:1560,features_0.npy,1560,train,1,2.907165288925171,0.9481995082271666,1
features_0:1562,features_0.npy,1562,train,0,-9.959959983825684,4.72523940616735e-05,0
features_0:1563,features_0.npy,1563,train,0,-5.322057247161865,0.00485897356536111,0
features_0:1564,features_0.npy,1564,train,0,-7.207849979400635,0.0007401997666607334,0
features_0:1565,features_0.npy,1565,train,1,6.366922855377197,0.9982855086275322,1
features_0:1567,features_0.npy,1567,train,1,8.348665237426758,0.9997633437571061,1
features_0:1568,features_0.npy,1568,train,1,5.547943592071533,0.9961196560566477,1
features_0:1569,features_0.npy,1569,train,1,8.49278450012207,0.999795100188141,1
features_0:1572,features_0.npy,1572,train,1,4.31222677230835,0.9867736127043851,1
features_0:1573,features_0.npy,1573,train,0,-6.806215286254883,0.001105650368574159,0
features_0:1574,features_0.npy,1574,train,1,-2.4149370193481445,0.08204074286546105,0
features_0:1575,features_0.npy,1575,train,0,-8.93178939819336,0.00013210394133822718,0
features_0:1577,features_0.npy,1577,train,1,7.577064037322998,0.9994881996593661,1
features_0:1578,features_0.npy,1578,train,1,7.543534755706787,0.9994707576688758,1
features_0:1579,features_0.npy,1579,train,1,7.90320348739624,0.9996305787539745,1
features_0:1580,features_0.npy,1580,train,1,6.7490620613098145,0.9988293935761058,1
features_0:1581,features_0.npy,1581,train,0,-11.040111541748047,1.6044770506078158e-05,0
features_0:1583,features_0.npy,1583,train,1,5.886021137237549,0.9972296879002879,1
features_0:1585,features_0.npy,1585,train,1,8.308725357055664,0.9997537028156211,1
features_0:1587,features_0.npy,1587,train,1,5.584086894989014,0.9962568846511833,1
features_0:1588,features_0.npy,1588,train,1,5.139317035675049,0.9941724675256994,1
features_0:1591,features_0.npy,1591,train,1,9.003169059753418,0.9998769958018062,1
features_0:1592,features_0.npy,1592,train,1,2.099714994430542,0.8908754746858802,1
features_0:1593,features_0.npy,1593,train,0,-2.2916173934936523,0.09181958843611322,0
features_0:1594,features_0.npy,1594,train,0,-9.441802024841309,7.933101794086859e-05,0
features_0:1595,features_0.npy,1595,train,0,-10.314316749572754,3.315390985205558e-05,0
features_0:1597,features_0.npy,1597,train,0,-8.324363708496094,0.00024247638972439657,0
features_0:1598,features_0.npy,1598,train,1,4.5140790939331055,0.989164995456026,1
features_0:1599,features_0.npy,1599,train,0,-8.496183395385742,0.00020420470304404677,0
features_0:1600,features_0.npy,1600,train,1,5.625844478607178,0.9964094199662579,1
features_0:1601,features_0.npy,1601,train,1,6.267914295196533,0.9981074093591863,1
features_0:1603,features_0.npy,1603,train,1,0.46768397092819214,0.614835437087265,1
features_0:1604,features_0.npy,1604,train,1,2.2577366828918457,0.9053157994339004,1
features_0:1605,features_0.npy,1605,train,1,9.802372932434082,0.9999446828876236,1
features_0:1606,features_0.npy,1606,train,0,-7.783819675445557,0.0004162452170456371,0
features_0:1609,features_0.npy,1609,train,1,4.653685092926025,0.9905634651199411,1
features_0:1612,features_0.npy,1612,train,1,9.018969535827637,0.9998789238194722,1
features_0:1614,features_0.npy,1614,train,0,-9.383358001708984,8.410520431401743e-05,0
features_0:1615,features_0.npy,1615,train,1,7.666142463684082,0.999531798020632,1
features_0:1616,features_0.npy,1616,train,1,9.840324401855469,0.9999467428058167,1
features_0:1617,features_0.npy,1617,train,1,9.436393737792969,0.9999202388091628,1
features_0:1618,features_0.npy,1618,train,1,6.565989971160889,0.998594548129101,1
features_0:1619,features_0.npy,1619,train,1,6.235095500946045,0.9980443898280384,1
features_0:1620,features_0.npy,1620,train,0,-8.046449661254883,0.000320134337093565,0
features_0:1622,features_0.npy,1622,train,1,10.31417465209961,0.9999668413788826,1
features_0:1623,features_0.npy,1623,train,1,0.22650843858718872,0.5563862358496112,0
features_0:1626,features_0.npy,1626,train,0,-4.5839948654174805,0.010110739876478073,0
features_0:1629,features_0.npy,1629,train,0,-5.754820346832275,0.0031574743838853297,0
features_0:1630,features_0.npy,1630,train,0,-5.76196813583374,0.0031350563931561905,0
features_0:1631,features_0.npy,1631,train,1,4.820347309112549,0.9920005217235999,1
features_0:1632,features_0.npy,1632,train,1,6.023817539215088,0.9975854323302833,1
features_0:1633,features_0.npy,1633,train,1,3.726410388946533,0.9764870553627069,1
features_0:1634,features_0.npy,1634,train,0,-10.139847755432129,3.9473253994521236e-05,0
features_0:1635,features_0.npy,1635,train,1,-1.0724434852600098,0.25493867863328945,0
features_0:1636,features_0.npy,1636,train,1,3.8660480976104736,0.9794885664088566,1
features_0:1639,features_0.npy,1639,train,1,3.744072198867798,0.9768891774771506,1
features_0:1640,features_0.npy,1640,train,1,7.689502239227295,0.9995426034140554,1
features_0:1641,features_0.npy,1641,train,1,7.544394493103027,0.9994712122422613,1
features_0:1642,features_0.npy,1642,train,1,8.39462661743164,0.9997739722256196,1
features_0:1643,features_0.npy,1643,train,0,-9.220232963562012,9.900581479235665e-05,0
features_0:1644,features_0.npy,1644,train,0,-3.3363852500915527,0.03434383690128895,0
features_0:1645,features_0.npy,1645,train,0,-5.04695463180542,0.006387815465886751,0
features_0:1647,features_0.npy,1647,train,0,-9.837830543518066,5.339016873082329e-05,0
features_0:1648,features_0.npy,1648,train,1,1.3506072759628296,0.7942288926535657,1
features_0:1649,features_0.npy,1649,train,0,-9.674225807189941,6.28796051821962e-05,0
features_0:1652,features_0.npy,1652,train,0,-10.892565727233887,1.8595623083468238e-05,0
features_1:0,features_1.npy,0,train,0,-7.685635566711426,0.00045916779881017937,0
features_1:2,features_1.npy,2,train,0,-6.480620861053467,0.001530512631976443,0
features_1:3,features_1.npy,3,train,1,6.43377161026001,0.9983961955680076,1
features_1:4,features_1.npy,4,train,1,1.0960744619369507,0.7495238556504963,1
features_1:5,features_1.npy,5,train,1,8.249553680419922,0.9997386931110006,1
features_1:6,features_1.npy,6,train,0,-1.7770458459854126,0.1446682956990901,0
features_1:7,features_1.npy,7,train,0,-6.661630153656006,0.0012774257026635317,0
features_1:8,features_1.npy,8,train,1,7.728523254394531,0.9995601000534549,1
features_1:10,features_1.npy,10,train,1,2.321221351623535,0.9106193984299072,1
features_1:12,features_1.npy,12,train,1,7.914917945861816,0.9996348795040718,1
features_1:14,features_1.npy,14,train,1,6.489765644073486,0.9984833986425475,1
features_1:15,features_1.npy,15,train,0,-9.696603775024414,6.14882003913482e-05,0
features_1:16,features_1.npy,16,train,0,-8.115169525146484,0.0002988799859878483,0
features_1:17,features_1.npy,17,train,0,-5.582460880279541,0.0037491838229253057,0
features_1:19,features_1.npy,19,train,0,-8.747673034667969,0.00015880526535648533,0
features_1:22,features_1.npy,22,train,0,-5.191928863525391,0.0055305128602452115,0
features_1:23,features_1.npy,23,train,1,6.728434085845947,0.9988050247148356,1
features_1:24,features_1.npy,24,train,0,-8.740095138549805,0.00016001305306427612,0
features_1:25,features_1.npy,25,train,0,-9.639603614807129,6.509461627084283e-05,0
features_1:26,features_1.npy,26,train,0,-1.067663550376892,0.2558476661563143,0
features_1:29,features_1.npy,29,train,0,-1.666465163230896,0.15889603357804571,0
features_1:30,features_1.npy,30,train,1,6.505528450012207,0.9985070816998011,1
features_1:31,features_1.npy,31,train,0,-7.5863261222839355,0.0005070842801378348,0
features_1:32,features_1.npy,32,train,1,-1.4856303930282593,0.1845784875362502,0
features_1:33,features_1.npy,33,train,1,9.351449966430664,0.9999131681268989,1
features_1:36,features_1.npy,36,train,1,8.35700798034668,0.9997653094449216,1
features_1:37,features_1.npy,37,train,0,-4.217568397521973,0.014520478294636418,0
features_1:39,features_1.npy,39,train,1,6.185582637786865,0.9979453287567032,1
features_1:40,features_1.npy,40,train,1,1.8382843732833862,0.8627456769053539,1
features_1:43,features_1.npy,43,train,1,9.344298362731934,0.9999125449684273,1
features_1:44,features_1.npy,44,train,0,-4.069436073303223,0.01679996033329601,0
features_1:45,features_1.npy,45,train,0,-9.400531768798828,8.267325174219828e-05,0
features_1:46,features_1.npy,46,train,1,5.208967685699463,0.9945624142302785,1
features_1:47,features_1.npy,47,train,1,10.605928421020508,0.9999752318793522,1
features_1:48,features_1.npy,48,train,1,7.060929775238037,0.9991427555041761,1
features_1:51,features_1.npy,51,train,0,-4.320786476135254,0.013115134976727779,0
features_1:52,features_1.npy,52,train,0,-8.061305046081543,0.00031541525700596657,0
features_1:53,features_1.npy,53,train,0,-0.9618664979934692,0.276504646556352,0
features_1:55,features_1.npy,55,train,0,-8.992217063903809,0.00012435857516112094,0
features_1:56,features_1.npy,56,train,0,-10.754423141479492,2.135030586819124e-05,0
features_1:58,features_1.npy,58,train,1,7.605747699737549,0.9995026642264225,1
features_1:59,features_1.npy,59,train,0,-7.1082587242126465,0.0008176495728128821,0
features_1:60,features_1.npy,60,train,0,-5.278368949890137,0.005074858030428631,0
features_1:61,features_1.npy,61,train,1,6.539755344390869,0.9985572426119214,1
features_1:62,features_1.npy,62,train,1,8.551664352416992,0.9998068140877862,1
features_1:63,features_1.npy,63,train,0,-7.5204291343688965,0.0005416064715109298,0
features_1:64,features_1.npy,64,train,0,-9.412458419799805,8.16931734159012e-05,0
features_1:65,features_1.npy,65,train,0,-10.46896743774414,2.840356644267757e-05,0
features_1:67,features_1.npy,67,train,0,-7.428984642028809,0.0005934377379904431,0
features_1:68,features_1.npy,68,train,1,8.572452545166016,0.9998107878669444,1
features_1:69,features_1.npy,69,train,0,-2.9957680702209473,0.04761742421372878,0
features_1:70,features_1.npy,70,train,1,1.869816780090332,0.8664370759733957,1
features_1:73,features_1.npy,73,train,0,-2.821558713912964,0.05617024093878082,0
features_1:74,features_1.npy,74,train,0,-8.3580961227417,0.00023443537706531678,0
features_1:75,features_1.npy,75,train,1,8.04290771484375,0.9996787301186965,1
features_1:76,features_1.npy,76,train,1,9.425453186035156,0.9999193614574893,1
features_1:77,features_1.npy,77,train,0,-7.846770763397217,0.000390859772827039,0
features_1:78,features_1.npy,78,train,0,-7.5714945793151855,0.0005146572725306372,0
features_1:79,features_1.npy,79,train,1,5.10969877243042,0.9939983360234518,1
features_1:80,features_1.npy,80,train,1,5.392341136932373,0.9954693149088999,1
features_1:81,features_1.npy,81,train,0,-6.359765529632568,0.001726785299363061,0
features_1:82,features_1.npy,82,train,1,8.122235298156738,0.9997032237643494,1
features_1:84,features_1.npy,84,train,1,6.723440647125244,0.9987990499401677,1
features_1:86,features_1.npy,86,train,0,-10.920923233032227,1.8075713633347083e-05,0
features_1:87,features_1.npy,87,train,0,-9.776290893554688,5.6778792470326995e-05,0
features_1:88,features_1.npy,88,train,1,6.7768402099609375,0.9988614268596225,1
features_1:90,features_1.npy,90,train,0,-8.9537992477417,0.00012922848941937133,0
features_1:92,features_1.npy,92,train,1,7.81007194519043,0.9995945356043376,1
features_1:93,features_1.npy,93,train,0,-6.887044429779053,0.0010198855786271647,0
features_1:95,features_1.npy,95,train,1,8.4467191696167,0.9997854427059066,1
features_1:96,features_1.npy,96,train,0,-8.070917129516602,0.0003123989262047041,0
features_1:97,features_1.npy,97,train,0,-9.624042510986328,6.611541516173715e-05,0
features_1:98,features_1.npy,98,train,1,5.622961044311523,0.9963990891586583,1
features_1:99,features_1.npy,99,train,1,5.3025641441345215,0.9950458546180883,1
features_1:100,features_1.npy,100,train,1,1.3790522813796997,0.7988387493560487,1
features_1:102,features_1.npy,102,train,0,-5.208581447601318,0.005439674951522083,0
features_1:103,features_1.npy,103,train,1,4.846756458282471,0.9922073912297188,1
features_1:104,features_1.npy,104,train,0,-9.20026969909668,0.00010100195285109587,0
features_1:106,features_1.npy,106,train,0,-7.573665142059326,0.0005135419611690306,0
features_1:107,features_1.npy,107,train,1,2.3350658416748047,0.9117398377564189,1
features_1:108,features_1.npy,108,train,0,-7.899301052093506,0.00037086516945897475,0
features_1:109,features_1.npy,109,train,1,2.496173858642578,0.9238731575848598,1
features_1:111,features_1.npy,111,train,0,-5.394664287567139,0.004520219365995659,0
features_1:112,features_1.npy,112,train,0,-4.1390299797058105,0.01568826021900834,0
features_1:114,features_1.npy,114,train,1,7.862608432769775,0.9996152794099886,1
features_1:117,features_1.npy,117,train,0,-5.344743728637695,0.004750499315355685,0
features_1:118,features_1.npy,118,train,1,8.481014251708984,0.9997926747202887,1
features_1:119,features_1.npy,119,train,1,3.728532075881958,0.9765357202610175,1
features_1:120,features_1.npy,120,train,0,-7.834338665008545,0.00039574737558876186,0
features_1:121,features_1.npy,121,train,1,6.874271869659424,0.9989670178674823,1
features_1:122,features_1.npy,122,train,0,-1.8481028079986572,0.13609580299918017,0
features_1:123,features_1.npy,123,train,1,4.594191551208496,0.9899908056590944,1
features_1:124,features_1.npy,124,train,0,-7.237660884857178,0.0007184750213073761,0
features_1:126,features_1.npy,126,train,0,-7.4561944007873535,0.0005775173429380642,0
features_1:130,features_1.npy,130,train,1,0.7489051222801208,0.6789400840140589,1
features_1:131,features_1.npy,131,train,1,7.726137161254883,0.9995590496213345,1
features_1:132,features_1.npy,132,train,1,3.2065718173980713,0.9610808387136311,1
features_1:134,features_1.npy,134,train,1,6.954971790313721,0.999047028172358,1
features_1:135,features_1.npy,135,train,0,-3.0400028228759766,0.045651047799964664,0
features_1:136,features_1.npy,136,train,1,5.2046380043029785,0.9945389490241525,1
features_1:137,features_1.npy,137,train,0,-7.489908695220947,0.0005583820049213173,0
features_1:138,features_1.npy,138,train,0,-6.468812465667725,0.0015486645027335505,0
features_1:139,features_1.npy,139,train,0,-4.286235332489014,0.01356994054922448,0
features_1:141,features_1.npy,141,train,0,-6.229130744934082,0.001967286750961251,0
features_1:143,features_1.npy,143,train,1,6.076775074005127,0.9977096897974924,1
features_1:144,features_1.npy,144,train,0,-9.953420639038086,4.756239154723647e-05,0
features_1:146,features_1.npy,146,train,0,-4.298192501068115,0.013410811755697022,0
features_1:147,features_1.npy,147,train,1,7.556189060211182,0.9994774091886608,1
features_1:149,features_1.npy,149,train,0,-10.297794342041016,3.3706224013427544e-05,0
features_1:150,features_1.npy,150,train,0,-8.529826164245605,0.00019745030332031909,0
features_1:152,features_1.npy,152,train,1,5.411518573760986,0.9955549914687004,1
features_1:153,features_1.npy,153,train,1,8.378393173217773,0.9997702739223825,1
features_1:154,features_1.npy,154,train,1,7.727200031280518,0.9995595178389612,1
features_1:155,features_1.npy,155,train,0,-6.536733627319336,0.0014471172676930142,0
features_1:156,features_1.npy,156,train,0,-9.420570373535156,8.103321626257745e-05,0
features_1:157,features_1.npy,157,train,0,-2.0341973304748535,0.11565891794192196,0
features_1:160,features_1.npy,160,train,1,7.564150810241699,0.9994815512579992,1
features_1:161,features_1.npy,161,train,0,-9.456380844116211,7.81829448991988e-05,0
features_1:162,features_1.npy,162,train,1,5.246618270874023,0.9947622839909334,1
features_1:164,features_1.npy,164,train,0,-5.259559154510498,0.005170720237771799,0
features_1:166,features_1.npy,166,train,1,5.4306840896606445,0.9956390031975934,1
features_1:167,features_1.npy,167,train,1,3.912517786026001,0.9804016659556315,1
features_1:168,features_1.npy,168,train,0,-2.005398750305176,0.11863725216494382,0
features_1:169,features_1.npy,169,train,1,6.383020877838135,0.9983128413907307,1
features_1:170,features_1.npy,170,train,0,-8.385537147521973,0.0002280911416789384,0
features_1:171,features_1.npy,171,train,0,-7.9336771965026855,0.00035833738537681143,0
features_1:172,features_1.npy,172,train,1,7.35209321975708,0.9993591622562266,1
features_1:173,features_1.npy,173,train,1,8.96646499633789,0.99987239775673,1
features_1:174,features_1.npy,174,train,0,-2.223723888397217,0.09764021318237207,0
features_1:175,features_1.npy,175,train,0,-7.54457950592041,0.0005286899859937616,0
features_1:176,features_1.npy,176,train,1,5.485785007476807,0.9958718326821551,1
features_1:177,features_1.npy,177,train,1,7.29473352432251,0.9993213550033169,1
features_1:178,features_1.npy,178,train,1,6.331912517547607,0.9982245290486017,1
features_1:179,features_1.npy,179,train,1,8.821598052978516,0.9998525093176279,1
features_1:180,features_1.npy,180,train,1,0.3199062943458557,0.5793014151930328,0
features_1:181,features_1.npy,181,train,0,-7.965728759765625,0.0003470381442932806,0
features_1:182,features_1.npy,182,train,0,-6.38791036605835,0.001678943218196752,0
features_1:183,features_1.npy,183,train,0,-8.880241394042969,0.000139091231980694,0
features_1:184,features_1.npy,184,train,0,-6.383385181427002,0.0016865451197025272,0
features_1:186,features_1.npy,186,train,1,4.9602766036987305,0.9930378234393413,1
features_1:187,features_1.npy,187,train,0,-7.85294771194458,0.00038845382832071966,0
features_1:188,features_1.npy,188,train,0,-4.6963067054748535,0.009046347269243938,0
features_1:189,features_1.npy,189,train,1,6.841476917266846,0.9989326164131223,1
features_1:190,features_1.npy,190,train,1,5.265476703643799,0.9948596305785217,1
features_1:191,features_1.npy,191,train,1,0.9677520990371704,0.7246712167839022,1
features_1:192,features_1.npy,192,train,1,2.7015302181243896,0.9371168782526759,1
features_1:193,features_1.npy,193,train,1,6.108721733093262,0.9977815414166923,1
features_1:194,features_1.npy,194,train,0,-9.266698837280273,9.451109217506121e-05,0
features_1:195,features_1.npy,195,train,0,-10.043904304504395,4.3447912403317435e-05,0
features_1:196,features_1.npy,196,train,0,-4.71328592300415,0.008895398823159192,0
features_1:198,features_1.npy,198,train,0,-7.294370651245117,0.0006788911361524031,0
features_1:199,features_1.npy,199,train,0,-3.942721366882324,0.019026338269112212,0
features_1:200,features_1.npy,200,train,1,4.821126937866211,0.9920067060846494,1
features_1:201,features_1.npy,201,train,1,5.572958469390869,0.9962151555692986,1
features_1:202,features_1.npy,202,train,1,6.029855251312256,0.9975999319889763,1
features_1:203,features_1.npy,203,train,1,7.672104358673096,0.9995345797919524,1
features_1:204,features_1.npy,204,train,1,3.705385208129883,0.9759994484069818,1
features_1:205,features_1.npy,205,train,1,6.254727840423584,0.9980823357036122,1
features_1:206,features_1.npy,206,train,0,-9.361407279968262,8.59716252342516e-05,0
features_1:208,features_1.npy,208,train,1,7.251972198486328,0.9992917268422081,1
features_1:209,features_1.npy,209,train,1,7.13563346862793,0.9992044122219685,1
features_1:210,features_1.npy,210,train,1,8.460371971130371,0.9997883514923476,1
features_1:211,features_1.npy,211,train,0,-5.375561237335205,0.0046069977564645965,0
features_1:212,features_1.npy,212,train,1,8.744911193847656,0.999840755603497,1
features_1:214,features_1.npy,214,train,0,-5.304642200469971,0.0049439119227885275,0
features_1:215,features_1.npy,215,train,0,-3.5255274772644043,0.02859455896816691,0
features_1:217,features_1.npy,217,train,1,7.4145989418029785,0.9993979687203033,1
features_1:218,features_1.npy,218,train,1,7.548449993133545,0.9994733512712835,1
features_1:219,features_1.npy,219,train,1,5.25134801864624,0.9947868697332753,1
features_1:220,features_1.npy,220,train,0,-5.575345039367676,0.0037758564706216937,0
features_1:221,features_1.npy,221,train,1,7.911301612854004,0.9996335572011178,1
features_1:222,features_1.npy,222,train,1,8.442253112792969,0.9997844825448824,1
features_1:223,features_1.npy,223,train,1,8.02723503112793,0.9996736569494048,1
features_1:224,features_1.npy,224,train,0,-5.1113762855529785,0.005991664818977297,0
features_1:225,features_1.npy,225,train,0,-10.718096733093262,2.214012746517256e-05,0
features_1:226,features_1.npy,226,train,1,8.2746000289917,0.999745154965787,1
features_1:227,features_1.npy,227,train,0,-8.499814987182617,0.00020346461047696522,0
features_1:228,features_1.npy,228,train,1,7.439159393310547,0.9994125662003355,1
features_1:229,features_1.npy,229,train,1,9.963659286499023,0.9999529220757095,1
features_1:230,features_1.npy,230,train,1,10.20824146270752,0.9999631361192318,1
features_1:231,features_1.npy,231,train,1,9.475963592529297,0.9999233330822248,1
features_1:232,features_1.npy,232,train,1,3.9402735233306885,0.9809279205241083,1
features_1:233,features_1.npy,233,train,1,3.6186280250549316,0.9738810489480894,1
features_1:234,features_1.npy,234,train,0,-2.072171211242676,0.11183120121365556,0
features_1:235,features_1.npy,235,train,0,-7.918671607971191,0.00036375302361517863,0
features_1:238,features_1.npy,238,train,1,7.0286946296691895,0.999114696757739,1
features_1:239,features_1.npy,239,train,1,6.476093769073486,0.9984625535660395,1
features_1:240,features_1.npy,240,train,1,9.28541088104248,0.999907240797637,1
features_1:242,features_1.npy,242,train,1,8.822309494018555,0.9998526141957753,1
features_1:244,features_1.npy,244,train,0,-6.008815288543701,0.002450975250136639,0
features_1:245,features_1.npy,245,train,1,5.179605960845947,0.9944012974460532,1
features_1:246,features_1.npy,246,train,1,7.02094841003418,0.9991078185169531,1
features_1:247,features_1.npy,247,train,0,-9.852580070495605,5.260850915015434e-05,0
features_1:248,features_1.npy,248,train,0,-5.478879451751709,0.004156654358571123,0
features_1:249,features_1.npy,249,train,1,8.518267631530762,0.9998002546787865,1
features_1:251,features_1.npy,251,train,1,5.078190803527832,0.9938074148258141,1
features_1:253,features_1.npy,253,train,1,10.327685356140137,0.9999672863478527,1
features_1:254,features_1.npy,254,train,1,4.237260818481445,0.9857586356186222,1
features_1:255,features_1.npy,255,train,1,7.705300807952881,0.9995497696150804,1
features_1:256,features_1.npy,256,train,1,3.4058921337127686,0.9678881724254821,1
features_1:257,features_1.npy,257,train,1,7.792795658111572,0.9995874727403957,1
features_1:258,features_1.npy,258,train,0,-8.278581619262695,0.00025383262011176213,0
features_1:259,features_1.npy,259,train,1,9.354704856872559,0.9999134502712478,1
features_1:263,features_1.npy,263,train,1,5.183539867401123,0.9944231563663523,1
features_1:264,features_1.npy,264,train,1,3.0292506217956543,0.9538782156055119,1
features_1:266,features_1.npy,266,train,1,7.020665645599365,0.9991075664292617,1
features_1:267,features_1.npy,267,train,0,-9.889463424682617,5.070357537972259e-05,0
features_1:268,features_1.npy,268,train,0,-2.3090736865997314,0.0903742650350779,0
features_1:270,features_1.npy,270,train,1,7.945033550262451,0.999645707567547,1
features_1:271,features_1.npy,271,train,0,-4.86610746383667,0.007644405259526332,0
features_1:272,features_1.npy,272,train,1,6.447938919067383,0.9984187212902945,1
features_1:274,features_1.npy,274,train,0,-5.575981616973877,0.0037734626769385968,0
features_1:276,features_1.npy,276,train,0,-7.964900016784668,0.00034732576899372596,0
features_1:277,features_1.npy,277,train,1,4.453869342803955,0.9885003152866687,1
features_1:278,features_1.npy,278,train,0,-7.270118236541748,0.0006955455723796426,0
features_1:279,features_1.npy,279,train,1,3.547168254852295,0.9720004615950978,1
features_1:280,features_1.npy,280,train,1,6.745001792907715,0.9988246365354106,1
features_1:282,features_1.npy,282,train,0,-7.352351665496826,0.0006406722494844587,0
features_1:283,features_1.npy,283,train,1,4.852296352386475,0.9922501084588065,1
features_1:288,features_1.npy,288,train,1,7.626071453094482,0.9995126650587074,1
features_1:289,features_1.npy,289,train,1,9.589576721191406,0.9999315662994953,1
features_1:291,features_1.npy,291,train,1,7.529417991638184,0.9994632375349134,1
features_1:292,features_1.npy,292,train,1,8.6958589553833,0.999832750896377,1
features_1:293,features_1.npy,293,train,0,-4.41180419921875,0.011987816352744506,0
features_1:295,features_1.npy,295,train,0,-6.987082004547119,0.0009228855617695399,0
features_1:296,features_1.npy,296,train,1,4.205654621124268,0.9853080501804841,1
features_1:298,features_1.npy,298,train,0,-5.784226894378662,0.003066256442120686,0
features_1:299,features_1.npy,299,train,0,-8.526618003845215,0.00019808464708150877,0
features_1:305,features_1.npy,305,train,1,4.095478534698486,0.9836248323165162,1
features_1:308,features_1.npy,308,train,1,10.12911605834961,0.9999601008667864,1
features_1:309,features_1.npy,309,train,1,3.8776397705078125,0.9797201615852449,1
features_1:312,features_1.npy,312,train,1,6.277868747711182,0.9981261204755467,1
features_1:313,features_1.npy,313,train,1,5.9491400718688965,0.9973987020813744,1
features_1:314,features_1.npy,314,train,1,6.2993550300598145,0.9981658806546443,1
features_1:315,features_1.npy,315,train,0,-8.660829544067383,0.00017321052953538869,0
features_1:317,features_1.npy,317,train,1,4.8334784507751465,0.9921040533658547,1
features_1:318,features_1.npy,318,train,0,-4.624325752258301,0.009714960992313414,0
features_1:319,features_1.npy,319,train,1,6.955163478851318,0.9990472106545939,1
features_1:321,features_1.npy,321,train,0,-7.1356425285339355,0.0007955805758480904,0
features_1:322,features_1.npy,322,train,1,4.364891529083252,0.9874436327774413,1
features_1:324,features_1.npy,324,train,1,6.855466842651367,0.9989474294539613,1
features_1:325,features_1.npy,325,train,0,-8.594504356384277,0.0001850860955834094,0
features_1:326,features_1.npy,326,train,1,5.386814594268799,0.9954443209527405,1
features_1:327,features_1.npy,327,train,1,6.471191883087158,0.9984550103496611,1
features_1:328,features_1.npy,328,train,0,-2.793074369430542,0.057699573314726554,0
features_1:329,features_1.npy,329,train,1,2.9479312896728516,0.9501656242955615,1
features_1:330,features_1.npy,330,train,1,3.571739673614502,0.9726614869755389,1
features_1:331,features_1.npy,331,train,0,-5.873950004577637,0.002803861221777137,0
features_1:332,features_1.npy,332,train,0,-9.78212833404541,5.6448333812300825e-05,0
features_1:333,features_1.npy,333,train,1,6.493682861328125,0.9984893189217328,1
features_1:334,features_1.npy,334,train,1,4.135483741760254,0.9842568841264788,1
features_1:336,features_1.npy,336,train,0,-2.1884467601776123,0.10079278201217491,0
features_1:338,features_1.npy,338,train,1,4.554312229156494,0.9895878199060811,1
features_1:339,features_1.npy,339,train,1,8.130485534667969,0.9997056614482427,1
features_1:343,features_1.npy,343,train,0,-3.248164176940918,0.037392911119887934,0
features_1:345,features_1.npy,345,train,0,-7.829214096069336,0.0003977798068053252,0
features_1:346,features_1.npy,346,train,0,-8.90251636505127,0.00013602764756751197,0
features_1:350,features_1.npy,350,train,1,7.997279644012451,0.9996637366630015,1
features_1:351,features_1.npy,351,train,1,9.143795013427734,0.9998931304780533,1
features_1:354,features_1.npy,354,train,0,-3.2809252738952637,0.03623139316421914,0
features_1:355,features_1.npy,355,train,0,-4.559576988220215,0.010358072835109934,0
features_1:356,features_1.npy,356,train,1,9.634963989257812,0.9999346026871789,1
features_1:357,features_1.npy,357,train,1,2.979609966278076,0.9516444261378723,1
features_1:358,features_1.npy,358,train,1,2.4617042541503906,0.9214131581556135,1
features_1:359,features_1.npy,359,train,0,-9.23045539855957,9.799898834569171e-05,0
features_1:361,features_1.npy,361,train,0,-9.091463088989258,0.00011261048765161075,0
features_1:362,features_1.npy,362,train,1,4.8004984855651855,0.9918414635685621,1
features_1:364,features_1.npy,364,train,1,6.079283237457275,0.9977154139645212,1
features_1:365,features_1.npy,365,train,0,-7.017397403717041,0.00089535241519366,0
features_1:366,features_1.npy,366,train,1,7.116032600402832,0.9991886769540359,1
features_1:367,features_1.npy,367,train,1,7.7272725105285645,0.9995595497495589,1
features_1:368,features_1.npy,368,train,1,6.4938063621521,0.9984895051987743,1
features_1:369,features_1.npy,369,train,1,7.42253303527832,0.9994027235522338,1
features_1:370,features_1.npy,370,train,1,5.367892742156982,0.9953577023343764,1
features_1:371,features_1.npy,371,train,0,-4.993673801422119,0.006735039370211821,0
features_1:373,features_1.npy,373,train,1,6.174895763397217,0.9979232988376254,1
features_1:375,features_1.npy,375,train,1,2.0268826484680176,0.8835908163443639,1
features_1:376,features_1.npy,376,train,1,7.609097480773926,0.9995043265807745,1
features_1:378,features_1.npy,378,train,1,9.079678535461426,0.999886054749899,1
features_1:379,features_1.npy,379,train,0,-5.399949550628662,0.0044964989808321575,0
features_1:381,features_1.npy,381,train,1,5.83865213394165,0.9970956935654804,1
features_1:382,features_1.npy,382,train,0,-7.4871344566345215,0.0005599323719922732,0
features_1:383,features_1.npy,383,train,1,9.687374114990234,0.9999379416927427,1
features_1:384,features_1.npy,384,train,0,-7.060983180999756,0.0008571987544941575,0
features_1:385,features_1.npy,385,train,1,-2.077695369720459,0.11128368968774112,0
features_1:386,features_1.npy,386,train,1,6.216753959655762,0.9980082620581008,1
features_1:387,features_1.npy,387,train,0,-5.088599681854248,0.006128854618672951,0
features_1:388,features_1.npy,388,train,1,6.988946437835693,0.9990788319102242,1
features_1:390,features_1.npy,390,train,1,7.924757957458496,0.9996384533826844,1
features_1:391,features_1.npy,391,train,0,-7.521561145782471,0.0005409940451917007,0
features_1:392,features_1.npy,392,train,0,-6.2870402336120605,0.0018568036018120223,0
features_1:393,features_1.npy,393,train,0,-6.461409091949463,0.0015601544367648264,0
features_1:395,features_1.npy,395,train,0,-10.10325813293457,4.0944253874884385e-05,0
features_1:396,features_1.npy,396,train,1,2.798279285430908,0.9425827690709836,1
features_1:397,features_1.npy,397,train,1,9.031970024108887,0.9998804874945267,1
features_1:399,features_1.npy,399,train,0,-8.206412315368652,0.0002728235861664499,0
features_1:400,features_1.npy,400,train,1,6.1320271492004395,0.9978325349339856,1
features_1:401,features_1.npy,401,train,0,-5.859382152557373,0.002844889374561354,0
features_1:402,features_1.npy,402,train,0,-5.8539958000183105,0.0028602103480538004,0
features_1:404,features_1.npy,404,train,1,3.852935314178467,0.979223458167444,1
features_1:407,features_1.npy,407,train,0,-8.115853309631348,0.00029867574736636404,0
features_1:408,features_1.npy,408,train,1,5.60219669342041,0.9963238146442867,1
features_1:410,features_1.npy,410,train,1,8.085790634155273,0.999692211737186,1
features_1:411,features_1.npy,411,train,1,4.802792072296143,0.991860002293084,1
features_1:412,features_1.npy,412,train,1,6.357487201690674,0.9982692828490751,1
features_1:413,features_1.npy,413,train,0,-3.3999321460723877,0.032297585368428604,0
features_1:414,features_1.npy,414,train,1,5.716956615447998,0.9967210791626513,1
features_1:415,features_1.npy,415,train,0,-10.293222427368164,3.3860673571634305e-05,0
features_1:416,features_1.npy,416,train,0,-7.163481712341309,0.0007737546173701373,0
features_1:417,features_1.npy,417,train,1,2.1996512413024902,0.9002181878624448,1
features_1:419,features_1.npy,419,train,1,6.634318828582764,0.9986872517509374,1
features_1:420,features_1.npy,420,train,0,-3.855719566345215,0.02071997208066467,0
features_1:421,features_1.npy,421,train,1,8.074029922485352,0.9996885716926815,1
features_1:422,features_1.npy,422,train,1,6.534871578216553,0.998550189528901,1
features_1:423,features_1.npy,423,train,1,7.188342571258545,0.9992452301020833,1
features_1:425,features_1.npy,425,train,0,-7.916684627532959,0.0003644762486039058,0
features_1:428,features_1.npy,428,train,1,3.069174289703369,0.9556031541948176,1
features_1:429,features_1.npy,429,train,1,-0.10671304166316986,0.4733470277300159,0
features_1:430,features_1.npy,430,train,0,-4.275388240814209,0.013715906254450051,0
features_1:431,features_1.npy,431,train,0,-5.878203868865967,0.0027919925392155616,0
features_1:432,features_1.npy,432,train,1,9.366907119750977,0.9999144998667497,1
features_1:433,features_1.npy,433,train,1,5.9550604820251465,0.9974140176240387,1
features_1:434,features_1.npy,434,train,1,5.281436443328857,0.9949406065723206,1
features_1:435,features_1.npy,435,train,0,-5.593810558319092,0.003707029208402788,0
features_1:436,features_1.npy,436,train,0,-6.618790149688721,0.0013332652044717279,0
features_1:437,features_1.npy,437,train,1,9.229220390319824,0.999901879919212,1
features_1:438,features_1.npy,438,train,1,2.887085437774658,0.9472043191012317,1
features_1:439,features_1.npy,439,train,0,-2.9195556640625,0.051195279930905176,0
features_1:441,features_1.npy,441,train,1,6.396632671356201,0.998335613088861,1
features_1:442,features_1.npy,442,train,0,-3.8953516483306885,0.019930902730688302,0
features_1:443,features_1.npy,443,train,1,7.726513385772705,0.9995592154133639,1
features_1:447,features_1.npy,447,train,1,5.444891452789307,0.9957002588869927,1
features_1:449,features_1.npy,449,train,0,-5.085879802703857,0.006145444470549447,0
features_1:450,features_1.npy,450,train,1,8.278101921081543,0.9997460456185623,1
features_1:451,features_1.npy,451,train,1,9.165200233459473,0.9998953934977677,1
features_1:456,features_1.npy,456,train,1,4.159647464752197,0.9846269591223235,1
features_1:457,features_1.npy,457,train,0,-10.457468032836914,2.8732066326051234e-05,0
features_1:460,features_1.npy,460,train,0,-8.915240287780762,0.0001343080380412969,0
features_1:461,features_1.npy,461,train,0,-8.343877792358398,0.00023779166796791592,0
features_1:462,features_1.npy,462,train,1,7.2015533447265625,0.9992551282440281,1
features_1:463,features_1.npy,463,train,1,7.930543422698975,0.9996405383092296,1
features_1:464,features_1.npy,464,train,1,6.050408840179443,0.9976486436926869,1
features_1:465,features_1.npy,465,train,1,9.546403884887695,0.999928547333902,1
features_1:466,features_1.npy,466,train,1,-1.4449917078018188,0.19077354397789326,0
features_1:467,features_1.npy,467,train,0,-6.369766712188721,0.0017096308548471318,0
features_1:468,features_1.npy,468,train,1,8.911779403686523,0.9998652263948801,1
features_1:470,features_1.npy,470,train,1,6.015511989593506,0.997565343535286,1
features_1:471,features_1.npy,471,train,0,-3.311100959777832,0.035192318281313924,0
features_1:472,features_1.npy,472,train,0,-2.849945545196533,0.05468413212219119,0
features_1:474,features_1.npy,474,train,1,4.460586071014404,0.9885764173184948,1
features_1:475,features_1.npy,475,train,1,0.5661768317222595,0.6378805318406344,1
features_1:476,features_1.npy,476,train,1,9.284531593322754,0.9999071592073164,1
features_1:478,features_1.npy,478,train,1,1.7824904918670654,0.8560041188547046,1
features_1:479,features_1.npy,479,train,1,9.443954467773438,0.9999208395404066,1
features_1:483,features_1.npy,483,train,1,3.2069122791290283,0.9610935715019656,1
features_1:484,features_1.npy,484,train,1,7.553139686584473,0.9994758140184536,1
features_1:485,features_1.npy,485,train,0,-7.086042404174805,0.0008360026655017625,0
features_1:486,features_1.npy,486,train,0,-7.952988147735596,0.00035148634478809795,0
features_1:487,features_1.npy,487,train,0,-9.495079040527344,7.521542271216619e-05,0
features_1:490,features_1.npy,490,train,0,-7.355747222900391,0.0006385018859888641,0
features_1:491,features_1.npy,491,train,1,7.692008972167969,0.9995437480268003,1
features_1:492,features_1.npy,492,train,0,-5.135143280029297,0.0058517633719484905,0
features_1:494,features_1.npy,494,train,0,-7.345798492431641,0.0006448817558660116,0
features_1:495,features_1.npy,495,train,0,-5.151900768280029,0.0057550792182824275,0
features_1:496,features_1.npy,496,train,1,8.210735321044922,0.9997283529664058,1
features_1:498,features_1.npy,498,train,1,4.113335132598877,0.9839099788519731,1
features_1:499,features_1.npy,499,train,1,8.703929901123047,0.999834095099079,1
features_1:500,features_1.npy,500,train,1,5.0832319259643555,0.9938383619847012,1
features_1:501,features_1.npy,501,train,1,6.252072811126709,0.9980772472863733,1
features_1:502,features_1.npy,502,train,1,5.111507892608643,0.9940091189507305,1
features_1:504,features_1.npy,504,train,1,8.932852745056152,0.999868036437787,1
features_1:505,features_1.npy,505,train,0,-2.792682647705078,0.057720875045646186,0
features_1:506,features_1.npy,506,train,0,-9.89202880859375,5.057367451556894e-05,0
features_1:507,features_1.npy,507,train,0,-6.148972034454346,0.002131124651551228,0
features_1:509,features_1.npy,509,train,1,5.836759090423584,0.9970902063929034,1
features_1:510,features_1.npy,510,train,1,4.488011837005615,0.9888820246435607,1
features_1:511,features_1.npy,511,train,0,-5.4164838790893555,0.00442308978964799,0
features_1:512,features_1.npy,512,train,1,9.208066940307617,0.999899782442778,1
features_1:513,features_1.npy,513,train,1,4.749866962432861,0.9914213831725358,1
features_1:517,features_1.npy,517,train,0,-9.104459762573242,0.00011115655718147428,0
features_1:518,features_1.npy,518,train,0,-9.26663589477539,9.451704056488357e-05,0
features_1:521,features_1.npy,521,train,1,1.0302072763442993,0.7369560787027886,1
features_1:522,features_1.npy,522,train,1,4.999337673187256,0.9933027444505648,1
features_1:523,features_1.npy,523,train,1,9.549111366271973,0.9999287405152442,1
features_1:524,features_1.npy,524,train,0,-5.422145366668701,0.004398229099622444,0
features_1:527,features_1.npy,527,train,0,-10.02215576171875,4.4403149078324556e-05,0
features_1:528,features_1.npy,528,train,0,-8.368631362915039,0.00023197907857857317,0
features_1:531,features_1.npy,531,train,0,-3.166065216064453,0.04046291008331545,0
features_1:532,features_1.npy,532,train,0,-9.182198524475098,0.00010284357912295551,0
features_1:533,features_1.npy,533,train,1,4.059178829193115,0.9830297709533218,1
features_1:534,features_1.npy,534,train,0,-9.789474487304688,5.603519827388264e-05,0
features_1:535,features_1.npy,535,train,1,5.654282093048096,0.9965097379522465,1
features_1:537,features_1.npy,537,train,1,9.349353790283203,0.9999129859369511,1
features_1:538,features_1.npy,538,train,1,4.977906703948975,0.99315865927365,1
features_1:539,features_1.npy,539,train,1,7.328441619873047,0.9993438348190085,1
features_1:540,features_1.npy,540,train,1,5.5684123039245605,0.996197975437627,1
features_1:541,features_1.npy,541,train,1,6.903107643127441,0.9989963498727186,1
features_1:543,features_1.npy,543,train,1,4.312081813812256,0.9867717206523212,1
features_1:544,features_1.npy,544,train,0,-5.21801233291626,0.0053888903045946675,0
features_1:545,features_1.npy,545,train,1,8.941213607788086,0.9998691350236667,1
features_1:546,features_1.npy,546,train,1,7.656321048736572,0.9995271791441123,1
features_1:547,features_1.npy,547,train,0,-6.670207500457764,0.001266529453920302,0
features_1:549,features_1.npy,549,train,1,7.771722316741943,0.9995786908685057,1
features_1:550,features_1.npy,550,train,0,-8.549631118774414,0.00019357902778605128,0
features_1:551,features_1.npy,551,train,0,-9.743736267089844,5.8657510997183916e-05,0
features_1:554,features_1.npy,554,train,1,9.894936561584473,0.9999495731602391,1
features_1:555,features_1.npy,555,train,1,0.5709457397460938,0.6389813710087018,1
features_1:556,features_1.npy,556,train,1,1.2500752210617065,0.7773128820289498,1
features_1:557,features_1.npy,557,train,1,4.122345447540283,0.9840520021323753,1
features_1:559,features_1.npy,559,train,0,-7.636302471160889,0.00048237682036325136,0
features_1:561,features_1.npy,561,train,1,8.037447929382324,0.9996769718250965,1
features_1:562,features_1.npy,562,train,0,-9.697441101074219,6.1436739430325e-05,0
features_1:563,features_1.npy,563,train,0,-8.897890090942383,0.00013665832046031468,0
features_1:564,features_1.npy,564,train,1,6.6776862144470215,0.998742895363629,1
features_1:565,features_1.npy,565,train,1,4.470944404602051,0.9886928047956013,1
features_1:566,features_1.npy,566,train,0,-6.067056179046631,0.0023126262775180328,0
features_1:567,features_1.npy,567,train,0,-9.243390083312988,9.673968684248748e-05,0
features_1:568,features_1.npy,568,train,1,7.275386333465576,0.9993081064657816,1
features_1:570,features_1.npy,570,train,1,7.553394794464111,0.999475947655303,1
features_1:571,features_1.npy,571,train,1,8.797751426696777,0.9998489504286108,1
features_1:572,features_1.npy,572,train,1,8.64569091796875,0.9998241478170851,1
features_1:573,features_1.npy,573,train,1,2.182563543319702,0.8986727471527366,1
features_1:576,features_1.npy,576,train,0,-4.717383861541748,0.008859342901281942,0
features_1:578,features_1.npy,578,train,0,-3.6767210960388184,0.024681235521978654,0
features_1:579,features_1.npy,579,train,0,0.32475602626800537,0.5804828928934361,0
features_1:581,features_1.npy,581,train,0,-9.662094116210938,6.36470382871269e-05,0
features_1:582,features_1.npy,582,train,0,-8.227811813354492,0.0002670488659196202,0
features_1:584,features_1.npy,584,train,0,-8.50822639465332,0.00020176070818484117,0
features_1:585,features_1.npy,585,train,0,-0.8325753211975098,0.30310080757308755,0
features_1:586,features_1.npy,586,train,0,-9.443273544311523,7.921437589220672e-05,0
features_1:592,features_1.npy,592,train,0,-6.107295036315918,0.002221618873296763,0
features_1:594,features_1.npy,594,train,1,7.395676136016846,0.9993864751866748,1
features_1:595,features_1.npy,595,train,1,10.577543258666992,0.9999745187772608,1
features_1:596,features_1.npy,596,train,1,9.830610275268555,0.9999462229657037,1
features_1:597,features_1.npy,597,train,1,6.3115668296813965,0.9981881020123304,1
features_1:598,features_1.npy,598,train,1,3.0808165073394775,0.9560944725789405,1
features_1:599,features_1.npy,599,train,1,5.449450492858887,0.9957197332483368,1
features_1:600,features_1.npy,600,train,1,8.474003791809082,0.9997912164726636,1
features_1:601,features_1.npy,601,train,0,-6.5292768478393555,0.0014579326435522112,0
features_1:602,features_1.npy,602,train,1,6.4583048820495605,0.998435002582818,1
features_1:603,features_1.npy,603,train,0,-10.346012115478516,3.211959635997137e-05,0
features_1:604,features_1.npy,604,train,0,-6.313165187835693,0.0018090094738045241,0
features_1:605,features_1.npy,605,train,1,6.1639323234558105,0.9979004538501786,1
features_1:608,features_1.npy,608,train,1,4.171530246734619,0.9848057933928791,1
features_1:609,features_1.npy,609,train,0,-5.118054389953613,0.005952022528844448,0
features_1:610,features_1.npy,610,train,1,8.912857055664062,0.999865371536149,1
features_1:611,features_1.npy,611,train,1,7.762396335601807,0.9995747450476427,1
features_1:612,features_1.npy,612,train,1,4.3592610359191895,0.9873736300134465,1
features_1:614,features_1.npy,614,train,1,8.991522789001465,0.999875555066571,1
features_1:615,features_1.npy,615,train,1,-4.210834980010986,0.01461714667235358,0
features_1:616,features_1.npy,616,train,0,-5.732097148895264,0.003229809295012641,0
features_1:621,features_1.npy,621,train,1,7.279562950134277,0.9993109882265669,1
features_1:622,features_1.npy,622,train,1,4.717478275299072,0.9911414860937844,1
features_1:623,features_1.npy,623,train,0,-6.965708255767822,0.0009428046025836712,0
features_1:624,features_1.npy,624,train,0,-2.5322346687316895,0.0736290793773038,0
features_1:625,features_1.npy,625,train,1,8.038683891296387,0.9996773707002597,1
features_1:627,features_1.npy,627,train,0,-2.591830253601074,0.06966606571895197,0
features_1:631,features_1.npy,631,train,1,8.773943901062012,0.9998453117259573,1
features_1:633,features_1.npy,633,train,1,6.241372585296631,0.9980566031297534,1
features_1:635,features_1.npy,635,train,0,-3.7092652320861816,0.023909831538110396,0
features_1:637,features_1.npy,637,train,0,-4.0226850509643555,0.017589881227089887,0
features_1:638,features_1.npy,638,train,1,5.371362686157227,0.995373708538257,1
features_1:639,features_1.npy,639,train,0,-8.960710525512695,0.0001283385489119983,0
features_1:640,features_1.npy,640,train,1,1.8225361108779907,0.8608701620439445,1
features_1:641,features_1.npy,641,train,0,-1.8692389726638794,0.1336298042964369,0
features_1:642,features_1.npy,642,train,1,4.640931606292725,0.9904435031700906,1
features_1:644,features_1.npy,644,train,0,-5.331480979919434,0.0048136183543405426,0
features_1:645,features_1.npy,645,train,1,5.546647548675537,0.9961146432546277,1
features_1:646,features_1.npy,646,train,0,-1.8915857076644897,0.13106377376513834,0
features_1:648,features_1.npy,648,train,1,-0.07841187715530396,0.4804070684843247,0
features_1:650,features_1.npy,650,train,1,1.850450038909912,0.8641799340547752,1
features_1:651,features_1.npy,651,train,1,7.922759532928467,0.99963773039863,1
features_1:652,features_1.npy,652,train,0,-10.525748252868652,2.6835763824677688e-05,0
features_1:653,features_1.npy,653,train,1,3.260004758834839,0.9630309601293046,1
features_1:654,features_1.npy,654,train,0,-3.8068740367889404,0.021734632016655972,0
features_1:655,features_1.npy,655,train,0,-9.357898712158203,8.627376621886192e-05,0
features_1:657,features_1.npy,657,train,1,5.708858966827393,0.9966945079427819,1
features_1:658,features_1.npy,658,train,1,3.479076862335205,0.9700865436171257,1
features_1:659,features_1.npy,659,train,1,8.30512809753418,0.9997528154446388,1
features_1:662,features_1.npy,662,train,1,5.3294830322265625,0.9951768011068822,1
features_1:665,features_1.npy,665,train,1,4.312674045562744,0.98677944899811,1
features_1:666,features_1.npy,666,train,0,-4.748460292816162,0.008590588860443938,0
features_1:667,features_1.npy,667,train,1,7.397329330444336,0.999387488003799,1
features_1:668,features_1.npy,668,train,0,-6.7541937828063965,0.0011646215633425655,0
features_1:670,features_1.npy,670,train,0,-9.957935333251953,4.7348156028189936e-05,0
features_1:673,features_1.npy,673,train,0,-3.2764294147491455,0.03638871037541293,0
features_1:674,features_1.npy,674,train,1,6.688997745513916,0.9987570174450828,1
features_1:675,features_1.npy,675,train,1,9.726190567016602,0.9999403042819455,1
features_1:676,features_1.npy,676,train,1,8.748764038085938,0.9998413678697841,1
features_1:678,features_1.npy,678,train,0,-9.248104095458984,9.628477177266031e-05,0
features_1:679,features_1.npy,679,train,0,-8.731391906738281,0.00016141153580356385,0
features_1:680,features_1.npy,680,train,0,-7.228538990020752,0.0007250540841359654,0
features_1:682,features_1.npy,682,train,1,8.142256736755371,0.9997091048526828,1
features_1:683,features_1.npy,683,train,1,3.8876307010650635,0.9799177185497241,1
features_1:685,features_1.npy,685,train,0,-10.129587173461914,3.988034130535483e-05,0
features_1:688,features_1.npy,688,train,1,2.8666458129882812,0.9461727751658422,1
features_1:689,features_1.npy,689,train,1,7.534457683563232,0.9994659344062559,1
features_1:690,features_1.npy,690,train,0,-8.814590454101562,0.00014852771370662892,0
features_1:691,features_1.npy,691,train,1,5.094578266143799,0.993907455363712,1
features_1:693,features_1.npy,693,train,0,-9.331174850463867,8.861021047599088e-05,0
features_1:695,features_1.npy,695,train,1,4.50156307220459,0.9890300290950446,1
features_1:696,features_1.npy,696,train,0,-5.368844509124756,0.004637901864310654,0
features_1:697,features_1.npy,697,train,1,9.502410888671875,0.9999253339876117,1
features_1:698,features_1.npy,698,train,1,2.9618289470672607,0.9508195891380354,1
features_1:700,features_1.npy,700,train,1,6.468027114868164,0.9984501206604197,1
features_1:701,features_1.npy,701,train,0,-7.131657123565674,0.0007987550756381833,0
features_1:702,features_1.npy,702,train,1,7.273289680480957,0.9993066552901716,1
features_1:704,features_1.npy,704,train,1,8.209579467773438,0.9997280388862043,1
features_1:705,features_1.npy,705,train,1,7.388277053833008,0.9993819216467045,1
features_1:706,features_1.npy,706,train,1,7.481443881988525,0.9994368740072068,1
features_1:708,features_1.npy,708,train,1,6.199828624725342,0.9979743331945178,1
features_1:709,features_1.npy,709,train,0,-9.861895561218262,5.212073606442337e-05,0
features_1:711,features_1.npy,711,train,0,-4.230237007141113,0.014340305662192155,0
features_1:712,features_1.npy,712,train,1,9.212870597839355,0.9999002626512851,1
features_1:716,features_1.npy,716,train,0,-6.918860912322998,0.0009879787392408589,0
features_1:717,features_1.npy,717,train,1,2.7671852111816406,0.9408766001345547,1
features_1:718,features_1.npy,718,train,1,9.092391014099121,0.9998874939462304,1
features_1:720,features_1.npy,720,train,0,-5.546276569366455,0.0038867927963167526,0
features_1:721,features_1.npy,721,train,0,-5.717859745025635,0.00327597058049068,0
features_1:722,features_1.npy,722,train,0,-9.638745307922363,6.515050777071335e-05,0
features_1:723,features_1.npy,723,train,1,9.473132133483887,0.9999231157120849,1
features_1:724,features_1.npy,724,train,1,2.9153940677642822,0.9486021953732892,1
features_1:727,features_1.npy,727,train,0,-10.37426471710205,3.122486134574937e-05,0
features_1:729,features_1.npy,729,train,0,-6.018527507781982,0.0024273435664441153,0
features_1:730,features_1.npy,730,train,1,5.806270122528076,0.9970003937131725,1
features_1:731,features_1.npy,731,train,0,-9.346771240234375,8.723905201508498e-05,0
features_1:732,features_1.npy,732,train,0,-3.3890366554260254,0.03263985873758271,0
features_1:733,features_1.npy,733,train,0,-5.2735066413879395,0.005099467504680859,0
features_1:734,features_1.npy,734,train,1,4.661929607391357,0.9906402197435841,1
features_1:736,features_1.npy,736,train,0,-1.3042765855789185,0.2134461544391045,0
features_1:738,features_1.npy,738,train,1,0.7308872938156128,0.6749999528942232,1
features_1:739,features_1.npy,739,train,0,-3.422473192214966,0.03160045633969691,0
features_1:740,features_1.npy,740,train,1,7.579579830169678,0.9994894849682078,1
features_1:741,features_1.npy,741,train,1,4.515070915222168,0.9891756202513932,1
features_1:742,features_1.npy,742,train,0,-8.860595703125,0.00014185040187875692,0
features_1:744,features_1.npy,744,train,1,5.185758113861084,0.9944354447076003,1
features_1:745,features_1.npy,745,train,1,6.064915180206299,0.9976824285754771,1
features_1:746,features_1.npy,746,train,1,6.303691387176514,0.9981738023386079,1
features_1:747,features_1.npy,747,train,1,7.689305305480957,0.9995425133695749,1
features_1:751,features_1.npy,751,train,0,-4.335943698883057,0.012920393981649276,0
features_1:752,features_1.npy,752,train,1,8.004932403564453,0.9996662993285013,1
features_1:753,features_1.npy,753,train,1,2.173154830932617,0.8978127699921428,1
features_1:755,features_1.npy,755,train,0,-7.102476596832275,0.0008223871221089523,0
features_1:756,features_1.npy,756,train,0,-10.09347152709961,4.134690968390411e-05,0
features_1:757,features_1.npy,757,train,1,5.584810733795166,0.9962595829523121,1
features_1:758,features_1.npy,758,train,1,2.5643982887268066,0.9285348694608003,1
features_1:759,features_1.npy,759,train,1,5.326870441436768,0.995164244602086,1
features_1:761,features_1.npy,761,train,1,1.469906210899353,0.8130431301321872,1
features_1:763,features_1.npy,763,train,0,-9.584208488464355,6.880203101716713e-05,0
features_1:764,features_1.npy,764,train,0,-7.974356174468994,0.0003440580063564694,0
features_1:765,features_1.npy,765,train,1,7.234178066253662,0.9992790201051653,1
features_1:766,features_1.npy,766,train,1,5.4422526359558105,0.995688946653071,1
features_1:767,features_1.npy,767,train,0,-4.3784918785095215,0.01238885360145794,0
features_1:768,features_1.npy,768,train,1,6.801999092102051,0.9988896833406179,1
features_1:770,features_1.npy,770,train,1,5.761357307434082,0.9968630340494494,1
features_1:771,features_1.npy,771,train,0,1.1098699569702148,0.75210486660414,1
features_1:772,features_1.npy,772,train,1,0.9702622890472412,0.7251717744734901,1
features_1:773,features_1.npy,773,train,1,7.226565837860107,0.9992735149018315,1
features_1:774,features_1.npy,774,train,0,-6.267678737640381,0.001893035663310197,0
features_1:776,features_1.npy,776,train,1,9.74533462524414,0.9999414361643397,1
features_1:777,features_1.npy,777,train,0,-2.634275436401367,0.06696482394843574,0
features_1:779,features_1.npy,779,train,1,5.08794641494751,0.9938671648579078,1
features_1:780,features_1.npy,780,train,0,-6.095251083374023,0.002248477199335641,0
features_1:781,features_1.npy,781,train,1,7.20598840713501,0.9992584220374214,1
features_1:784,features_1.npy,784,train,1,7.943014621734619,0.9996449918080916,1
features_1:785,features_1.npy,785,train,1,9.662939071655273,0.9999364067144919,1
features_1:787,features_1.npy,787,train,1,7.607760429382324,0.9995036637258451,1
features_1:789,features_1.npy,789,train,0,-8.437320709228516,0.00021658286931605818,0
features_1:790,features_1.npy,790,train,1,-0.48849380016326904,0.3802484539807366,0
features_1:794,features_1.npy,794,train,1,5.401404857635498,0.9955100106861786,1
features_1:795,features_1.npy,795,train,1,5.637861251831055,0.9964521567792438,1
features_1:796,features_1.npy,796,train,1,8.677827835083008,0.9998297083736009,1
features_1:797,features_1.npy,797,train,1,8.91322135925293,0.9998654205662494,1
features_1:798,features_1.npy,798,train,0,-1.0646778345108032,0.25641652978050306,0
features_1:800,features_1.npy,800,train,1,5.487468719482422,0.9958787488576185,1
features_1:801,features_1.npy,801,train,1,7.324350357055664,0.9993411465480609,1
features_1:802,features_1.npy,802,train,1,8.819687843322754,0.9998522273519145,1
features_1:803,features_1.npy,803,train,1,9.299543380737305,0.9999085423781858,1
features_1:805,features_1.npy,805,train,0,-0.9066140055656433,0.28769321585428476,0
features_1:806,features_1.npy,806,train,0,-7.011232852935791,0.0009008839203496146,0
features_1:807,features_1.npy,807,train,0,-10.213821411132812,3.665876256204945e-05,0
features_1:809,features_1.npy,809,train,1,5.194973945617676,0.9944862096747569,1
features_1:810,features_1.npy,810,train,1,3.6848068237304688,0.9755126584495661,1
features_1:811,features_1.npy,811,train,1,6.9728827476501465,0.9990639290256015,1
features_1:812,features_1.npy,812,train,0,-6.381358623504639,0.0016899606847423732,0
features_1:814,features_1.npy,814,train,0,-7.148976802825928,0.0007850507740824501,0
features_1:815,features_1.npy,815,train,1,4.4143266677856445,0.9880420232906462,1
features_1:816,features_1.npy,816,train,1,7.83109712600708,0.9996029682225884,1
features_1:817,features_1.npy,817,train,1,8.649595260620117,0.9998248329456371,1
features_1:818,features_1.npy,818,train,0,-10.707820892333984,2.236880370842186e-05,0
features_1:819,features_1.npy,819,train,0,-7.553909778594971,0.0005237826768568905,0
features_1:820,features_1.npy,820,train,1,10.394765853881836,0.9999694087471853,1
features_1:822,features_1.npy,822,train,0,-11.132189750671387,1.4633393950269416e-05,0
features_1:823,features_1.npy,823,train,1,4.902392864227295,0.9926259941984239,1
features_1:824,features_1.npy,824,train,1,3.5593512058258057,0.9723301277042852,1
features_1:825,features_1.npy,825,train,0,-7.573938369750977,0.0005134017384790404,0
features_1:826,features_1.npy,826,train,1,5.870588779449463,0.9971867250709495,1
features_1:828,features_1.npy,828,train,1,5.17969274520874,0.9944017805848601,1
features_1:829,features_1.npy,829,train,0,-7.62678337097168,0.0004869882912004857,0
features_1:830,features_1.npy,830,train,0,-9.696147918701172,6.151623484136972e-05,0
features_1:831,features_1.npy,831,train,0,0.4228286147117615,0.6041599140011209,0
features_1:833,features_1.npy,833,train,0,-5.469100475311279,0.004197330130837133,0
features_1:835,features_1.npy,835,train,1,3.7570066452026367,0.9771794005239068,1
features_1:836,features_1.npy,836,train,0,-9.700255393981934,6.126409209692838e-05,0
features_1:838,features_1.npy,838,train,0,-3.703305721282959,0.024049310830902667,0
features_1:839,features_1.npy,839,train,1,1.3567203283309937,0.7952261480762642,1
features_1:840,features_1.npy,840,train,0,-4.914086818695068,0.007288901616913421,0
features_1:841,features_1.npy,841,train,1,8.13675308227539,0.9997074999221504,1
features_1:842,features_1.npy,842,train,1,8.108177185058594,0.9996990234511085,1
features_1:843,features_1.npy,843,train,0,-11.121889114379883,1.478490397567965e-05,0
features_1:844,features_1.npy,844,train,1,8.237300872802734,0.9997354725245894,1
features_1:846,features_1.npy,846,train,1,5.837147235870361,0.997091332312402,1
features_1:847,features_1.npy,847,train,1,7.322707653045654,0.9993400640722525,1
features_1:848,features_1.npy,848,train,1,5.8281378746032715,0.9970650859304835,1
features_1:849,features_1.npy,849,train,1,9.018110275268555,0.9998788197513885,1
features_1:851,features_1.npy,851,train,0,-5.04893159866333,0.0063752798719444595,0
features_1:852,features_1.npy,852,train,0,-7.517684459686279,0.0005430942385376808,0
features_1:853,features_1.npy,853,train,1,7.9204559326171875,0.9996368952156888,1
features_1:854,features_1.npy,854,train,0,-10.541736602783203,2.6410127254145534e-05,0
features_1:855,features_1.npy,855,train,1,6.219686031341553,0.9980140818427433,1
features_1:857,features_1.npy,857,train,1,7.970874309539795,0.9996547423564682,1
features_1:859,features_1.npy,859,train,1,7.915847301483154,0.9996352185495057,1
features_1:860,features_1.npy,860,train,0,-5.882283687591553,0.0027806565298954212,0
features_1:862,features_1.npy,862,train,1,3.3845324516296387,0.9672176235159708,1
features_1:863,features_1.npy,863,train,1,6.566080093383789,0.9985946746078465,1
features_1:864,features_1.npy,864,train,1,7.7671122550964355,0.999576744947548,1
features_1:865,features_1.npy,865,train,0,-9.102289199829102,0.00011139806459467217,0
features_1:866,features_1.npy,866,train,0,-1.250146508216858,0.2226747785819856,0
features_1:867,features_1.npy,867,train,0,-7.058789253234863,0.0008590798337500052,0
features_1:869,features_1.npy,869,train,1,6.671607494354248,0.998735240197957,1
features_1:870,features_1.npy,870,train,0,-7.707845211029053,0.0004490867873061469,0
features_1:871,features_1.npy,871,train,1,6.886847019195557,0.998979913270692,1
features_1:872,features_1.npy,872,train,1,2.4303576946258545,0.9191131292868405,1
features_1:874,features_1.npy,874,train,1,5.103381156921387,0.9939605295140873,1
features_1:875,features_1.npy,875,train,1,7.5826096534729,0.9994910286116216,1
features_1:876,features_1.npy,876,train,0,-8.4544095993042,0.00021291393479432199,0
features_1:877,features_1.npy,877,train,0,-7.143892765045166,0.0007890490075764357,0
features_1:878,features_1.npy,878,train,0,-8.92551040649414,0.00013293591988143476,0
features_1:879,features_1.npy,879,train,1,7.784003734588623,0.9995838313577606,1
features_1:880,features_1.npy,880,train,1,4.742551803588867,0.991358943388137,1
features_1:881,features_1.npy,881,train,1,4.217283725738525,0.9854754475933067,1
features_1:882,features_1.npy,882,train,1,5.1570353507995605,0.9942742262146947,1
features_1:883,features_1.npy,883,train,1,8.48814582824707,0.9997941477134006,1
features_1:884,features_1.npy,884,train,1,5.74910306930542,0.9968244792448792,1
features_1:887,features_1.npy,887,train,0,-7.031192779541016,0.000883096332896293,0
features_1:888,features_1.npy,888,train,1,7.806153297424316,0.9995929442630322,1
features_1:889,features_1.npy,889,train,1,1.5583971738815308,0.8261232375477158,1
features_1:892,features_1.npy,892,train,1,10.031076431274414,0.9999559911778645,1
features_1:893,features_1.npy,893,train,0,-9.033040046691895,0.00011938470804571124,0
features_1:895,features_1.npy,895,train,0,-9.19371223449707,0.00010166637833849618,0
features_1:896,features_1.npy,896,train,0,-9.575668334960938,6.939208614442305e-05,0
features_1:897,features_1.npy,897,train,1,2.0795347690582275,0.8888980961973806,1
features_1:900,features_1.npy,900,train,1,6.806464672088623,0.9988946250258348,1
features_1:903,features_1.npy,903,train,1,5.443552017211914,0.9956945206148369,1
features_1:904,features_1.npy,904,train,1,2.6894538402557373,0.9364014635485222,1
features_1:905,features_1.npy,905,train,1,8.325518608093262,0.9997578034167314,1
features_1:907,features_1.npy,907,train,1,0.4146794378757477,0.602209387709417,0
features_1:909,features_1.npy,909,train,0,-8.28561782836914,0.00025205331800242205,0
features_1:910,features_1.npy,910,train,1,1.9945834875106812,0.8802272048887709,1
features_1:912,features_1.npy,912,train,1,8.275230407714844,0.9997453155231482,1
features_1:913,features_1.npy,913,train,1,4.932193279266357,0.9928409506386618,1
features_1:915,features_1.npy,915,train,0,-6.282641887664795,0.0018649731885895045,0
features_1:919,features_1.npy,919,train,1,3.7068252563476562,0.9760331577403297,1
features_1:921,features_1.npy,921,train,0,-10.044759750366211,4.34107625720101e-05,0
features_1:922,features_1.npy,922,train,0,-8.445873260498047,0.0002147388278605193,0
features_1:923,features_1.npy,923,train,0,-7.174193859100342,0.0007655165916398986,0
features_1:924,features_1.npy,924,train,0,-4.79517126083374,0.008201757342319512,0
features_1:925,features_1.npy,925,train,1,8.431467056274414,0.9997821458888526,1
features_1:926,features_1.npy,926,train,0,-8.98996639251709,0.00012463874573042925,0
features_1:927,features_1.npy,927,train,1,7.977092266082764,0.9996568817586388,1
features_1:928,features_1.npy,928,train,1,8.686466217041016,0.9998311728349668,1
features_1:929,features_1.npy,929,train,0,-8.241990089416504,0.0002632902783799474,0
features_1:931,features_1.npy,931,train,0,-3.8460519313812256,0.020917046334298264,0
features_1:932,features_1.npy,932,train,1,0.7165693640708923,0.6718511207832554,1
features_1:934,features_1.npy,934,train,1,4.759772777557373,0.9915052235548727,1
features_1:936,features_1.npy,936,train,0,-3.2701799869537354,0.036608479911305204,0
features_1:937,features_1.npy,937,train,0,-8.977046966552734,0.00012625924891328336,0
features_1:938,features_1.npy,938,train,1,8.743671417236328,0.9998405580850829,1
features_1:940,features_1.npy,940,train,1,4.496605396270752,0.9889761095273263,1
features_1:941,features_1.npy,941,train,1,5.0534892082214355,0.9936535260681808,1
features_1:942,features_1.npy,942,train,1,1.9506460428237915,0.8755170691203364,1
features_1:944,features_1.npy,944,train,1,2.765136480331421,0.940762530704627,1
features_1:945,features_1.npy,945,train,1,9.320425033569336,0.9999104321935344,1
features_1:946,features_1.npy,946,train,0,-6.424805164337158,0.0016182261460595026,0
features_1:948,features_1.npy,948,train,1,7.7317118644714355,0.9995614998748581,1
features_1:949,features_1.npy,949,train,1,7.747303485870361,0.9995682808505869,1
features_1:950,features_1.npy,950,train,1,2.3606507778167725,0.9137770931320591,1
features_1:952,features_1.npy,952,train,1,5.952012062072754,0.9974061429149462,1
features_1:953,features_1.npy,953,train,1,7.715651512145996,0.9995544037155696,1
features_1:954,features_1.npy,954,train,1,7.2600998878479,0.9992974561077519,1
features_1:957,features_1.npy,957,train,0,-10.503026962280273,2.7452469921616818e-05,0
features_1:960,features_1.npy,960,train,1,5.56150484085083,0.9961717230686308,1
features_1:962,features_1.npy,962,train,1,4.138585567474365,0.9843048756283825,1
features_1:964,features_1.npy,964,train,1,2.9245479106903076,0.9490466724630526,1
features_1:965,features_1.npy,965,train,0,-3.538806915283203,0.02822799727394609,0
features_1:966,features_1.npy,966,train,1,6.983875751495361,0.9990741534288299,1
features_1:967,features_1.npy,967,train,0,-5.383641719818115,0.004570090436770294,0
features_1:969,features_1.npy,969,train,1,1.8142236471176147,0.8598715658392182,1
features_1:971,features_1.npy,971,train,1,4.007869720458984,0.9821522646061952,1
features_1:972,features_1.npy,972,train,0,-6.476627826690674,0.0015366268295601254,0
features_1:975,features_1.npy,975,train,1,6.4505615234375,0.9984228563934865,1
features_1:976,features_1.npy,976,train,1,7.953466892242432,0.9996486818279925,1
features_1:978,features_1.npy,978,train,1,0.8265355825424194,0.6956218990549417,1
features_1:980,features_1.npy,980,train,0,-8.55328369140625,0.00019287339217756747,0
features_1:981,features_1.npy,981,train,1,6.7171807289123535,0.9987915176249622,1
features_1:982,features_1.npy,982,train,0,-2.6466219425201416,0.06619751974176812,0
features_1:985,features_1.npy,985,train,0,-7.762229919433594,0.00042532569744357533,0
features_1:989,features_1.npy,989,train,1,5.079230785369873,0.9938138118348461,1
features_1:990,features_1.npy,990,train,0,-6.589433670043945,0.0013729308135351913,0
features_1:991,features_1.npy,991,train,0,-7.436066150665283,0.0005892526157981598,0
features_1:994,features_1.npy,994,train,0,-9.696417808532715,6.149963549626344e-05,0
features_1:995,features_1.npy,995,train,1,1.3302828073501587,0.7908874105909044,1
features_1:996,features_1.npy,996,train,1,5.035584926605225,0.9935396143887393,1
features_1:997,features_1.npy,997,train,1,7.278896808624268,0.9993105294108755,1
features_1:999,features_1.npy,999,train,1,1.4022499322891235,0.8025406761052843,1
features_1:1001,features_1.npy,1001,train,1,9.079935073852539,0.9998860839741514,1
features_1:1002,features_1.npy,1002,train,0,-0.6247935891151428,0.3486920109979964,0
features_1:1003,features_1.npy,1003,train,1,6.444241046905518,0.9984128723967252,1
features_1:1006,features_1.npy,1006,train,1,6.036560535430908,0.9976159330539809,1
features_1:1010,features_1.npy,1010,train,1,1.759413480758667,0.8531361875880534,1
features_1:1011,features_1.npy,1011,train,1,2.4776785373687744,0.9225621122506517,1
features_1:1015,features_1.npy,1015,train,1,3.555402994155884,0.9722237057048249,1
features_1:1017,features_1.npy,1017,train,0,-7.907370090484619,0.00036788578163903,0
features_1:1018,features_1.npy,1018,train,0,-7.210916996002197,0.0007379347122063095,0
features_1:1019,features_1.npy,1019,train,1,8.573856353759766,0.9998110532480594,1
features_1:1020,features_1.npy,1020,train,1,8.251055717468262,0.999739085206677,1
features_1:1021,features_1.npy,1021,train,1,9.215933799743652,0.9999005676691392,1
features_1:1022,features_1.npy,1022,train,1,6.76932954788208,0.9988528530741704,1
features_1:1023,features_1.npy,1023,train,1,6.642309665679932,0.9986976863012109,1
features_1:1024,features_1.npy,1024,train,1,2.0359089374542236,0.8845160333949997,1
features_1:1025,features_1.npy,1025,train,1,6.814028263092041,0.9989029449540707,1
features_1:1027,features_1.npy,1027,train,1,7.2432074546813965,0.9992854961797631,1
features_1:1028,features_1.npy,1028,train,0,-7.542868137359619,0.0005295950644859026,0
features_1:1029,features_1.npy,1029,train,0,-9.84077262878418,5.3233329494188014e-05,0
features_1:1031,features_1.npy,1031,train,1,7.25330924987793,0.9992926725376192,1
features_1:1032,features_1.npy,1032,train,0,-9.605480194091797,6.735404817317028e-05,0
features_1:1033,features_1.npy,1033,train,1,0.5144550800323486,0.6258502671281309,1
features_1:1034,features_1.npy,1034,train,1,0.823926568031311,0.6950692052344699,1
features_1:1036,features_1.npy,1036,train,0,-7.709824085235596,0.0004481993776804727,0
features_1:1037,features_1.npy,1037,train,1,4.578268527984619,0.9898317869310966,1
features_1:1038,features_1.npy,1038,train,1,5.764317035675049,0.9968722758931817,1
features_1:1039,features_1.npy,1039,train,1,7.999192714691162,0.9996643791278921,1
features_1:1040,features_1.npy,1040,train,0,-9.697708129882812,6.142033724863995e-05,0
features_1:1041,features_1.npy,1041,train,0,-4.748870372772217,0.008587096999030028,0
features_1:1042,features_1.npy,1042,train,0,-3.3844785690307617,0.03278408501990523,0
features_1:1044,features_1.npy,1044,train,1,6.979555606842041,0.9990701487126785,1
features_1:1045,features_1.npy,1045,train,0,-6.885228633880615,0.001021737271157401,0
features_1:1046,features_1.npy,1046,train,1,5.64531946182251,0.9964784260734586,1
features_1:1047,features_1.npy,1047,train,0,-10.459064483642578,2.8686234904973592e-05,0
features_1:1051,features_1.npy,1051,train,1,6.044066905975342,0.9976337195580982,1
features_1:1052,features_1.npy,1052,train,1,5.793112277984619,0.9969607853035547,1
features_1:1053,features_1.npy,1053,train,1,3.4875895977020264,0.9703325855556645,1
features_1:1054,features_1.npy,1054,train,1,6.775167942047119,0.9988595234406893,1
features_1:1055,features_1.npy,1055,train,0,-3.081613540649414,0.043872081850598,0
features_1:1056,features_1.npy,1056,train,1,7.929964542388916,0.9996403302385585,1
features_1:1057,features_1.npy,1057,train,1,8.0077543258667,0.9996672393655358,1
features_1:1059,features_1.npy,1059,train,1,6.190724849700928,0.9979558456508016,1
features_1:1060,features_1.npy,1060,train,0,-5.885660648345947,0.0027713081783638754,0
features_1:1061,features_1.npy,1061,train,0,-3.6306815147399902,0.025814094438359334,0
features_1:1063,features_1.npy,1063,train,1,4.757803440093994,0.991488620517812,1
features_1:1064,features_1.npy,1064,train,0,-3.6577916145324707,0.025141030660800718,0
features_1:1065,features_1.npy,1065,train,1,8.104279518127441,0.9996978484107524,1
features_1:1066,features_1.npy,1066,train,1,5.021148681640625,0.9934462898959533,1
features_1:1067,features_1.npy,1067,train,1,7.315199375152588,0.9993350937485784,1
features_1:1068,features_1.npy,1068,train,1,3.8678297996520996,0.9795243315124301,1
features_1:1069,features_1.npy,1069,train,0,-5.9622321128845215,0.0025675504544690002,0
features_1:1070,features_1.npy,1070,train,1,6.597451686859131,0.9986380184216371,1
features_1:1071,features_1.npy,1071,train,1,6.8250203132629395,0.998914924791272,1
features_1:1073,features_1.npy,1073,train,0,-7.603823661804199,0.0004982931103391096,0
features_1:1074,features_1.npy,1074,train,1,8.729042053222656,0.9998382087861787,1
features_1:1075,features_1.npy,1075,train,1,4.701483249664307,0.9909999401771314,1
features_1:1076,features_1.npy,1076,train,0,-10.535483360290527,2.657578921755595e-05,0
features_1:1077,features_1.npy,1077,train,1,2.781987190246582,0.9416946486181028,1
features_1:1078,features_1.npy,1078,train,1,6.970641136169434,0.9990618303353817,1
features_1:1079,features_1.npy,1079,train,0,-6.48672342300415,0.0015212151900084465,0
features_1:1080,features_1.npy,1080,train,0,-4.904185771942139,0.007360893965084335,0
features_1:1081,features_1.npy,1081,train,1,8.157576560974121,0.9997135260858179,1
features_1:1084,features_1.npy,1084,train,1,6.017623424530029,0.9975704662546498,1
features_1:1085,features_1.npy,1085,train,1,4.334483623504639,0.9870609717603402,1
features_1:1086,features_1.npy,1086,train,1,7.76602029800415,0.9995762827147007,1
features_1:1088,features_1.npy,1088,train,0,-7.4020304679870605,0.0006096410022798607,0
features_1:1089,features_1.npy,1089,train,0,-9.651187896728516,6.434494101360735e-05,0
features_1:1091,features_1.npy,1091,train,0,-8.457326889038086,0.00021229383995849502,0
features_1:1094,features_1.npy,1094,train,1,8.621927261352539,0.9998199196392209,1
features_1:1095,features_1.npy,1095,train,1,2.0048646926879883,0.8813068940853368,1
features_1:1096,features_1.npy,1096,train,1,-4.387592315673828,0.012277999065676823,0
features_1:1097,features_1.npy,1097,train,1,1.681264042854309,0.8430718386820194,1
features_1:1099,features_1.npy,1099,train,1,8.4945707321167,0.9997954657852636,1
features_1:1101,features_1.npy,1101,train,1,3.236063003540039,0.9621690642445457,1
features_1:1103,features_1.npy,1103,train,0,-2.443920135498047,0.07988429630004987,0
features_1:1104,features_1.npy,1104,train,1,5.943024635314941,0.9973827870296639,1
features_1:1105,features_1.npy,1105,train,1,4.021028518676758,0.9823814702169983,1
features_1:1106,features_1.npy,1106,train,0,-8.071931838989258,0.0003120821917071897,0
features_1:1108,features_1.npy,1108,train,1,3.770746946334839,0.9774838061105819,1
features_1:1110,features_1.npy,1110,train,1,9.551094055175781,0.9999288816506259,1
features_1:1113,features_1.npy,1113,train,1,6.719568729400635,0.998794396563444,1
features_1:1114,features_1.npy,1114,train,1,2.155884027481079,0.8962173382988505,1
features_1:1115,features_1.npy,1115,train,1,3.555830955505371,0.9722352603680958,1
features_1:1116,features_1.npy,1116,train,0,-10.04966926574707,4.319816826663775e-05,0
features_1:1117,features_1.npy,1117,train,0,-7.230132102966309,0.0007239007462037458,0
features_1:1118,features_1.npy,1118,train,0,-10.242715835571289,3.5614722546194956e-05,0
features_1:1119,features_1.npy,1119,train,0,-8.053083419799805,0.00031801834482368874,0
features_1:1120,features_1.npy,1120,train,0,-9.390382766723633,8.351650452011769e-05,0
features_1:1121,features_1.npy,1121,train,1,5.14772891998291,0.9942210003526105,1
features_1:1122,features_1.npy,1122,train,1,7.253421306610107,0.9992927517379288,1
features_1:1123,features_1.npy,1123,train,0,-10.289758682250977,3.397815767930549e-05,0
features_1:1126,features_1.npy,1126,train,1,3.9485812187194824,0.9810827242809893,1
features_1:1128,features_1.npy,1128,train,0,-6.120482921600342,0.0021925765816802716,0
features_1:1129,features_1.npy,1129,train,1,9.759557723999023,0.9999422631801598,1
features_1:1130,features_1.npy,1130,train,1,3.353533983230591,0.9662203702230464,1
features_1:1132,features_1.npy,1132,train,1,5.860523700714111,0.9971583471275074,1
features_1:1134,features_1.npy,1134,train,1,2.233893871307373,0.9032521701367312,1
features_1:1135,features_1.npy,1135,train,0,-9.735987663269043,5.9113763319424116e-05,0
features_1:1136,features_1.npy,1136,train,0,1.774652123451233,0.8550352545504534,1
features_1:1137,features_1.npy,1137,train,0,-9.404447555541992,8.235018053010287e-05,0
features_1:1138,features_1.npy,1138,train,0,-7.326099872589111,0.0006577025427677524,0
features_1:1139,features_1.npy,1139,train,0,-9.293651580810547,9.199801262458455e-05,0
features_1:1143,features_1.npy,1143,train,1,5.274443626403809,0.9949052840503565,1
features_1:1144,features_1.npy,1144,train,0,-6.361385822296143,0.0017239944869479023,0
features_1:1145,features_1.npy,1145,train,0,-7.82523775100708,0.0003993640325246555,0
features_1:1146,features_1.npy,1146,train,1,5.0579514503479,0.9936816039459416,1
features_1:1148,features_1.npy,1148,train,0,-8.350910186767578,0.0002361256828296553,0
features_1:1149,features_1.npy,1149,train,0,-6.927917003631592,0.000979080625501082,0
features_1:1150,features_1.npy,1150,train,0,-3.7436089515686035,0.02312128343470849,0
features_1:1151,features_1.npy,1151,train,0,-8.20090389251709,0.0002743301471500432,0
features_1:1152,features_1.npy,1152,train,0,-8.696807861328125,0.00016709050173312323,0
features_1:1154,features_1.npy,1154,train,0,-4.451047420501709,0.011531807010921208,0
features_1:1155,features_1.npy,1155,train,1,1.4121050834655762,0.8040977582560384,1
features_1:1157,features_1.npy,1157,train,1,7.592027187347412,0.9994957969618472,1
features_1:1158,features_1.npy,1158,train,0,-7.061291217803955,0.0008569349726312275,0
features_1:1159,features_1.npy,1159,train,1,7.863067150115967,0.999615455779678,1
features_1:1160,features_1.npy,1160,train,1,5.013278484344482,0.9933948494336425,1
features_1:1161,features_1.npy,1161,train,0,-1.9100992679595947,0.12896970031870458,0
features_1:1162,features_1.npy,1162,train,1,7.932464599609375,0.999641227988256,1
features_1:1163,features_1.npy,1163,train,1,5.79529333114624,0.9969673866885245,1
features_1:1164,features_1.npy,1164,train,1,7.250460147857666,0.999290655847508,1
features_1:1165,features_1.npy,1165,train,1,6.7808098793029785,0.998865932543845,1
features_1:1166,features_1.npy,1166,train,1,3.7268118858337402,0.9764962720024534,1
features_1:1168,features_1.npy,1168,train,1,6.024247646331787,0.997586468123747,1
features_1:1169,features_1.npy,1169,train,1,8.122599601745605,0.999703331829237,1
features_1:1170,features_1.npy,1170,train,0,-10.012737274169922,4.4823316403818335e-05,0
features_1:1171,features_1.npy,1171,train,1,6.317212104797363,0.9981982834801695,1
features_1:1172,features_1.npy,1172,train,1,7.141345500946045,0.9992089401061363,1
features_1:1173,features_1.npy,1173,train,1,3.749424457550049,0.9770097059534,1
features_1:1174,features_1.npy,1174,train,0,-1.6380326747894287,0.16273293464034772,0
features_1:1175,features_1.npy,1175,train,1,2.248816728591919,0.9045484196593879,1
features_1:1176,features_1.npy,1176,train,1,5.011026859283447,0.9933800589198973,1
features_1:1178,features_1.npy,1178,train,1,5.407894611358643,0.995538925693015,1
features_1:1180,features_1.npy,1180,train,0,-4.266120910644531,0.013841839282603267,0
features_1:1182,features_1.npy,1182,train,0,-8.43001651763916,0.00021817027725962794,0
features_1:1185,features_1.npy,1185,train,1,10.136320114135742,0.9999603872581536,1
features_1:1186,features_1.npy,1186,train,1,4.235130786895752,0.9857287021078067,1
features_1:1187,features_1.npy,1187,train,0,-9.36190128326416,8.592916910506411e-05,0
features_1:1188,features_1.npy,1188,train,0,-8.414825439453125,0.00022150908066912093,0
features_1:1189,features_1.npy,1189,train,1,0.5791128873825073,0.6408632561986737,1
features_1:1191,features_1.npy,1191,train,1,6.2163825035095215,0.9980075235517679,1
features_1:1192,features_1.npy,1192,train,0,-6.630283832550049,0.0013180488882589723,0
features_1:1193,features_1.npy,1193,train,1,3.6711974143981934,0.9751854483312706,1
features_1:1194,features_1.npy,1194,train,1,3.6320929527282715,0.9742213762729321,1
features_1:1197,features_1.npy,1197,train,1,5.527354717254639,0.9960392557364679,1
features_1:1199,features_1.npy,1199,train,1,6.488487720489502,0.9984814622479655,1
features_1:1200,features_1.npy,1200,train,1,8.059516906738281,0.9996840204103759,1
features_1:1201,features_1.npy,1201,train,1,6.138972759246826,0.9978475048488945,1
features_1:1202,features_1.npy,1202,train,1,9.137438774108887,0.999892449099646,1
features_1:1204,features_1.npy,1204,train,1,7.45226526260376,0.999420210366096,1
features_1:1205,features_1.npy,1205,train,0,-1.8495522737503052,0.13592547376922995,0
features_1:1206,features_1.npy,1206,train,1,6.585499286651611,0.998621664370203,1
features_1:1207,features_1.npy,1207,train,1,8.286331176757812,0.9997481263744392,1
features_1:1209,features_1.npy,1209,train,1,8.749770164489746,0.9998415273682145,1
features_1:1210,features_1.npy,1210,train,1,2.637503147125244,0.933236563492081,1
features_1:1211,features_1.npy,1211,train,0,-1.9259135723114014,0.12720357614678285,0
features_1:1212,features_1.npy,1212,train,0,-10.601497650146484,2.4878103259271296e-05,0
features_1:1213,features_1.npy,1213,train,1,1.564846396446228,0.827047679783661,1
features_1:1214,features_1.npy,1214,train,1,1.1447663307189941,0.7585536679355683,1
features_1:1215,features_1.npy,1215,train,0,-4.3520121574401855,0.012717061361721158,0
features_1:1216,features_1.npy,1216,train,1,4.609629154205322,0.9901426256030428,1
features_1:1217,features_1.npy,1217,train,1,9.85633659362793,0.9999475887348658,1
features_1:1218,features_1.npy,1218,train,1,6.394552707672119,0.9983321534016235,1
features_1:1220,features_1.npy,1220,train,0,-5.358388423919678,0.004686422120538812,0
features_1:1221,features_1.npy,1221,train,0,-8.991222381591797,0.0001244823185705448,0
features_1:1222,features_1.npy,1222,train,1,8.361250877380371,0.9997663028710807,1
features_1:1223,features_1.npy,1223,train,0,-9.388760566711426,8.365208360000652e-05,0
features_1:1224,features_1.npy,1224,train,1,8.25053882598877,0.9997389503423977,1
features_1:1226,features_1.npy,1226,train,1,3.535059928894043,0.9716690365823542,1
features_1:1227,features_1.npy,1227,train,1,7.879482746124268,0.9996217144042409,1
features_1:1228,features_1.npy,1228,train,0,-9.441825866699219,7.932912671459926e-05,0
features_1:1231,features_1.npy,1231,train,1,4.747198581695557,0.9913986587448512,1
features_1:1233,features_1.npy,1233,train,1,7.764669895172119,0.9995757103820996,1
features_1:1234,features_1.npy,1234,train,1,8.192769050598145,0.999723429738538,1
features_1:1235,features_1.npy,1235,train,1,7.498733997344971,0.999446521488261,1
features_1:1236,features_1.npy,1236,train,1,6.793590068817139,0.9988803177937254,1
features_1:1237,features_1.npy,1237,train,0,-7.2579345703125,0.0007040656988136703,0
features_1:1238,features_1.npy,1238,train,0,-4.9409708976745605,0.007096928958105055,0
features_1:1240,features_1.npy,1240,train,1,7.462578296661377,0.9994261556156228,1
features_1:1242,features_1.npy,1242,train,0,-10.218070983886719,3.650331469754822e-05,0
features_1:1245,features_1.npy,1245,train,1,8.812257766723633,0.9998511254647949,1
features_1:1247,features_1.npy,1247,train,0,-5.353097915649414,0.004711164260553573,0
features_1:1248,features_1.npy,1248,train,0,-4.862586498260498,0.0076711615490516185,0
features_1:1251,features_1.npy,1251,train,1,9.34109115600586,0.9999122640564398,1
features_1:1254,features_1.npy,1254,train,1,6.533996105194092,0.9985489215457947,1
features_1:1255,features_1.npy,1255,train,0,-8.13064193725586,0.00029429253359271773,0
features_1:1256,features_1.npy,1256,train,0,-8.601178169250488,0.0001838552046572868,0
features_1:1257,features_1.npy,1257,train,0,-7.3290181159973145,0.0006557872613218945,0
features_1:1258,features_1.npy,1258,train,1,6.732731342315674,0.9988101427155002,1
features_1:1260,features_1.npy,1260,train,1,5.205960750579834,0.9945461284631597,1
features_1:1261,features_1.npy,1261,train,1,8.628713607788086,0.9998211373716989,1
features_1:1263,features_1.npy,1263,train,0,-1.784462571144104,0.14375297116682362,0
features_1:1265,features_1.npy,1265,train,1,5.422881126403809,0.995604991532881,1
features_1:1267,features_1.npy,1267,train,0,-5.534121990203857,0.003934136407255564,0
features_1:1268,features_1.npy,1268,train,0,-9.225438117980957,9.849186375250321e-05,0
features_1:1270,features_1.npy,1270,train,1,5.4136643409729,0.9955644769360088,1
features_1:1272,features_1.npy,1272,train,0,-6.784008979797363,0.0011304493520858008,0
features_1:1275,features_1.npy,1275,train,1,9.040705680847168,0.9998815268447492,1
features_1:1276,features_1.npy,1276,train,1,8.40183162689209,0.9997755945410036,1
features_1:1278,features_1.npy,1278,train,0,-10.210042953491211,3.679753305073312e-05,0
features_1:1279,features_1.npy,1279,train,0,-8.590902328491211,0.00018575385895209934,0
features_1:1281,features_1.npy,1281,train,1,3.7484970092773438,0.9769888646322951,1
features_1:1283,features_1.npy,1283,train,1,7.703037738800049,0.9995487500190914,1
features_1:1284,features_1.npy,1284,train,0,-2.2989323139190674,0.09121142492448257,0
features_1:1285,features_1.npy,1285,train,0,-4.870251655578613,0.0076130316124207766,0
features_1:1288,features_1.npy,1288,train,0,-9.613800048828125,6.679603422365977e-05,0
features_1:1289,features_1.npy,1289,train,1,4.640976428985596,0.9904439274151811,1
features_1:1290,features_1.npy,1290,train,1,8.018600463867188,0.9996708278494861,1
features_1:1292,features_1.npy,1292,train,1,8.481691360473633,0.9997928150254614,1
features_1:1293,features_1.npy,1293,train,0,-6.110553741455078,0.002214407060847406,0
features_1:1295,features_1.npy,1295,train,1,1.2668230533599854,0.7801984220077874,1
features_1:1296,features_1.npy,1296,train,0,-10.01054859161377,4.492152344036886e-05,0
features_1:1297,features_1.npy,1297,train,1,3.788877487182617,0.9778794094895344,1
features_1:1298,features_1.npy,1298,train,1,1.7020310163497925,0.8457998112057967,1
features_1:1299,features_1.npy,1299,train,1,6.4036054611206055,0.9983471590264874,1
features_1:1301,features_1.npy,1301,train,1,7.833133220672607,0.9996037754744673,1
features_1:1304,features_1.npy,1304,train,0,-9.427942276000977,8.043809164251028e-05,0
features_1:1305,features_1.npy,1305,train,1,5.731800556182861,0.9967692357203457,1
features_1:1306,features_1.npy,1306,train,1,7.8772873878479,0.9996208833347593,1
features_1:1308,features_1.npy,1308,train,1,6.718799591064453,0.998793470050146,1
features_1:1309,features_1.npy,1309,train,1,7.632622718811035,0.9995158457435289,1
features_1:1311,features_1.npy,1311,train,1,6.499904632568359,0.9984986747874858,1
features_1:1313,features_1.npy,1313,train,1,3.2025551795959473,0.9609303199874171,1
features_1:1314,features_1.npy,1314,train,0,-8.827262878417969,0.00014665765763378325,0
features_1:1315,features_1.npy,1315,train,0,-8.04715347290039,0.00031990917414454254,0
features_1:1318,features_1.npy,1318,train,1,7.211140155792236,0.9992622298252953,1
features_1:1319,features_1.npy,1319,train,0,-8.671525955200195,0.0001713679878569557,0
features_1:1320,features_1.npy,1320,train,0,-9.940196990966797,4.819548624729532e-05,0
features_1:1321,features_1.npy,1321,train,0,-8.679102897644043,0.0001700746691968908,0
features_1:1322,features_1.npy,1322,train,1,4.748678684234619,0.9914112709339455,1
features_1:1325,features_1.npy,1325,train,0,-5.175353050231934,0.005622429880349446,0
features_1:1329,features_1.npy,1329,train,0,-5.50783109664917,0.004038516771240337,0
features_1:1330,features_1.npy,1330,train,0,-1.53041410446167,0.17793310544065105,0
features_1:1331,features_1.npy,1331,train,1,5.422118663787842,0.9956016539699942,1
features_1:1332,features_1.npy,1332,train,1,5.4180474281311035,0.9955837900070407,1
features_1:1334,features_1.npy,1334,train,1,4.815337657928467,0.9919606695613287,1
features_1:1335,features_1.npy,1335,train,1,2.3042869567871094,0.9092314611025376,1
features_1:1336,features_1.npy,1336,train,1,5.763041973114014,0.9968682978030197,1
features_1:1337,features_1.npy,1337,train,1,7.537590026855469,0.9994676037765173,1
features_1:1338,features_1.npy,1338,train,0,-6.49393892288208,0.001510294884592902,0
features_1:1340,features_1.npy,1340,train,1,8.529413223266602,0.9998024681606302,1
features_1:1342,features_1.npy,1342,train,1,8.576482772827148,0.9998115487569001,1
features_1:1344,features_1.npy,1344,train,1,5.118734359741211,0.9940519992264374,1
features_1:1345,features_1.npy,1345,train,0,-9.934219360351562,4.848442983192042e-05,0
features_1:1346,features_1.npy,1346,train,0,1.9642103910446167,0.8769878914041888,1
features_1:1348,features_1.npy,1348,train,1,6.862173557281494,0.9989544577686605,1
features_1:1350,features_1.npy,1350,train,1,5.599234580993652,0.9963129494352254,1
features_1:1351,features_1.npy,1351,train,1,9.118355751037598,0.999890377222356,1
features_1:1352,features_1.npy,1352,train,1,7.440078258514404,0.9994131054082565,1
features_1:1353,features_1.npy,1353,train,0,-6.32813835144043,0.0017821725700435213,0
features_1:1356,features_1.npy,1356,train,1,7.817697048187256,0.9995976143153956,1
features_1:1358,features_1.npy,1358,train,0,-4.549526691436768,0.010461604862628076,0
features_1:1360,features_1.npy,1360,train,0,-7.551992416381836,0.0005247873938307015,0
features_1:1361,features_1.npy,1361,train,1,5.412343502044678,0.9955586404910255,1
features_1:1362,features_1.npy,1362,train,1,6.597952365875244,0.998638699238492,1
features_1:1363,features_1.npy,1363,train,0,-5.326568603515625,0.004837208171052002,0
features_1:1365,features_1.npy,1365,train,1,8.025497436523438,0.9996730895900783,1
features_1:1366,features_1.npy,1366,train,1,8.003273010253906,0.9996657453133923,1
features_1:1369,features_1.npy,1369,train,0,-7.3513712882995605,0.0006413002549385997,0
features_1:1370,features_1.npy,1370,train,1,-0.592312216758728,0.35610450045733133,0
features_1:1371,features_1.npy,1371,train,1,7.166959285736084,0.9992289294266284,1
features_1:1372,features_1.npy,1372,train,0,-8.586920738220215,0.00018649479084371614,0
features_1:1373,features_1.npy,1373,train,1,9.131444931030273,0.9998918025905736,1
features_1:1375,features_1.npy,1375,train,0,-7.618235111236572,0.0004911669837503622,0
features_1:1377,features_1.npy,1377,train,0,-5.259599208831787,0.00517051420307201,0
features_1:1378,features_1.npy,1378,train,1,5.173018455505371,0.9943645027490023,1
features_1:1379,features_1.npy,1379,train,0,-4.4875311851501465,0.011123261060791471,0
features_1:1380,features_1.npy,1380,train,0,-5.800464153289795,0.0030170198678200104,0
features_1:1382,features_1.npy,1382,train,1,7.368889808654785,0.9993698295236308,1
features_1:1383,features_1.npy,1383,train,1,8.183624267578125,0.999720889672953,1
features_1:1384,features_1.npy,1384,train,1,9.153793334960938,0.9998941935574791,1
features_1:1386,features_1.npy,1386,train,0,-5.665731906890869,0.003450664221890321,0
features_1:1391,features_1.npy,1391,train,0,-4.248437881469727,0.014085303581132842,0
features_1:1392,features_1.npy,1392,train,0,-5.340602397918701,0.0047701194583955435,0
features_1:1393,features_1.npy,1393,train,1,1.5586589574813843,0.8261608378850072,1
features_1:1395,features_1.npy,1395,train,1,8.311841011047363,0.9997544688101053,1
features_1:1396,features_1.npy,1396,train,0,-2.9431796073913574,0.05005985407174351,0
features_1:1398,features_1.npy,1398,train,0,-9.253679275512695,9.574951170447619e-05,0
features_1:1400,features_1.npy,1400,train,0,-4.315348148345947,0.013185710649671709,0
features_1:1401,features_1.npy,1401,train,1,6.46451473236084,0.9984446758015488,1
features_1:1402,features_1.npy,1402,train,0,-6.45524263381958,0.0015697896384167802,0
features_1:1403,features_1.npy,1403,train,0,-7.237990856170654,0.0007182381545198009,0
features_1:1404,features_1.npy,1404,train,0,-9.404972076416016,8.23070010219025e-05,0
features_1:1405,features_1.npy,1405,train,1,8.660530090332031,0.9998267376031459,1
features_1:1406,features_1.npy,1406,train,1,8.921758651733398,0.9998665644670715,1
features_1:1407,features_1.npy,1407,train,0,-9.940081596374512,4.820104779859106e-05,0
features_1:1409,features_1.npy,1409,train,1,6.248353004455566,0.9980700955278639,1
features_1:1411,features_1.npy,1411,train,1,7.937564849853516,0.9996430525054422,1
features_1:1412,features_1.npy,1412,train,1,4.911859035491943,0.9926949609417096,1
features_1:1413,features_1.npy,1413,train,0,-9.79361343383789,5.5803763804468784e-05,0
features_1:1414,features_1.npy,1414,train,0,-3.0486817359924316,0.04527442083528465,0
features_1:1416,features_1.npy,1416,train,0,-1.4539190530776978,0.18939915258484583,0
features_1:1417,features_1.npy,1417,train,1,7.719263553619385,0.9995560096111946,1
features_1:1418,features_1.npy,1418,train,0,-2.7858026027679443,0.05809621566156552,0
features_1:1419,features_1.npy,1419,train,0,-2.1436915397644043,0.10492219802510214,0
features_1:1420,features_1.npy,1420,train,1,3.6215362548828125,0.9739549230054051,1
features_1:1421,features_1.npy,1421,train,0,-9.501517295837402,7.473275823310548e-05,0
features_1:1422,features_1.npy,1422,train,1,5.546080112457275,0.996112446510151,1
features_1:1424,features_1.npy,1424,train,0,-8.593475341796875,0.00018527661459520292,0
features_1:1425,features_1.npy,1425,train,0,-5.716040134429932,0.00328191741661288,0
features_1:1426,features_1.npy,1426,train,0,-7.116794109344482,0.0008107059520793138,0
features_1:1427,features_1.npy,1427,train,0,-6.83966588973999,0.0010693163304792113,0
features_1:1429,features_1.npy,1429,train,0,-4.485761642456055,0.01114274205373425,0
features_1:1431,features_1.npy,1431,train,0,-8.733498573303223,0.00016107190815554045,0
features_1:1432,features_1.npy,1432,train,1,3.1793203353881836,0.9600486054698748,1
features_1:1433,features_1.npy,1433,train,1,8.450183868408203,0.9997861846373322,1
features_1:1434,features_1.npy,1434,train,0,-9.538854598999023,7.19940849586063e-05,0
features_1:1435,features_1.npy,1435,train,0,0.0004835203289985657,0.5001208800798946,0
features_1:1436,features_1.npy,1436,train,1,7.806900501251221,0.9995932481793637,1
features_1:1437,features_1.npy,1437,train,0,-10.764229774475098,2.1141958941435884e-05,0
features_1:1438,features_1.npy,1438,train,1,0.10121181607246399,0.525281376188246,0
features_1:1444,features_1.npy,1444,train,1,7.039529800415039,0.9991242290335989,1
features_1:1445,features_1.npy,1445,train,0,-8.557648658752441,0.00019203350216885347,0
features_1:1446,features_1.npy,1446,train,0,-9.614645004272461,6.67396221538439e-05,0
features_1:1448,features_1.npy,1448,train,1,6.73612117767334,0.9988141645323212,1
features_1:1449,features_1.npy,1449,train,0,-9.19692611694336,0.00010134019210492562,0
features_1:1450,features_1.npy,1450,train,1,7.100335597991943,0.9991758517144672,1
features_1:1451,features_1.npy,1451,train,0,-5.488135814666748,0.004118514111516664,0
features_1:1454,features_1.npy,1454,train,0,-5.752358436584473,0.0031652327440238335,0
features_1:1456,features_1.npy,1456,train,1,5.677480220794678,0.9965895006081843,1
features_1:1457,features_1.npy,1457,train,1,4.610926151275635,0.990155276518234,1
features_1:1458,features_1.npy,1458,train,1,7.494753360748291,0.9994443151272777,1
features_1:1460,features_1.npy,1460,train,1,7.931131362915039,0.9996407495131953,1
features_1:1461,features_1.npy,1461,train,1,7.912337779998779,0.9996339365615392,1
features_1:1463,features_1.npy,1463,train,1,8.473211288452148,0.9997910509800221,1
features_1:1464,features_1.npy,1464,train,1,5.4088664054870605,0.9955432395212649,1
features_1:1466,features_1.npy,1466,train,1,8.515985488891602,0.9997997984022874,1
features_1:1467,features_1.npy,1467,train,1,1.7794069051742554,0.8556236152638975,1
features_1:1468,features_1.npy,1468,train,1,3.0954806804656982,0.9567059421582964,1
features_1:1469,features_1.npy,1469,train,0,-1.4114083051681519,0.19601202469142512,0
features_1:1470,features_1.npy,1470,train,0,-7.668227195739746,0.00046722737598881546,0
features_1:1471,features_1.npy,1471,train,0,-7.48242712020874,0.0005625728892444875,0
features_1:1474,features_1.npy,1474,train,1,3.1510722637176514,0.9589509511924125,1
features_1:1476,features_1.npy,1476,train,1,8.015987396240234,0.9996699668598515,1
features_1:1477,features_1.npy,1477,train,0,-7.189681053161621,0.0007537610888382837,0
features_1:1479,features_1.npy,1479,train,0,-10.182425498962402,3.782791152879353e-05,0
features_1:1480,features_1.npy,1480,train,1,3.0590176582336426,0.9551702518378026,1
features_1:1481,features_1.npy,1481,train,1,8.911574363708496,0.9998651987617954,1
features_1:1483,features_1.npy,1483,train,1,8.059657096862793,0.9996840646904946,1
features_1:1484,features_1.npy,1484,train,1,8.547566413879395,0.9998060209533597,1
features_1:1486,features_1.npy,1486,train,1,7.96205472946167,0.9996516849268583,1
features_1:1487,features_1.npy,1487,train,1,9.308333396911621,0.9999093426967207,1
features_1:1488,features_1.npy,1488,train,1,7.147980213165283,0.9992141670775723,1
features_1:1490,features_1.npy,1490,train,0,-4.780384540557861,0.008322918636001894,0
features_1:1491,features_1.npy,1491,train,1,5.429879665374756,0.9956355090116741,1
features_1:1492,features_1.npy,1492,train,1,0.7253886461257935,0.6737925281485685,1
features_1:1493,features_1.npy,1493,train,1,6.836970806121826,0.9989278009797629,1
features_1:1495,features_1.npy,1495,train,1,5.53823709487915,0.9960819564106336,1
features_1:1497,features_1.npy,1497,train,1,9.522781372070312,0.9999268394733068,1
features_1:1498,features_1.npy,1498,train,1,8.649595260620117,0.9998248329456371,1
features_1:1499,features_1.npy,1499,train,1,3.6053075790405273,0.9735400727690724,1
features_1:1501,features_1.npy,1501,train,1,6.451609134674072,0.9984245051599813,1
features_1:1502,features_1.npy,1502,train,0,-1.3903261423110962,0.19935569519098847,0
features_1:1503,features_1.npy,1503,train,0,-8.378948211669922,0.00022959863545720099,0
features_1:1504,features_1.npy,1504,train,1,5.2203168869018555,0.9946234476904443,1
features_1:1505,features_1.npy,1505,train,1,7.3009467124938965,0.9993255556453522,1
features_1:1506,features_1.npy,1506,train,0,-6.3783793449401855,0.0016949945091781912,0
features_1:1507,features_1.npy,1507,train,1,3.1352529525756836,0.9583236984882291,1
features_1:1508,features_1.npy,1508,train,0,-8.682709693908691,0.00016946245320064772,0
features_1:1509,features_1.npy,1509,train,1,9.486988067626953,0.9999241735890749,1
features_1:1510,features_1.npy,1510,train,1,8.755058288574219,0.9998423630475167,1
features_1:1511,features_1.npy,1511,train,0,-7.901865482330322,0.0003699156813841539,0
features_1:1512,features_1.npy,1512,train,0,-7.206644535064697,0.0007410919126312428,0
features_1:1513,features_1.npy,1513,train,1,7.642096996307373,0.9995204089049537,1
features_1:1514,features_1.npy,1514,train,0,-7.729889392852783,0.00043929965644686413,0
features_1:1515,features_1.npy,1515,train,0,-8.710559844970703,0.00016480877964998147,0
features_1:1516,features_1.npy,1516,train,0,-9.608038902282715,6.718194067683949e-05,0
features_1:1517,features_1.npy,1517,train,1,5.13215970993042,0.9941308540339074,1
features_1:1519,features_1.npy,1519,train,0,-9.206677436828613,0.00010035689267254804,0
features_1:1520,features_1.npy,1520,train,0,-9.916030883789062,4.937431247877244e-05,0
features_1:1521,features_1.npy,1521,train,1,9.380165100097656,0.9999156258495707,1
features_1:1522,features_1.npy,1522,train,0,-6.908568859100342,0.0009981893731519735,0
features_1:1524,features_1.npy,1524,train,1,1.6494783163070679,0.8388205309165944,1
features_1:1526,features_1.npy,1526,train,1,5.453437328338623,0.9957366913884007,1
features_1:1527,features_1.npy,1527,train,0,0.27360475063323975,0.5679776510538463,0
features_1:1528,features_1.npy,1528,train,0,-9.075258255004883,0.00011444997711387107,0
features_1:1529,features_1.npy,1529,train,0,-9.33951187133789,8.787460087559846e-05,0
features_1:1531,features_1.npy,1531,train,1,6.309145450592041,0.99818371738271,1
features_1:1532,features_1.npy,1532,train,1,6.302661895751953,0.9981719247543448,1
features_1:1533,features_1.npy,1533,train,0,-6.918468952178955,0.0009883656806147288,0
features_1:1534,features_1.npy,1534,train,1,2.097029447555542,0.8906141213960128,1
features_1:1536,features_1.npy,1536,train,0,-10.516050338745117,2.7097273706214497e-05,0
features_1:1537,features_1.npy,1537,train,0,-4.240811824798584,0.014191599302692698,0
features_1:1538,features_1.npy,1538,train,1,7.9065399169921875,0.9996318087950261,1
features_1:1539,features_1.npy,1539,train,1,7.759449481964111,0.9995734905705531,1
features_1:1541,features_1.npy,1541,train,1,7.540062427520752,0.9994689177492299,1
features_1:1542,features_1.npy,1542,train,1,7.396682262420654,0.9993870917816126,1
features_1:1543,features_1.npy,1543,train,0,-3.903977870941162,0.01976309697010289,0
features_1:1544,features_1.npy,1544,train,0,-2.9313933849334717,0.05062331607389977,0
features_1:1545,features_1.npy,1545,train,0,-5.1212029457092285,0.005933422744620816,0
features_1:1547,features_1.npy,1547,train,1,4.8757004737854,0.9924280243571179,1
features_1:1548,features_1.npy,1548,train,0,-8.371786117553711,0.00023124856364418306,0
features_1:1550,features_1.npy,1550,train,1,8.499213218688965,0.9997964129390181,1
features_1:1551,features_1.npy,1551,train,0,-7.950556755065918,0.00035234168441050846,0
features_1:1552,features_1.npy,1552,train,1,8.1007080078125,0.9996967676716776,1
features_1:1553,features_1.npy,1553,train,1,6.1937479972839355,0.9979620035239416,1
features_1:1556,features_1.npy,1556,train,0,-0.424396276473999,0.3954652398562328,0
features_1:1557,features_1.npy,1557,train,0,-6.155900478363037,0.0021164414486085454,0
features_1:1558,features_1.npy,1558,train,1,4.752265453338623,0.9914417583702426,1
features_1:1561,features_1.npy,1561,train,1,9.203516006469727,0.9998993253659474,1
features_1:1563,features_1.npy,1563,train,1,4.267955303192139,0.9861831783031819,1
features_1:1564,features_1.npy,1564,train,0,-6.310812950134277,0.0018132619777511613,0
features_1:1566,features_1.npy,1566,train,1,7.808248996734619,0.999593796090042,1
features_1:1568,features_1.npy,1568,train,0,-4.469597339630127,0.011322264422947032,0
features_1:1569,features_1.npy,1569,train,1,6.432036876678467,0.9983934154537165,1
features_1:1570,features_1.npy,1570,train,1,9.30921745300293,0.9999094228001892,1
features_1:1572,features_1.npy,1572,train,1,4.1052398681640625,0.9837813183397643,1
features_1:1574,features_1.npy,1574,train,1,3.9690442085266113,0.981458790086402,1
features_1:1575,features_1.npy,1575,train,1,2.618987798690796,0.9320736495884154,1
features_1:1578,features_1.npy,1578,train,1,9.894969940185547,0.9999495748433036,1
features_1:1580,features_1.npy,1580,train,0,-6.727466583251953,0.0011961306027523002,0
features_1:1581,features_1.npy,1581,train,1,5.2393927574157715,0.9947245021233057,1
features_1:1582,features_1.npy,1582,train,1,4.871938228607178,0.9923996999946031,1
features_1:1583,features_1.npy,1583,train,0,-8.801450729370117,0.00015049190951365522,0
features_1:1586,features_1.npy,1586,train,0,-4.472902297973633,0.011285328173283338,0
features_1:1588,features_1.npy,1588,train,1,0.9403500556945801,0.719170361611944,1
features_1:1589,features_1.npy,1589,train,0,-7.722946643829346,0.00044235886189603193,0
features_1:1590,features_1.npy,1590,train,0,-7.764129638671875,0.00042451880771918643,0
features_1:1591,features_1.npy,1591,train,0,-10.265284538269043,3.481997439945956e-05,0
features_1:1592,features_1.npy,1592,train,1,4.543478012084961,0.9894755924717981,1
features_1:1593,features_1.npy,1593,train,1,5.641272068023682,0.9964641944925384,1
features_1:1594,features_1.npy,1594,train,0,-2.786600112915039,0.05805259044943899,0
features_1:1595,features_1.npy,1595,train,0,-7.356564521789551,0.0006379805850932374,0
features_1:1596,features_1.npy,1596,train,1,1.2756316661834717,0.7817052719517017,1
features_1:1597,features_1.npy,1597,train,0,-4.5305047035217285,0.010660368410648944,0
features_1:1598,features_1.npy,1598,train,0,-6.642800807952881,0.0013016750669006,0
features_1:1599,features_1.npy,1599,train,1,9.498517036437988,0.9999250427042464,1
features_1:1600,features_1.npy,1600,train,0,-4.994327545166016,0.006730667444634316,0
features_1:1602,features_1.npy,1602,train,1,6.255122661590576,0.9980830912375498,1
features_1:1604,features_1.npy,1604,train,0,-7.278187274932861,0.0006899596276808629,0
features_1:1605,features_1.npy,1605,train,0,-6.329549312591553,0.0017796642388790884,0
features_1:1610,features_1.npy,1610,train,1,2.3395209312438965,0.9120976831760496,1
features_1:1611,features_1.npy,1611,train,0,-9.080564498901367,0.00011384435496938279,0
features_1:1612,features_1.npy,1612,train,0,-5.14850378036499,0.00577454931188927,0
features_1:1613,features_1.npy,1613,train,0,-5.724271297454834,0.003255101865621886,0
features_1:1614,features_1.npy,1614,train,1,7.204430103302002,0.9992572663917559,1
features_1:1615,features_1.npy,1615,train,1,8.418701171875,0.9997793475786608,1
features_1:1616,features_1.npy,1616,train,0,-3.2799906730651855,0.03626404233992488,0
features_1:1617,features_1.npy,1617,train,1,8.74679946899414,0.9998410559692632,1
features_1:1618,features_1.npy,1618,train,1,10.339912414550781,0.9999676838913156,1
features_1:1619,features_1.npy,1619,train,0,-0.22259923815727234,0.4445788468157576,0
features_1:1621,features_1.npy,1621,train,0,-9.090909957885742,0.00011267278622476037,0
features_1:1623,features_1.npy,1623,train,0,-6.140030860900879,0.002150223691615772,0
features_1:1625,features_1.npy,1625,train,0,-4.0894083976745605,0.016473227080277267,0
features_1:1626,features_1.npy,1626,train,1,6.483509540557861,0.9984738954115637,1
features_1:1627,features_1.npy,1627,train,0,-9.886816024780273,5.0837979027717614e-05,0
features_1:1629,features_1.npy,1629,train,1,3.952434539794922,0.9811541072402894,1
features_1:1630,features_1.npy,1630,train,1,6.876039028167725,0.9989688398180105,1
features_1:1632,features_1.npy,1632,train,0,-10.301126480102539,3.359410090314793e-05,0
features_1:1633,features_1.npy,1633,train,0,-2.0094857215881348,0.11821057403824237,0
features_1:1634,features_1.npy,1634,train,0,-1.4870742559432983,0.18436127174701503,0
features_1:1636,features_1.npy,1636,train,0,-5.274288654327393,0.005095501526126851,0
features_1:1638,features_1.npy,1638,train,1,5.484889984130859,0.9958681514952805,1
features_1:1639,features_1.npy,1639,train,0,-10.467693328857422,2.843977771353521e-05,0
features_1:1640,features_1.npy,1640,train,0,-10.400803565979004,3.040711370249678e-05,0
features_1:1641,features_1.npy,1641,train,1,1.256501317024231,0.7784232410711568,1
features_1:1642,features_1.npy,1642,train,0,-5.369757175445557,0.004633690543286341,0
features_1:1643,features_1.npy,1643,train,0,-3.001889705657959,0.047340575562688864,0
features_1:1644,features_1.npy,1644,train,0,-5.513505458831787,0.004015757422984666,0
features_1:1645,features_1.npy,1645,train,0,-5.550146579742432,0.0038718380639263506,0
features_1:1647,features_1.npy,1647,train,1,3.8358583450317383,0.9788731712028945,1
features_1:1648,features_1.npy,1648,train,0,-0.7797154188156128,0.3143812230632484,0
features_1:1649,features_1.npy,1649,train,1,4.465717792510986,0.9886342252176498,1
features_1:1650,features_1.npy,1650,train,0,-10.051923751831055,4.310089248965344e-05,0
features_1:1651,features_1.npy,1651,train,1,4.483439922332764,0.9888316468273554,1
features_1:1652,features_1.npy,1652,train,1,9.714433670043945,0.9999395983462553,1
features_1:1653,features_1.npy,1653,train,0,-10.354613304138184,3.184452312382275e-05,0
features_1:1654,features_1.npy,1654,train,1,7.3341546058654785,0.9993475703550649,1
features_1:1657,features_1.npy,1657,train,1,8.216068267822266,0.9997297973991764,1
features_1:1658,features_1.npy,1658,train,1,3.028033494949341,0.953824639048331,1
features_1:1659,features_1.npy,1659,train,1,6.773766994476318,0.9988579263991451,1
features_1:1662,features_1.npy,1662,train,1,8.433631896972656,0.9997826168957652,1
features_1:1663,features_1.npy,1663,train,1,7.405113697052002,0.999392234625203,1
features_1:1664,features_1.npy,1664,train,0,-8.853401184082031,0.00014287448094732494,0
features_1:1666,features_1.npy,1666,train,0,-7.887707710266113,0.00037518813337408097,0
features_1:1668,features_1.npy,1668,train,1,8.364707946777344,0.9997671091955561,1
features_1:1669,features_1.npy,1669,train,1,0.029931772500276566,0.5074823845041919,0
features_1:1670,features_1.npy,1670,train,1,6.494470119476318,0.9984905059551735,1
features_1:1672,features_1.npy,1672,train,1,3.273970365524292,0.9635249657462324,1
features_1:1673,features_1.npy,1673,train,0,-5.608973979949951,0.0036514456969626028,0
features_1:1674,features_1.npy,1674,train,0,-7.282400608062744,0.0006870607065778667,0
features_1:1675,features_1.npy,1675,train,0,-6.5096635818481445,0.0014867667920483707,0
features_1:1683,features_1.npy,1683,train,0,-8.416388511657715,0.00022116319295059362,0
features_1:1684,features_1.npy,1684,train,0,-8.634466171264648,0.00017783684592582685,0
features_1:1685,features_1.npy,1685,train,0,-5.28862190246582,0.005023351625716962,0
features_1:1687,features_1.npy,1687,train,1,8.51633358001709,0.9997998680646148,1
features_1:1688,features_1.npy,1688,train,1,4.112373352050781,0.983894745688236,1
features_1:1690,features_1.npy,1690,train,1,5.702941417694092,0.9966749547740169,1
features_1:1691,features_1.npy,1691,train,1,6.9247260093688965,0.9990177932173685,1
features_1:1694,features_1.npy,1694,train,1,4.528069496154785,0.9893139174977192,1
features_1:1696,features_1.npy,1696,train,1,8.985207557678223,0.9998747667799637,1
features_1:1697,features_1.npy,1697,train,0,-2.949167490005493,0.04977587305675212,0
features_1:1700,features_1.npy,1700,train,1,4.2607903480529785,0.9860852083609002,1
features_1:1702,features_1.npy,1702,train,1,9.506866455078125,0.9999256659022758,1
features_1:1703,features_1.npy,1703,train,1,6.620774745941162,0.9986693746474445,1
features_1:1704,features_1.npy,1704,train,1,7.367510795593262,0.9993689604596069,1
features_1:1707,features_1.npy,1707,train,1,3.2921648025512695,0.9641590370888827,1
features_1:1711,features_1.npy,1711,train,0,-10.607887268066406,2.471965237374786e-05,0
features_1:1714,features_1.npy,1714,train,1,5.341264247894287,0.9952330215556527,1
features_1:1715,features_1.npy,1715,train,1,4.14904260635376,0.9844656087187905,1
features_1:1716,features_1.npy,1716,train,1,3.990102767944336,0.9818381416208399,1
features_1:1717,features_1.npy,1717,train,1,4.713727951049805,0.9911084973698928,1
features_1:1718,features_1.npy,1718,train,1,6.586789608001709,0.9986234392725428,1
features_1:1719,features_1.npy,1719,train,1,8.392931938171387,0.9997735889430848,1
features_1:1720,features_1.npy,1720,train,0,-1.7979069948196411,0.14210603607555622,0
features_1:1721,features_1.npy,1721,train,1,7.74500036239624,0.9995672858329442,1
features_1:1722,features_1.npy,1722,train,1,6.466372966766357,0.9984475587922217,1
features_1:1723,features_1.npy,1723,train,0,-8.461612701416016,0.00021138612725403333,0
features_1:1724,features_1.npy,1724,train,1,2.929445743560791,0.9492829971536901,1
features_1:1726,features_1.npy,1726,train,1,7.617645740509033,0.9995085435937935,1
features_1:1727,features_1.npy,1727,train,1,8.281858444213867,0.99974699757357,1
features_1:1728,features_1.npy,1728,train,1,6.868555545806885,0.9989611022499407,1
features_1:1729,features_1.npy,1729,train,1,6.276647090911865,0.9981238341365978,1
features_1:1730,features_1.npy,1730,train,1,7.5960187911987305,0.9994978045205731,1
features_1:1731,features_1.npy,1731,train,0,-2.858184337615967,0.054259797045733776,0
features_1:1732,features_1.npy,1732,train,1,3.6606264114379883,0.9749283538141045,1
features_1:1733,features_1.npy,1733,train,1,7.21921968460083,0.9992681623002387,1
features_1:1734,features_1.npy,1734,train,1,9.57114028930664,0.999930293012819,1
features_1:1736,features_1.npy,1736,train,1,8.101632118225098,0.9996970476775381,1
features_1:1738,features_1.npy,1738,train,0,-5.706395626068115,0.00331361763314616,0
features_1:1739,features_1.npy,1739,train,1,7.024303436279297,0.9991108041364045,1
features_1:1740,features_1.npy,1740,train,0,-7.198303699493408,0.0007472944503619924,0
features_1:1741,features_1.npy,1741,train,0,-9.542943000793457,7.170036614619849e-05,0
features_1:1743,features_1.npy,1743,train,1,7.376397609710693,0.9993745400540369,1
features_1:1744,features_1.npy,1744,train,1,4.764787197113037,0.9915473541574064,1
features_1:1745,features_1.npy,1745,train,1,6.448029518127441,0.9984188643196628,1
features_1:1747,features_1.npy,1747,train,0,-5.819426536560059,0.0029605167614293305,0
features_1:1749,features_1.npy,1749,train,1,6.118287563323975,0.997802615228348,1
features_1:1750,features_1.npy,1750,train,0,-4.318708896636963,0.013142052573140826,0
features_1:1751,features_1.npy,1751,train,1,5.111911296844482,0.9940115207404056,1
features_1:1752,features_1.npy,1752,train,1,10.059476852416992,0.9999572234126644,1
features_1:1753,features_1.npy,1753,train,1,6.817835807800293,0.9989071095416499,1
features_1:1754,features_1.npy,1754,train,1,4.783029556274414,0.9916988840248492,1
features_1:1755,features_1.npy,1755,train,0,-1.332910418510437,0.208678355365286,0
features_1:1756,features_1.npy,1756,train,1,9.358039855957031,0.9999137384088786,1
features_1:1757,features_1.npy,1757,train,0,-8.925225257873535,0.00013297382673933356,0
features_1:1758,features_1.npy,1758,train,0,-4.549654006958008,0.010460286954163175,0
features_1:1759,features_1.npy,1759,train,1,1.9395043849945068,0.8742976848830525,1
features_1:1760,features_1.npy,1760,train,1,7.151298522949219,0.9992167683539558,1
features_1:1761,features_1.npy,1761,train,0,-1.5752757787704468,0.17146558787599422,0
features_1:1762,features_1.npy,1762,train,1,7.2782301902771,0.9993100699611104,1
features_1:1765,features_1.npy,1765,train,1,5.233521938323975,0.9946936043678294,1
features_1:1767,features_1.npy,1767,train,0,3.307663917541504,0.9646907943887667,1
features_1:1769,features_1.npy,1769,train,1,9.410442352294922,0.9999181419749936,1
features_1:1770,features_1.npy,1770,train,1,5.0994553565979,0.9939369171948095,1
features_1:1771,features_1.npy,1771,train,1,7.0802459716796875,0.9991591415165268,1
features_1:1772,features_1.npy,1772,train,1,7.712955951690674,0.9995532015009171,1
features_1:1773,features_1.npy,1773,train,0,-9.967915534973145,4.687798413955896e-05,0
features_1:1774,features_1.npy,1774,train,1,1.0492267608642578,0.7406263884024538,1
features_1:1775,features_1.npy,1775,train,1,4.027612209320068,0.982495060350639,1
features_1:1778,features_1.npy,1778,train,1,8.455374717712402,0.999787291409548,1
features_1:1779,features_1.npy,1779,train,0,-10.218334197998047,3.649370812499615e-05,0
features_1:1780,features_1.npy,1780,train,1,4.658881664276123,0.9906119163781588,1
features_1:1781,features_1.npy,1781,train,1,6.579982280731201,0.9986140496375877,1
features_1:1782,features_1.npy,1782,train,0,-5.336021423339844,0.004791916429960682,0
features_1:1783,features_1.npy,1783,train,1,5.228640079498291,0.9946677744274178,1
features_1:1784,features_1.npy,1784,train,1,7.189394474029541,0.9992460230308995,1
features_1:1785,features_1.npy,1785,train,1,4.316109657287598,0.9868241943163046,1
features_1:1786,features_1.npy,1786,train,1,7.587642192840576,0.9994935823018599,1
features_1:1787,features_1.npy,1787,train,1,8.111995697021484,0.9997001701982446,1
features_1:1788,features_1.npy,1788,train,1,6.521094799041748,0.9985301071518191,1
features_1:1789,features_1.npy,1789,train,1,7.144943714141846,0.9992117791538788,1
features_1:1790,features_1.npy,1790,train,1,1.1147525310516357,0.7530140680676431,1
features_1:1791,features_1.npy,1791,train,0,-1.3518399000167847,0.20556973344624005,0
features_1:1792,features_1.npy,1792,train,0,-5.670100688934326,0.0034356735847219377,0
features_1:1793,features_1.npy,1793,train,1,3.1016249656677246,0.9569597235575277,1
features_1:1794,features_1.npy,1794,train,1,4.807939052581787,0.9919014526372061,1
features_1:1795,features_1.npy,1795,train,1,5.724600315093994,0.99674596545969,1
features_1:1796,features_1.npy,1796,train,1,3.220548629760742,0.9616002778841468,1
features_1:1800,features_1.npy,1800,train,0,-3.975048542022705,0.018432261733380174,0
features_1:1802,features_1.npy,1802,train,1,8.425580978393555,0.9997808600831282,1
features_1:1803,features_1.npy,1803,train,1,4.796385288238525,0.9918081122557458,1
features_1:1805,features_1.npy,1805,train,1,8.924188613891602,0.9998668882736284,1
features_1:1808,features_1.npy,1808,train,1,6.216982364654541,0.9980087160232765,1
features_1:1810,features_1.npy,1810,train,0,-3.829526901245117,0.02125816389491165,0
features_1:1811,features_1.npy,1811,train,1,4.382648944854736,0.9876619066772042,1
features_1:1812,features_1.npy,1812,train,0,-2.085035562515259,0.11055981598017019,0
features_1:1813,features_1.npy,1813,train,0,-9.161035537719727,0.00010504301907297561,0
features_1:1814,features_1.npy,1814,train,1,3.5866994857788086,0.9730564847499779,1
features_1:1815,features_1.npy,1815,train,1,4.332458019256592,0.9870350759935774,1
features_1:1816,features_1.npy,1816,train,0,-3.2704074382781982,0.03660045893539865,0
features_1:1817,features_1.npy,1817,train,0,-7.597320079803467,0.0005015427307304018,0
features_1:1818,features_1.npy,1818,train,0,-6.215800762176514,0.00199363357984747,0
features_1:1819,features_1.npy,1819,train,0,-2.862945556640625,0.05401598977909418,0
features_1:1820,features_1.npy,1820,train,0,-8.092559814453125,0.0003057124591844355,0
features_1:1821,features_1.npy,1821,train,1,8.428586959838867,0.9997815176808728,1
features_1:1824,features_1.npy,1824,train,0,-5.8871588706970215,0.002767170732082612,0
features_1:1828,features_1.npy,1828,train,0,-5.0920233726501465,0.006108035142339938,0
features_1:1830,features_1.npy,1830,train,1,5.026016712188721,0.9934779084558473,1
features_1:1831,features_1.npy,1831,train,1,1.5668984651565552,0.8273410103484501,1
features_1:1832,features_1.npy,1832,train,0,-6.9301981925964355,0.0009768518824084102,0
features_1:1833,features_1.npy,1833,train,1,2.5575571060180664,0.9280795701591302,1
features_1:1834,features_1.npy,1834,train,1,6.827857971191406,0.9989179961721478,1
features_1:1835,features_1.npy,1835,train,1,6.669287204742432,0.9987323059062265,1
features_1:1839,features_1.npy,1839,train,0,-7.850702285766602,0.00038932671275975633,0
features_1:1840,features_1.npy,1840,train,0,-7.071979999542236,0.0008478318846671327,0
features_1:1841,features_1.npy,1841,train,1,7.26657772064209,0.9993019891948544,1
features_1:1842,features_1.npy,1842,train,1,9.584128379821777,0.9999311924575041,1
features_1:1843,features_1.npy,1843,train,1,4.95093297958374,0.9929729258864629,1
features_1:1846,features_1.npy,1846,train,1,6.308215618133545,0.9981820308304511,1
features_1:1848,features_1.npy,1848,train,1,5.3620381355285645,0.9953305710733581,1
features_1:1849,features_1.npy,1849,train,0,-6.680801868438721,0.0012531989292761429,0
features_1:1850,features_1.npy,1850,train,1,2.537942886352539,0.9267593194590147,1
features_1:1853,features_1.npy,1853,train,1,6.104682445526123,0.9977725823023528,1
features_1:1854,features_1.npy,1854,train,1,8.380992889404297,0.999770870232689,1
features_1:1856,features_1.npy,1856,train,1,6.9664812088012695,0.9990579231732568,1
features_1:1857,features_1.npy,1857,train,1,-0.08137553930282593,0.4796673341423277,0
features_1:1859,features_1.npy,1859,train,1,2.956151247024536,0.9505534096401346,1
features_1:1860,features_1.npy,1860,train,0,-9.159191131591797,0.00010523691943277789,0
features_1:1861,features_1.npy,1861,train,0,-9.407254219055176,8.211939428446505e-05,0
features_1:1862,features_1.npy,1862,train,0,-6.215043544769287,0.001995140752561942,0
features_1:1864,features_1.npy,1864,train,0,-9.396417617797852,8.301405432394984e-05,0
features_1:1866,features_1.npy,1866,train,1,9.056169509887695,0.9998833445887851,1
features_1:1867,features_1.npy,1867,train,1,7.525139808654785,0.999460937488253,1
features_1:1868,features_1.npy,1868,train,1,6.2185750007629395,0.9980118785898525,1
features_1:1869,features_1.npy,1869,train,0,-7.557200908660889,0.0005220625719888524,0
features_1:1871,features_1.npy,1871,train,0,-3.929689884185791,0.01927109285927843,0
features_1:1872,features_1.npy,1872,train,0,-6.604131698608398,0.0013529261133898055,0
features_1:1874,features_1.npy,1874,train,1,8.291683197021484,0.999749470469445,1
features_1:1876,features_1.npy,1876,train,1,4.6886982917785645,0.9908851916255855,1
features_1:1877,features_1.npy,1877,train,0,-10.157244682312012,3.87925059514822e-05,0
features_1:1878,features_1.npy,1878,train,0,0.8247781991958618,0.6952496767688315,1
features_1:1879,features_1.npy,1879,train,0,-10.394285202026367,3.060595964115077e-05,0
features_1:1880,features_1.npy,1880,train,0,-8.152981758117676,0.0002877928543366669,0
features_1:1882,features_1.npy,1882,train,1,7.574382781982422,0.999486826255781,1
features_1:1884,features_1.npy,1884,train,0,-1.7647267580032349,0.14619933455681244,0
features_1:1885,features_1.npy,1885,train,1,9.720748901367188,0.9999399785719059,1
features_1:1886,features_1.npy,1886,train,1,4.289149761199951,0.9864690161474884,1
features_1:1888,features_1.npy,1888,train,1,6.592669486999512,0.998631498489558,1
features_1:1889,features_1.npy,1889,train,0,-7.3399786949157715,0.0006486433379015065,0
features_1:1891,features_1.npy,1891,train,1,7.9257893562316895,0.9996388259545724,1
features_1:1892,features_1.npy,1892,train,0,-7.249727725982666,0.000709863513036652,0
features_1:1893,features_1.npy,1893,train,1,8.735332489013672,0.9998392231660018,1
features_1:1894,features_1.npy,1894,train,1,10.431098937988281,0.9999705002402343,1
features_1:1896,features_1.npy,1896,train,0,-7.9731011390686035,0.0003444899335670418,0
features_1:1897,features_1.npy,1897,train,1,7.130385875701904,0.9992002296755979,1
features_1:1898,features_1.npy,1898,train,1,6.388462543487549,0.9983219820452272,1
features_1:1899,features_1.npy,1899,train,1,8.02127456665039,0.9996717066251811,1
features_1:1901,features_1.npy,1901,train,0,1.3345108032226562,0.7915857956712371,1
features_1:1902,features_1.npy,1902,train,0,-7.572956085205078,0.0005139060335464615,0
features_1:1903,features_1.npy,1903,train,0,-2.375126361846924,0.0850892073435207,0
features_1:1904,features_1.npy,1904,train,1,8.583128929138184,0.999812796846757,1
features_1:1905,features_1.npy,1905,train,1,4.95107889175415,0.9929739439437577,1
features_1:1907,features_1.npy,1907,train,0,-7.644265651702881,0.00047855265137784113,0
features_1:1908,features_1.npy,1908,train,1,7.240921497344971,0.9992838621572581,1
features_1:1910,features_1.npy,1910,train,0,-4.587770462036133,0.010073021578817658,0
features_1:1911,features_1.npy,1911,train,0,-1.7898838520050049,0.14308696415368616,0
features_1:1912,features_1.npy,1912,train,1,7.014891147613525,0.9991024028047214,1
features_1:1914,features_1.npy,1914,train,1,9.639751434326172,0.9999349150046468,1
features_1:1915,features_1.npy,1915,train,0,-9.048431396484375,0.00011756149907815603,0
features_1:1917,features_1.npy,1917,train,1,6.175224781036377,0.997923980578296,1
features_1:1919,features_1.npy,1919,train,1,9.00725269317627,0.9998774970202347,1
features_1:1920,features_1.npy,1920,train,0,-6.191817760467529,0.0020419260506117877,0
features_1:1921,features_1.npy,1921,train,0,-6.089798927307129,0.0022607419376458803,0
features_1:1922,features_1.npy,1922,train,1,5.789647102355957,0.9969502677968668,1
features_1:1923,features_1.npy,1923,train,0,-9.473642349243164,7.68450733590186e-05,0
features_1:1929,features_1.npy,1929,train,0,-7.372253894805908,0.0006280554196527539,0
features_1:1930,features_1.npy,1930,train,1,-0.6544115543365479,0.34199609336913983,0
features_1:1931,features_1.npy,1931,train,0,-7.859029293060303,0.0003860994932768637,0
features_1:1932,features_1.npy,1932,train,0,-0.09820662438869476,0.47546805734497266,0
features_1:1933,features_1.npy,1933,train,0,-8.02110481262207,0.00032834909037210067,0
features_1:1935,features_1.npy,1935,train,1,7.798046588897705,0.9995896323286783,1
features_1:1936,features_1.npy,1936,train,0,-5.29209041595459,0.005006045316922816,0
features_1:1937,features_1.npy,1937,train,1,4.760934352874756,0.9915150014733063,1
features_1:1938,features_1.npy,1938,train,1,6.513916492462158,0.9985195335262632,1
features_1:1940,features_1.npy,1940,train,1,0.9044675230979919,0.711866714069129,1
features_1:1942,features_1.npy,1942,train,0,-9.757883071899414,5.783358433570885e-05,0
features_1:1943,features_1.npy,1943,train,1,8.909969329833984,0.9998649822567517,1
features_1:1944,features_1.npy,1944,train,0,-5.345733165740967,0.004745823615501914,0
features_1:1945,features_1.npy,1945,train,1,9.160724639892578,0.9998949243216356,1
features_1:1946,features_1.npy,1946,train,0,1.3776065111160278,0.7986063203415215,1
features_1:1948,features_1.npy,1948,train,1,5.319315433502197,0.9951277507531936,1
features_1:1950,features_1.npy,1950,train,0,-6.162941932678223,0.0021016221787831,0
features_1:1952,features_1.npy,1952,train,0,-5.2001118659973145,0.0054856885700239255,0
features_1:1953,features_1.npy,1953,train,0,-4.101244926452637,0.016282546842030263,0
features_1:1955,features_1.npy,1955,train,1,-0.5374116897583008,0.36878989434858317,0
features_1:1957,features_1.npy,1957,train,1,9.402713775634766,0.9999175069303262,1
features_1:1958,features_1.npy,1958,train,1,9.065530776977539,0.999884431410092,1
features_1:1959,features_1.npy,1959,train,0,-3.508615016937256,0.02906809892905417,0
features_1:1962,features_1.npy,1962,train,0,-8.194314002990723,0.0002761434213763422,0
features_1:1964,features_1.npy,1964,train,0,-8.65410041809082,0.00017437981147027875,0
features_1:1966,features_1.npy,1966,train,1,6.948197364807129,0.9990405566339837,1
features_1:1967,features_1.npy,1967,train,1,4.810841083526611,0.9919247312913732,1
features_1:1970,features_1.npy,1970,train,0,-5.263693332672119,0.005149497537678023,0
features_1:1971,features_1.npy,1971,train,1,8.287235260009766,0.9997483539289826,1
features_1:1972,features_1.npy,1972,train,1,7.911084175109863,0.999633477543166,1
features_1:1973,features_1.npy,1973,train,0,-7.0994133949279785,0.0008249080409209007,0
features_1:1975,features_1.npy,1975,train,0,-9.286903381347656,9.262087530010372e-05,0
features_1:1978,features_1.npy,1978,train,1,5.226215839385986,0.9946549013287869,1
features_1:1979,features_1.npy,1979,train,1,6.812337875366211,0.9989010909770281,1
features_1:1981,features_1.npy,1981,train,1,9.481542587280273,0.9999237595831175,1
features_1:1983,features_1.npy,1983,train,0,-10.296008110046387,3.376648291836525e-05,0
features_1:1984,features_1.npy,1984,train,1,6.076432228088379,0.9977089062386999,1
features_1:1988,features_1.npy,1988,train,1,9.319416046142578,0.9999103417832428,1
features_1:1991,features_1.npy,1991,train,1,4.606786251068115,0.9901148395820678,1
features_1:1992,features_1.npy,1992,train,1,6.323758602142334,0.9982100188451967,1
features_1:1996,features_1.npy,1996,train,1,8.349716186523438,0.9997635922813569,1
features_1:1997,features_1.npy,1997,train,0,-6.376216411590576,0.0016986584027261294,0
features_1:1998,features_1.npy,1998,train,1,3.3056931495666504,0.964623603661028,1
features_1:2001,features_1.npy,2001,train,1,7.355335235595703,0.9993612351732097,1
features_1:2002,features_1.npy,2002,train,1,6.0795698165893555,0.9977160670902893,1
features_1:2004,features_1.npy,2004,train,0,-6.943183898925781,0.0009642609306272417,0
features_1:2005,features_1.npy,2005,train,1,3.1096954345703125,0.9572909053497308,1
features_1:2007,features_1.npy,2007,train,1,8.370870590209961,0.9997685396740539,1
features_1:2010,features_1.npy,2010,train,0,-7.1305365562438965,0.0007996499200133673,0
features_1:2011,features_1.npy,2011,train,1,5.0651164054870605,0.9937264301785473,1
features_1:2012,features_1.npy,2012,train,1,9.015400886535645,0.9998784910217555,1
features_1:2015,features_1.npy,2015,train,0,-2.9943227767944336,0.04768301114902628,0
features_1:2019,features_1.npy,2019,train,1,3.6014723777770996,0.9734410991267105,1
features_1:2021,features_1.npy,2021,train,1,8.435598373413086,0.9997830438618269,1
features_1:2022,features_1.npy,2022,train,0,-3.505965232849121,0.029142977563238106,0
features_1:2023,features_1.npy,2023,train,1,1.9946545362472534,0.8802346951609434,1
features_1:2024,features_1.npy,2024,train,1,7.8402628898620605,0.9996065892702577,1
features_1:2027,features_1.npy,2027,train,1,3.544619560241699,0.9719310139262465,1
features_1:2028,features_1.npy,2028,train,1,5.189810276031494,0.9944578228498266,1
features_1:2029,features_1.npy,2029,train,1,9.876372337341309,0.9999486283302859,1
features_1:2030,features_1.npy,2030,train,1,7.9201579093933105,0.9996367870252142,1
features_1:2031,features_1.npy,2031,train,1,5.781843662261963,0.9969264497293361,1
features_1:2034,features_1.npy,2034,train,1,6.7729268074035645,0.9988569675377175,1
features_1:2036,features_1.npy,2036,train,1,8.006913185119629,0.9996669594425138,1
features_1:2038,features_1.npy,2038,train,0,-9.994369506835938,4.565419035353353e-05,0
features_1:2039,features_1.npy,2039,train,0,-9.191631317138672,0.00010187813636573999,0
features_1:2042,features_1.npy,2042,train,0,-8.446819305419922,0.00021453581491122253,0
features_1:2044,features_1.npy,2044,train,1,3.7780213356018066,0.9776433548266739,1
features_1:2045,features_1.npy,2045,train,0,-8.1265869140625,0.0002954879661329245,0
features_1:2047,features_1.npy,2047,train,1,7.8573431968688965,0.9996132492086919,1
features_1:2048,features_1.npy,2048,train,1,8.626330375671387,0.9998207106687003,1
features_1:2049,features_1.npy,2049,train,0,-7.988863468170166,0.00033910436722459157,0
features_1:2050,features_1.npy,2050,train,0,-6.935160160064697,0.0009720214806978617,0
features_1:2052,features_1.npy,2052,train,0,-4.748856067657471,0.00858721878446014,0
features_1:2053,features_1.npy,2053,train,1,4.2569146156311035,0.9860319284674148,1
features_1:2055,features_1.npy,2055,train,0,-3.716033697128296,0.023752376061165502,0
features_1:2059,features_1.npy,2059,train,0,-3.4711287021636963,0.030144964965670724,0
features_1:2060,features_1.npy,2060,train,1,6.9564900398254395,0.9990484725479147,1
features_1:2062,features_1.npy,2062,train,1,2.8838024139404297,0.9470398994199373,1
features_1:2063,features_1.npy,2063,train,1,4.4780192375183105,0.9887716239365604,1
features_1:2064,features_1.npy,2064,train,0,-4.417868614196777,0.011916200929009328,0
features_1:2065,features_1.npy,2065,train,1,4.1685791015625,0.9847615711582495,1
features_1:2066,features_1.npy,2066,train,0,-7.772690296173096,0.0004209016818056421,0
features_1:2067,features_1.npy,2067,train,0,-7.036429405212402,0.000878488027005942,0
features_1:2069,features_1.npy,2069,train,1,5.873020172119141,0.997193537764771,1
features_1:2072,features_1.npy,2072,train,0,-8.876824378967285,0.00013956725531046065,0
features_1:2073,features_1.npy,2073,train,1,10.290399551391602,0.999966043610158,1
features_1:2074,features_1.npy,2074,train,1,2.1626904010772705,0.8968487063873581,1
features_1:2075,features_1.npy,2075,train,1,9.775054931640625,0.999943150991711,1
features_1:2076,features_1.npy,2076,train,0,-4.694034576416016,0.009066738532777693,0
features_1:2077,features_1.npy,2077,train,0,-5.391018390655518,0.004536654797337847,0
features_1:2078,features_1.npy,2078,train,1,9.659394264221191,0.9999361809029342,1
features_1:2079,features_1.npy,2079,train,1,5.624670505523682,0.9964052174084685,1
features_1:2080,features_1.npy,2080,train,0,-8.849950790405273,0.00014336823480900468,0
features_1:2082,features_1.npy,2082,train,1,7.3085103034973145,0.999330634221674,1
features_1:2083,features_1.npy,2083,train,0,-6.925759792327881,0.000981192914439654,0
features_1:2084,features_1.npy,2084,train,1,2.5148820877075195,0.9251785465646297,1
features_1:2085,features_1.npy,2085,train,0,-9.302334785461426,9.120270581258535e-05,0
features_1:2086,features_1.npy,2086,train,0,-10.118711471557617,4.031641754222443e-05,0
features_1:2087,features_1.npy,2087,train,1,2.481494188308716,0.9228342680260133,1
features_1:2088,features_1.npy,2088,train,1,7.265571117401123,0.9993012867123442,1
features_1:2089,features_1.npy,2089,train,0,-8.73456859588623,0.0001608996774692733,0
features_1:2090,features_1.npy,2090,train,0,-5.565989971160889,0.0038112103517005174,0
features_1:2091,features_1.npy,2091,train,1,2.8699774742126465,0.9463422041755544,1
features_1:2092,features_1.npy,2092,train,0,-5.279222011566162,0.0050705526514382895,0
features_1:2093,features_1.npy,2093,train,1,4.594240665435791,0.9899912923207701,1
features_1:2094,features_1.npy,2094,train,1,6.084634304046631,0.9977275785803764,1
features_1:2095,features_1.npy,2095,train,1,8.18197250366211,0.9997204283966207,1
features_1:2097,features_1.npy,2097,train,1,8.782285690307617,0.9998465965387209,1
features_1:2100,features_1.npy,2100,train,0,-5.594526767730713,0.003704384981393978,0
features_1:2101,features_1.npy,2101,train,1,5.464827537536621,0.995784772328201,1
features_1:2102,features_1.npy,2102,train,0,-7.885480880737305,0.00037602422980421714,0
features_1:2103,features_1.npy,2103,train,1,8.753045082092285,0.9998420454222948,1
features_1:2104,features_1.npy,2104,train,0,-1.5441471338272095,0.1759332120652366,0
features_1:2105,features_1.npy,2105,train,1,5.064827919006348,0.9937246314364375,1
features_1:2106,features_1.npy,2106,train,1,3.47158145904541,0.9698682691304085,1
features_1:2107,features_1.npy,2107,train,1,6.67700719833374,0.9987420425536071,1
features_1:2108,features_1.npy,2108,train,1,7.811204433441162,0.9995949943422232,1
features_1:2109,features_1.npy,2109,train,1,8.681757926940918,0.9998303762086266,1
features_1:2110,features_1.npy,2110,train,0,-7.6652703285217285,0.0004686103014572777,0
features_1:2111,features_1.npy,2111,train,0,-7.857412815093994,0.00038672387775384514,0
features_1:2112,features_1.npy,2112,train,1,4.357614040374756,0.9873530805204839,1
features_1:2114,features_1.npy,2114,train,0,-5.09444522857666,0.006093350288306222,0
features_1:2115,features_1.npy,2115,train,1,5.945061206817627,0.9973880978394504,1
features_1:2117,features_1.npy,2117,train,0,-2.4710521697998047,0.07791261131983092,0
features_1:2121,features_1.npy,2121,train,1,7.562251567840576,0.999480566174471,1
features_1:2123,features_1.npy,2123,train,1,8.630959510803223,0.9998215385574448,1
features_1:2124,features_1.npy,2124,train,0,-6.819909572601318,0.0010906288781881684,0
features_1:2125,features_1.npy,2125,train,0,-9.499957084655762,7.48494393907285e-05,0
features_1:2127,features_1.npy,2127,train,0,0.38363415002822876,0.5947493158482146,0
features_1:2130,features_1.npy,2130,train,1,4.824902534484863,0.9920365887587689,1
features_1:2131,features_1.npy,2131,train,0,-7.547807216644287,0.0005269871765045874,0
features_1:2133,features_1.npy,2133,train,1,6.552419185638428,0.9985753723946466,1
features_1:2135,features_1.npy,2135,train,0,-10.247735023498535,3.543641973724004e-05,0
features_1:2136,features_1.npy,2136,train,1,6.397590160369873,0.9983372033097255,1
features_1:2137,features_1.npy,2137,train,0,-8.197556495666504,0.0002752497244975479,0
features_1:2138,features_1.npy,2138,train,1,6.217275619506836,0.9980092987290426,1
features_1:2141,features_1.npy,2141,train,1,7.811141014099121,0.9995949686666199,1
features_1:2142,features_1.npy,2142,train,1,1.353703260421753,0.7947344065177616,1
features_1:2143,features_1.npy,2143,train,1,6.879725933074951,0.9989726307090823,1
features_1:2144,features_1.npy,2144,train,1,8.360878944396973,0.9997662159555682,1
features_1:2145,features_1.npy,2145,train,0,-7.773275852203369,0.00042065539607715987,0
features_1:2148,features_1.npy,2148,train,0,-4.402472496032715,0.012098846884455802,0
features_1:2149,features_1.npy,2149,train,1,5.041599750518799,0.9935781070488273,1
features_1:2150,features_1.npy,2150,train,1,7.651564121246338,0.9995249256825827,1
features_1:2152,features_1.npy,2152,train,0,-7.132907390594482,0.0007977578387256969,0
features_1:2154,features_1.npy,2154,train,1,0.1541655957698822,0.5384652453800639,0
features_1:2156,features_1.npy,2156,train,1,0.7029205560684204,0.6688349786766583,1
features_1:2157,features_1.npy,2157,train,1,8.989485740661621,0.9998753013394975,1
features_1:2158,features_1.npy,2158,train,1,7.644014835357666,0.9995213273622031,1
features_1:2159,features_1.npy,2159,train,1,5.826895236968994,0.9970614473525619,1
features_1:2160,features_1.npy,2160,train,0,-7.518899440765381,0.0005424351477116193,0
features_1:2161,features_1.npy,2161,train,0,-6.336546897888184,0.0017672762885013256,0
features_1:2162,features_1.npy,2162,train,1,9.753270149230957,0.999941899033079,1
features_1:2164,features_1.npy,2164,train,1,3.699425220489502,0.9758594417492398,1
features_1:2166,features_1.npy,2166,train,1,5.292898654937744,0.9949979788989882,1
features_1:2167,features_1.npy,2167,train,0,-7.8787841796875,0.000378549845632545,0
features_1:2168,features_1.npy,2168,train,1,5.836132526397705,0.9970883879596529,1
features_1:2171,features_1.npy,2171,train,1,8.354628562927246,0.9997647504847602,1
features_1:2172,features_1.npy,2172,train,1,0.8391329050064087,0.6982825643542238,1
features_1:2173,features_1.npy,2173,train,0,-5.340297222137451,0.004771568458325341,0
features_1:2176,features_1.npy,2176,train,1,5.5130696296691895,0.9959824990442735,1
features_1:2177,features_1.npy,2177,train,1,8.241690635681152,0.9997366308873246,1
features_1:2178,features_1.npy,2178,train,0,-4.236262798309326,0.014255381929891875,0
features_1:2179,features_1.npy,2179,train,0,-3.758218765258789,0.02279358504578672,0
features_1:2180,features_1.npy,2180,train,1,0.7066079378128052,0.6696512053001109,1
features_1:2181,features_1.npy,2181,train,1,3.213561534881592,0.9613414443754462,1
features_1:2182,features_1.npy,2182,train,0,-8.160438537597656,0.0002856554385279342,0
features_1:2183,features_1.npy,2183,train,1,4.308770656585693,0.9867284294139741,1
features_1:2184,features_1.npy,2184,train,0,-8.698570251464844,0.00016679633149639165,0
features_1:2186,features_1.npy,2186,train,1,8.618854522705078,0.9998193655484369,1
features_1:2187,features_1.npy,2187,train,1,5.09694766998291,0.993921786334469,1
features_1:2188,features_1.npy,2188,train,1,7.894150257110596,0.9996272203659147,1
features_1:2189,features_1.npy,2189,train,0,-4.427366733551025,0.01180488500772224,0
features_1:2190,features_1.npy,2190,train,1,7.565380573272705,0.9994821881052888,1
features_1:2191,features_1.npy,2191,train,1,6.278843402862549,0.9981279425546846,1
features_1:2192,features_1.npy,2192,train,1,5.844717502593994,0.997113205240737,1
features_1:2193,features_1.npy,2193,train,1,5.001515865325928,0.9933172191021421,1
features_1:2194,features_1.npy,2194,train,0,-10.709699630737305,2.2326818967667715e-05,0
features_1:2195,features_1.npy,2195,train,0,-4.937951564788818,0.007118236570787432,0
features_1:2196,features_1.npy,2196,train,0,-9.355337142944336,8.649502659319403e-05,0
features_1:2198,features_1.npy,2198,train,1,9.833843231201172,0.9999463965344452,1
features_1:2199,features_1.npy,2199,train,1,5.888829708099365,0.9972374361378452,1
features_1:2200,features_1.npy,2200,train,0,-2.3179268836975098,0.08964910693072223,0
features_1:2201,features_1.npy,2201,train,1,6.730159282684326,0.998807082047976,1
features_1:2203,features_1.npy,2203,train,0,-6.736348628997803,0.0011855660982372604,0
features_1:2205,features_1.npy,2205,train,1,4.959590435028076,0.9930330778665318,1
features_1:2206,features_1.npy,2206,train,1,7.867748260498047,0.9996172509795933,1
features_1:2207,features_1.npy,2207,train,1,5.589066982269287,0.9962754100946365,1
features_1:2209,features_1.npy,2209,train,0,-9.245529174804688,9.653299292492646e-05,0
features_1:2210,features_1.npy,2210,train,1,6.947464466094971,0.9990398538768336,1
features_1:2211,features_1.npy,2211,train,1,7.069696426391602,0.9991502314640289,1
features_1:2213,features_1.npy,2213,train,1,5.889506816864014,0.9972393008986121,1
features_1:2215,features_1.npy,2215,train,1,7.709527492523193,0.9995516677295418,1
features_1:2218,features_1.npy,2218,train,1,5.459106922149658,0.9957606920459598,1
features_1:2220,features_1.npy,2220,train,0,-9.518073081970215,7.35057744823066e-05,0
features_1:2221,features_1.npy,2221,train,1,0.07911212742328644,0.5197677228632496,0
features_1:2222,features_1.npy,2222,train,1,7.4368577003479,0.9994112133478583,1
features_1:2223,features_1.npy,2223,train,1,5.420119285583496,0.9955928900104277,1
features_1:2224,features_1.npy,2224,train,1,7.594139575958252,0.9994968603751556,1
features_1:2225,features_1.npy,2225,train,1,2.805372714996338,0.9429654659182127,1
features_1:2226,features_1.npy,2226,train,1,7.121316432952881,0.9991929490928398,1
features_1:2227,features_1.npy,2227,train,1,3.2221012115478516,0.96165756618303,1
features_1:2228,features_1.npy,2228,train,1,4.739202976226807,0.99133020877582,1
features_1:2230,features_1.npy,2230,train,1,7.293872833251953,0.9993207710451006,1
features_1:2231,features_1.npy,2231,train,1,8.60871696472168,0.9998175253787022,1
features_1:2233,features_1.npy,2233,train,1,4.701198101043701,0.9909973965637241,1
features_1:2234,features_1.npy,2234,train,0,-8.323944091796875,0.0002425781335302664,0
features_1:2236,features_1.npy,2236,train,1,2.1457386016845703,0.895269893365994,1
features_1:2237,features_1.npy,2237,train,0,-8.698942184448242,0.00016673431631636498,0
features_1:2238,features_1.npy,2238,train,0,-6.594482421875,0.0013660261399637006,0
features_1:2239,features_1.npy,2239,train,0,-8.170530319213867,0.00028278797468376,0
features_1:2243,features_1.npy,2243,train,1,1.2306703329086304,0.7739358766712668,1
features_1:2244,features_1.npy,2244,train,0,-6.56467342376709,0.0014073008277587088,0
features_1:2245,features_1.npy,2245,train,1,6.2517571449279785,0.9980766414100893,1
features_1:2249,features_1.npy,2249,train,0,-6.603511810302734,0.0013537639007545938,0
features_1:2251,features_1.npy,2251,train,0,-5.6647047996521,0.003454197996186965,0
features_1:2254,features_1.npy,2254,train,0,-6.218677997589111,0.001987917057542336,0
features_1:2256,features_1.npy,2256,train,0,-0.9357802271842957,0.2817535045543335,0
features_1:2258,features_1.npy,2258,train,1,7.675262928009033,0.9995360468537818,1
features_1:2259,features_1.npy,2259,train,1,4.583850383758545,0.9898878139746309,1
features_1:2260,features_1.npy,2260,train,1,1.3348335027694702,0.7916390288985085,1
features_1:2261,features_1.npy,2261,train,1,7.197514057159424,0.999252115662758,1
features_1:2267,features_1.npy,2267,train,1,5.406506061553955,0.995532754657765,1
features_1:2270,features_1.npy,2270,train,1,8.163150787353516,0.9997151180602127,1
features_1:2271,features_1.npy,2271,train,0,-8.862003326416016,0.0001416508986785577,0
features_1:2273,features_1.npy,2273,train,1,8.1878662109375,0.9997220708071682,1
features_1:2274,features_1.npy,2274,train,0,1.5150763988494873,0.8198123107223052,1
features_1:2278,features_1.npy,2278,train,0,-9.766094207763672,5.7360676369457126e-05,0
features_1:2279,features_1.npy,2279,train,1,3.075551986694336,0.9558729480201587,1
features_1:2280,features_1.npy,2280,train,1,4.522162437438965,0.9892512878789916,1
features_1:2281,features_1.npy,2281,train,0,-6.715170383453369,0.001210911340935787,0
features_1:2282,features_1.npy,2282,train,0,0.04061587527394295,0.5101525731747342,0
features_1:2283,features_1.npy,2283,train,1,5.6044392585754395,0.9963320192871616,1
features_1:2284,features_1.npy,2284,train,1,6.3636603355407715,0.9982799155680466,1
features_1:2285,features_1.npy,2285,train,1,4.849460124969482,0.9922282678723517,1
features_1:2286,features_1.npy,2286,train,0,-8.626352310180664,0.00017928539942443122,0
features_1:2287,features_1.npy,2287,train,1,8.936853408813477,0.9998685632557234,1
features_1:2288,features_1.npy,2288,train,1,3.7712221145629883,0.9774942618177889,1
features_1:2289,features_1.npy,2289,train,1,7.434179306030273,0.9994096351634855,1
features_1:2291,features_1.npy,2291,train,0,-9.76317310333252,5.7528468205529626e-05,0
features_1:2293,features_1.npy,2293,train,1,5.606866359710693,0.9963408785162933,1
features_1:2295,features_1.npy,2295,train,1,8.184280395507812,0.9997210726939044,1
features_1:2296,features_1.npy,2296,train,1,7.7242817878723145,0.9995582310960619,1
features_1:2297,features_1.npy,2297,train,1,6.847635746002197,0.9989391630914355,1
features_1:2298,features_1.npy,2298,train,1,0.9601234197616577,0.7231465151363698,1
features_1:2299,features_1.npy,2299,train,1,5.422078609466553,0.995601478568616,1
features_1:2300,features_1.npy,2300,train,0,-6.510958194732666,0.00148484610615686,0
features_1:2303,features_1.npy,2303,train,0,-9.353564262390137,8.664849465680789e-05,0
features_1:2304,features_1.npy,2304,train,0,-1.3034071922302246,0.2135921505502526,0
features_1:2305,features_1.npy,2305,train,0,-7.326085567474365,0.0006577119451572567,0
features_1:2306,features_1.npy,2306,train,1,5.457487106323242,0.9957538487647993,1
features_1:2309,features_1.npy,2309,train,0,-6.678028583526611,0.0012566748570543764,0
features_1:2312,features_1.npy,2312,train,1,7.541848659515381,0.9994698650361439,1
features_1:2315,features_1.npy,2315,train,1,6.030877113342285,0.9976023773974371,1
features_1:2316,features_1.npy,2316,train,1,3.160270929336548,0.9593115229090693,1
features_1:2317,features_1.npy,2317,train,1,9.571757316589355,0.9999303360076697,1
features_1:2318,features_1.npy,2318,train,0,-8.130331993103027,0.00029438373512369586,0
features_1:2320,features_1.npy,2320,train,1,0.36957529187202454,0.591356349990972,0
features_1:2321,features_1.npy,2321,train,1,6.770229339599609,0.9988538836207511,1
features_1:2323,features_1.npy,2323,train,1,7.612794876098633,0.9995061549940211,1
features_1:2324,features_1.npy,2324,train,0,-4.253196716308594,0.014019370667363912,0
features_1:2325,features_1.npy,2325,train,0,-6.789317607879639,0.0011244708478792256,0
features_1:2326,features_1.npy,2326,train,0,-7.0348334312438965,0.000879889955807596,0
features_1:2328,features_1.npy,2328,train,1,8.191901206970215,0.9997231896810876,1
features_1:2329,features_1.npy,2329,train,0,-7.260680675506592,0.0007021362683005284,0
features_1:2330,features_1.npy,2330,train,1,5.865378379821777,0.9971720700909172,1
features_1:2331,features_1.npy,2331,train,0,-8.502843856811523,0.0002028493998739699,0
features_1:2332,features_1.npy,2332,train,0,-3.3930439949035645,0.03251356570336269,0
features_1:2334,features_1.npy,2334,train,0,-0.0118926502764225,0.4970268724728684,0
features_1:2336,features_1.npy,2336,train,0,-4.508087158203125,0.010899412347097374,0
features_1:2337,features_1.npy,2337,train,1,8.109115600585938,0.9996993056748046,1
features_1:2338,features_1.npy,2338,train,0,-10.420106887817383,2.982580158498208e-05,0
features_1:2340,features_1.npy,2340,train,0,-10.862408638000488,1.916494357840046e-05,0
features_1:2341,features_1.npy,2341,train,0,-5.934550762176514,0.0026394263477576224,0
features_1:2342,features_1.npy,2342,train,0,-8.205585479736328,0.0002730491980934578,0
features_1:2343,features_1.npy,2343,train,0,-7.462383270263672,0.0005739562458539082,0
features_1:2344,features_1.npy,2344,train,0,-6.099265098571777,0.002239490039392883,0
features_1:2345,features_1.npy,2345,train,1,7.233042240142822,0.999278201323553,1
features_1:2346,features_1.npy,2346,train,1,9.810073852539062,0.9999451072209271,1
features_1:2347,features_1.npy,2347,train,1,2.9496941566467285,0.9502490314402038,1
features_1:2348,features_1.npy,2348,train,0,-8.55762004852295,0.00019203899531491467,0
features_1:2349,features_1.npy,2349,train,0,-5.524158954620361,0.00397337173516344,0
features_1:2354,features_1.npy,2354,train,0,-9.275793075561523,9.365556237248193e-05,0
features_1:2355,features_1.npy,2355,train,0,-9.310426712036133,9.04677446158465e-05,0
features_1:2356,features_1.npy,2356,train,1,8.3318452835083,0.9997593305113133,1
features_1:2359,features_1.npy,2359,train,0,-7.195744514465332,0.0007492079297266742,0
features_1:2363,features_1.npy,2363,train,1,8.310556411743164,0.9997541532758277,1
features_1:2366,features_1.npy,2366,train,0,-8.370043754577637,0.00023165174038098594,0
features_1:2367,features_1.npy,2367,train,1,5.329141139984131,0.9951751597682631,1
features_1:2368,features_1.npy,2368,train,1,9.878517150878906,0.9999487383892203,1
features_1:2371,features_1.npy,2371,train,1,7.1581621170043945,0.9992221215641728,1
features_1:2372,features_1.npy,2372,train,1,6.032134532928467,0.9976053831056103,1
features_1:2374,features_1.npy,2374,train,1,5.9260334968566895,0.9973380570462388,1
features_1:2377,features_1.npy,2377,train,0,-9.222034454345703,9.882763489908794e-05,0
features_1:2379,features_1.npy,2379,train,1,4.9356513023376465,0.9928654877240549,1
features_1:2381,features_1.npy,2381,train,1,5.935728073120117,0.9973636710619057,1
features_0:13,features_0.npy,13,validation,0,-9.440807342529297,7.94099600897058e-05,0
features_0:14,features_0.npy,14,validation,0,1.297215461730957,0.7853659768239869,1
features_0:16,features_0.npy,16,validation,0,-9.561970710754395,7.034906520312582e-05,0
features_0:17,features_0.npy,17,validation,0,-5.433006286621094,0.00435092546945193,0
features_0:20,features_0.npy,20,validation,0,-7.181090831756592,0.0007602590101536931,0
features_0:37,features_0.npy,37,validation,0,-10.035778045654297,4.380240431648687e-05,0
features_0:40,features_0.npy,40,validation,0,-8.75078010559082,0.00015831268987836987,0
features_0:46,features_0.npy,46,validation,0,-7.303282260894775,0.000672872053927187,0
features_0:50,features_0.npy,50,validation,0,-8.929535865783691,0.00013240193808190033,0
features_0:53,features_0.npy,53,validation,0,-10.236482620239258,3.583740210897191e-05,0
features_0:95,features_0.npy,95,validation,0,-10.269489288330078,3.467387755216811e-05,0
features_0:98,features_0.npy,98,validation,0,-9.043783187866211,0.00011810915673801972,0
features_0:103,features_0.npy,103,validation,0,-8.337718963623047,0.00023926035377425353,0
features_0:116,features_0.npy,116,validation,0,-7.542200565338135,0.0005299485379455231,0
features_0:119,features_0.npy,119,validation,0,-7.088245868682861,0.0008341641262371522,0
features_0:122,features_0.npy,122,validation,0,-10.742682456970215,2.1602444904674077e-05,0
features_0:130,features_0.npy,130,validation,0,-7.535813808441162,0.0005333422109937837,0
features_0:134,features_0.npy,134,validation,0,-10.002455711364746,4.528652645721527e-05,0
features_0:143,features_0.npy,143,validation,0,-5.374339580535889,0.004612603389464242,0
features_0:146,features_0.npy,146,validation,0,-9.976933479309082,4.645716105889814e-05,0
features_0:149,features_0.npy,149,validation,0,-9.74944019317627,5.832390474114029e-05,0
features_0:151,features_0.npy,151,validation,0,-10.020722389221191,4.4466838135037546e-05,0
features_0:153,features_0.npy,153,validation,0,-1.1063958406448364,0.24854342568854113,0
features_0:154,features_0.npy,154,validation,0,-9.55186653137207,7.106343725795438e-05,0
features_0:157,features_0.npy,157,validation,0,-10.167915344238281,3.838078071966762e-05,0
features_0:160,features_0.npy,160,validation,0,-10.438158988952637,2.9292229508238288e-05,0
features_0:180,features_0.npy,180,validation,0,-7.826660633087158,0.00039879641513665507,0
features_0:186,features_0.npy,186,validation,0,-7.075403213500977,0.0008449369847517504,0
features_0:187,features_0.npy,187,validation,0,-10.397220611572266,3.051625308382659e-05,0
features_0:190,features_0.npy,190,validation,0,-9.181041717529297,0.0001029626058723493,0
features_0:201,features_0.npy,201,validation,0,-8.858865737915039,0.00014209597562497817,0
features_0:206,features_0.npy,206,validation,0,-10.381383895874023,3.100336224895046e-05,0
features_0:207,features_0.npy,207,validation,0,-8.361740112304688,0.00023358285078506973,0
features_0:217,features_0.npy,217,validation,0,-9.312051773071289,9.032086166691195e-05,0
features_0:225,features_0.npy,225,validation,0,-9.183874130249023,0.00010267141580005811,0
features_0:230,features_0.npy,230,validation,0,-9.22270393371582,9.876150051096327e-05,0
features_0:252,features_0.npy,252,validation,0,-9.132017135620117,0.00010813552277447804,0
features_0:253,features_0.npy,253,validation,0,-8.770421981811523,0.00015523394942974165,0
features_0:257,features_0.npy,257,validation,0,-9.979900360107422,4.631953883947196e-05,0
features_0:279,features_0.npy,279,validation,0,-8.791452407836914,0.00015200389335262484,0
features_0:283,features_0.npy,283,validation,0,-6.050981521606445,0.002350013278304658,0
features_0:293,features_0.npy,293,validation,0,-6.610938549041748,0.001343760552293069,0
features_0:295,features_0.npy,295,validation,0,-9.199718475341797,0.00010105763724631651,0
features_0:301,features_0.npy,301,validation,0,-10.225870132446289,3.621973750263197e-05,0
features_0:313,features_0.npy,313,validation,0,-6.560257434844971,0.001413520390778627,0
features_0:320,features_0.npy,320,validation,0,-9.431297302246094,8.016869354077157e-05,0
features_0:335,features_0.npy,335,validation,0,-7.25005578994751,0.0007096308358259404,0
features_0:337,features_0.npy,337,validation,0,-2.948625326156616,0.04980152271049598,0
features_0:340,features_0.npy,340,validation,0,-10.137982368469238,3.9546952692873894e-05,0
features_0:343,features_0.npy,343,validation,0,-10.756502151489258,2.130596542238457e-05,0
features_0:356,features_0.npy,356,validation,0,-9.501858711242676,7.470724957908676e-05,0
features_0:369,features_0.npy,369,validation,0,-7.2324442863464355,0.0007222300959611084,0
features_0:385,features_0.npy,385,validation,0,-9.108467102050781,0.00011071205566657944,0
features_0:392,features_0.npy,392,validation,0,-8.947409629821777,0.0001300567460041954,0
features_0:397,features_0.npy,397,validation,0,-4.313851356506348,0.013205200875205958,0
features_0:401,features_0.npy,401,validation,0,-9.088142395019531,0.00011298501186469807,0
features_0:402,features_0.npy,402,validation,0,-9.166717529296875,0.00010444792013810897,0
features_0:407,features_0.npy,407,validation,0,-10.659770965576172,2.3469838348852258e-05,0
features_0:431,features_0.npy,431,validation,0,-9.456336975097656,7.81863745153213e-05,0
features_0:443,features_0.npy,443,validation,0,-6.284802436828613,0.0018609556623925582,0
features_0:452,features_0.npy,452,validation,0,-5.673028945922852,0.0034256621786706537,0
features_0:455,features_0.npy,455,validation,0,-9.583094596862793,6.88787064390873e-05,0
features_0:469,features_0.npy,469,validation,0,-10.330816268920898,3.261139206316198e-05,0
features_0:473,features_0.npy,473,validation,0,-10.821172714233398,1.9971731960804436e-05,0
features_0:487,features_0.npy,487,validation,0,-9.95954418182373,4.727204485807442e-05,0
features_0:488,features_0.npy,488,validation,0,-4.44290828704834,0.0116249533727417,0
features_0:489,features_0.npy,489,validation,0,-8.547473907470703,0.00019399698829406469,0
features_0:502,features_0.npy,502,validation,0,-7.892284870147705,0.00037347540138406754,0
features_0:510,features_0.npy,510,validation,0,-6.109777927398682,0.002216121886852082,0
features_0:511,features_0.npy,511,validation,0,-6.792396068572998,0.0011210184059644859,0
features_0:512,features_0.npy,512,validation,0,-5.8937811851501465,0.00274895640923343,0
features_0:515,features_0.npy,515,validation,0,-10.894613265991211,1.85575874840436e-05,0
features_0:517,features_0.npy,517,validation,0,-9.55717945098877,7.068691072954293e-05,0
features_0:520,features_0.npy,520,validation,0,-7.150973796844482,0.000783485823803999,0
features_0:524,features_0.npy,524,validation,0,-3.9746720790863037,0.018439074129079643,0
features_0:540,features_0.npy,540,validation,0,-6.35285758972168,0.0017387343119207868,0
features_0:550,features_0.npy,550,validation,0,-0.22407642006874084,0.44421411843395153,0
features_0:562,features_0.npy,562,validation,0,-8.67068099975586,0.0001715128225173131,0
features_0:564,features_0.npy,564,validation,0,-8.986404418945312,0.00012508344164407296,0
features_0:586,features_0.npy,586,validation,0,-8.151144981384277,0.00028832179877311993,0
features_0:633,features_0.npy,633,validation,0,-9.652053833007812,6.428925009277703e-05,0
features_0:641,features_0.npy,641,validation,0,-9.597668647766113,6.788221192729528e-05,0
features_0:653,features_0.npy,653,validation,0,3.471940517425537,0.9698787604140692,1
features_0:656,features_0.npy,656,validation,0,-4.9007954597473145,0.007385707416855815,0
features_0:659,features_0.npy,659,validation,0,-0.9027160406112671,0.2884926701432161,0
features_0:663,features_0.npy,663,validation,0,-5.628410816192627,0.0035814101661759573,0
features_0:684,features_0.npy,684,validation,0,3.4508614540100098,0.9692568206600655,1
features_0:685,features_0.npy,685,validation,0,-1.2584344148635864,0.22124351671041012,0
features_0:686,features_0.npy,686,validation,0,-3.273198127746582,0.03650218396323373,0
features_0:689,features_0.npy,689,validation,0,-3.2982258796691895,0.035632102204787595,0
features_0:690,features_0.npy,690,validation,0,-0.6004497408866882,0.35424080688864806,0
features_0:696,features_0.npy,696,validation,0,-2.9716899394989014,0.04872133865001367,0
features_0:698,features_0.npy,698,validation,0,-0.9762857556343079,0.27362939227824984,0
features_0:702,features_0.npy,702,validation,0,-4.675066947937012,0.009238750402622823,0
features_0:725,features_0.npy,725,validation,0,-5.275686740875244,0.005088418775943001,0
features_0:740,features_0.npy,740,validation,0,-2.554598331451416,0.0721181720896454,0
features_0:748,features_0.npy,748,validation,0,-9.090902328491211,0.00011267364575632116,0
features_0:749,features_0.npy,749,validation,0,-6.4463629722595215,0.0015837687356298872,0
features_0:763,features_0.npy,763,validation,0,-8.825007438659668,0.0001469887597752005,0
features_0:769,features_0.npy,769,validation,0,-4.953784465789795,0.007007205257590811,0
features_0:773,features_0.npy,773,validation,0,-7.700693130493164,0.00045230874752919475,0
features_0:776,features_0.npy,776,validation,0,-7.635382175445557,0.0004828207395830708,0
features_0:779,features_0.npy,779,validation,0,4.045914173126221,0.9828070630987542,1
features_0:790,features_0.npy,790,validation,0,-5.508932113647461,0.004034090670166486,0
features_0:795,features_0.npy,795,validation,0,0.35070282220840454,0.5867880010902675,0
features_0:801,features_0.npy,801,validation,0,-8.345264434814453,0.0002374622426946404,0
features_0:804,features_0.npy,804,validation,0,-6.755444526672363,0.001163167523891211,0
features_0:805,features_0.npy,805,validation,0,-7.2874555587768555,0.0006835987800524565,0
features_0:821,features_0.npy,821,validation,0,-8.03215503692627,0.0003247419043571306,0
features_0:822,features_0.npy,822,validation,0,-7.761261940002441,0.00042573742793253704,0
features_0:827,features_0.npy,827,validation,0,-2.9649882316589355,0.04903288758513102,0
features_0:830,features_0.npy,830,validation,0,0.7510741949081421,0.6794127158038524,1
features_0:831,features_0.npy,831,validation,0,-8.653942108154297,0.00017440741489735333,0
features_0:835,features_0.npy,835,validation,0,-0.6355608105659485,0.34625071242875727,0
features_0:837,features_0.npy,837,validation,0,-7.387800693511963,0.0006183726693266799,0
features_0:853,features_0.npy,853,validation,0,-6.011135101318359,0.0024453099237821047,0
features_0:854,features_0.npy,854,validation,0,-6.197530269622803,0.0020303183980220326,0
features_0:860,features_0.npy,860,validation,0,-3.4742555618286133,0.0300536815124895,0
features_0:866,features_0.npy,866,validation,0,-3.3971290588378906,0.032385309271556265,0
features_0:871,features_0.npy,871,validation,0,-4.643792629241943,0.00952945472387502,0
features_0:877,features_0.npy,877,validation,0,-1.8329514265060425,0.1378870495597042,0
features_0:883,features_0.npy,883,validation,0,-5.492525577545166,0.004100548407641915,0
features_0:891,features_0.npy,891,validation,0,-7.772677898406982,0.0004209068978821902,0
features_0:896,features_0.npy,896,validation,0,-7.829448223114014,0.00039768672372874985,0
features_0:897,features_0.npy,897,validation,0,0.37093061208724976,0.5916838279682266,0
features_0:913,features_0.npy,913,validation,0,-4.590435028076172,0.010046486365728795,0
features_0:927,features_0.npy,927,validation,0,-7.125291347503662,0.0008038518896122973,0
features_0:951,features_0.npy,951,validation,0,-5.3406548500061035,0.004769870455637782,0
features_0:954,features_0.npy,954,validation,0,-4.942774295806885,0.007084232489687454,0
features_0:955,features_0.npy,955,validation,0,-7.844880104064941,0.0003915991648681254,0
features_0:960,features_0.npy,960,validation,0,-4.371263027191162,0.012477613752683787,0
features_0:961,features_0.npy,961,validation,0,-8.251649856567383,0.00026075986009621994,0
features_0:971,features_0.npy,971,validation,0,-7.906600475311279,0.0003681689168173828,0
features_0:972,features_0.npy,972,validation,0,1.7222439050674438,0.848417639757305,1
features_0:975,features_0.npy,975,validation,0,-2.0365726947784424,0.1154161828094145,0
features_0:995,features_0.npy,995,validation,0,-6.119638919830322,0.002194423838764748,0
features_0:996,features_0.npy,996,validation,0,-4.738482475280762,0.00867598585295845,0
features_0:1002,features_0.npy,1002,validation,0,-1.7536531686782837,0.14758701888070364,0
features_0:1011,features_0.npy,1011,validation,0,-7.58865213394165,0.000505906762890015,0
features_0:1012,features_0.npy,1012,validation,0,-10.752471923828125,2.13920047392486e-05,0
features_0:1014,features_0.npy,1014,validation,0,3.3629674911499023,0.9665269159076374,1
features_0:1016,features_0.npy,1016,validation,0,-2.2830545902252197,0.09253612996626807,0
features_0:1017,features_0.npy,1017,validation,0,-10.187734603881836,3.762761889222209e-05,0
features_0:1019,features_0.npy,1019,validation,0,-0.9411916732788086,0.2806596929952839,0
features_0:1025,features_0.npy,1025,validation,0,-6.700275421142578,0.0012290604816348008,0
features_0:1028,features_0.npy,1028,validation,0,-4.519927024841309,0.0107725076742933,0
features_0:1038,features_0.npy,1038,validation,0,-7.024995803833008,0.0008885809731754435,0
features_0:1039,features_0.npy,1039,validation,0,-4.477176666259766,0.011237734395456082,0
features_0:1051,features_0.npy,1051,validation,0,-1.7315877676010132,0.15038459952000668,0
features_0:1056,features_0.npy,1056,validation,0,-9.036445617675781,0.00011897887476094494,0
features_0:1059,features_0.npy,1059,validation,0,-7.165684223175049,0.0007720536041164374,0
features_0:1062,features_0.npy,1062,validation,0,-2.4683189392089844,0.07810919939168098,0
features_0:1069,features_0.npy,1069,validation,0,-7.170531749725342,0.0007683229787178396,0
features_0:1070,features_0.npy,1070,validation,0,-8.022217750549316,0.00032798398128150577,0
features_0:1072,features_0.npy,1072,validation,0,-9.079178810119629,0.00011400219916696687,0
features_0:1077,features_0.npy,1077,validation,0,-7.033483982086182,0.0008810770772055463,0
features_0:1081,features_0.npy,1081,validation,0,4.267333030700684,0.9861746967040422,1
features_0:1086,features_0.npy,1086,validation,0,-3.860167980194092,0.02062990302966029,0
features_0:1095,features_0.npy,1095,validation,0,-6.623116970062256,0.0013275165093518753,0
features_0:1099,features_0.npy,1099,validation,0,-2.823725938796997,0.0560554556518405,0
features_0:1109,features_0.npy,1109,validation,0,-1.4477218389511108,0.19035242484667272,0
features_0:1115,features_0.npy,1115,validation,0,-10.227615356445312,3.615658335811184e-05,0
features_0:1119,features_0.npy,1119,validation,0,-6.502871990203857,0.0014968835055765503,0
features_0:1122,features_0.npy,1122,validation,0,-4.562797546386719,0.010325111597418224,0
features_0:1123,features_0.npy,1123,validation,0,-7.295767784118652,0.0006779439398927135,0
features_0:1127,features_0.npy,1127,validation,0,-1.031135082244873,0.26286410398337956,0
features_0:1129,features_0.npy,1129,validation,0,-7.861439228057861,0.0003851704968469936,0
features_0:1136,features_0.npy,1136,validation,0,6.000857830047607,0.9975294917863736,1
features_0:1141,features_0.npy,1141,validation,0,-1.6602082252502441,0.15973404716167378,0
features_0:1143,features_0.npy,1143,validation,0,-9.13895320892334,0.00010738816227664386,0
features_0:1152,features_0.npy,1152,validation,0,-7.794064044952393,0.0004120045625967179,0
features_0:1153,features_0.npy,1153,validation,0,-6.270206451416016,0.001888265677555453,0
features_0:1166,features_0.npy,1166,validation,0,-8.292049407958984,0.0002504378236707599,0
features_0:1183,features_0.npy,1183,validation,0,-5.473265171051025,0.004179958794396608,0
features_0:1184,features_0.npy,1184,validation,0,1.5006377696990967,0.8176695780164144,1
features_0:1186,features_0.npy,1186,validation,0,-0.08634625375270844,0.47842683843765416,0
features_0:1194,features_0.npy,1194,validation,0,-5.57935094833374,0.0037608177604357786,0
features_0:1195,features_0.npy,1195,validation,0,-2.3630199432373047,0.08603642673234967,0
features_0:1207,features_0.npy,1207,validation,0,-4.006430625915527,0.017872979072150248,0
features_0:1215,features_0.npy,1215,validation,0,-3.12924861907959,0.041916771948329386,0
features_0:1216,features_0.npy,1216,validation,0,-7.551211833953857,0.0005251969783435955,0
features_0:1218,features_0.npy,1218,validation,0,-3.1960041522979736,0.03931637082064209,0
features_0:1219,features_0.npy,1219,validation,0,-1.1515456438064575,0.24020687814905214,0
features_0:1241,features_0.npy,1241,validation,0,-8.479841232299805,0.0002075685684718274,0
features_0:1257,features_0.npy,1257,validation,0,-3.024763822555542,0.04631958165154879,0
features_0:1264,features_0.npy,1264,validation,0,-9.862298965454102,5.209971567429648e-05,0
features_0:1266,features_0.npy,1266,validation,0,-9.310948371887207,9.042056779911176e-05,0
features_0:1279,features_0.npy,1279,validation,0,-10.665045738220215,2.3346369100188408e-05,0
features_0:1283,features_0.npy,1283,validation,0,-6.3295369148254395,0.0017796862636098602,0
features_0:1291,features_0.npy,1291,validation,0,-3.140562057495117,0.04146477431718885,0
features_0:1294,features_0.npy,1294,validation,0,6.793216228485107,0.9988798996020481,1
features_0:1300,features_0.npy,1300,validation,0,-4.86068868637085,0.007685621797199799,0
features_0:1306,features_0.npy,1306,validation,0,-4.517422199249268,0.010799232985920443,0
features_0:1327,features_0.npy,1327,validation,0,-2.5345287322998047,0.07347275922971001,0
features_0:1332,features_0.npy,1332,validation,0,-5.031345844268799,0.006487651797241746,0
features_0:1337,features_0.npy,1337,validation,0,-4.008491039276123,0.017836847437946113,0
features_0:1356,features_0.npy,1356,validation,0,-11.023646354675293,1.6311133182972124e-05,0
features_0:1367,features_0.npy,1367,validation,0,-0.3307470679283142,0.41805886113359086,0
features_0:1371,features_0.npy,1371,validation,0,-1.9789756536483765,0.12142807616839194,0
features_0:1377,features_0.npy,1377,validation,0,-9.856660842895508,5.239427446498683e-05,0
features_0:1378,features_0.npy,1378,validation,0,-10.516571044921875,2.708316804332984e-05,0
features_0:1394,features_0.npy,1394,validation,0,-5.561492443084717,0.003828324212044097,0
features_0:1402,features_0.npy,1402,validation,0,-3.797638416290283,0.021931871797210494,0
features_0:1408,features_0.npy,1408,validation,0,-5.0841803550720215,0.00615583286570492,0
features_0:1410,features_0.npy,1410,validation,0,-8.635074615478516,0.00017772869426229443,0
features_0:1411,features_0.npy,1411,validation,0,-4.66087007522583,0.009369609532649955,0
features_0:1412,features_0.npy,1412,validation,0,-5.415793418884277,0.004426131289766759,0
features_0:1413,features_0.npy,1413,validation,0,-2.5240345001220703,0.07419035439805106,0
features_0:1416,features_0.npy,1416,validation,0,-2.798691511154175,0.05739492513971652,0
features_0:1420,features_0.npy,1420,validation,0,-4.456506252288818,0.01146974837706817,0
features_0:1425,features_0.npy,1425,validation,0,-6.256707668304443,0.0019138786661506623,0
features_0:1426,features_0.npy,1426,validation,0,-4.391814708709717,0.012226898360918207,0
features_0:1427,features_0.npy,1427,validation,0,-2.2015247344970703,0.0996136509954416,0
features_0:1430,features_0.npy,1430,validation,0,-4.7500834465026855,0.008576775821082306,0
features_0:1434,features_0.npy,1434,validation,0,-8.843212127685547,0.00014433746754074543,0
features_0:1437,features_0.npy,1437,validation,0,-2.4104113578796387,0.082382216027405,0
features_0:1445,features_0.npy,1445,validation,0,-5.387470722198486,0.004552704523465447,0
features_0:1447,features_0.npy,1447,validation,0,-5.529382228851318,0.003952753654280275,0
features_0:1460,features_0.npy,1460,validation,0,-4.312682628631592,0.01322043902963269,0
features_0:1468,features_0.npy,1468,validation,0,-6.712974548339844,0.0012135699936547477,0
features_0:1478,features_0.npy,1478,validation,0,-3.496793270111084,0.02940360975975675,0
features_0:1480,features_0.npy,1480,validation,0,-5.0341477394104,0.006469616957739853,0
features_0:1482,features_0.npy,1482,validation,0,-3.926990509033203,0.019322176546635147,0
features_0:1484,features_0.npy,1484,validation,0,0.6539376378059387,0.6578972509510812,1
features_0:1494,features_0.npy,1494,validation,0,-3.6877050399780273,0.024418205124365485,0
features_0:1499,features_0.npy,1499,validation,0,-4.575707912445068,0.010194017556426993,0
features_0:1502,features_0.npy,1502,validation,0,-7.16366720199585,0.0007736112182247735,0
features_0:1503,features_0.npy,1503,validation,0,-3.0516738891601562,0.04514526190000391,0
features_0:1512,features_0.npy,1512,validation,0,-6.104432582855225,0.002227973075588444,0
features_0:1515,features_0.npy,1515,validation,0,-3.9444589614868164,0.018993934307679268,0
features_0:1522,features_0.npy,1522,validation,0,-6.147918701171875,0.0021333658272744797,0
features_0:1523,features_0.npy,1523,validation,0,-8.467674255371094,0.0002101089428286094,0
features_0:1527,features_0.npy,1527,validation,0,-8.033259391784668,0.00032438358828157805,0
features_0:1546,features_0.npy,1546,validation,0,0.39149072766304016,0.5966415100661389,0
features_0:1548,features_0.npy,1548,validation,0,-6.2904253005981445,0.0018505404352350365,0
features_0:1550,features_0.npy,1550,validation,0,-8.28411865234375,0.0002524313782256711,0
features_0:1552,features_0.npy,1552,validation,0,-9.338375091552734,8.797454295267115e-05,0
features_0:1556,features_0.npy,1556,validation,0,-8.039819717407227,0.00032226317501741044,0
features_0:1561,features_0.npy,1561,validation,0,-8.926698684692383,0.00013277806980382164,0
features_0:1566,features_0.npy,1566,validation,0,-6.185097694396973,0.0020556658354116356,0
features_0:1576,features_0.npy,1576,validation,0,-7.740662097930908,0.0004345946557964736,0
features_0:1589,features_0.npy,1589,validation,0,-6.4131364822387695,0.0016371882142257438,0
features_0:1607,features_0.npy,1607,validation,0,-9.391118049621582,8.345512395628612e-05,0
features_0:1608,features_0.npy,1608,validation,0,-3.0842220783233643,0.04376279077952113,0
features_0:1610,features_0.npy,1610,validation,0,-6.1621904373168945,0.0021031988087359312,0
features_0:1613,features_0.npy,1613,validation,0,-2.060145378112793,0.11303125434181792,0
features_0:1627,features_0.npy,1627,validation,0,-6.909866809844971,0.0009968959037021886,0
features_0:1646,features_0.npy,1646,validation,0,-0.7455568909645081,0.3217902017984748,0
features_1:1,features_1.npy,1,validation,1,6.342883586883545,0.9982438673810679,1
features_1:9,features_1.npy,9,validation,1,0.12461037933826447,0.5311123465299808,0
features_1:20,features_1.npy,20,validation,1,9.92885971069336,0.9999512550256873,1
features_1:27,features_1.npy,27,validation,1,8.039337158203125,0.9996775813265454,1
features_1:28,features_1.npy,28,validation,1,6.4972004890441895,0.9984946156143727,1
features_1:41,features_1.npy,41,validation,1,8.681915283203125,0.9998304028933661,1
features_1:50,features_1.npy,50,validation,1,2.4153647422790527,0.9179914632158653,1
features_1:54,features_1.npy,54,validation,1,6.554947376251221,0.9985789644639673,1
features_1:57,features_1.npy,57,validation,1,2.8890631198883057,0.9473031321904296,1
features_1:66,features_1.npy,66,validation,1,6.102027416229248,0.9977666738105473,1
features_1:71,features_1.npy,71,validation,1,5.070514678955078,0.9937599946207338,1
features_1:83,features_1.npy,83,validation,1,4.718629837036133,0.9911515911363086,1
features_1:85,features_1.npy,85,validation,1,10.33578872680664,0.999967550358965,1
features_1:89,features_1.npy,89,validation,1,5.377540111541748,0.9954020680217655,1
features_1:94,features_1.npy,94,validation,1,5.8704447746276855,0.9971863210565974,1
features_1:101,features_1.npy,101,validation,1,10.089184761047363,0.9999584754727167,1
features_1:105,features_1.npy,105,validation,1,8.213672637939453,0.9997291494933129,1
features_1:110,features_1.npy,110,validation,1,5.427854061126709,0.9956266980226003,1
features_1:113,features_1.npy,113,validation,1,8.875349998474121,0.9998602268464638,1
features_1:115,features_1.npy,115,validation,1,9.8292236328125,0.9999461483484788,1
features_1:116,features_1.npy,116,validation,1,8.643552780151367,0.9998237714849622,1
features_1:125,features_1.npy,125,validation,1,6.4700517654418945,0.9984532506012822,1
features_1:127,features_1.npy,127,validation,1,3.8963119983673096,0.9800878477761125,1
features_1:129,features_1.npy,129,validation,1,8.0230712890625,0.9996722957545388,1
features_1:140,features_1.npy,140,validation,1,10.510171890258789,0.9999727429716131,1
features_1:145,features_1.npy,145,validation,1,3.555253505706787,0.9722196685183891,1
features_1:163,features_1.npy,163,validation,1,7.128413677215576,0.9991986520785896,1
features_1:197,features_1.npy,197,validation,1,2.449242115020752,0.9205060104849299,1
features_1:213,features_1.npy,213,validation,1,5.9688191413879395,0.9974492634963742,1
features_1:236,features_1.npy,236,validation,1,7.218856334686279,0.9992678965334688,1
features_1:241,features_1.npy,241,validation,1,6.922860145568848,0.9990159606475709,1
features_1:243,features_1.npy,243,validation,1,6.120347023010254,0.9978071260834567,1
features_1:250,features_1.npy,250,validation,1,8.783687591552734,0.9998468114116295,1
features_1:260,features_1.npy,260,validation,1,8.347879409790039,0.9997631577570635,1
features_1:265,features_1.npy,265,validation,1,6.059444904327393,0.9976697457050355,1
features_1:273,features_1.npy,273,validation,1,7.855723857879639,0.9996126226635056,1
features_1:275,features_1.npy,275,validation,1,2.718289852142334,0.938097298528007,1
features_1:286,features_1.npy,286,validation,1,2.33681583404541,0.9118805587467499,1
features_1:290,features_1.npy,290,validation,1,3.015829563140869,0.9532841521266895,1
features_1:297,features_1.npy,297,validation,1,9.635187149047852,0.9999346172786472,1
features_1:300,features_1.npy,300,validation,1,7.541463851928711,0.9994696611051423,1
features_1:301,features_1.npy,301,validation,1,9.855809211730957,0.9999475610882734,1
features_1:302,features_1.npy,302,validation,1,7.36285924911499,0.9993660201776549,1
features_1:303,features_1.npy,303,validation,1,9.938925743103027,0.9999517432093421,1
features_1:304,features_1.npy,304,validation,1,6.939927577972412,0.9990325970509564,1
features_1:307,features_1.npy,307,validation,1,6.865773677825928,0.9989582111649598,1
features_1:310,features_1.npy,310,validation,1,10.106857299804688,0.9999592028404478,1
features_1:323,features_1.npy,323,validation,1,6.714684963226318,0.9987885014278106,1
features_1:335,features_1.npy,335,validation,1,5.361976146697998,0.9953302829636508,1
features_1:337,features_1.npy,337,validation,1,8.296121597290039,0.9997505796790586,1
features_1:344,features_1.npy,344,validation,1,8.887845039367676,0.9998619622123422,1
features_1:347,features_1.npy,347,validation,1,5.557354927062988,0.9961558642376374,1
features_1:349,features_1.npy,349,validation,1,3.2537999153137207,0.962809417453905,1
features_1:353,features_1.npy,353,validation,1,6.1159868240356445,0.9977975649460602,1
features_1:363,features_1.npy,363,validation,1,6.353633403778076,0.9982626117567588,1
features_1:374,features_1.npy,374,validation,1,4.355720043182373,0.9873294083816865,1
features_1:377,features_1.npy,377,validation,1,8.868688583374023,0.9998592927828401,1
features_1:403,features_1.npy,403,validation,1,7.906737327575684,0.9996318814459387,1
features_1:405,features_1.npy,405,validation,1,7.9605793952941895,0.9996511708458592,1
features_1:426,features_1.npy,426,validation,1,5.859050750732422,0.9971541703511649,1
features_1:427,features_1.npy,427,validation,1,9.385306358337402,0.9999160584893445,1
features_1:440,features_1.npy,440,validation,1,7.288634777069092,0.9993172063069452,1
features_1:448,features_1.npy,448,validation,1,9.790457725524902,0.9999440198675147,1
features_1:453,features_1.npy,453,validation,1,9.346999168395996,0.9999127808282215,1
features_1:455,features_1.npy,455,validation,1,6.1378607749938965,0.9978451151375722,1
features_1:458,features_1.npy,458,validation,1,6.52456521987915,0.998535191998006,1
features_1:473,features_1.npy,473,validation,1,9.1200590133667,0.9998905637593642,1
features_1:477,features_1.npy,477,validation,1,9.463114738464355,0.9999223417214,1
features_1:481,features_1.npy,481,validation,1,6.331425189971924,0.9982236651391095,1
features_1:488,features_1.npy,488,validation,1,-5.377272129058838,0.004599158640893705,0
features_1:493,features_1.npy,493,validation,1,8.607898712158203,0.999817376034551,1
features_1:497,features_1.npy,497,validation,1,6.285337448120117,0.9981400378522669,1
features_1:508,features_1.npy,508,validation,1,7.013157367706299,0.9991008466193826,1
features_1:514,features_1.npy,514,validation,1,5.476613521575928,0.9958339555569424,1
features_1:516,features_1.npy,516,validation,1,10.542749404907227,0.9999736166067328,1
features_1:519,features_1.npy,519,validation,1,1.9412670135498047,0.8744912721834739,1
features_1:526,features_1.npy,526,validation,1,9.193666458129883,0.9998983289681108,1
features_1:529,features_1.npy,529,validation,1,6.8951096534729,0.9989882986566427,1
features_1:548,features_1.npy,548,validation,1,3.1608099937438965,0.9593325589606058,1
features_1:552,features_1.npy,552,validation,1,8.843015670776367,0.999855634177675,1
features_1:558,features_1.npy,558,validation,1,5.58880615234375,0.9962744421032156,1
features_1:569,features_1.npy,569,validation,1,6.5582098960876465,0.9985835865100188,1
features_1:574,features_1.npy,574,validation,1,7.32766580581665,0.9993433258937354,1
features_1:575,features_1.npy,575,validation,1,8.069458961486816,0.9996871453540062,1
features_1:580,features_1.npy,580,validation,1,3.9551148414611816,0.9812036040988776,1
features_1:583,features_1.npy,583,validation,1,9.09965705871582,0.9998883083665414,1
features_1:589,features_1.npy,589,validation,1,6.512527942657471,0.9985174794466841,1
features_1:606,features_1.npy,606,validation,1,7.242844104766846,0.999285236703287,1
features_1:607,features_1.npy,607,validation,1,7.7685723304748535,0.9995773622199038,1
features_1:619,features_1.npy,619,validation,1,5.750870227813721,0.9968300681651482,1
features_1:628,features_1.npy,628,validation,1,4.853856563568115,0.9922620970088767,1
features_1:632,features_1.npy,632,validation,1,8.117485046386719,0.999701811070216,1
features_1:636,features_1.npy,636,validation,1,3.2586185932159424,0.9629815777159766,1
features_1:647,features_1.npy,647,validation,1,7.839092254638672,0.9996061286416323,1
features_1:656,features_1.npy,656,validation,1,7.769846439361572,0.9995779001364052,1
features_1:661,features_1.npy,661,validation,1,6.855770111083984,0.9989477482811427,1
features_1:663,features_1.npy,663,validation,1,7.415499210357666,0.9993985101403836,1
features_1:664,features_1.npy,664,validation,1,4.14843225479126,0.984456271806616,1
features_1:669,features_1.npy,669,validation,1,4.946325778961182,0.9929407051251319,1
features_1:677,features_1.npy,677,validation,1,9.400245666503906,0.9999173030938232,1
features_1:681,features_1.npy,681,validation,1,5.081860542297363,0.9938299583906711,1
features_1:684,features_1.npy,684,validation,1,6.111184597015381,0.997786986379068,1
features_1:687,features_1.npy,687,validation,1,6.171347141265869,0.9979159317044561,1
features_1:694,features_1.npy,694,validation,1,7.3720831871032715,0.9993718374246512,1
features_1:703,features_1.npy,703,validation,1,7.6994805335998535,0.9995471427001474,1
features_1:713,features_1.npy,713,validation,1,7.881023406982422,0.9996222965453659,1
features_1:719,features_1.npy,719,validation,1,5.8930277824401855,0.9972489774388975,1
features_1:725,features_1.npy,725,validation,1,4.644542217254639,0.9904776177701462,1
features_1:726,features_1.npy,726,validation,1,1.8417671918869019,0.8631575760685789,1
features_1:735,features_1.npy,735,validation,1,3.4114644527435303,0.9680609129482288,1
features_1:737,features_1.npy,737,validation,1,3.7867188453674316,0.9778326671257355,1
features_1:748,features_1.npy,748,validation,1,5.702656269073486,0.996674009660693,1
features_1:750,features_1.npy,750,validation,1,6.717288970947266,0.9987916482684202,1
features_1:754,features_1.npy,754,validation,1,4.293807029724121,0.9865310402499629,1
features_1:760,features_1.npy,760,validation,1,5.341408729553223,0.9952337069643495,1
features_1:769,features_1.npy,769,validation,1,4.367691516876221,0.9874783016597148,1
features_1:775,features_1.npy,775,validation,1,7.837707042694092,0.9996055828836062,1
features_1:778,features_1.npy,778,validation,1,3.766129493713379,0.977381955227863,1
features_1:782,features_1.npy,782,validation,1,4.47374153137207,0.9887240321277782,1
features_1:783,features_1.npy,783,validation,1,9.129554748535156,0.9998915979065097,1
features_1:786,features_1.npy,786,validation,1,5.047265529632568,0.9936141575033354,1
features_1:788,features_1.npy,788,validation,1,5.520420551300049,0.9960118057506445,1
features_1:791,features_1.npy,791,validation,1,6.455038070678711,0.9984298897118844,1
features_1:792,features_1.npy,792,validation,1,7.649621486663818,0.9995240023295022,1
features_1:793,features_1.npy,793,validation,1,6.14359712600708,0.9978574145181512,1
features_1:804,features_1.npy,804,validation,1,5.336698055267334,0.9952113093155689,1
features_1:808,features_1.npy,808,validation,1,2.1279096603393555,0.8935864019327832,1
features_1:813,features_1.npy,813,validation,1,7.276387691497803,0.9993087984735106,1
features_1:821,features_1.npy,821,validation,1,6.9673357009887695,0.9990587270693129,1
features_1:834,features_1.npy,834,validation,1,8.501015663146973,0.9997967794883735,1
features_1:837,features_1.npy,837,validation,1,4.521234512329102,0.9892414166060327,1
features_1:845,features_1.npy,845,validation,1,8.445981979370117,0.9997852845120212,1
features_1:861,features_1.npy,861,validation,1,2.7781858444213867,0.9414855817637673,1
features_1:868,features_1.npy,868,validation,1,6.37505578994751,0.9982993723077755,1
features_1:886,features_1.npy,886,validation,1,1.7924795150756836,0.8572310033507392,1
features_1:891,features_1.npy,891,validation,1,8.909921646118164,0.9998649758193199,1
features_1:898,features_1.npy,898,validation,1,5.9553351402282715,0.9974147259518128,1
features_1:901,features_1.npy,901,validation,1,5.925832748413086,0.9973375240346114,1
features_1:902,features_1.npy,902,validation,1,5.89393424987793,0.9972514631704216,1
features_1:906,features_1.npy,906,validation,1,7.388438701629639,0.999382021487896,1
features_1:908,features_1.npy,908,validation,1,7.120030403137207,0.9991919113728923,1
features_1:911,features_1.npy,911,validation,1,5.5221476554870605,0.9960186604329778,1
features_1:920,features_1.npy,920,validation,1,2.3607802391052246,0.9137872926486279,1
features_1:939,features_1.npy,939,validation,1,9.19141960144043,0.9998981002943482,1
features_1:947,features_1.npy,947,validation,1,7.352381706237793,0.9993593469841655,1
features_1:955,features_1.npy,955,validation,1,2.1593143939971924,0.8965359695479231,1
features_1:959,features_1.npy,959,validation,1,6.607326984405518,0.9986513841522255,1
features_1:961,features_1.npy,961,validation,1,1.6439813375473022,0.8380759509298394,1
features_1:963,features_1.npy,963,validation,1,6.7083353996276855,0.9987807938754026,1
features_1:970,features_1.npy,970,validation,1,6.934438705444336,0.9990272776792724,1
features_1:973,features_1.npy,973,validation,1,9.406766891479492,0.999917840580206,1
features_1:979,features_1.npy,979,validation,1,5.769917011260986,0.9968896877955288,1
features_1:984,features_1.npy,984,validation,1,3.8961009979248047,0.9800837295463946,1
features_1:986,features_1.npy,986,validation,1,7.530404090881348,0.999463766291399,1
features_1:992,features_1.npy,992,validation,1,9.261640548706055,0.9999050096778389,1
features_1:1007,features_1.npy,1007,validation,1,5.974311828613281,0.9974632000430222,1
features_1:1008,features_1.npy,1008,validation,1,6.118171215057373,0.9978023601134508,1
features_1:1012,features_1.npy,1012,validation,1,4.017134189605713,0.9823139399392502,1
features_1:1026,features_1.npy,1026,validation,1,6.394428730010986,0.9983319469580191,1
features_1:1030,features_1.npy,1030,validation,1,4.573244571685791,0.9897810970769754,1
features_1:1035,features_1.npy,1035,validation,1,7.471363544464111,0.9994311720455162,1
features_1:1043,features_1.npy,1043,validation,1,6.667474269866943,0.9987300084962484,1
features_1:1048,features_1.npy,1048,validation,1,5.287448406219482,0.9949707796939143,1
features_1:1049,features_1.npy,1049,validation,1,7.870452880859375,0.9996182843771348,1
features_1:1058,features_1.npy,1058,validation,1,4.806172847747803,0.9918872524494314,1
features_1:1090,features_1.npy,1090,validation,1,5.099057674407959,0.9939345201631289,1
features_1:1092,features_1.npy,1092,validation,1,7.449739933013916,0.9994187452080024,1
features_1:1100,features_1.npy,1100,validation,1,0.6141506433486938,0.6488870375474789,1
features_1:1102,features_1.npy,1102,validation,1,6.185008525848389,0.9979441512325323,1
features_1:1112,features_1.npy,1112,validation,1,6.417441368103027,0.9983698330811269,1
features_1:1124,features_1.npy,1124,validation,1,1.90159010887146,0.8700713887437436,1
features_1:1125,features_1.npy,1125,validation,1,3.2544684410095215,0.9628333482446512,1
features_1:1131,features_1.npy,1131,validation,1,8.53077507019043,0.9998027369326381,1
features_1:1153,features_1.npy,1153,validation,1,5.739541530609131,0.9967940685668086,1
features_1:1156,features_1.npy,1156,validation,1,5.2775726318359375,0.9949211196919822,1
features_1:1167,features_1.npy,1167,validation,1,9.105714797973633,0.9998889828452494,1
features_1:1179,features_1.npy,1179,validation,1,6.515384197235107,0.9985217016103537,1
features_1:1181,features_1.npy,1181,validation,1,3.738084077835083,0.9767535986274059,1
features_1:1183,features_1.npy,1183,validation,1,4.615808010101318,0.990202750232964,1
features_1:1196,features_1.npy,1196,validation,1,2.6519720554351807,0.9341324330995407,1
features_1:1203,features_1.npy,1203,validation,1,5.23347806930542,0.9946933728116922,1
features_1:1208,features_1.npy,1208,validation,1,7.322184085845947,0.9993397186891801,1
features_1:1229,features_1.npy,1229,validation,1,2.1331849098205566,0.8940869835549208,1
features_1:1230,features_1.npy,1230,validation,1,5.171602725982666,0.9943565638160559,1
features_1:1239,features_1.npy,1239,validation,1,0.5840963125228882,0.6420094221256654,1
features_1:1252,features_1.npy,1252,validation,1,5.931950569152832,0.9973537198890423,1
features_1:1262,features_1.npy,1262,validation,1,8.743536949157715,0.9998405366472125,1
features_1:1264,features_1.npy,1264,validation,1,8.828824996948242,0.9998535712266456,1
features_1:1266,features_1.npy,1266,validation,1,6.211592674255371,0.9979979761894823,1
features_1:1271,features_1.npy,1271,validation,1,4.895914554595947,0.9925784237206569,1
features_1:1274,features_1.npy,1274,validation,1,6.224951267242432,0.9980244900887618,1
features_1:1280,features_1.npy,1280,validation,1,9.96364974975586,0.9999529216267585,1
features_1:1282,features_1.npy,1282,validation,1,-0.4002426564693451,0.40125404045965823,0
features_1:1300,features_1.npy,1300,validation,1,4.501280307769775,0.9890269607811009,1
features_1:1307,features_1.npy,1307,validation,1,-4.513996601104736,0.010835888705384752,0
features_1:1310,features_1.npy,1310,validation,1,8.41657829284668,0.9997788787664004,1
features_1:1324,features_1.npy,1324,validation,1,1.16055166721344,0.7614329411989219,1
features_1:1326,features_1.npy,1326,validation,1,7.43049955368042,0.9994074600548464,1
features_1:1327,features_1.npy,1327,validation,1,3.659855604171753,0.9749095060279851,1
features_1:1328,features_1.npy,1328,validation,1,7.574873447418213,0.9994870778615155,1
features_1:1339,features_1.npy,1339,validation,1,6.966261386871338,0.9990577162565059,1
features_1:1343,features_1.npy,1343,validation,1,8.819665908813477,0.9998522241110374,1
features_1:1349,features_1.npy,1349,validation,1,3.948648452758789,0.9810839720648917,1
features_1:1357,features_1.npy,1357,validation,1,7.515061855316162,0.9994554803473782,1
features_1:1359,features_1.npy,1359,validation,1,8.10813045501709,0.9996990093903666,1
features_1:1374,features_1.npy,1374,validation,1,5.548546314239502,0.9961219850542397,1
features_1:1381,features_1.npy,1381,validation,1,2.153878927230835,0.8960306920540262,1
features_1:1387,features_1.npy,1387,validation,1,8.514202117919922,0.9997994411216885,1
features_1:1389,features_1.npy,1389,validation,1,4.7731757164001465,0.9916173708893092,1
features_1:1397,features_1.npy,1397,validation,1,8.20103931427002,0.9997257069904145,1
features_1:1399,features_1.npy,1399,validation,1,5.565471172332764,0.9961868194254216,1
features_1:1410,features_1.npy,1410,validation,1,9.136483192443848,0.9998923462879269,1
features_1:1428,features_1.npy,1428,validation,1,6.442418098449707,0.9984099811107047,1
features_1:1430,features_1.npy,1430,validation,1,3.5638749599456787,0.9724515762113688,1
features_1:1441,features_1.npy,1441,validation,1,1.4991865158081055,0.8174531165670336,1
features_1:1442,features_1.npy,1442,validation,1,4.424808979034424,0.988165240143068,1
features_1:1455,features_1.npy,1455,validation,1,7.852744102478027,0.9996114671014832,1
features_1:1462,features_1.npy,1462,validation,1,0.29576683044433594,0.5734073586676884,0
features_1:1475,features_1.npy,1475,validation,1,6.622124195098877,0.9986711666632486,1
features_1:1496,features_1.npy,1496,validation,1,4.859188556671143,0.9923029289305704,1
features_1:1518,features_1.npy,1518,validation,1,4.8299994468688965,0.9920767535278965,1
features_1:1535,features_1.npy,1535,validation,1,1.1272858381271362,0.7553376623903669,1
features_1:1554,features_1.npy,1554,validation,1,9.750521659851074,0.9999417391328507,1
features_1:1560,features_1.npy,1560,validation,1,5.908897399902344,0.997292173240179,1
features_1:1562,features_1.npy,1562,validation,1,5.527307033538818,0.9960390676170523,1
features_1:1565,features_1.npy,1565,validation,1,5.783234596252441,0.9969307087506395,1
features_1:1573,features_1.npy,1573,validation,1,0.5196890830993652,0.6270750606694072,1
features_1:1576,features_1.npy,1576,validation,1,4.427738189697266,0.9881994474392741,1
features_1:1577,features_1.npy,1577,validation,1,4.156225681304932,0.9845750785946542,1
features_1:1585,features_1.npy,1585,validation,1,7.784959316253662,0.9995842286856698,1
features_1:1603,features_1.npy,1603,validation,1,7.9887471199035645,0.9996608561896562,1
features_1:1607,features_1.npy,1607,validation,1,9.435995101928711,0.9999202070096908,1
features_1:1609,features_1.npy,1609,validation,1,7.913814067840576,0.9996344763804462,1
features_1:1620,features_1.npy,1620,validation,1,9.001508712768555,0.9998767914277004,1
features_1:1622,features_1.npy,1622,validation,1,4.013271331787109,0.9822467043093412,1
features_1:1624,features_1.npy,1624,validation,1,7.94944429397583,0.9996472662694074,1
features_1:1628,features_1.npy,1628,validation,1,5.1548943519592285,0.9942620246236482,1
features_1:1635,features_1.npy,1635,validation,1,5.861625671386719,0.9971614679371678,1
features_1:1637,features_1.npy,1637,validation,1,4.3907389640808105,0.9877601026199008,1
features_1:1646,features_1.npy,1646,validation,1,3.630387306213379,0.9741785058536658,1
features_1:1655,features_1.npy,1655,validation,1,3.6321210861206055,0.9742220828079484,1
features_1:1656,features_1.npy,1656,validation,1,4.19299840927124,0.9851237078374714,1
features_1:1665,features_1.npy,1665,validation,1,2.7400193214416504,0.9393471975142828,1
features_1:1667,features_1.npy,1667,validation,1,7.444188594818115,0.9994155113843487,1
features_1:1671,features_1.npy,1671,validation,1,8.470211029052734,0.9997904232689678,1
features_1:1676,features_1.npy,1676,validation,1,3.327432155609131,0.9653579985740357,1
features_1:1677,features_1.npy,1677,validation,1,6.628203868865967,0.9986792103895429,1
features_1:1681,features_1.npy,1681,validation,1,6.129745960235596,0.9978275956462435,1
features_1:1689,features_1.npy,1689,validation,1,7.01069974899292,0.9990986361198508,1
features_1:1701,features_1.npy,1701,validation,1,8.704960823059082,0.9998342660176174,1
features_1:1705,features_1.npy,1705,validation,1,8.289648056030273,0.9997489602154802,1
features_1:1706,features_1.npy,1706,validation,1,2.6847786903381348,0.9361224720781207,1
features_1:1713,features_1.npy,1713,validation,1,6.386773586273193,0.9983191503177336,1
features_1:1725,features_1.npy,1725,validation,1,8.154655456542969,0.9997126882829668,1
features_1:1737,features_1.npy,1737,validation,1,7.396068096160889,0.9993867154693745,1
features_1:1742,features_1.npy,1742,validation,1,7.471987247467041,0.999431526512984,1
features_1:1746,features_1.npy,1746,validation,1,0.8635622262954712,0.7034043678179539,1
features_1:1763,features_1.npy,1763,validation,1,7.56345796585083,0.9994811921156539,1
features_1:1766,features_1.npy,1766,validation,1,4.881180763244629,0.9924690958238065,1
features_1:1777,features_1.npy,1777,validation,1,8.120051383972168,0.9997025751152506,1
features_1:1797,features_1.npy,1797,validation,1,7.384153842926025,0.9993793695030558,1
features_1:1798,features_1.npy,1798,validation,1,6.882693767547607,0.9989756721323879,1
features_1:1801,features_1.npy,1801,validation,1,6.354517459869385,0.9982641443616789,1
features_1:1804,features_1.npy,1804,validation,1,4.262218952178955,0.9861047968752262,1
features_1:1806,features_1.npy,1806,validation,1,6.240458011627197,0.9980548283960163,1
features_1:1807,features_1.npy,1807,validation,1,8.327085494995117,0.9997581825225315,1
features_1:1809,features_1.npy,1809,validation,1,5.483147144317627,0.9958609738980682,1
features_1:1825,features_1.npy,1825,validation,1,0.17813849449157715,0.5444172268473169,0
features_1:1837,features_1.npy,1837,validation,1,8.272557258605957,0.9997446339768898,1
features_1:1838,features_1.npy,1838,validation,1,7.231619358062744,0.9992771743010251,1
features_1:1844,features_1.npy,1844,validation,1,5.851907730102539,0.9971338282286899,1
features_1:1847,features_1.npy,1847,validation,1,9.416114807128906,0.9999186049587798,1
features_1:1851,features_1.npy,1851,validation,1,9.178302764892578,0.9998967550270244,1
features_1:1881,features_1.npy,1881,validation,1,5.905793190002441,0.9972837773846881,1
features_1:1883,features_1.npy,1883,validation,1,2.667846202850342,0.9351024487853125,1
features_1:1887,features_1.npy,1887,validation,1,9.692361831665039,0.9999382504322907,1
features_1:1890,features_1.npy,1890,validation,1,5.725889205932617,0.9967501432318638,1
features_1:1895,features_1.npy,1895,validation,1,9.851763725280762,0.9999473485288729,1
features_1:1900,features_1.npy,1900,validation,1,5.740914344787598,0.996798452614521,1
features_1:1916,features_1.npy,1916,validation,1,3.021193265914917,0.9535224365553355,1
features_1:1918,features_1.npy,1918,validation,1,1.0485336780548096,0.7404932257258484,1
features_1:1924,features_1.npy,1924,validation,1,8.20840835571289,0.9997277202894645,1
features_1:1926,features_1.npy,1926,validation,1,8.977422714233398,0.9998737881778081,1
features_1:1927,features_1.npy,1927,validation,1,8.40662956237793,0.9997766684052357,1
features_1:1939,features_1.npy,1939,validation,1,3.906942367553711,0.9802942511046284,1
features_1:1941,features_1.npy,1941,validation,1,2.2760236263275146,0.9068717636691406,1
features_1:1947,features_1.npy,1947,validation,1,3.5299460887908936,0.9715279210872328,1
features_1:1949,features_1.npy,1949,validation,1,4.588536739349365,0.9899346165303089,1
features_1:1951,features_1.npy,1951,validation,1,4.73781156539917,0.9913182419411194,1
features_1:1954,features_1.npy,1954,validation,1,6.418287754058838,0.9983712100014038,1
features_1:1960,features_1.npy,1960,validation,1,7.380668640136719,0.9993772040557192,1
features_1:1963,features_1.npy,1963,validation,1,7.5222601890563965,0.9994593837965282,1
features_1:1980,features_1.npy,1980,validation,1,6.755492687225342,0.9988368884283964,1
features_1:1987,features_1.npy,1987,validation,1,8.535456657409668,0.9998036580976309,1
features_1:1993,features_1.npy,1993,validation,1,1.3830145597457886,0.7994747154022781,1
features_1:1994,features_1.npy,1994,validation,1,6.312523365020752,0.9981898311923602,1
features_1:1995,features_1.npy,1995,validation,1,6.7204508781433105,0.9987954583355544,1
features_1:2003,features_1.npy,2003,validation,1,-0.04607028141617775,0.4884844663559298,0
features_1:2008,features_1.npy,2008,validation,1,9.46630859375,0.9999225893358707,1
features_1:2020,features_1.npy,2020,validation,1,6.089481830596924,0.9977385426962886,1
features_1:2025,features_1.npy,2025,validation,1,-1.6325939893722534,0.16347532048866,0
features_1:2026,features_1.npy,2026,validation,1,3.233905792236328,0.9620904639456023,1
features_1:2037,features_1.npy,2037,validation,1,0.46157437562942505,0.6133875952815754,1
features_1:2041,features_1.npy,2041,validation,1,6.80569314956665,0.9988937728188554,1
features_1:2046,features_1.npy,2046,validation,1,3.722909450531006,0.9764065392845481,1
features_1:2056,features_1.npy,2056,validation,1,5.560822010040283,0.996169118128101,1
features_1:2058,features_1.npy,2058,validation,1,7.204838275909424,0.9992575692683744,1
features_1:2071,features_1.npy,2071,validation,1,7.416821479797363,0.9993993044690171,1
features_1:2081,features_1.npy,2081,validation,1,6.425417900085449,0.998382763492162,1
features_1:2098,features_1.npy,2098,validation,1,8.034669876098633,0.9996760734790539,1
features_1:2116,features_1.npy,2116,validation,1,6.539207935333252,0.9985564537576476,1
features_1:2118,features_1.npy,2118,validation,1,1.9660440683364868,0.8771855720414258,1
features_1:2119,features_1.npy,2119,validation,1,9.623615264892578,0.9999338563331189,1
features_1:2120,features_1.npy,2120,validation,1,7.203019142150879,0.9992562184638297,1
features_1:2129,features_1.npy,2129,validation,1,8.80211067199707,0.9998496073588168,1
features_1:2151,features_1.npy,2151,validation,1,8.252460479736328,0.9997394513771851,1
features_1:2153,features_1.npy,2153,validation,1,-0.8029604554176331,0.3093926051723089,0
features_1:2155,features_1.npy,2155,validation,1,5.901089668273926,0.9972710064270124,1
features_1:2165,features_1.npy,2165,validation,1,8.387625694274902,0.9997723846318927,1
features_1:2169,features_1.npy,2169,validation,1,8.57701301574707,0.9998116486365342,1
features_1:2170,features_1.npy,2170,validation,1,6.923994541168213,0.9990170752079574,1
features_1:2175,features_1.npy,2175,validation,1,6.063973903656006,0.9976802511356913,1
features_1:2185,features_1.npy,2185,validation,1,1.5376898050308228,0.8231286398619672,1
features_1:2197,features_1.npy,2197,validation,1,8.114805221557617,0.9997010111436857,1
features_1:2202,features_1.npy,2202,validation,1,2.6479578018188477,0.9338850091083093,1
features_1:2208,features_1.npy,2208,validation,1,4.765079021453857,0.9915497996443576,1
features_1:2212,features_1.npy,2212,validation,1,5.541268825531006,0.9960937705458295,1
features_1:2216,features_1.npy,2216,validation,1,5.5553765296936035,0.9961482808037113,1
features_1:2229,features_1.npy,2229,validation,1,9.375284194946289,0.9999152130556779,1
features_1:2232,features_1.npy,2232,validation,1,9.32510757446289,0.9999108505807393,1
features_1:2235,features_1.npy,2235,validation,1,9.720691680908203,0.9999399751375602,1
features_1:2248,features_1.npy,2248,validation,1,3.7910523414611816,0.9779264054872999,1
features_1:2250,features_1.npy,2250,validation,1,6.7620158195495605,0.9988444421280411,1
features_1:2263,features_1.npy,2263,validation,1,4.2702507972717285,0.9862144216330628,1
features_1:2268,features_1.npy,2268,validation,1,3.6052207946777344,0.9735378371294146,1
features_1:2275,features_1.npy,2275,validation,1,8.386106491088867,0.9997720386539889,1
features_1:2276,features_1.npy,2276,validation,1,-1.995501160621643,0.11967608109060203,0
features_1:2277,features_1.npy,2277,validation,1,2.425628185272217,0.9187608200787474,1
features_1:2290,features_1.npy,2290,validation,1,-0.5690591335296631,0.36145395321075985,0
features_1:2292,features_1.npy,2292,validation,1,7.411736488342285,0.9993962440069496,1
features_1:2294,features_1.npy,2294,validation,1,0.43700969219207764,0.6075462700457358,1
features_1:2308,features_1.npy,2308,validation,1,5.890554428100586,0.9972421835518084,1
features_1:2311,features_1.npy,2311,validation,1,4.7431111335754395,0.9913637335096405,1
features_1:2313,features_1.npy,2313,validation,1,1.5118334293365479,0.8193327620476603,1
features_1:2322,features_1.npy,2322,validation,1,6.000687599182129,0.997529072233078,1
features_1:2327,features_1.npy,2327,validation,1,1.7436579465866089,0.8511510968836425,1
features_1:2333,features_1.npy,2333,validation,1,5.728447437286377,0.9967584195762994,1
features_1:2352,features_1.npy,2352,validation,1,7.647964000701904,0.9995232130923171,1
features_1:2353,features_1.npy,2353,validation,1,5.067722797393799,0.99374265808664,1
features_1:2360,features_1.npy,2360,validation,1,5.733608722686768,0.9967750533795017,1
features_1:2361,features_1.npy,2361,validation,1,8.800466537475586,0.999849359926982,1
features_1:2362,features_1.npy,2362,validation,1,6.635970592498779,0.9986894154718496,1
features_1:2364,features_1.npy,2364,validation,1,1.6725062131881714,0.8419096784530795,1
features_1:2365,features_1.npy,2365,validation,1,6.873589038848877,0.9989663130039448,1
features_1:2370,features_1.npy,2370,validation,1,4.566648960113525,0.9897141699566422,1
features_1:2375,features_1.npy,2375,validation,1,8.143694877624512,0.9997095227787719,1
features_1:2378,features_1.npy,2378,validation,1,4.33823823928833,0.9871088366599777,1
features_1:2382,features_1.npy,2382,validation,1,5.47677755355835,0.995834636019199,1
features_0:1,features_0.npy,1,test,0,-9.730937957763672,5.941300759214076e-05,0
features_0:4,features_0.npy,4,test,0,-7.686617374420166,0.00045871741225483105,0
features_0:8,features_0.npy,8,test,0,-9.198528289794922,0.00010117797401348625,0
features_0:19,features_0.npy,19,test,0,-5.268314838409424,0.005125875719298368,0
features_0:21,features_0.npy,21,test,0,-5.439169883728027,0.004324306203742486,0
features_0:22,features_0.npy,22,test,0,-9.858919143676758,5.227609211531594e-05,0
features_0:26,features_0.npy,26,test,0,-8.023627281188965,0.00032752215478096806,0
features_0:34,features_0.npy,34,test,0,-9.28833293914795,9.248857523929658e-05,0
features_0:35,features_0.npy,35,test,0,-3.364372730255127,0.03342765069485513,0
features_0:64,features_0.npy,64,test,0,-9.718463897705078,6.0158725829637e-05,0
features_0:87,features_0.npy,87,test,0,-9.794771194458008,5.5739197388885066e-05,0
features_0:91,features_0.npy,91,test,0,-7.746370792388916,0.0004321218248078195,0
features_0:93,features_0.npy,93,test,0,-7.35034704208374,0.0006419570189154611,0
features_0:112,features_0.npy,112,test,0,-8.406661987304688,0.00022332435498832864,0
features_0:121,features_0.npy,121,test,0,-9.769801139831543,5.714844998779795e-05,0
features_0:127,features_0.npy,127,test,0,-9.227960586547852,9.824375858033412e-05,0
features_0:150,features_0.npy,150,test,0,-8.699024200439453,0.00016672064427669886,0
features_0:152,features_0.npy,152,test,0,-10.315975189208984,3.309897348068627e-05,0
features_0:159,features_0.npy,159,test,0,-8.06307601928711,0.00031485733509216055,0
features_0:161,features_0.npy,161,test,0,-9.542795181274414,7.171096488312423e-05,0
features_0:166,features_0.npy,166,test,0,-7.153298377990723,0.000781668084622907,0
features_0:189,features_0.npy,189,test,0,-8.551790237426758,0.0001931615992313482,0
features_0:197,features_0.npy,197,test,0,-6.765782356262207,0.0011512186085607023,0
features_0:200,features_0.npy,200,test,0,-9.775972366333008,5.679687991465652e-05,0
features_0:202,features_0.npy,202,test,0,-9.031163215637207,0.00011960895654550204,0
features_0:205,features_0.npy,205,test,0,-6.6507039070129395,0.0012914415767149082,0
features_0:216,features_0.npy,216,test,0,-10.528635025024414,2.6758408868616244e-05,0
features_0:219,features_0.npy,219,test,0,-6.3050127029418945,0.001823790668957476,0
features_0:229,features_0.npy,229,test,0,-6.245875835418701,0.0019346818373336013,0
features_0:241,features_0.npy,241,test,0,-9.357034683227539,8.634833502232852e-05,0
features_0:245,features_0.npy,245,test,0,-6.115427494049072,0.002203664571061968,0
features_0:246,features_0.npy,246,test,0,-9.256057739257812,9.552206730750771e-05,0
features_0:262,features_0.npy,262,test,0,-4.525302410125732,0.010715375475020415,0
features_0:263,features_0.npy,263,test,0,-5.357701301574707,0.0046896282659920595,0
features_0:268,features_0.npy,268,test,0,-6.639156818389893,0.0013064208019787252,0
features_0:269,features_0.npy,269,test,0,-9.906914710998535,4.9826452578014446e-05,0
features_0:276,features_0.npy,276,test,0,-7.465660572052002,0.0005720793713421769,0
features_0:288,features_0.npy,288,test,0,-8.87759017944336,0.00013946043045400742,0
features_0:304,features_0.npy,304,test,0,-9.580976486206055,6.902474369794929e-05,0
features_0:315,features_0.npy,315,test,0,-8.562234878540039,0.00019115497876358897,0
features_0:317,features_0.npy,317,test,0,-3.493044853210449,0.029510774883107393,0
features_0:330,features_0.npy,330,test,0,-9.730243682861328,5.945426842127969e-05,0
features_0:345,features_0.npy,345,test,0,-6.844657897949219,0.0010639972616982806,0
features_0:378,features_0.npy,378,test,0,-7.18656587600708,0.0007561110711434986,0
features_0:379,features_0.npy,379,test,0,-8.680093765258789,0.00016990625979743858,0
features_0:384,features_0.npy,384,test,0,-9.28488540649414,9.280795324676196e-05,0
features_0:387,features_0.npy,387,test,0,-9.196097373962402,0.00010142420336677588,0
features_0:391,features_0.npy,391,test,0,-4.848026275634766,0.007782796823705552,0
features_0:399,features_0.npy,399,test,0,-9.30569839477539,9.089647872904559e-05,0
features_0:400,features_0.npy,400,test,0,-8.313726425170898,0.00024506881139520426,0
features_0:403,features_0.npy,403,test,0,-7.83395528793335,0.0003958990650694153,0
features_0:406,features_0.npy,406,test,0,-9.213517189025879,9.967288669477398e-05,0
features_0:418,features_0.npy,418,test,0,-9.333016395568848,8.844719535534227e-05,0
features_0:437,features_0.npy,437,test,0,-6.980564594268799,0.0009289144233004951,0
features_0:441,features_0.npy,441,test,0,-9.47180461883545,7.698641284711093e-05,0
features_0:459,features_0.npy,459,test,0,-10.123047828674316,4.0141976668283256e-05,0
features_0:463,features_0.npy,463,test,0,-10.030048370361328,4.405408715578916e-05,0
features_0:466,features_0.npy,466,test,0,-6.912323474884033,0.0009944523026244017,0
features_0:470,features_0.npy,470,test,0,-6.006605625152588,0.0024563837503437094,0
features_0:472,features_0.npy,472,test,0,-7.699437618255615,0.0004528767259949578,0
features_0:474,features_0.npy,474,test,0,-9.864067077636719,5.2007683708549003e-05,0
features_0:476,features_0.npy,476,test,0,-8.307160377502441,0.0002466828410462696,0
features_0:484,features_0.npy,484,test,0,-5.994057655334473,0.002487323422737753,0
features_0:492,features_0.npy,492,test,0,-6.386465549468994,0.0016813666548997808,0
features_0:496,features_0.npy,496,test,0,-7.300619125366211,0.0006746651810447485,0
features_0:508,features_0.npy,508,test,0,-8.996408462524414,0.00012383849404488348,0
features_0:509,features_0.npy,509,test,0,-8.806889533996582,0.00014967575738680577,0
features_0:521,features_0.npy,521,test,0,-5.631036758422852,0.003572051476673924,0
features_0:537,features_0.npy,537,test,0,-5.84921932220459,0.0028738654029189497,0
features_0:546,features_0.npy,546,test,0,-8.266761779785156,0.0002568499071146166,0
features_0:556,features_0.npy,556,test,0,-10.959085464477539,1.7398912328721042e-05,0
features_0:559,features_0.npy,559,test,0,-8.466248512268066,0.00021040865477977934,0
features_0:563,features_0.npy,563,test,0,-7.148157119750977,0.0007856940249213664,0
features_0:565,features_0.npy,565,test,0,-9.88302993774414,5.1030811027822345e-05,0
features_0:569,features_0.npy,569,test,0,-1.1729239225387573,0.23632687823907622,0
features_0:574,features_0.npy,574,test,0,-5.895264148712158,0.0027448940098255496,0
features_0:577,features_0.npy,577,test,0,-7.894982814788818,0.000372469518251194,0
features_0:580,features_0.npy,580,test,0,-9.340719223022461,8.776857865598751e-05,0
features_0:592,features_0.npy,592,test,0,-8.438126564025879,0.00021640844303306669,0
features_0:600,features_0.npy,600,test,0,-8.982977867126465,0.00012551272780879114,0
features_0:606,features_0.npy,606,test,0,-9.93510913848877,4.8441310722103266e-05,0
features_0:608,features_0.npy,608,test,0,-8.352428436279297,0.0002357675415917921,0
features_0:612,features_0.npy,612,test,0,-5.611839771270752,0.003641034441752646,0
features_0:623,features_0.npy,623,test,0,-7.743448734283447,0.00043338580847624743,0
features_0:625,features_0.npy,625,test,0,-11.056380271911621,1.5785858381011e-05,0
features_0:627,features_0.npy,627,test,0,-8.445621490478516,0.00021479288785172657,0
features_0:632,features_0.npy,632,test,0,-9.158802032470703,0.00010527787068129115,0
features_0:635,features_0.npy,635,test,0,-10.181425094604492,3.7865772238227037e-05,0
features_0:639,features_0.npy,639,test,0,-7.910872459411621,0.00036660003515608813,0
features_0:640,features_0.npy,640,test,0,-2.389169692993164,0.08400229856418466,0
features_0:642,features_0.npy,642,test,0,-4.72269868850708,0.00881279578942413,0
features_0:645,features_0.npy,645,test,0,0.9142118692398071,0.7138612676796258,1
features_0:646,features_0.npy,646,test,0,-5.759060382843018,0.0031441569253582756,0
features_0:647,features_0.npy,647,test,0,-1.9693399667739868,0.12245979856218077,0
features_0:648,features_0.npy,648,test,0,-3.5700888633728027,0.027382444183982474,0
features_0:655,features_0.npy,655,test,0,-8.816227912902832,0.00014828474074202394,0
features_0:658,features_0.npy,658,test,0,-6.982985973358154,0.0009266699720864533,0
features_0:681,features_0.npy,681,test,0,-8.78568172454834,0.00015288346098783951,0
features_0:683,features_0.npy,683,test,0,-5.218904972076416,0.005384108004191423,0
features_0:687,features_0.npy,687,test,0,-5.590981483459473,0.0037174924781828607,0
features_0:699,features_0.npy,699,test,0,-4.9681243896484375,0.00690812868878678,0
features_0:703,features_0.npy,703,test,0,-2.691649913787842,0.0634678772819676,0
features_0:709,features_0.npy,709,test,0,-8.272515296936035,0.0002553767361830742,0
features_0:719,features_0.npy,719,test,0,-6.289647579193115,0.0018519775335258518,0
features_0:726,features_0.npy,726,test,0,-4.920523643493652,0.007242473616891486,0
features_0:729,features_0.npy,729,test,0,-9.81706714630127,5.4510257769858144e-05,0
features_0:742,features_0.npy,742,test,0,-5.875364780426025,0.0027999082903282426,0
features_0:747,features_0.npy,747,test,0,-3.332866668701172,0.03446071970892841,0
features_0:751,features_0.npy,751,test,0,-4.4557952880859375,0.011477812227051076,0
features_0:758,features_0.npy,758,test,0,-6.957378387451172,0.0009506833435192938,0
features_0:761,features_0.npy,761,test,0,-4.634853839874268,0.009614195734829136,0
features_0:766,features_0.npy,766,test,0,-9.480949401855469,7.62856515516088e-05,0
features_0:768,features_0.npy,768,test,0,-5.717194557189941,0.0032781432953031815,0
features_0:775,features_0.npy,775,test,0,-5.56842041015625,0.003801993859583117,0
features_0:784,features_0.npy,784,test,0,-9.647871017456055,6.455870595661303e-05,0
features_0:789,features_0.npy,789,test,0,0.25896456837654114,0.5643817427620742,0
features_0:791,features_0.npy,791,test,0,-8.799039840698242,0.0001508551116644265,0
features_0:794,features_0.npy,794,test,0,-9.656389236450195,6.401115136846631e-05,0
features_0:797,features_0.npy,797,test,0,-9.260517120361328,9.509708679333081e-05,0
features_0:800,features_0.npy,800,test,0,-1.9055637121200562,0.12948006684760624,0
features_0:815,features_0.npy,815,test,0,-6.7115373611450195,0.0012153132536440897,0
features_0:833,features_0.npy,833,test,0,-5.330973148345947,0.00481605170666391,0
features_0:840,features_0.npy,840,test,0,-1.8961032629013062,0.13055014412878743,0
features_0:851,features_0.npy,851,test,0,-0.8005824089050293,0.30990094974646376,0
features_0:856,features_0.npy,856,test,0,-9.61069107055664,6.700401085803032e-05,0
features_0:863,features_0.npy,863,test,0,-10.086214065551758,4.164806227341594e-05,0
features_0:870,features_0.npy,870,test,0,-5.637787342071533,0.003548104520266784,0
features_0:876,features_0.npy,876,test,0,-5.1540093421936035,0.005743026611428823,0
features_0:878,features_0.npy,878,test,0,-6.913613796234131,0.000993171240655842,0
features_0:880,features_0.npy,880,test,0,-6.85153341293335,0.0010567145279702542,0
features_0:895,features_0.npy,895,test,0,-2.7450690269470215,0.06036573784621787,0
features_0:902,features_0.npy,902,test,0,-6.905313014984131,0.001001441358622227,0
features_0:911,features_0.npy,911,test,0,-4.959105014801025,0.0069702812609311006,0
features_0:920,features_0.npy,920,test,0,-5.3371663093566895,0.0047864596156231105,0
features_0:928,features_0.npy,928,test,0,-4.25734281539917,0.013962175179608037,0
features_0:929,features_0.npy,929,test,0,0.4536791443824768,0.6115136265763746,1
features_0:935,features_0.npy,935,test,0,-7.644261837005615,0.00047855447604119487,0
features_0:956,features_0.npy,956,test,0,-7.396636486053467,0.0006129362585438551,0
features_0:957,features_0.npy,957,test,0,-6.895634174346924,0.0010111713604768044,0
features_0:959,features_0.npy,959,test,0,-2.8385536670684814,0.055276017563507356,0
features_0:980,features_0.npy,980,test,0,-3.6555895805358887,0.025195056693055932,0
features_0:981,features_0.npy,981,test,0,-4.713505744934082,0.008893461022722609,0
features_0:991,features_0.npy,991,test,0,-0.9401991367340088,0.28086011964639107,0
features_0:992,features_0.npy,992,test,0,-4.857014179229736,0.007713696376396413,0
features_0:1003,features_0.npy,1003,test,0,-5.857205867767334,0.0028510697349113335,0
features_0:1008,features_0.npy,1008,test,0,-7.1710944175720215,0.0007678911215568122,0
features_0:1015,features_0.npy,1015,test,0,-6.495833873748779,0.0015074399700027129,0
features_0:1020,features_0.npy,1020,test,0,-7.930811405181885,0.00035936540885295843,0
features_0:1021,features_0.npy,1021,test,0,-10.819034576416016,2.0014479104881177e-05,0
features_0:1044,features_0.npy,1044,test,0,2.2558517456054688,0.905154100811971,1
features_0:1045,features_0.npy,1045,test,0,-8.969602584838867,0.00012720255821745884,0
features_0:1060,features_0.npy,1060,test,0,-10.13270378112793,3.975624834426045e-05,0
features_0:1064,features_0.npy,1064,test,0,-2.1025681495666504,0.10884746112568366,0
features_0:1071,features_0.npy,1071,test,0,-4.983124256134033,0.006805980939921475,0
features_0:1076,features_0.npy,1076,test,0,-1.039155125617981,0.26131304589161297,0
features_0:1082,features_0.npy,1082,test,0,-6.902593612670898,0.0010041656484442265,0
features_0:1092,features_0.npy,1092,test,0,-7.715299129486084,0.0004457532624985013,0
features_0:1104,features_0.npy,1104,test,0,-7.153354167938232,0.0007816245107030368,0
features_0:1126,features_0.npy,1126,test,0,-8.825790405273438,0.00014687373442337875,0
features_0:1130,features_0.npy,1130,test,0,-3.030212879180908,0.0460794687835316,0
features_0:1135,features_0.npy,1135,test,0,-8.20722484588623,0.0002726020591174464,0
features_0:1139,features_0.npy,1139,test,0,-2.9731507301330566,0.04865367916888029,0
features_0:1147,features_0.npy,1147,test,0,-2.77675724029541,0.058593170381050254,0
features_0:1148,features_0.npy,1148,test,0,-8.235158920288086,0.00026509453759120745,0
features_0:1150,features_0.npy,1150,test,0,-2.549330234527588,0.07247149368929544,0
features_0:1154,features_0.npy,1154,test,0,-4.259396076202393,0.01393393565194931,0
features_0:1158,features_0.npy,1158,test,0,-4.896665096282959,0.007416049460172125,0
features_0:1162,features_0.npy,1162,test,0,-2.8541669845581055,0.05446631975701819,0
features_0:1171,features_0.npy,1171,test,0,-3.366946220397949,0.033344600369300814,0
features_0:1180,features_0.npy,1180,test,0,-8.80116081237793,0.00015053553943174171,0
features_0:1199,features_0.npy,1199,test,0,-9.298598289489746,9.15440905533689e-05,0
features_0:1213,features_0.npy,1213,test,0,-0.4601316452026367,0.3869545944240597,0
features_0:1224,features_0.npy,1224,test,0,-9.836623191833496,5.3454664922212275e-05,0
features_0:1238,features_0.npy,1238,test,0,-2.788133144378662,0.057968817250429884,0
features_0:1243,features_0.npy,1243,test,0,-9.735548973083496,5.913970010226533e-05,0
features_0:1248,features_0.npy,1248,test,0,-3.4227943420410156,0.031590630033493494,0
features_0:1250,features_0.npy,1250,test,0,-6.405787467956543,0.0016492443365966184,0
features_0:1254,features_0.npy,1254,test,0,-1.3398224115371704,0.20753926443433762,0
features_0:1256,features_0.npy,1256,test,0,-9.534048080444336,7.234093373063524e-05,0
features_0:1267,features_0.npy,1267,test,0,0.8878110647201538,0.7084382467038421,1
features_0:1275,features_0.npy,1275,test,0,-10.414215087890625,3.0002042647100256e-05,0
features_0:1282,features_0.npy,1282,test,0,-7.00010871887207,0.0009109522415499256,0
features_0:1286,features_0.npy,1286,test,0,-7.027793884277344,0.0008861003274027634,0
features_0:1297,features_0.npy,1297,test,0,-2.354888916015625,0.0866779590585723,0
features_0:1303,features_0.npy,1303,test,0,0.6005035638809204,0.6457715052538465,1
features_0:1320,features_0.npy,1320,test,0,-5.251890659332275,0.005210316912768776,0
features_0:1321,features_0.npy,1321,test,0,-1.985033631324768,0.12078327188112004,0
features_0:1344,features_0.npy,1344,test,0,-6.317168712615967,0.0018017945610688188,0
features_0:1345,features_0.npy,1345,test,0,-7.803645133972168,0.000408077563576876,0
features_0:1349,features_0.npy,1349,test,0,-9.202805519104004,0.00010074618031528469,0
features_0:1354,features_0.npy,1354,test,0,-8.609417915344238,0.00018234678373075288,0
features_0:1363,features_0.npy,1363,test,0,-4.259745121002197,0.013929140666370007,0
features_0:1369,features_0.npy,1369,test,0,-4.470672130584717,0.01131023945394739,0
features_0:1370,features_0.npy,1370,test,0,-9.912837982177734,4.9532203923812555e-05,0
features_0:1372,features_0.npy,1372,test,0,-8.235740661621094,0.0002649404068361672,0
features_0:1376,features_0.npy,1376,test,0,-6.694914817810059,0.0012356585151253713,0
features_0:1380,features_0.npy,1380,test,0,-1.3272886276245117,0.20960821167036986,0
features_0:1382,features_0.npy,1382,test,0,-3.7008378505706787,0.02410730216627612,0
features_0:1390,features_0.npy,1390,test,0,-4.159808158874512,0.015370608686685588,0
features_0:1393,features_0.npy,1393,test,0,-8.873788833618164,0.00013999150231877206,0
features_0:1396,features_0.npy,1396,test,0,-10.162313461303711,3.859638038001227e-05,0
features_0:1397,features_0.npy,1397,test,0,-6.793137073516846,0.0011201889636506736,0
features_0:1400,features_0.npy,1400,test,0,-4.828369617462158,0.00793606797506164,0
features_0:1407,features_0.npy,1407,test,0,-7.722383975982666,0.0004426077228452233,0
features_0:1409,features_0.npy,1409,test,0,-8.519700050354004,0.00019945946410710128,0
features_0:1417,features_0.npy,1417,test,0,-10.522218704223633,2.693064675616166e-05,0
features_0:1422,features_0.npy,1422,test,0,-4.715932846069336,0.008872093141923866,0
features_0:1435,features_0.npy,1435,test,0,-7.116114139556885,0.0008112569477324239,0
features_0:1446,features_0.npy,1446,test,0,-7.93982458114624,0.0003561420867459285,0
features_0:1451,features_0.npy,1451,test,0,-8.018292427062988,0.0003292735298772915,0
features_0:1452,features_0.npy,1452,test,0,-6.550815105438232,0.0014269113926851853,0
features_0:1459,features_0.npy,1459,test,0,-5.940878868103027,0.0026228201842770104,0
features_0:1462,features_0.npy,1462,test,0,-5.42020320892334,0.004406741775508705,0
features_0:1465,features_0.npy,1465,test,0,-8.71894359588623,0.00016343306459485067,0
features_0:1474,features_0.npy,1474,test,0,-6.867361068725586,0.0010401381395239414,0
features_0:1476,features_0.npy,1476,test,0,-5.691623210906982,0.003362765281662412,0
features_0:1481,features_0.npy,1481,test,0,-5.541590213775635,0.0039049791412460117,0
features_0:1485,features_0.npy,1485,test,0,-9.654911041259766,6.410583624291824e-05,0
features_0:1491,features_0.npy,1491,test,0,-3.432678699493408,0.03128963725040217,0
features_0:1495,features_0.npy,1495,test,0,-1.0217722654342651,0.26468232850115786,0
features_0:1500,features_0.npy,1500,test,0,-6.001599311828613,0.002468681576310921,0
features_0:1508,features_0.npy,1508,test,0,-2.814246654510498,0.056559151229534456,0
features_0:1509,features_0.npy,1509,test,0,-4.75825834274292,0.008507541446064746,0
features_0:1513,features_0.npy,1513,test,0,-0.9629786014556885,0.2762822257567448,0
features_0:1516,features_0.npy,1516,test,0,-8.13424301147461,0.0002932349804052414,0
features_0:1518,features_0.npy,1518,test,0,-7.075246334075928,0.0008450694363526327,0
features_0:1526,features_0.npy,1526,test,0,-7.458746910095215,0.0005760459523726337,0
features_0:1528,features_0.npy,1528,test,0,-6.506195068359375,0.0014919249093859515,0
features_0:1551,features_0.npy,1551,test,0,-3.210405111312866,0.038776032146868006,0
features_0:1553,features_0.npy,1553,test,0,-4.394575595855713,0.012193598883971696,0
features_0:1558,features_0.npy,1558,test,0,-5.549746990203857,0.0038733795251835517,0
features_0:1570,features_0.npy,1570,test,0,-8.391459465026855,0.0002267446110375296,0
features_0:1571,features_0.npy,1571,test,0,-8.074939727783203,0.0003111451851667942,0
features_0:1582,features_0.npy,1582,test,0,-2.688112497329712,0.06367846524513221,0
features_0:1584,features_0.npy,1584,test,0,-8.361640930175781,0.00023360601376613688,0
features_0:1586,features_0.npy,1586,test,0,-3.0958213806152344,0.04327994834528818,0
features_0:1590,features_0.npy,1590,test,0,-6.709335803985596,0.0012179885202065004,0
features_0:1596,features_0.npy,1596,test,0,-4.701046943664551,0.009003952095476666,0
features_0:1602,features_0.npy,1602,test,0,-5.203719615936279,0.005466041218477831,0
features_0:1611,features_0.npy,1611,test,0,-3.482853889465332,0.02980404657703252,0
features_0:1621,features_0.npy,1621,test,0,-10.407354354858398,3.02085801232157e-05,0
features_0:1624,features_0.npy,1624,test,0,-5.599858283996582,0.0036847601281803544,0
features_0:1625,features_0.npy,1625,test,0,-4.670853614807129,0.009277396561854955,0
features_0:1628,features_0.npy,1628,test,0,-9.58369255065918,6.883753530069009e-05,0
features_0:1637,features_0.npy,1637,test,0,-4.737255573272705,0.008686544448623858,0
features_0:1638,features_0.npy,1638,test,0,6.454042434692383,0.9984283281332551,1
features_0:1650,features_0.npy,1650,test,0,-6.399529933929443,0.0016595797152198154,0
features_0:1651,features_0.npy,1651,test,0,2.455641031265259,0.9209729910936048,1
features_0:1653,features_0.npy,1653,test,0,-1.6786391735076904,0.1572757488397709,0
features_1:11,features_1.npy,11,test,1,10.348344802856445,0.9999679552388984,1
features_1:13,features_1.npy,13,test,1,6.9880690574646,0.9990780240862456,1
features_1:18,features_1.npy,18,test,1,8.633293151855469,0.999821954462768,1
features_1:21,features_1.npy,21,test,1,6.839231491088867,0.9989302195560746,1
features_1:34,features_1.npy,34,test,1,7.623376369476318,0.9995113505214887,1
features_1:35,features_1.npy,35,test,1,5.081741809844971,0.9938292302838837,1
features_1:38,features_1.npy,38,test,1,9.112981796264648,0.9998897865938504,1
features_1:42,features_1.npy,42,test,1,3.0440521240234375,0.9545250440095545,1
features_1:49,features_1.npy,49,test,1,6.6209917068481445,0.9986696629257943,1
features_1:72,features_1.npy,72,test,1,9.373592376708984,0.9999150695023632,1
features_1:91,features_1.npy,91,test,1,6.591264247894287,0.9986295767031741,1
features_1:128,features_1.npy,128,test,1,9.144401550292969,0.9998931952717832,1
features_1:133,features_1.npy,133,test,1,5.35591983795166,0.9953020491694451,1
features_1:142,features_1.npy,142,test,1,5.345821380615234,0.9952545930316787,1
features_1:148,features_1.npy,148,test,1,8.371919631958008,0.9997687823021706,1
features_1:151,features_1.npy,151,test,1,-2.638237953186035,0.06671766819483771,0
features_1:158,features_1.npy,158,test,1,7.577324390411377,0.9994883328226509,1
features_1:159,features_1.npy,159,test,1,6.201356410980225,0.997977419362863,1
features_1:165,features_1.npy,165,test,1,9.86395263671875,0.9999479863644535,1
features_1:185,features_1.npy,185,test,1,7.539493083953857,0.9994686154555944,1
features_1:207,features_1.npy,207,test,1,-1.2392343282699585,0.22456929009748927,0
features_1:216,features_1.npy,216,test,1,9.17006778717041,0.9998959013854433,1
features_1:237,features_1.npy,237,test,1,5.944639682769775,0.9973869995052685,1
features_1:252,features_1.npy,252,test,1,6.084700107574463,0.9977277277690335,1
features_1:261,features_1.npy,261,test,1,6.041011810302734,0.9976264964755368,1
features_1:262,features_1.npy,262,test,1,10.210076332092285,0.9999632036951337,1
features_1:269,features_1.npy,269,test,1,8.752687454223633,0.999841988932161,1
features_1:281,features_1.npy,281,test,1,6.622477054595947,0.9986716348492456,1
features_1:284,features_1.npy,284,test,1,6.795849323272705,0.9988828417625053,1
features_1:285,features_1.npy,285,test,1,9.286378860473633,0.9999073305348775,1
features_1:287,features_1.npy,287,test,1,5.812423229217529,0.9970187390874512,1
features_1:294,features_1.npy,294,test,1,6.882203578948975,0.9989751704101678,1
features_1:306,features_1.npy,306,test,1,6.786126613616943,0.9988719392952212,1
features_1:311,features_1.npy,311,test,1,6.475170612335205,0.9984611357918073,1
features_1:316,features_1.npy,316,test,1,5.539575099945068,0.9960871747684846,1
features_1:320,features_1.npy,320,test,1,-0.2602636218070984,0.4352989052222085,0
features_1:340,features_1.npy,340,test,1,8.113069534301758,0.9997004918974741,1
features_1:341,features_1.npy,341,test,1,8.251039505004883,0.9997390809776748,1
features_1:342,features_1.npy,342,test,1,7.2150654792785645,0.9992651180114402,1
features_1:348,features_1.npy,348,test,1,8.669076919555664,0.9998282118836848,1
features_1:352,features_1.npy,352,test,1,0.7443034052848816,0.6779361748104984,1
features_1:360,features_1.npy,360,test,1,7.791345596313477,0.9995868743637669,1
features_1:372,features_1.npy,372,test,1,9.083969116210938,0.9998865425385306,1
features_1:380,features_1.npy,380,test,1,9.49006462097168,0.9999244064969779,1
features_1:389,features_1.npy,389,test,1,6.538525581359863,0.9985554698353559,1
features_1:394,features_1.npy,394,test,1,2.691680908203125,0.9365339649920331,1
features_1:398,features_1.npy,398,test,1,2.696572780609131,0.9368241084098893,1
features_1:406,features_1.npy,406,test,1,5.579822063446045,0.9962409469417164,1
features_1:409,features_1.npy,409,test,1,6.9689717292785645,0.9990602643134804,1
features_1:418,features_1.npy,418,test,1,8.871179580688477,0.9998596427988194,1
features_1:424,features_1.npy,424,test,1,-0.4962402284145355,0.37842463503140616,0
features_1:444,features_1.npy,444,test,1,8.395223617553711,0.9997741070934846,1
features_1:445,features_1.npy,445,test,1,8.48318099975586,0.999793123362777,1
features_1:446,features_1.npy,446,test,1,6.635130882263184,0.9986883159425515,1
features_1:452,features_1.npy,452,test,1,9.940023422241211,0.9999517961482008,1
features_1:454,features_1.npy,454,test,1,2.3146445751190186,0.9100826557795728,1
features_1:459,features_1.npy,459,test,1,8.945042610168457,0.9998696350826745,1
features_1:469,features_1.npy,469,test,1,6.3304901123046875,0.9982220063058707,1
features_1:480,features_1.npy,480,test,1,5.999907970428467,0.9975271498411784,1
features_1:482,features_1.npy,482,test,1,6.398741722106934,0.9983391138422248,1
features_1:489,features_1.npy,489,test,1,3.929384708404541,0.980723138558319,1
features_1:503,features_1.npy,503,test,1,8.116399765014648,0.9997014873723097,1
features_1:515,features_1.npy,515,test,1,9.29125690460205,0.9999077814382732,1
features_1:520,features_1.npy,520,test,1,9.329192161560059,0.9999112139443759,1
features_1:525,features_1.npy,525,test,1,7.762967586517334,0.9995749878023328,1
features_1:530,features_1.npy,530,test,1,9.170327186584473,0.9998959283822509,1
features_1:536,features_1.npy,536,test,1,5.469889163970947,0.9958059650723452,1
features_1:542,features_1.npy,542,test,1,5.341170787811279,0.9952325781367233,1
features_1:553,features_1.npy,553,test,1,6.613760948181152,0.9986600216543339,1
features_1:560,features_1.npy,560,test,1,8.777288436889648,0.9998458281426011,1
features_1:577,features_1.npy,577,test,1,5.6052327156066895,0.9963349178553517,1
features_1:587,features_1.npy,587,test,1,5.4876275062561035,0.9958794005095316,1
features_1:588,features_1.npy,588,test,1,0.5824089646339417,0.6416215204948755,1
features_1:590,features_1.npy,590,test,1,7.342199325561523,0.999352794530062,1
features_1:591,features_1.npy,591,test,1,7.13071346282959,0.9992004914177204,1
features_1:593,features_1.npy,593,test,1,8.399734497070312,0.9997751235457556,1
features_1:613,features_1.npy,613,test,1,7.629135608673096,0.9995141553189284,1
features_1:617,features_1.npy,617,test,1,6.866521835327148,0.9989589894845156,1
features_1:618,features_1.npy,618,test,1,6.651949882507324,0.9987101644516181,1
features_1:620,features_1.npy,620,test,1,0.46304094791412354,0.6137353251175706,1
features_1:626,features_1.npy,626,test,1,6.689650058746338,0.9987578269878135,1
features_1:629,features_1.npy,629,test,1,3.604520082473755,0.9735197794488624,1
features_1:630,features_1.npy,630,test,1,3.0756373405456543,0.9558765480931705,1
features_1:634,features_1.npy,634,test,1,3.970094680786133,0.9814778963205256,1
features_1:643,features_1.npy,643,test,1,3.1376562118530273,0.9584195775374307,1
features_1:649,features_1.npy,649,test,1,2.890435218811035,0.9473715852189417,1
features_1:660,features_1.npy,660,test,1,3.4638335704803467,0.9696410201495317,1
features_1:671,features_1.npy,671,test,1,0.38018935918807983,0.5939187732558432,0
features_1:672,features_1.npy,672,test,1,7.502315998077393,0.9994484994107375,1
features_1:686,features_1.npy,686,test,1,7.042336940765381,0.9991266818543236,1
features_1:692,features_1.npy,692,test,1,3.8653202056884766,0.9794739374348337,1
features_1:699,features_1.npy,699,test,1,4.879292964935303,0.9924549729356003,1
features_1:707,features_1.npy,707,test,1,9.607549667358398,0.99993278518574,1
features_1:710,features_1.npy,710,test,1,4.838812828063965,0.9921457312411938,1
features_1:714,features_1.npy,714,test,1,4.667910099029541,0.9906955095073908,1
features_1:715,features_1.npy,715,test,1,7.468218803405762,0.9994293814355979,1
features_1:728,features_1.npy,728,test,1,3.148879051208496,0.9588645305673194,1
features_1:743,features_1.npy,743,test,1,6.487110614776611,0.9984793728025044,1
features_1:749,features_1.npy,749,test,1,1.3794671297073364,0.7989054053103006,1
features_1:762,features_1.npy,762,test,1,5.541747570037842,0.9960956328843935,1
features_1:799,features_1.npy,799,test,1,4.725082874298096,0.9912080060139435,1
features_1:827,features_1.npy,827,test,1,5.211059093475342,0.9945737129113744,1
features_1:832,features_1.npy,832,test,1,8.238809585571289,0.9997358712143265,1
features_1:850,features_1.npy,850,test,1,9.368429183959961,0.9999146298933531,1
features_1:856,features_1.npy,856,test,1,6.080381870269775,0.9977179167827629,1
features_1:858,features_1.npy,858,test,1,8.32222843170166,0.9997570054288455,1
features_1:873,features_1.npy,873,test,1,-0.23714375495910645,0.4409903470159792,0
features_1:885,features_1.npy,885,test,1,3.716296911239624,0.9762537266354339,1
features_1:890,features_1.npy,890,test,1,7.64141845703125,0.9995200835293567,1
features_1:894,features_1.npy,894,test,1,7.964052677154541,0.9996523799057442,1
features_1:899,features_1.npy,899,test,1,6.054599285125732,0.9976584532824179,1
features_1:914,features_1.npy,914,test,1,0.5896048545837402,0.6432744758520602,1
features_1:916,features_1.npy,916,test,1,6.4798054695129395,0.9984682408044061,1
features_1:917,features_1.npy,917,test,1,4.5861687660217285,0.9899109944805696,1
features_1:918,features_1.npy,918,test,1,6.037102222442627,0.9976172210460409,1
features_1:930,features_1.npy,930,test,1,5.726243495941162,0.9967512906798323,1
features_1:933,features_1.npy,933,test,1,5.9481635093688965,0.9973961671284018,1
features_1:935,features_1.npy,935,test,1,6.9731221199035645,0.9990641528585344,1
features_1:943,features_1.npy,943,test,1,8.851720809936523,0.9998568852690297,1
features_1:951,features_1.npy,951,test,1,9.209299087524414,0.9998999058371668,1
features_1:956,features_1.npy,956,test,1,4.647038459777832,0.9905011327940387,1
features_1:958,features_1.npy,958,test,1,6.808990001678467,0.9988974098663549,1
features_1:968,features_1.npy,968,test,1,6.0593461990356445,0.9976695162213111,1
features_1:974,features_1.npy,974,test,1,3.860503673553467,0.9793768783317518,1
features_1:977,features_1.npy,977,test,1,4.985942363739014,0.9932130420559477,1
features_1:983,features_1.npy,983,test,1,2.658386707305908,0.9345260229882922,1
features_1:987,features_1.npy,987,test,1,4.426296710968018,0.9881826260892994,1
features_1:988,features_1.npy,988,test,1,1.463089942932129,0.8120048186308382,1
features_1:993,features_1.npy,993,test,1,6.867398738861084,0.9989599010011302,1
features_1:998,features_1.npy,998,test,1,6.001199245452881,0.9975303330292329,1
features_1:1000,features_1.npy,1000,test,1,9.771010398864746,0.999942920611582,1
features_1:1004,features_1.npy,1004,test,1,0.4246557354927063,0.6045967879731484,0
features_1:1005,features_1.npy,1005,test,1,5.2273478507995605,0.99466091633106,1
features_1:1009,features_1.npy,1009,test,1,6.713160991668701,0.9987866559727753,1
features_1:1013,features_1.npy,1013,test,1,8.056365013122559,0.999683023221321,1
features_1:1014,features_1.npy,1014,test,1,5.36763334274292,0.9953565035613499,1
features_1:1016,features_1.npy,1016,test,1,0.5032098889350891,0.6232133699717237,1
features_1:1050,features_1.npy,1050,test,1,6.915370464324951,0.9990085701718614,1
features_1:1062,features_1.npy,1062,test,1,5.2746429443359375,0.9949062942454296,1
features_1:1072,features_1.npy,1072,test,1,0.878967821598053,0.7066082827172149,1
features_1:1082,features_1.npy,1082,test,1,8.02204704284668,0.9996719600429157,1
features_1:1083,features_1.npy,1083,test,1,1.5007530450820923,0.8176867633373461,1
features_1:1087,features_1.npy,1087,test,1,7.394393444061279,0.9993856882021517,1
features_1:1093,features_1.npy,1093,test,1,7.820799827575684,0.9995988603944218,1
features_1:1098,features_1.npy,1098,test,1,8.964216232299805,0.9998721105232526,1
features_1:1107,features_1.npy,1107,test,1,3.8925256729125977,0.9800138206661457,1
features_1:1109,features_1.npy,1109,test,1,1.9632989168167114,0.8768895276538071,1
features_1:1111,features_1.npy,1111,test,1,7.106354236602783,0.9991807930168147,1
features_1:1127,features_1.npy,1127,test,1,6.563959121704102,0.9985916949914369,1
features_1:1133,features_1.npy,1133,test,1,5.751684665679932,0.9968326406527487,1
features_1:1140,features_1.npy,1140,test,1,5.235822677612305,0.9947057344056165,1
features_1:1141,features_1.npy,1141,test,1,2.0242815017700195,0.8833230003051911,1
features_1:1142,features_1.npy,1142,test,1,6.482737064361572,0.9984727178778279,1
features_1:1147,features_1.npy,1147,test,1,5.4011311531066895,0.9955087871077154,1
features_1:1177,features_1.npy,1177,test,1,6.184478282928467,0.997943063087079,1
features_1:1184,features_1.npy,1184,test,1,6.117966175079346,0.9978019104537872,1
features_1:1190,features_1.npy,1190,test,1,4.994439601898193,0.9932700816541773,1
features_1:1195,features_1.npy,1195,test,1,7.299242973327637,0.9993244063656403,1
features_1:1198,features_1.npy,1198,test,1,1.1755872964859009,0.7641534605220741,1
features_1:1219,features_1.npy,1219,test,1,-2.232522964477539,0.0968676964866365,0
features_1:1225,features_1.npy,1225,test,1,8.153634071350098,0.9997123947615593,1
features_1:1232,features_1.npy,1232,test,1,9.576824188232422,0.9999306880690333,1
features_1:1241,features_1.npy,1241,test,1,0.19525471329689026,0.5486591845999779,0
features_1:1243,features_1.npy,1243,test,1,3.081552028656006,0.9561253378135937,1
features_1:1244,features_1.npy,1244,test,1,6.805717945098877,0.9988938002176647,1
features_1:1246,features_1.npy,1246,test,1,5.842432498931885,0.9971066204695976,1
features_1:1249,features_1.npy,1249,test,1,9.221092224121094,0.9999010792120487,1
features_1:1250,features_1.npy,1250,test,1,7.279365062713623,0.9993108519602851,1
features_1:1253,features_1.npy,1253,test,1,0.8058709502220154,0.6912289315775596,1
features_1:1259,features_1.npy,1259,test,1,6.597784519195557,0.9986384710406242,1
features_1:1269,features_1.npy,1269,test,1,8.384368896484375,0.9997716422957824,1
features_1:1273,features_1.npy,1273,test,1,3.6214091777801514,0.9739516992805742,1
features_1:1277,features_1.npy,1277,test,1,6.407674312591553,0.9983538594795298,1
features_1:1286,features_1.npy,1286,test,1,-0.019350428134202957,0.49516254390988673,0
features_1:1287,features_1.npy,1287,test,1,5.358395099639893,0.9953136090179853,1
features_1:1291,features_1.npy,1291,test,1,7.574946403503418,0.9994871152617498,1
features_1:1294,features_1.npy,1294,test,1,2.896066188812256,0.9476516316493768,1
features_1:1302,features_1.npy,1302,test,1,-0.6159887909889221,0.35069428710389283,0
features_1:1303,features_1.npy,1303,test,1,6.970219135284424,0.9990614347150687,1
features_1:1312,features_1.npy,1312,test,1,5.557486057281494,0.9961563663495703,1
features_1:1316,features_1.npy,1316,test,1,3.805159091949463,0.9782288744954059,1
features_1:1317,features_1.npy,1317,test,1,6.053947925567627,0.9976569311715382,1
features_1:1323,features_1.npy,1323,test,1,8.29547119140625,0.9997504174423484,1
features_1:1333,features_1.npy,1333,test,1,0.6648139357566833,0.6603409418296295,1
features_1:1341,features_1.npy,1341,test,1,3.1046948432922363,0.9570859878730013,1
features_1:1347,features_1.npy,1347,test,1,4.003437042236328,0.9820743970377845,1
features_1:1354,features_1.npy,1354,test,1,1.9080979824066162,0.8708053152490107,1
features_1:1355,features_1.npy,1355,test,1,5.031646728515625,0.9935142872829287,1
features_1:1364,features_1.npy,1364,test,1,6.368402004241943,0.9982880384025673,1
features_1:1367,features_1.npy,1367,test,1,3.0211615562438965,0.9535210312449659,1
features_1:1368,features_1.npy,1368,test,1,4.268622875213623,0.986192271632539,1
features_1:1376,features_1.npy,1376,test,1,5.154148578643799,0.9942577683801526,1
features_1:1385,features_1.npy,1385,test,1,4.804609775543213,0.9918746648399569,1
features_1:1388,features_1.npy,1388,test,1,6.006770610809326,0.9975440204890645,1
features_1:1390,features_1.npy,1390,test,1,5.937343597412109,0.9973679154757583,1
features_1:1394,features_1.npy,1394,test,1,3.8760838508605957,0.9796892246068529,1
features_1:1408,features_1.npy,1408,test,1,7.777847766876221,0.9995812626113603,1
features_1:1415,features_1.npy,1415,test,1,8.616148948669434,0.9998188762554628,1
features_1:1423,features_1.npy,1423,test,1,8.597295761108398,0.9998154297389735,1
features_1:1439,features_1.npy,1439,test,1,7.225893497467041,0.9992730266475235,1
features_1:1440,features_1.npy,1440,test,1,9.63326644897461,0.9999344915856054,1
features_1:1443,features_1.npy,1443,test,1,8.495353698730469,0.9997956258333316,1
features_1:1447,features_1.npy,1447,test,1,8.69714641571045,0.9998329660484664,1
features_1:1452,features_1.npy,1452,test,1,1.828006386756897,0.8615240594358813,1
features_1:1453,features_1.npy,1453,test,1,3.3210091590881348,0.965142557943844,1
features_1:1459,features_1.npy,1459,test,1,-0.22347700595855713,0.44436211149036087,0
features_1:1465,features_1.npy,1465,test,1,4.936262130737305,0.9928698132924584,1
features_1:1472,features_1.npy,1472,test,1,6.715007305145264,0.99878889140877,1
features_1:1473,features_1.npy,1473,test,1,-2.261690139770508,0.09434585639267781,0
features_1:1478,features_1.npy,1478,test,1,3.9572067260742188,0.981242146106695,1
features_1:1482,features_1.npy,1482,test,1,1.5773394107818604,0.8288273835636927,1
features_1:1485,features_1.npy,1485,test,1,5.978338241577148,0.9974733679558752,1
features_1:1489,features_1.npy,1489,test,1,2.95086407661438,0.9503043112287152,1
features_1:1494,features_1.npy,1494,test,1,8.261709213256836,0.9997418493934891,1
features_1:1500,features_1.npy,1500,test,1,9.353178977966309,0.9999133181174901,1
features_1:1523,features_1.npy,1523,test,1,9.628162384033203,0.9999341563937266,1
features_1:1525,features_1.npy,1525,test,1,6.673483371734619,0.9987376075160983,1
features_1:1530,features_1.npy,1530,test,1,7.764647960662842,0.9995757010793616,1
features_1:1540,features_1.npy,1540,test,1,6.103689670562744,0.9977703748126654,1
features_1:1546,features_1.npy,1546,test,1,7.368943691253662,0.9993698634565431,1
features_1:1549,features_1.npy,1549,test,1,7.501634120941162,0.9994481234344611,1
features_1:1555,features_1.npy,1555,test,1,8.489485740661621,0.9997944232960624,1
features_1:1559,features_1.npy,1559,test,1,4.336376667022705,0.9870851266947344,1
features_1:1567,features_1.npy,1567,test,1,3.4876556396484375,0.9703344866632262,1
features_1:1571,features_1.npy,1571,test,1,4.114509105682373,0.9839285536208446,1
features_1:1579,features_1.npy,1579,test,1,7.52463960647583,0.9994606679260235,1
features_1:1584,features_1.npy,1584,test,1,7.279557704925537,0.9993109846150371,1
features_1:1587,features_1.npy,1587,test,1,7.258965015411377,0.999296658918557,1
features_1:1601,features_1.npy,1601,test,1,9.49476432800293,0.9999247609041083,1
features_1:1606,features_1.npy,1606,test,1,7.710505485534668,0.9995521057847405,1
features_1:1608,features_1.npy,1608,test,1,6.418949604034424,0.9983722859052422,1
features_1:1631,features_1.npy,1631,test,1,4.859559535980225,0.992305761888617,1
features_1:1660,features_1.npy,1660,test,1,8.460427284240723,0.9997883631964836,1
features_1:1661,features_1.npy,1661,test,1,2.1299595832824707,0.893781171368671,1
features_1:1678,features_1.npy,1678,test,1,1.0256835222244263,0.7360782012210287,1
features_1:1679,features_1.npy,1679,test,1,8.79682731628418,0.9998488107987262,1
features_1:1680,features_1.npy,1680,test,1,3.7662453651428223,0.9773845165943207,1
features_1:1682,features_1.npy,1682,test,1,8.282241821289062,0.9997470945257839,1
features_1:1686,features_1.npy,1686,test,1,5.634531497955322,0.99644036576638,1
features_1:1692,features_1.npy,1692,test,1,4.021742343902588,0.9823938209343392,1
features_1:1693,features_1.npy,1693,test,1,6.969625949859619,0.9990608783296674,1
features_1:1695,features_1.npy,1695,test,1,4.263973712921143,0.9861288203306993,1
features_1:1698,features_1.npy,1698,test,1,7.432257175445557,0.9994084999857561,1
features_1:1699,features_1.npy,1699,test,1,8.004117965698242,0.9996660275301386,1
features_1:1708,features_1.npy,1708,test,1,7.576385021209717,0.9994878521987175,1
features_1:1709,features_1.npy,1709,test,1,5.792906761169434,0.9969601625285486,1
features_1:1710,features_1.npy,1710,test,1,-0.7559611797332764,0.319523779350172,0
features_1:1712,features_1.npy,1712,test,1,5.521326065063477,0.9960154010975248,1
features_1:1735,features_1.npy,1735,test,1,2.7674167156219482,0.9408894769083648,1
features_1:1748,features_1.npy,1748,test,1,1.6320255994796753,0.8364469366771794,1
features_1:1764,features_1.npy,1764,test,1,-3.526932716369629,0.02855555161412754,0
features_1:1768,features_1.npy,1768,test,1,2.8535990715026855,0.9455044254670306,1
features_1:1776,features_1.npy,1776,test,1,8.02374267578125,0.9996725156249477,1
features_1:1799,features_1.npy,1799,test,1,3.772557497024536,0.977523620479061,1
features_1:1822,features_1.npy,1822,test,1,5.661046981811523,0.996533187923389,1
features_1:1823,features_1.npy,1823,test,1,5.962605953216553,0.9974334067569576,1
features_1:1826,features_1.npy,1826,test,1,2.215043067932129,0.9015922732626801,1
features_1:1827,features_1.npy,1827,test,1,3.500932216644287,0.9707142819958227,1
features_1:1829,features_1.npy,1829,test,1,7.7493205070495605,0.9995691503848473,1
features_1:1836,features_1.npy,1836,test,1,6.700345039367676,0.9987710249752425,1
features_1:1845,features_1.npy,1845,test,1,6.166475772857666,0.9979057759850745,1
features_1:1852,features_1.npy,1852,test,1,8.917933464050293,0.9998660531421496,1
features_1:1855,features_1.npy,1855,test,1,6.007229804992676,0.9975451452337973,1
features_1:1858,features_1.npy,1858,test,1,8.42992115020752,0.9997818089199492,1
features_1:1863,features_1.npy,1863,test,1,1.8417290449142456,0.8631530702164035,1
features_1:1865,features_1.npy,1865,test,1,9.315027236938477,0.9999099474612017,1
features_1:1870,features_1.npy,1870,test,1,1.9802066087722778,0.8787031849995731,1
features_1:1873,features_1.npy,1873,test,1,6.143120288848877,0.9978563948007235,1
features_1:1875,features_1.npy,1875,test,1,4.0893964767456055,0.9835265797773889,1
features_1:1906,features_1.npy,1906,test,1,5.125813961029053,0.9940937121600074,1
features_1:1909,features_1.npy,1909,test,1,6.181771755218506,0.9979374998875071,1
features_1:1913,features_1.npy,1913,test,1,2.7734336853027344,0.9412232331153828,1
features_1:1925,features_1.npy,1925,test,1,1.638919472694397,0.8373878562609401,1
features_1:1928,features_1.npy,1928,test,1,9.817919731140137,0.9999455361945132,1
features_1:1934,features_1.npy,1934,test,1,3.2876205444335938,0.9640016722886483,1
features_1:1956,features_1.npy,1956,test,1,5.474218845367432,0.9958240089858297,1
features_1:1961,features_1.npy,1961,test,1,4.373698711395264,0.9875523629496344,1
features_1:1965,features_1.npy,1965,test,1,2.1217637062072754,0.8930005694628168,1
features_1:1968,features_1.npy,1968,test,1,9.12968921661377,0.9998916124805711,1
features_1:1969,features_1.npy,1969,test,1,3.3867416381835938,0.9672875994678037,1
features_1:1974,features_1.npy,1974,test,1,9.467535018920898,0.9999226842087284,1
features_1:1976,features_1.npy,1976,test,1,7.730315208435059,0.9995608872822479,1
features_1:1977,features_1.npy,1977,test,1,7.514498233795166,0.9994551735251346,1
features_1:1982,features_1.npy,1982,test,1,-2.44929575920105,0.07949006420707733,0
features_1:1985,features_1.npy,1985,test,1,4.771432876586914,0.9916028713565649,1
features_1:1986,features_1.npy,1986,test,1,0.5942217111587524,0.6443332149113162,1
features_1:1989,features_1.npy,1989,test,1,-0.3421650528907776,0.4152836558828501,0
features_1:1990,features_1.npy,1990,test,1,0.6449099779129028,0.6558625228890492,1
features_1:1999,features_1.npy,1999,test,1,3.6491475105285645,0.9746462394723894,1
features_1:2000,features_1.npy,2000,test,1,7.728512763977051,0.9995600954407267,1
features_1:2006,features_1.npy,2006,test,1,4.369758129119873,0.9875038293981687,1
features_1:2009,features_1.npy,2009,test,1,9.038429260253906,0.9998812568748773,1
features_1:2013,features_1.npy,2013,test,1,4.549121379852295,0.9895341984544969,1
features_1:2014,features_1.npy,2014,test,1,8.05610466003418,0.999682940710863,1
features_1:2016,features_1.npy,2016,test,1,3.5067341327667236,0.9708787695585634,1
features_1:2017,features_1.npy,2017,test,1,1.4987174272537231,0.8173831070982484,1
features_1:2018,features_1.npy,2018,test,1,3.874845027923584,0.9796645595470189,1
features_1:2032,features_1.npy,2032,test,1,5.12869930267334,0.9941106290364076,1
features_1:2033,features_1.npy,2033,test,1,-1.9790804386138916,0.12141689780607973,0
features_1:2035,features_1.npy,2035,test,1,6.817335605621338,0.9989065633366111,1
features_1:2040,features_1.npy,2040,test,1,6.718959331512451,0.9987936625339071,1
features_1:2043,features_1.npy,2043,test,1,9.24269962310791,0.999903193501657,1
features_1:2051,features_1.npy,2051,test,1,3.617187976837158,0.9738443937919331,1
features_1:2054,features_1.npy,2054,test,1,2.46331524848938,0.9215297326194181,1
features_1:2057,features_1.npy,2057,test,1,7.046072483062744,0.9991299352523829,1
features_1:2061,features_1.npy,2061,test,1,7.126130104064941,0.9991968215224486,1
features_1:2068,features_1.npy,2068,test,1,7.482798099517822,0.9994376356576046,1
features_1:2070,features_1.npy,2070,test,1,7.662145614624023,0.9995299238247156,1
features_1:2096,features_1.npy,2096,test,1,-4.068966865539551,0.01680771233394066,0
features_1:2099,features_1.npy,2099,test,1,5.763189792633057,0.9968687592460913,1
features_1:2113,features_1.npy,2113,test,1,7.206359386444092,0.9992586968925758,1
features_1:2122,features_1.npy,2122,test,1,-0.19552338123321533,0.45127428541553605,0
features_1:2126,features_1.npy,2126,test,1,8.99952220916748,0.99987654646041,1
features_1:2128,features_1.npy,2128,test,1,8.255146026611328,0.999740149972429,1
features_1:2132,features_1.npy,2132,test,1,5.386017322540283,0.9954407039568427,1
features_1:2134,features_1.npy,2134,test,1,8.159427642822266,0.999714055730489,1
features_1:2139,features_1.npy,2139,test,1,4.437785625457764,0.9883160407084605,1
features_1:2140,features_1.npy,2140,test,1,9.54050064086914,0.9999281243143302,1
features_1:2146,features_1.npy,2146,test,1,4.84302282333374,0.9921784700818728,1
features_1:2147,features_1.npy,2147,test,1,8.604043960571289,0.9998166708352777,1
features_1:2163,features_1.npy,2163,test,1,6.936871528625488,0.999029638970894,1
features_1:2174,features_1.npy,2174,test,1,2.552886724472046,0.9277672081486114,1
features_1:2204,features_1.npy,2204,test,1,4.077017307281494,0.9833248067286011,1
features_1:2214,features_1.npy,2214,test,1,7.9264235496521,0.9996390548535089,1
features_1:2217,features_1.npy,2217,test,1,4.70675802230835,0.9910468645453829,1
features_1:2219,features_1.npy,2219,test,1,9.080371856689453,0.9998861337141872,1
features_1:2240,features_1.npy,2240,test,1,2.141813278198242,0.8949012768599964,1
features_1:2241,features_1.npy,2241,test,1,5.739505290985107,0.9967939527554445,1
features_1:2242,features_1.npy,2242,test,1,4.972305774688721,0.9931204982471745,1
features_1:2246,features_1.npy,2246,test,1,4.176758766174316,0.9848838315308897,1
features_1:2247,features_1.npy,2247,test,1,6.797385215759277,0.9988845543680024,1
features_1:2252,features_1.npy,2252,test,1,7.694906711578369,0.9995450676118283,1
features_1:2253,features_1.npy,2253,test,1,0.5585700273513794,0.6361216076867676,1
features_1:2255,features_1.npy,2255,test,1,3.072474479675293,0.9557429569508629,1
features_1:2257,features_1.npy,2257,test,1,3.9506354331970215,0.9811208116415158,1
features_1:2262,features_1.npy,2262,test,1,9.820517539978027,0.999945677489774,1
features_1:2264,features_1.npy,2264,test,1,2.0482444763183594,0.8857701125986651,1
features_1:2265,features_1.npy,2265,test,1,8.53689956665039,0.9998039411413797,1
features_1:2266,features_1.npy,2266,test,1,2.697338342666626,0.9368694028199152,1
features_1:2269,features_1.npy,2269,test,1,4.7095723152160645,0.9910718012234248,1
features_1:2272,features_1.npy,2272,test,1,4.897887706756592,0.9925929448208765,1
features_1:2301,features_1.npy,2301,test,1,7.57760763168335,0.9994884776532685,1
features_1:2302,features_1.npy,2302,test,1,8.621358871459961,0.9998198172727173,1
features_1:2307,features_1.npy,2307,test,1,6.7400689125061035,0.9988188311494773,1
features_1:2310,features_1.npy,2310,test,1,6.867247104644775,0.9989597434386517,1
features_1:2314,features_1.npy,2314,test,1,0.03367209807038307,0.5084172292376016,0
features_1:2319,features_1.npy,2319,test,1,4.940389156341553,0.9928989705895429,1
features_1:2335,features_1.npy,2335,test,1,8.251937866210938,0.9997393152108691,1
features_1:2339,features_1.npy,2339,test,1,2.8517160415649414,0.94540731939668,1
features_1:2350,features_1.npy,2350,test,1,9.213518142700195,0.9999003272083512,1
features_1:2351,features_1.npy,2351,test,1,4.447742938995361,0.9884304649206985,1
features_1:2357,features_1.npy,2357,test,1,5.685610294342041,0.9966170223885423,1
features_1:2358,features_1.npy,2358,test,1,7.9632887840271,0.9996521143521079,1
features_1:2369,features_1.npy,2369,test,1,8.743454933166504,0.999840523570217,1
features_1:2373,features_1.npy,2373,test,1,4.171644687652588,0.9848075057165482,1
features_1:2376,features_1.npy,2376,test,1,6.445282459259033,0.9984145217714646,1
features_1:2380,features_1.npy,2380,test,1,9.096067428588867,0.9998879067594516,1
